<?xml version="1.0" encoding="UTF-8"?>
<gpx xmlns:xsi="http://www.w3.org/2001/XMLSchema-instance" xsi:schemaLocation="http://www.topografix.com/GPX/1/1 http://www.topografix.com/GPX/1/1/gpx.xsd" creator="StravaGPX" version="1.1" xmlns="http://www.topografix.com/GPX/1/1">
 <metadata>
  <time>2025-08-03T11:57:32Z</time>
 </metadata>
 <trk>
  <name>傍晚步行</name>
  <type>walking</type>
  <trkseg>
   <trkpt lat="25.0225560" lon="121.4250650">
    <ele>14.0</ele>
    <time>2025-08-03T11:57:32Z</time>
   </trkpt>
   <trkpt lat="25.0225610" lon="121.4250590">
    <ele>14.0</ele>
    <time>2025-08-03T11:57:34Z</time>
   </trkpt>
   <trkpt lat="25.0225670" lon="121.4250530">
    <ele>14.0</ele>
    <time>2025-08-03T11:57:35Z</time>
   </trkpt>
   <trkpt lat="25.0225720" lon="121.4250470">
    <ele>14.0</ele>
    <time>2025-08-03T11:57:36Z</time>
   </trkpt>
   <trkpt lat="25.0225780" lon="121.4250410">
    <ele>14.0</ele>
    <time>2025-08-03T11:57:37Z</time>
   </trkpt>
   <trkpt lat="25.0225830" lon="121.4250350">
    <ele>14.1</ele>
    <time>2025-08-03T11:57:38Z</time>
   </trkpt>
   <trkpt lat="25.0225880" lon="121.4250290">
    <ele>14.1</ele>
    <time>2025-08-03T11:57:39Z</time>
   </trkpt>
   <trkpt lat="25.0225940" lon="121.4250230">
    <ele>14.1</ele>
    <time>2025-08-03T11:57:40Z</time>
   </trkpt>
   <trkpt lat="25.0225990" lon="121.4250170">
    <ele>14.1</ele>
    <time>2025-08-03T11:57:41Z</time>
   </trkpt>
   <trkpt lat="25.0226040" lon="121.4250110">
    <ele>14.1</ele>
    <time>2025-08-03T11:57:42Z</time>
   </trkpt>
   <trkpt lat="25.0226100" lon="121.4250050">
    <ele>14.1</ele>
    <time>2025-08-03T11:57:43Z</time>
   </trkpt>
   <trkpt lat="25.0226150" lon="121.4249990">
    <ele>14.1</ele>
    <time>2025-08-03T11:57:44Z</time>
   </trkpt>
   <trkpt lat="25.0226210" lon="121.4249930">
    <ele>14.1</ele>
    <time>2025-08-03T11:57:45Z</time>
   </trkpt>
   <trkpt lat="25.0226260" lon="121.4249870">
    <ele>14.1</ele>
    <time>2025-08-03T11:57:46Z</time>
   </trkpt>
   <trkpt lat="25.0226070" lon="121.4249680">
    <ele>14.1</ele>
    <time>2025-08-03T11:57:47Z</time>
   </trkpt>
   <trkpt lat="25.0225960" lon="121.4249630">
    <ele>14.1</ele>
    <time>2025-08-03T11:57:48Z</time>
   </trkpt>
   <trkpt lat="25.0225850" lon="121.4249580">
    <ele>14.1</ele>
    <time>2025-08-03T11:57:49Z</time>
   </trkpt>
   <trkpt lat="25.0225700" lon="121.4249500">
    <ele>14.1</ele>
    <time>2025-08-03T11:57:50Z</time>
   </trkpt>
   <trkpt lat="25.0225570" lon="121.4249460">
    <ele>14.1</ele>
    <time>2025-08-03T11:57:51Z</time>
   </trkpt>
   <trkpt lat="25.0225470" lon="121.4249420">
    <ele>14.1</ele>
    <time>2025-08-03T11:57:52Z</time>
   </trkpt>
   <trkpt lat="25.0225370" lon="121.4249390">
    <ele>14.1</ele>
    <time>2025-08-03T11:57:53Z</time>
   </trkpt>
   <trkpt lat="25.0225280" lon="121.4249310">
    <ele>14.1</ele>
    <time>2025-08-03T11:57:54Z</time>
   </trkpt>
   <trkpt lat="25.0225160" lon="121.4249240">
    <ele>14.1</ele>
    <time>2025-08-03T11:57:55Z</time>
   </trkpt>
   <trkpt lat="25.0225050" lon="121.4249140">
    <ele>14.1</ele>
    <time>2025-08-03T11:57:56Z</time>
   </trkpt>
   <trkpt lat="25.0224900" lon="121.4249010">
    <ele>14.1</ele>
    <time>2025-08-03T11:57:57Z</time>
   </trkpt>
   <trkpt lat="25.0224830" lon="121.4248910">
    <ele>14.1</ele>
    <time>2025-08-03T11:57:58Z</time>
   </trkpt>
   <trkpt lat="25.0224690" lon="121.4248830">
    <ele>14.1</ele>
    <time>2025-08-03T11:57:59Z</time>
   </trkpt>
   <trkpt lat="25.0224550" lon="121.4248760">
    <ele>14.1</ele>
    <time>2025-08-03T11:58:00Z</time>
   </trkpt>
   <trkpt lat="25.0224420" lon="121.4248580">
    <ele>14.1</ele>
    <time>2025-08-03T11:58:01Z</time>
   </trkpt>
   <trkpt lat="25.0224380" lon="121.4248510">
    <ele>14.1</ele>
    <time>2025-08-03T11:58:02Z</time>
   </trkpt>
   <trkpt lat="25.0224330" lon="121.4248430">
    <ele>14.1</ele>
    <time>2025-08-03T11:58:03Z</time>
   </trkpt>
   <trkpt lat="25.0224300" lon="121.4248590">
    <ele>14.1</ele>
    <time>2025-08-03T11:58:04Z</time>
   </trkpt>
   <trkpt lat="25.0224400" lon="121.4248820">
    <ele>14.2</ele>
    <time>2025-08-03T11:58:05Z</time>
   </trkpt>
   <trkpt lat="25.0224500" lon="121.4249050">
    <ele>14.2</ele>
    <time>2025-08-03T11:58:06Z</time>
   </trkpt>
   <trkpt lat="25.0224470" lon="121.4249160">
    <ele>14.2</ele>
    <time>2025-08-03T11:58:07Z</time>
   </trkpt>
   <trkpt lat="25.0224310" lon="121.4249010">
    <ele>14.2</ele>
    <time>2025-08-03T11:58:08Z</time>
   </trkpt>
   <trkpt lat="25.0224300" lon="121.4248820">
    <ele>14.2</ele>
    <time>2025-08-03T11:58:09Z</time>
   </trkpt>
   <trkpt lat="25.0224230" lon="121.4248760">
    <ele>14.2</ele>
    <time>2025-08-03T11:58:10Z</time>
   </trkpt>
   <trkpt lat="25.0224190" lon="121.4248720">
    <ele>14.2</ele>
    <time>2025-08-03T11:58:11Z</time>
   </trkpt>
   <trkpt lat="25.0224090" lon="121.4248600">
    <ele>14.2</ele>
    <time>2025-08-03T11:58:12Z</time>
   </trkpt>
   <trkpt lat="25.0223980" lon="121.4248670">
    <ele>14.2</ele>
    <time>2025-08-03T11:58:13Z</time>
   </trkpt>
   <trkpt lat="25.0223870" lon="121.4248700">
    <ele>14.2</ele>
    <time>2025-08-03T11:58:14Z</time>
   </trkpt>
   <trkpt lat="25.0223830" lon="121.4248740">
    <ele>14.2</ele>
    <time>2025-08-03T11:58:15Z</time>
   </trkpt>
   <trkpt lat="25.0223800" lon="121.4248730">
    <ele>14.2</ele>
    <time>2025-08-03T11:58:16Z</time>
   </trkpt>
   <trkpt lat="25.0223680" lon="121.4248680">
    <ele>14.2</ele>
    <time>2025-08-03T11:58:17Z</time>
   </trkpt>
   <trkpt lat="25.0223620" lon="121.4248640">
    <ele>14.2</ele>
    <time>2025-08-03T11:58:18Z</time>
   </trkpt>
   <trkpt lat="25.0223530" lon="121.4248560">
    <ele>14.2</ele>
    <time>2025-08-03T11:58:19Z</time>
   </trkpt>
   <trkpt lat="25.0223640" lon="121.4248650">
    <ele>14.2</ele>
    <time>2025-08-03T11:58:20Z</time>
   </trkpt>
   <trkpt lat="25.0223610" lon="121.4248730">
    <ele>14.2</ele>
    <time>2025-08-03T11:58:21Z</time>
   </trkpt>
   <trkpt lat="25.0223760" lon="121.4248840">
    <ele>14.2</ele>
    <time>2025-08-03T11:58:22Z</time>
   </trkpt>
   <trkpt lat="25.0223790" lon="121.4249200">
    <ele>14.2</ele>
    <time>2025-08-03T11:58:23Z</time>
   </trkpt>
   <trkpt lat="25.0223930" lon="121.4249000">
    <ele>14.2</ele>
    <time>2025-08-03T11:58:24Z</time>
   </trkpt>
   <trkpt lat="25.0224000" lon="121.4248820">
    <ele>14.2</ele>
    <time>2025-08-03T11:58:25Z</time>
   </trkpt>
   <trkpt lat="25.0223660" lon="121.4249860">
    <ele>14.2</ele>
    <time>2025-08-03T11:58:26Z</time>
   </trkpt>
   <trkpt lat="25.0223200" lon="121.4250530">
    <ele>14.2</ele>
    <time>2025-08-03T11:58:27Z</time>
   </trkpt>
   <trkpt lat="25.0223930" lon="121.4249920">
    <ele>14.3</ele>
    <time>2025-08-03T11:58:28Z</time>
   </trkpt>
   <trkpt lat="25.0223700" lon="121.4249650">
    <ele>14.3</ele>
    <time>2025-08-03T11:58:29Z</time>
   </trkpt>
   <trkpt lat="25.0223640" lon="121.4249570">
    <ele>14.3</ele>
    <time>2025-08-03T11:58:30Z</time>
   </trkpt>
   <trkpt lat="25.0223410" lon="121.4249260">
    <ele>14.3</ele>
    <time>2025-08-03T11:58:31Z</time>
   </trkpt>
   <trkpt lat="25.0223330" lon="121.4249170">
    <ele>14.3</ele>
    <time>2025-08-03T11:58:32Z</time>
   </trkpt>
   <trkpt lat="25.0223080" lon="121.4248970">
    <ele>14.3</ele>
    <time>2025-08-03T11:58:33Z</time>
   </trkpt>
   <trkpt lat="25.0222980" lon="121.4248840">
    <ele>14.3</ele>
    <time>2025-08-03T11:58:34Z</time>
   </trkpt>
   <trkpt lat="25.0222910" lon="121.4248800">
    <ele>14.3</ele>
    <time>2025-08-03T11:58:35Z</time>
   </trkpt>
   <trkpt lat="25.0223180" lon="121.4248630">
    <ele>14.7</ele>
    <time>2025-08-03T11:58:36Z</time>
   </trkpt>
   <trkpt lat="25.0223090" lon="121.4248340">
    <ele>14.5</ele>
    <time>2025-08-03T11:58:37Z</time>
   </trkpt>
   <trkpt lat="25.0222990" lon="121.4248140">
    <ele>13.9</ele>
    <time>2025-08-03T11:58:38Z</time>
   </trkpt>
   <trkpt lat="25.0223570" lon="121.4248300">
    <ele>14.9</ele>
    <time>2025-08-03T11:58:40Z</time>
   </trkpt>
   <trkpt lat="25.0223410" lon="121.4248350">
    <ele>14.4</ele>
    <time>2025-08-03T11:58:41Z</time>
   </trkpt>
   <trkpt lat="25.0232940" lon="121.4246190">
    <ele>4.2</ele>
    <time>2025-08-03T11:58:42Z</time>
   </trkpt>
   <trkpt lat="25.0233780" lon="121.4246170">
    <ele>3.4</ele>
    <time>2025-08-03T11:58:43Z</time>
   </trkpt>
   <trkpt lat="25.0234090" lon="121.4246140">
    <ele>3.1</ele>
    <time>2025-08-03T11:58:44Z</time>
   </trkpt>
   <trkpt lat="25.0234400" lon="121.4246120">
    <ele>2.9</ele>
    <time>2025-08-03T11:58:45Z</time>
   </trkpt>
   <trkpt lat="25.0234920" lon="121.4246130">
    <ele>2.8</ele>
    <time>2025-08-03T11:58:46Z</time>
   </trkpt>
   <trkpt lat="25.0235330" lon="121.4246130">
    <ele>3.0</ele>
    <time>2025-08-03T11:58:47Z</time>
   </trkpt>
   <trkpt lat="25.0236080" lon="121.4246150">
    <ele>3.4</ele>
    <time>2025-08-03T11:58:48Z</time>
   </trkpt>
   <trkpt lat="25.0236400" lon="121.4246180">
    <ele>3.6</ele>
    <time>2025-08-03T11:58:49Z</time>
   </trkpt>
   <trkpt lat="25.0236710" lon="121.4246200">
    <ele>4.0</ele>
    <time>2025-08-03T11:58:50Z</time>
   </trkpt>
   <trkpt lat="25.0237020" lon="121.4246230">
    <ele>4.0</ele>
    <time>2025-08-03T11:58:51Z</time>
   </trkpt>
   <trkpt lat="25.0237510" lon="121.4246220">
    <ele>4.9</ele>
    <time>2025-08-03T11:58:52Z</time>
   </trkpt>
   <trkpt lat="25.0237480" lon="121.4246210">
    <ele>4.9</ele>
    <time>2025-08-03T11:58:53Z</time>
   </trkpt>
   <trkpt lat="25.0237510" lon="121.4246300">
    <ele>4.8</ele>
    <time>2025-08-03T11:58:54Z</time>
   </trkpt>
   <trkpt lat="25.0237470" lon="121.4246280">
    <ele>4.8</ele>
    <time>2025-08-03T11:58:55Z</time>
   </trkpt>
   <trkpt lat="25.0237490" lon="121.4246290">
    <ele>4.8</ele>
    <time>2025-08-03T11:58:56Z</time>
   </trkpt>
   <trkpt lat="25.0237520" lon="121.4246320">
    <ele>4.7</ele>
    <time>2025-08-03T11:58:57Z</time>
   </trkpt>
   <trkpt lat="25.0237550" lon="121.4246350">
    <ele>4.5</ele>
    <time>2025-08-03T11:58:58Z</time>
   </trkpt>
   <trkpt lat="25.0237550" lon="121.4246350">
    <ele>4.4</ele>
    <time>2025-08-03T11:58:59Z</time>
   </trkpt>
   <trkpt lat="25.0237550" lon="121.4246350">
    <ele>4.4</ele>
    <time>2025-08-03T11:59:00Z</time>
   </trkpt>
   <trkpt lat="25.0234380" lon="121.4246690">
    <ele>2.5</ele>
    <time>2025-08-03T11:59:04Z</time>
   </trkpt>
   <trkpt lat="25.0234140" lon="121.4246900">
    <ele>2.8</ele>
    <time>2025-08-03T11:59:05Z</time>
   </trkpt>
   <trkpt lat="25.0234070" lon="121.4246960">
    <ele>2.8</ele>
    <time>2025-08-03T11:59:06Z</time>
   </trkpt>
   <trkpt lat="25.0233990" lon="121.4247020">
    <ele>2.7</ele>
    <time>2025-08-03T11:59:07Z</time>
   </trkpt>
   <trkpt lat="25.0233920" lon="121.4247080">
    <ele>2.8</ele>
    <time>2025-08-03T11:59:08Z</time>
   </trkpt>
   <trkpt lat="25.0233850" lon="121.4247140">
    <ele>2.7</ele>
    <time>2025-08-03T11:59:09Z</time>
   </trkpt>
   <trkpt lat="25.0233780" lon="121.4247200">
    <ele>2.8</ele>
    <time>2025-08-03T11:59:10Z</time>
   </trkpt>
   <trkpt lat="25.0233700" lon="121.4247260">
    <ele>2.8</ele>
    <time>2025-08-03T11:59:11Z</time>
   </trkpt>
   <trkpt lat="25.0233630" lon="121.4247320">
    <ele>2.7</ele>
    <time>2025-08-03T11:59:12Z</time>
   </trkpt>
   <trkpt lat="25.0233560" lon="121.4247380">
    <ele>2.7</ele>
    <time>2025-08-03T11:59:13Z</time>
   </trkpt>
   <trkpt lat="25.0233560" lon="121.4247380">
    <ele>2.7</ele>
    <time>2025-08-03T11:59:14Z</time>
   </trkpt>
   <trkpt lat="25.0233560" lon="121.4247380">
    <ele>2.6</ele>
    <time>2025-08-03T11:59:15Z</time>
   </trkpt>
   <trkpt lat="25.0223460" lon="121.4249230">
    <ele>14.2</ele>
    <time>2025-08-03T11:59:25Z</time>
   </trkpt>
   <trkpt lat="25.0223410" lon="121.4249050">
    <ele>14.2</ele>
    <time>2025-08-03T11:59:26Z</time>
   </trkpt>
   <trkpt lat="25.0223370" lon="121.4249040">
    <ele>14.2</ele>
    <time>2025-08-03T11:59:30Z</time>
   </trkpt>
   <trkpt lat="25.0223340" lon="121.4249020">
    <ele>14.2</ele>
    <time>2025-08-03T11:59:36Z</time>
   </trkpt>
   <trkpt lat="25.0223300" lon="121.4249010">
    <ele>14.2</ele>
    <time>2025-08-03T11:59:42Z</time>
   </trkpt>
   <trkpt lat="25.0223270" lon="121.4248990">
    <ele>14.2</ele>
    <time>2025-08-03T11:59:44Z</time>
   </trkpt>
   <trkpt lat="25.0223230" lon="121.4248980">
    <ele>14.2</ele>
    <time>2025-08-03T11:59:45Z</time>
   </trkpt>
   <trkpt lat="25.0223200" lon="121.4248960">
    <ele>14.2</ele>
    <time>2025-08-03T11:59:48Z</time>
   </trkpt>
   <trkpt lat="25.0223160" lon="121.4248950">
    <ele>14.2</ele>
    <time>2025-08-03T11:59:54Z</time>
   </trkpt>
   <trkpt lat="25.0223130" lon="121.4248930">
    <ele>14.2</ele>
    <time>2025-08-03T11:59:58Z</time>
   </trkpt>
   <trkpt lat="25.0223090" lon="121.4248920">
    <ele>14.2</ele>
    <time>2025-08-03T11:59:59Z</time>
   </trkpt>
   <trkpt lat="25.0223060" lon="121.4248900">
    <ele>14.2</ele>
    <time>2025-08-03T12:00:00Z</time>
   </trkpt>
   <trkpt lat="25.0223020" lon="121.4248890">
    <ele>14.2</ele>
    <time>2025-08-03T12:00:06Z</time>
   </trkpt>
   <trkpt lat="25.0222990" lon="121.4248870">
    <ele>14.2</ele>
    <time>2025-08-03T12:00:08Z</time>
   </trkpt>
   <trkpt lat="25.0222960" lon="121.4248860">
    <ele>14.2</ele>
    <time>2025-08-03T12:00:11Z</time>
   </trkpt>
   <trkpt lat="25.0222920" lon="121.4248840">
    <ele>14.3</ele>
    <time>2025-08-03T12:00:12Z</time>
   </trkpt>
   <trkpt lat="25.0222890" lon="121.4248830">
    <ele>14.3</ele>
    <time>2025-08-03T12:00:17Z</time>
   </trkpt>
   <trkpt lat="25.0222850" lon="121.4248810">
    <ele>14.3</ele>
    <time>2025-08-03T12:00:18Z</time>
   </trkpt>
   <trkpt lat="25.0222820" lon="121.4248800">
    <ele>14.3</ele>
    <time>2025-08-03T12:00:24Z</time>
   </trkpt>
   <trkpt lat="25.0222780" lon="121.4248780">
    <ele>14.3</ele>
    <time>2025-08-03T12:00:30Z</time>
   </trkpt>
   <trkpt lat="25.0222750" lon="121.4248770">
    <ele>14.3</ele>
    <time>2025-08-03T12:00:36Z</time>
   </trkpt>
   <trkpt lat="25.0222710" lon="121.4248750">
    <ele>14.3</ele>
    <time>2025-08-03T12:00:39Z</time>
   </trkpt>
   <trkpt lat="25.0222680" lon="121.4248740">
    <ele>14.3</ele>
    <time>2025-08-03T12:00:42Z</time>
   </trkpt>
   <trkpt lat="25.0222640" lon="121.4248720">
    <ele>14.3</ele>
    <time>2025-08-03T12:00:46Z</time>
   </trkpt>
   <trkpt lat="25.0222610" lon="121.4248710">
    <ele>14.3</ele>
    <time>2025-08-03T12:00:48Z</time>
   </trkpt>
   <trkpt lat="25.0222570" lon="121.4248690">
    <ele>14.3</ele>
    <time>2025-08-03T12:00:49Z</time>
   </trkpt>
   <trkpt lat="25.0222540" lon="121.4248680">
    <ele>14.3</ele>
    <time>2025-08-03T12:00:51Z</time>
   </trkpt>
   <trkpt lat="25.0222500" lon="121.4248660">
    <ele>14.3</ele>
    <time>2025-08-03T12:00:54Z</time>
   </trkpt>
   <trkpt lat="25.0222470" lon="121.4248650">
    <ele>14.3</ele>
    <time>2025-08-03T12:00:58Z</time>
   </trkpt>
   <trkpt lat="25.0222460" lon="121.4248990">
    <ele>14.3</ele>
    <time>2025-08-03T12:00:59Z</time>
   </trkpt>
   <trkpt lat="25.0222670" lon="121.4249200">
    <ele>14.3</ele>
    <time>2025-08-03T12:01:00Z</time>
   </trkpt>
   <trkpt lat="25.0222680" lon="121.4249220">
    <ele>14.3</ele>
    <time>2025-08-03T12:01:01Z</time>
   </trkpt>
   <trkpt lat="25.0222470" lon="121.4248950">
    <ele>14.3</ele>
    <time>2025-08-03T12:01:02Z</time>
   </trkpt>
   <trkpt lat="25.0222020" lon="121.4248500">
    <ele>14.4</ele>
    <time>2025-08-03T12:01:03Z</time>
   </trkpt>
   <trkpt lat="25.0221810" lon="121.4248240">
    <ele>14.4</ele>
    <time>2025-08-03T12:01:04Z</time>
   </trkpt>
   <trkpt lat="25.0221750" lon="121.4248210">
    <ele>14.4</ele>
    <time>2025-08-03T12:01:05Z</time>
   </trkpt>
   <trkpt lat="25.0221740" lon="121.4248250">
    <ele>14.4</ele>
    <time>2025-08-03T12:01:06Z</time>
   </trkpt>
   <trkpt lat="25.0221720" lon="121.4248290">
    <ele>14.4</ele>
    <time>2025-08-03T12:01:07Z</time>
   </trkpt>
   <trkpt lat="25.0221710" lon="121.4248330">
    <ele>14.4</ele>
    <time>2025-08-03T12:01:08Z</time>
   </trkpt>
   <trkpt lat="25.0221700" lon="121.4248370">
    <ele>14.4</ele>
    <time>2025-08-03T12:01:09Z</time>
   </trkpt>
   <trkpt lat="25.0221690" lon="121.4248420">
    <ele>14.4</ele>
    <time>2025-08-03T12:01:10Z</time>
   </trkpt>
   <trkpt lat="25.0221680" lon="121.4248460">
    <ele>14.4</ele>
    <time>2025-08-03T12:01:11Z</time>
   </trkpt>
   <trkpt lat="25.0221670" lon="121.4248500">
    <ele>14.4</ele>
    <time>2025-08-03T12:01:12Z</time>
   </trkpt>
   <trkpt lat="25.0221650" lon="121.4248540">
    <ele>14.4</ele>
    <time>2025-08-03T12:01:13Z</time>
   </trkpt>
   <trkpt lat="25.0221640" lon="121.4248580">
    <ele>14.4</ele>
    <time>2025-08-03T12:01:14Z</time>
   </trkpt>
   <trkpt lat="25.0221630" lon="121.4248620">
    <ele>14.4</ele>
    <time>2025-08-03T12:01:15Z</time>
   </trkpt>
   <trkpt lat="25.0221150" lon="121.4248670">
    <ele>14.4</ele>
    <time>2025-08-03T12:01:16Z</time>
   </trkpt>
   <trkpt lat="25.0220860" lon="121.4248890">
    <ele>14.4</ele>
    <time>2025-08-03T12:01:17Z</time>
   </trkpt>
   <trkpt lat="25.0220380" lon="121.4248510">
    <ele>14.4</ele>
    <time>2025-08-03T12:01:18Z</time>
   </trkpt>
   <trkpt lat="25.0220100" lon="121.4248240">
    <ele>14.4</ele>
    <time>2025-08-03T12:01:19Z</time>
   </trkpt>
   <trkpt lat="25.0220050" lon="121.4248780">
    <ele>14.4</ele>
    <time>2025-08-03T12:01:20Z</time>
   </trkpt>
   <trkpt lat="25.0220090" lon="121.4249220">
    <ele>14.4</ele>
    <time>2025-08-03T12:01:21Z</time>
   </trkpt>
   <trkpt lat="25.0220090" lon="121.4249170">
    <ele>14.4</ele>
    <time>2025-08-03T12:01:22Z</time>
   </trkpt>
   <trkpt lat="25.0220110" lon="121.4249130">
    <ele>14.4</ele>
    <time>2025-08-03T12:01:23Z</time>
   </trkpt>
   <trkpt lat="25.0220120" lon="121.4249080">
    <ele>14.4</ele>
    <time>2025-08-03T12:01:25Z</time>
   </trkpt>
   <trkpt lat="25.0220140" lon="121.4249030">
    <ele>14.5</ele>
    <time>2025-08-03T12:01:36Z</time>
   </trkpt>
   <trkpt lat="25.0220150" lon="121.4248980">
    <ele>14.5</ele>
    <time>2025-08-03T12:01:40Z</time>
   </trkpt>
   <trkpt lat="25.0220160" lon="121.4248940">
    <ele>14.5</ele>
    <time>2025-08-03T12:01:42Z</time>
   </trkpt>
   <trkpt lat="25.0220180" lon="121.4248890">
    <ele>14.5</ele>
    <time>2025-08-03T12:01:43Z</time>
   </trkpt>
   <trkpt lat="25.0220190" lon="121.4248840">
    <ele>14.5</ele>
    <time>2025-08-03T12:01:44Z</time>
   </trkpt>
   <trkpt lat="25.0220200" lon="121.4248790">
    <ele>14.5</ele>
    <time>2025-08-03T12:01:46Z</time>
   </trkpt>
   <trkpt lat="25.0220220" lon="121.4248750">
    <ele>14.5</ele>
    <time>2025-08-03T12:01:47Z</time>
   </trkpt>
   <trkpt lat="25.0220230" lon="121.4248700">
    <ele>14.5</ele>
    <time>2025-08-03T12:01:52Z</time>
   </trkpt>
   <trkpt lat="25.0220250" lon="121.4248650">
    <ele>14.5</ele>
    <time>2025-08-03T12:01:54Z</time>
   </trkpt>
   <trkpt lat="25.0220260" lon="121.4248610">
    <ele>14.5</ele>
    <time>2025-08-03T12:01:55Z</time>
   </trkpt>
   <trkpt lat="25.0220270" lon="121.4248560">
    <ele>14.5</ele>
    <time>2025-08-03T12:01:58Z</time>
   </trkpt>
   <trkpt lat="25.0220290" lon="121.4248510">
    <ele>14.5</ele>
    <time>2025-08-03T12:02:04Z</time>
   </trkpt>
   <trkpt lat="25.0220300" lon="121.4248460">
    <ele>14.5</ele>
    <time>2025-08-03T12:02:06Z</time>
   </trkpt>
   <trkpt lat="25.0220310" lon="121.4248420">
    <ele>14.5</ele>
    <time>2025-08-03T12:02:10Z</time>
   </trkpt>
   <trkpt lat="25.0220330" lon="121.4248370">
    <ele>14.5</ele>
    <time>2025-08-03T12:02:11Z</time>
   </trkpt>
   <trkpt lat="25.0220340" lon="121.4248320">
    <ele>14.5</ele>
    <time>2025-08-03T12:02:12Z</time>
   </trkpt>
   <trkpt lat="25.0220360" lon="121.4248280">
    <ele>14.5</ele>
    <time>2025-08-03T12:02:16Z</time>
   </trkpt>
   <trkpt lat="25.0220370" lon="121.4248230">
    <ele>14.5</ele>
    <time>2025-08-03T12:02:17Z</time>
   </trkpt>
   <trkpt lat="25.0220380" lon="121.4248180">
    <ele>14.5</ele>
    <time>2025-08-03T12:02:20Z</time>
   </trkpt>
   <trkpt lat="25.0220400" lon="121.4248130">
    <ele>14.5</ele>
    <time>2025-08-03T12:02:22Z</time>
   </trkpt>
   <trkpt lat="25.0220410" lon="121.4248090">
    <ele>14.5</ele>
    <time>2025-08-03T12:02:25Z</time>
   </trkpt>
   <trkpt lat="25.0220420" lon="121.4248040">
    <ele>14.5</ele>
    <time>2025-08-03T12:02:26Z</time>
   </trkpt>
   <trkpt lat="25.0220440" lon="121.4247990">
    <ele>14.5</ele>
    <time>2025-08-03T12:02:28Z</time>
   </trkpt>
   <trkpt lat="25.0220450" lon="121.4247940">
    <ele>14.5</ele>
    <time>2025-08-03T12:02:31Z</time>
   </trkpt>
   <trkpt lat="25.0220470" lon="121.4247900">
    <ele>14.5</ele>
    <time>2025-08-03T12:02:32Z</time>
   </trkpt>
   <trkpt lat="25.0220480" lon="121.4247850">
    <ele>14.5</ele>
    <time>2025-08-03T12:02:33Z</time>
   </trkpt>
   <trkpt lat="25.0220600" lon="121.4247620">
    <ele>14.5</ele>
    <time>2025-08-03T12:02:34Z</time>
   </trkpt>
   <trkpt lat="25.0220470" lon="121.4247010">
    <ele>14.5</ele>
    <time>2025-08-03T12:02:35Z</time>
   </trkpt>
   <trkpt lat="25.0220490" lon="121.4246560">
    <ele>14.5</ele>
    <time>2025-08-03T12:02:36Z</time>
   </trkpt>
   <trkpt lat="25.0220390" lon="121.4246420">
    <ele>14.5</ele>
    <time>2025-08-03T12:02:37Z</time>
   </trkpt>
   <trkpt lat="25.0220150" lon="121.4246520">
    <ele>14.5</ele>
    <time>2025-08-03T12:02:38Z</time>
   </trkpt>
   <trkpt lat="25.0220040" lon="121.4246350">
    <ele>14.5</ele>
    <time>2025-08-03T12:02:39Z</time>
   </trkpt>
   <trkpt lat="25.0220070" lon="121.4246340">
    <ele>14.5</ele>
    <time>2025-08-03T12:02:40Z</time>
   </trkpt>
   <trkpt lat="25.0220070" lon="121.4246260">
    <ele>14.5</ele>
    <time>2025-08-03T12:02:41Z</time>
   </trkpt>
   <trkpt lat="25.0220120" lon="121.4246200">
    <ele>14.5</ele>
    <time>2025-08-03T12:02:42Z</time>
   </trkpt>
   <trkpt lat="25.0220190" lon="121.4245970">
    <ele>14.5</ele>
    <time>2025-08-03T12:02:43Z</time>
   </trkpt>
   <trkpt lat="25.0220210" lon="121.4245810">
    <ele>14.5</ele>
    <time>2025-08-03T12:02:44Z</time>
   </trkpt>
   <trkpt lat="25.0220220" lon="121.4245640">
    <ele>14.5</ele>
    <time>2025-08-03T12:02:45Z</time>
   </trkpt>
   <trkpt lat="25.0220230" lon="121.4245470">
    <ele>14.5</ele>
    <time>2025-08-03T12:02:46Z</time>
   </trkpt>
   <trkpt lat="25.0220180" lon="121.4245160">
    <ele>14.5</ele>
    <time>2025-08-03T12:02:47Z</time>
   </trkpt>
   <trkpt lat="25.0220180" lon="121.4245070">
    <ele>14.5</ele>
    <time>2025-08-03T12:02:48Z</time>
   </trkpt>
   <trkpt lat="25.0220460" lon="121.4245000">
    <ele>14.5</ele>
    <time>2025-08-03T12:02:49Z</time>
   </trkpt>
   <trkpt lat="25.0220730" lon="121.4245030">
    <ele>14.5</ele>
    <time>2025-08-03T12:02:50Z</time>
   </trkpt>
   <trkpt lat="25.0220680" lon="121.4245090">
    <ele>14.5</ele>
    <time>2025-08-03T12:02:51Z</time>
   </trkpt>
   <trkpt lat="25.0220640" lon="121.4245110">
    <ele>14.5</ele>
    <time>2025-08-03T12:02:52Z</time>
   </trkpt>
   <trkpt lat="25.0220530" lon="121.4245110">
    <ele>14.5</ele>
    <time>2025-08-03T12:02:53Z</time>
   </trkpt>
   <trkpt lat="25.0220500" lon="121.4245250">
    <ele>14.5</ele>
    <time>2025-08-03T12:02:54Z</time>
   </trkpt>
   <trkpt lat="25.0220460" lon="121.4245300">
    <ele>14.5</ele>
    <time>2025-08-03T12:02:55Z</time>
   </trkpt>
   <trkpt lat="25.0220450" lon="121.4245360">
    <ele>14.5</ele>
    <time>2025-08-03T12:02:56Z</time>
   </trkpt>
   <trkpt lat="25.0220410" lon="121.4245440">
    <ele>14.5</ele>
    <time>2025-08-03T12:02:57Z</time>
   </trkpt>
   <trkpt lat="25.0220170" lon="121.4245400">
    <ele>14.5</ele>
    <time>2025-08-03T12:02:58Z</time>
   </trkpt>
   <trkpt lat="25.0220080" lon="121.4245380">
    <ele>14.5</ele>
    <time>2025-08-03T12:02:59Z</time>
   </trkpt>
   <trkpt lat="25.0219960" lon="121.4245270">
    <ele>14.5</ele>
    <time>2025-08-03T12:03:00Z</time>
   </trkpt>
   <trkpt lat="25.0219940" lon="121.4245230">
    <ele>14.5</ele>
    <time>2025-08-03T12:03:01Z</time>
   </trkpt>
   <trkpt lat="25.0219930" lon="121.4245230">
    <ele>14.5</ele>
    <time>2025-08-03T12:03:02Z</time>
   </trkpt>
   <trkpt lat="25.0219970" lon="121.4245110">
    <ele>14.5</ele>
    <time>2025-08-03T12:03:03Z</time>
   </trkpt>
   <trkpt lat="25.0219950" lon="121.4245070">
    <ele>14.5</ele>
    <time>2025-08-03T12:03:04Z</time>
   </trkpt>
   <trkpt lat="25.0219930" lon="121.4245030">
    <ele>14.5</ele>
    <time>2025-08-03T12:03:05Z</time>
   </trkpt>
   <trkpt lat="25.0219910" lon="121.4244990">
    <ele>14.5</ele>
    <time>2025-08-03T12:03:06Z</time>
   </trkpt>
   <trkpt lat="25.0219890" lon="121.4244950">
    <ele>14.5</ele>
    <time>2025-08-03T12:03:07Z</time>
   </trkpt>
   <trkpt lat="25.0219860" lon="121.4244910">
    <ele>14.5</ele>
    <time>2025-08-03T12:03:08Z</time>
   </trkpt>
   <trkpt lat="25.0219840" lon="121.4244870">
    <ele>14.5</ele>
    <time>2025-08-03T12:03:09Z</time>
   </trkpt>
   <trkpt lat="25.0219820" lon="121.4244830">
    <ele>14.5</ele>
    <time>2025-08-03T12:03:10Z</time>
   </trkpt>
   <trkpt lat="25.0219800" lon="121.4244790">
    <ele>14.5</ele>
    <time>2025-08-03T12:03:11Z</time>
   </trkpt>
   <trkpt lat="25.0219780" lon="121.4244750">
    <ele>14.5</ele>
    <time>2025-08-03T12:03:12Z</time>
   </trkpt>
   <trkpt lat="25.0219600" lon="121.4244400">
    <ele>14.5</ele>
    <time>2025-08-03T12:03:13Z</time>
   </trkpt>
   <trkpt lat="25.0219330" lon="121.4244210">
    <ele>14.5</ele>
    <time>2025-08-03T12:03:14Z</time>
   </trkpt>
   <trkpt lat="25.0219420" lon="121.4244610">
    <ele>14.5</ele>
    <time>2025-08-03T12:03:15Z</time>
   </trkpt>
   <trkpt lat="25.0219350" lon="121.4244580">
    <ele>14.5</ele>
    <time>2025-08-03T12:03:16Z</time>
   </trkpt>
   <trkpt lat="25.0219260" lon="121.4244530">
    <ele>14.5</ele>
    <time>2025-08-03T12:03:17Z</time>
   </trkpt>
   <trkpt lat="25.0219210" lon="121.4244500">
    <ele>14.5</ele>
    <time>2025-08-03T12:03:18Z</time>
   </trkpt>
   <trkpt lat="25.0219100" lon="121.4244460">
    <ele>14.5</ele>
    <time>2025-08-03T12:03:19Z</time>
   </trkpt>
   <trkpt lat="25.0219020" lon="121.4244430">
    <ele>14.5</ele>
    <time>2025-08-03T12:03:20Z</time>
   </trkpt>
   <trkpt lat="25.0218950" lon="121.4244410">
    <ele>14.5</ele>
    <time>2025-08-03T12:03:21Z</time>
   </trkpt>
   <trkpt lat="25.0218890" lon="121.4244390">
    <ele>14.5</ele>
    <time>2025-08-03T12:03:22Z</time>
   </trkpt>
   <trkpt lat="25.0218830" lon="121.4244380">
    <ele>14.5</ele>
    <time>2025-08-03T12:03:23Z</time>
   </trkpt>
   <trkpt lat="25.0218760" lon="121.4244360">
    <ele>14.5</ele>
    <time>2025-08-03T12:03:24Z</time>
   </trkpt>
   <trkpt lat="25.0218700" lon="121.4244340">
    <ele>14.5</ele>
    <time>2025-08-03T12:03:25Z</time>
   </trkpt>
   <trkpt lat="25.0218700" lon="121.4244340">
    <ele>14.5</ele>
    <time>2025-08-03T12:03:26Z</time>
   </trkpt>
   <trkpt lat="25.0218700" lon="121.4244340">
    <ele>14.5</ele>
    <time>2025-08-03T12:03:28Z</time>
   </trkpt>
   <trkpt lat="25.0218700" lon="121.4244340">
    <ele>14.5</ele>
    <time>2025-08-03T12:03:29Z</time>
   </trkpt>
   <trkpt lat="25.0219580" lon="121.4246460">
    <ele>14.5</ele>
    <time>2025-08-03T12:03:40Z</time>
   </trkpt>
   <trkpt lat="25.0219580" lon="121.4246460">
    <ele>14.5</ele>
    <time>2025-08-03T12:03:41Z</time>
   </trkpt>
   <trkpt lat="25.0218420" lon="121.4245200">
    <ele>14.5</ele>
    <time>2025-08-03T12:03:46Z</time>
   </trkpt>
   <trkpt lat="25.0218300" lon="121.4245150">
    <ele>14.5</ele>
    <time>2025-08-03T12:03:49Z</time>
   </trkpt>
   <trkpt lat="25.0218300" lon="121.4245160">
    <ele>14.5</ele>
    <time>2025-08-03T12:03:50Z</time>
   </trkpt>
   <trkpt lat="25.0219410" lon="121.4245950">
    <ele>14.5</ele>
    <time>2025-08-03T12:03:52Z</time>
   </trkpt>
   <trkpt lat="25.0219740" lon="121.4246340">
    <ele>14.5</ele>
    <time>2025-08-03T12:03:58Z</time>
   </trkpt>
   <trkpt lat="25.0219830" lon="121.4246440">
    <ele>14.5</ele>
    <time>2025-08-03T12:03:59Z</time>
   </trkpt>
   <trkpt lat="25.0219830" lon="121.4246350">
    <ele>14.5</ele>
    <time>2025-08-03T12:04:03Z</time>
   </trkpt>
   <trkpt lat="25.0217570" lon="121.4244290">
    <ele>14.5</ele>
    <time>2025-08-03T12:04:04Z</time>
   </trkpt>
   <trkpt lat="25.0218690" lon="121.4245170">
    <ele>14.5</ele>
    <time>2025-08-03T12:04:07Z</time>
   </trkpt>
   <trkpt lat="25.0219720" lon="121.4246220">
    <ele>14.6</ele>
    <time>2025-08-03T12:04:10Z</time>
   </trkpt>
   <trkpt lat="25.0219720" lon="121.4246230">
    <ele>14.6</ele>
    <time>2025-08-03T12:04:11Z</time>
   </trkpt>
   <trkpt lat="25.0219690" lon="121.4245980">
    <ele>14.6</ele>
    <time>2025-08-03T12:04:16Z</time>
   </trkpt>
   <trkpt lat="25.0219380" lon="121.4246140">
    <ele>14.6</ele>
    <time>2025-08-03T12:04:19Z</time>
   </trkpt>
   <trkpt lat="25.0218270" lon="121.4245430">
    <ele>14.6</ele>
    <time>2025-08-03T12:04:22Z</time>
   </trkpt>
   <trkpt lat="25.0218420" lon="121.4245740">
    <ele>14.6</ele>
    <time>2025-08-03T12:04:28Z</time>
   </trkpt>
   <trkpt lat="25.0218370" lon="121.4245770">
    <ele>14.6</ele>
    <time>2025-08-03T12:04:29Z</time>
   </trkpt>
   <trkpt lat="25.0218300" lon="121.4245800">
    <ele>14.6</ele>
    <time>2025-08-03T12:04:30Z</time>
   </trkpt>
   <trkpt lat="25.0218190" lon="121.4245880">
    <ele>14.6</ele>
    <time>2025-08-03T12:04:32Z</time>
   </trkpt>
   <trkpt lat="25.0217780" lon="121.4245470">
    <ele>14.6</ele>
    <time>2025-08-03T12:04:34Z</time>
   </trkpt>
   <trkpt lat="25.0217140" lon="121.4245070">
    <ele>14.6</ele>
    <time>2025-08-03T12:04:37Z</time>
   </trkpt>
   <trkpt lat="25.0217140" lon="121.4245070">
    <ele>14.6</ele>
    <time>2025-08-03T12:04:39Z</time>
   </trkpt>
   <trkpt lat="25.0217360" lon="121.4245060">
    <ele>14.6</ele>
    <time>2025-08-03T12:04:40Z</time>
   </trkpt>
   <trkpt lat="25.0217360" lon="121.4245050">
    <ele>14.6</ele>
    <time>2025-08-03T12:04:43Z</time>
   </trkpt>
   <trkpt lat="25.0217350" lon="121.4245040">
    <ele>14.6</ele>
    <time>2025-08-03T12:04:46Z</time>
   </trkpt>
   <trkpt lat="25.0217510" lon="121.4245120">
    <ele>14.6</ele>
    <time>2025-08-03T12:04:52Z</time>
   </trkpt>
   <trkpt lat="25.0217430" lon="121.4245020">
    <ele>14.6</ele>
    <time>2025-08-03T12:04:58Z</time>
   </trkpt>
   <trkpt lat="25.0217780" lon="121.4245250">
    <ele>14.6</ele>
    <time>2025-08-03T12:05:04Z</time>
   </trkpt>
   <trkpt lat="25.0218260" lon="121.4245680">
    <ele>14.6</ele>
    <time>2025-08-03T12:05:10Z</time>
   </trkpt>
   <trkpt lat="25.0218260" lon="121.4245680">
    <ele>14.6</ele>
    <time>2025-08-03T12:05:11Z</time>
   </trkpt>
   <trkpt lat="25.0218190" lon="121.4245600">
    <ele>14.6</ele>
    <time>2025-08-03T12:05:14Z</time>
   </trkpt>
   <trkpt lat="25.0218190" lon="121.4245600">
    <ele>14.6</ele>
    <time>2025-08-03T12:05:15Z</time>
   </trkpt>
   <trkpt lat="25.0217830" lon="121.4245320">
    <ele>14.6</ele>
    <time>2025-08-03T12:05:16Z</time>
   </trkpt>
   <trkpt lat="25.0217830" lon="121.4245320">
    <ele>14.6</ele>
    <time>2025-08-03T12:05:20Z</time>
   </trkpt>
   <trkpt lat="25.0217830" lon="121.4245320">
    <ele>14.6</ele>
    <time>2025-08-03T12:05:21Z</time>
   </trkpt>
   <trkpt lat="25.0217980" lon="121.4245360">
    <ele>14.6</ele>
    <time>2025-08-03T12:05:22Z</time>
   </trkpt>
   <trkpt lat="25.0217640" lon="121.4245350">
    <ele>14.6</ele>
    <time>2025-08-03T12:05:26Z</time>
   </trkpt>
   <trkpt lat="25.0217550" lon="121.4245410">
    <ele>14.6</ele>
    <time>2025-08-03T12:05:27Z</time>
   </trkpt>
   <trkpt lat="25.0217600" lon="121.4245540">
    <ele>14.6</ele>
    <time>2025-08-03T12:05:28Z</time>
   </trkpt>
   <trkpt lat="25.0217560" lon="121.4245720">
    <ele>14.6</ele>
    <time>2025-08-03T12:05:29Z</time>
   </trkpt>
   <trkpt lat="25.0217550" lon="121.4245750">
    <ele>14.6</ele>
    <time>2025-08-03T12:05:30Z</time>
   </trkpt>
   <trkpt lat="25.0217550" lon="121.4245760">
    <ele>14.6</ele>
    <time>2025-08-03T12:05:31Z</time>
   </trkpt>
   <trkpt lat="25.0217710" lon="121.4245800">
    <ele>14.6</ele>
    <time>2025-08-03T12:05:32Z</time>
   </trkpt>
   <trkpt lat="25.0217790" lon="121.4245590">
    <ele>14.6</ele>
    <time>2025-08-03T12:05:33Z</time>
   </trkpt>
   <trkpt lat="25.0217800" lon="121.4245600">
    <ele>14.6</ele>
    <time>2025-08-03T12:05:34Z</time>
   </trkpt>
   <trkpt lat="25.0217800" lon="121.4245620">
    <ele>14.6</ele>
    <time>2025-08-03T12:05:35Z</time>
   </trkpt>
   <trkpt lat="25.0217870" lon="121.4245210">
    <ele>14.6</ele>
    <time>2025-08-03T12:05:40Z</time>
   </trkpt>
   <trkpt lat="25.0218090" lon="121.4245420">
    <ele>14.6</ele>
    <time>2025-08-03T12:05:42Z</time>
   </trkpt>
   <trkpt lat="25.0218030" lon="121.4245450">
    <ele>14.6</ele>
    <time>2025-08-03T12:05:43Z</time>
   </trkpt>
   <trkpt lat="25.0218040" lon="121.4245560">
    <ele>14.6</ele>
    <time>2025-08-03T12:05:44Z</time>
   </trkpt>
   <trkpt lat="25.0217830" lon="121.4245220">
    <ele>14.6</ele>
    <time>2025-08-03T12:05:45Z</time>
   </trkpt>
   <trkpt lat="25.0217380" lon="121.4244970">
    <ele>14.6</ele>
    <time>2025-08-03T12:05:46Z</time>
   </trkpt>
   <trkpt lat="25.0217510" lon="121.4244680">
    <ele>14.6</ele>
    <time>2025-08-03T12:05:47Z</time>
   </trkpt>
   <trkpt lat="25.0217550" lon="121.4244590">
    <ele>14.6</ele>
    <time>2025-08-03T12:05:48Z</time>
   </trkpt>
   <trkpt lat="25.0217300" lon="121.4244490">
    <ele>14.6</ele>
    <time>2025-08-03T12:05:49Z</time>
   </trkpt>
   <trkpt lat="25.0217150" lon="121.4244390">
    <ele>14.6</ele>
    <time>2025-08-03T12:05:50Z</time>
   </trkpt>
   <trkpt lat="25.0217010" lon="121.4244300">
    <ele>14.6</ele>
    <time>2025-08-03T12:05:51Z</time>
   </trkpt>
   <trkpt lat="25.0216770" lon="121.4244170">
    <ele>14.6</ele>
    <time>2025-08-03T12:05:52Z</time>
   </trkpt>
   <trkpt lat="25.0216620" lon="121.4244170">
    <ele>14.6</ele>
    <time>2025-08-03T12:05:53Z</time>
   </trkpt>
   <trkpt lat="25.0216380" lon="121.4244160">
    <ele>14.6</ele>
    <time>2025-08-03T12:05:54Z</time>
   </trkpt>
   <trkpt lat="25.0216220" lon="121.4244160">
    <ele>14.6</ele>
    <time>2025-08-03T12:05:55Z</time>
   </trkpt>
   <trkpt lat="25.0216060" lon="121.4244160">
    <ele>14.6</ele>
    <time>2025-08-03T12:05:56Z</time>
   </trkpt>
   <trkpt lat="25.0215790" lon="121.4244020">
    <ele>14.6</ele>
    <time>2025-08-03T12:05:57Z</time>
   </trkpt>
   <trkpt lat="25.0215810" lon="121.4244080">
    <ele>14.6</ele>
    <time>2025-08-03T12:05:58Z</time>
   </trkpt>
   <trkpt lat="25.0215900" lon="121.4244150">
    <ele>14.6</ele>
    <time>2025-08-03T12:05:59Z</time>
   </trkpt>
   <trkpt lat="25.0215990" lon="121.4244210">
    <ele>14.6</ele>
    <time>2025-08-03T12:06:00Z</time>
   </trkpt>
   <trkpt lat="25.0216080" lon="121.4244270">
    <ele>14.6</ele>
    <time>2025-08-03T12:06:01Z</time>
   </trkpt>
   <trkpt lat="25.0216170" lon="121.4244330">
    <ele>14.6</ele>
    <time>2025-08-03T12:06:02Z</time>
   </trkpt>
   <trkpt lat="25.0216260" lon="121.4244400">
    <ele>14.6</ele>
    <time>2025-08-03T12:06:03Z</time>
   </trkpt>
   <trkpt lat="25.0216350" lon="121.4244460">
    <ele>14.6</ele>
    <time>2025-08-03T12:06:04Z</time>
   </trkpt>
   <trkpt lat="25.0216370" lon="121.4244490">
    <ele>14.6</ele>
    <time>2025-08-03T12:06:05Z</time>
   </trkpt>
   <trkpt lat="25.0216360" lon="121.4244530">
    <ele>14.6</ele>
    <time>2025-08-03T12:06:06Z</time>
   </trkpt>
   <trkpt lat="25.0216350" lon="121.4244570">
    <ele>14.6</ele>
    <time>2025-08-03T12:06:07Z</time>
   </trkpt>
   <trkpt lat="25.0216300" lon="121.4244550">
    <ele>14.6</ele>
    <time>2025-08-03T12:06:08Z</time>
   </trkpt>
   <trkpt lat="25.0216210" lon="121.4244500">
    <ele>14.6</ele>
    <time>2025-08-03T12:06:09Z</time>
   </trkpt>
   <trkpt lat="25.0216140" lon="121.4244480">
    <ele>14.6</ele>
    <time>2025-08-03T12:06:10Z</time>
   </trkpt>
   <trkpt lat="25.0216070" lon="121.4244450">
    <ele>14.6</ele>
    <time>2025-08-03T12:06:11Z</time>
   </trkpt>
   <trkpt lat="25.0216000" lon="121.4244430">
    <ele>14.6</ele>
    <time>2025-08-03T12:06:12Z</time>
   </trkpt>
   <trkpt lat="25.0215950" lon="121.4244390">
    <ele>14.6</ele>
    <time>2025-08-03T12:06:13Z</time>
   </trkpt>
   <trkpt lat="25.0215920" lon="121.4244430">
    <ele>14.6</ele>
    <time>2025-08-03T12:06:14Z</time>
   </trkpt>
   <trkpt lat="25.0215840" lon="121.4244400">
    <ele>14.6</ele>
    <time>2025-08-03T12:06:15Z</time>
   </trkpt>
   <trkpt lat="25.0215740" lon="121.4244340">
    <ele>14.6</ele>
    <time>2025-08-03T12:06:16Z</time>
   </trkpt>
   <trkpt lat="25.0215640" lon="121.4244350">
    <ele>14.6</ele>
    <time>2025-08-03T12:06:17Z</time>
   </trkpt>
   <trkpt lat="25.0215620" lon="121.4244370">
    <ele>14.6</ele>
    <time>2025-08-03T12:06:18Z</time>
   </trkpt>
   <trkpt lat="25.0215560" lon="121.4244350">
    <ele>14.6</ele>
    <time>2025-08-03T12:06:19Z</time>
   </trkpt>
   <trkpt lat="25.0215480" lon="121.4244290">
    <ele>14.6</ele>
    <time>2025-08-03T12:06:20Z</time>
   </trkpt>
   <trkpt lat="25.0215420" lon="121.4244240">
    <ele>14.6</ele>
    <time>2025-08-03T12:06:21Z</time>
   </trkpt>
   <trkpt lat="25.0215360" lon="121.4244160">
    <ele>14.6</ele>
    <time>2025-08-03T12:06:22Z</time>
   </trkpt>
   <trkpt lat="25.0215290" lon="121.4244090">
    <ele>14.6</ele>
    <time>2025-08-03T12:06:23Z</time>
   </trkpt>
   <trkpt lat="25.0215240" lon="121.4244050">
    <ele>14.6</ele>
    <time>2025-08-03T12:06:25Z</time>
   </trkpt>
   <trkpt lat="25.0215120" lon="121.4244020">
    <ele>14.6</ele>
    <time>2025-08-03T12:06:26Z</time>
   </trkpt>
   <trkpt lat="25.0215050" lon="121.4243960">
    <ele>14.6</ele>
    <time>2025-08-03T12:06:27Z</time>
   </trkpt>
   <trkpt lat="25.0214860" lon="121.4243820">
    <ele>14.6</ele>
    <time>2025-08-03T12:06:28Z</time>
   </trkpt>
   <trkpt lat="25.0214760" lon="121.4243730">
    <ele>14.6</ele>
    <time>2025-08-03T12:06:29Z</time>
   </trkpt>
   <trkpt lat="25.0214640" lon="121.4243580">
    <ele>14.6</ele>
    <time>2025-08-03T12:06:30Z</time>
   </trkpt>
   <trkpt lat="25.0214630" lon="121.4243490">
    <ele>14.6</ele>
    <time>2025-08-03T12:06:31Z</time>
   </trkpt>
   <trkpt lat="25.0214710" lon="121.4243500">
    <ele>14.6</ele>
    <time>2025-08-03T12:06:32Z</time>
   </trkpt>
   <trkpt lat="25.0214790" lon="121.4243500">
    <ele>14.6</ele>
    <time>2025-08-03T12:06:33Z</time>
   </trkpt>
   <trkpt lat="25.0214860" lon="121.4243510">
    <ele>14.6</ele>
    <time>2025-08-03T12:06:34Z</time>
   </trkpt>
   <trkpt lat="25.0214940" lon="121.4243520">
    <ele>14.6</ele>
    <time>2025-08-03T12:06:35Z</time>
   </trkpt>
   <trkpt lat="25.0215020" lon="121.4243530">
    <ele>14.6</ele>
    <time>2025-08-03T12:06:36Z</time>
   </trkpt>
   <trkpt lat="25.0215030" lon="121.4243540">
    <ele>14.6</ele>
    <time>2025-08-03T12:06:37Z</time>
   </trkpt>
   <trkpt lat="25.0215030" lon="121.4243540">
    <ele>14.6</ele>
    <time>2025-08-03T12:06:38Z</time>
   </trkpt>
   <trkpt lat="25.0215030" lon="121.4243540">
    <ele>14.6</ele>
    <time>2025-08-03T12:06:39Z</time>
   </trkpt>
   <trkpt lat="25.0213840" lon="121.4243140">
    <ele>14.6</ele>
    <time>2025-08-03T12:06:50Z</time>
   </trkpt>
   <trkpt lat="25.0212980" lon="121.4242680">
    <ele>14.6</ele>
    <time>2025-08-03T12:06:56Z</time>
   </trkpt>
   <trkpt lat="25.0214310" lon="121.4243150">
    <ele>14.6</ele>
    <time>2025-08-03T12:07:02Z</time>
   </trkpt>
   <trkpt lat="25.0214400" lon="121.4243630">
    <ele>14.6</ele>
    <time>2025-08-03T12:07:08Z</time>
   </trkpt>
   <trkpt lat="25.0214410" lon="121.4243640">
    <ele>14.6</ele>
    <time>2025-08-03T12:07:09Z</time>
   </trkpt>
   <trkpt lat="25.0215450" lon="121.4243850">
    <ele>14.6</ele>
    <time>2025-08-03T12:07:14Z</time>
   </trkpt>
   <trkpt lat="25.0215410" lon="121.4243920">
    <ele>14.6</ele>
    <time>2025-08-03T12:07:20Z</time>
   </trkpt>
   <trkpt lat="25.0214160" lon="121.4243990">
    <ele>14.6</ele>
    <time>2025-08-03T12:07:26Z</time>
   </trkpt>
   <trkpt lat="25.0213550" lon="121.4243880">
    <ele>14.6</ele>
    <time>2025-08-03T12:07:32Z</time>
   </trkpt>
   <trkpt lat="25.0213240" lon="121.4243680">
    <ele>14.6</ele>
    <time>2025-08-03T12:07:33Z</time>
   </trkpt>
   <trkpt lat="25.0213160" lon="121.4243600">
    <ele>14.6</ele>
    <time>2025-08-03T12:07:34Z</time>
   </trkpt>
   <trkpt lat="25.0213740" lon="121.4243730">
    <ele>14.6</ele>
    <time>2025-08-03T12:07:35Z</time>
   </trkpt>
   <trkpt lat="25.0214100" lon="121.4243580">
    <ele>14.6</ele>
    <time>2025-08-03T12:07:36Z</time>
   </trkpt>
   <trkpt lat="25.0214350" lon="121.4243630">
    <ele>14.6</ele>
    <time>2025-08-03T12:07:37Z</time>
   </trkpt>
   <trkpt lat="25.0214350" lon="121.4243410">
    <ele>14.6</ele>
    <time>2025-08-03T12:07:38Z</time>
   </trkpt>
   <trkpt lat="25.0214430" lon="121.4243320">
    <ele>14.6</ele>
    <time>2025-08-03T12:07:39Z</time>
   </trkpt>
   <trkpt lat="25.0214510" lon="121.4243230">
    <ele>14.6</ele>
    <time>2025-08-03T12:07:40Z</time>
   </trkpt>
   <trkpt lat="25.0214460" lon="121.4243220">
    <ele>14.6</ele>
    <time>2025-08-03T12:07:41Z</time>
   </trkpt>
   <trkpt lat="25.0214450" lon="121.4243200">
    <ele>14.6</ele>
    <time>2025-08-03T12:07:42Z</time>
   </trkpt>
   <trkpt lat="25.0214480" lon="121.4243190">
    <ele>14.6</ele>
    <time>2025-08-03T12:07:43Z</time>
   </trkpt>
   <trkpt lat="25.0214490" lon="121.4243100">
    <ele>14.6</ele>
    <time>2025-08-03T12:07:44Z</time>
   </trkpt>
   <trkpt lat="25.0214520" lon="121.4243020">
    <ele>14.6</ele>
    <time>2025-08-03T12:07:45Z</time>
   </trkpt>
   <trkpt lat="25.0214510" lon="121.4242950">
    <ele>14.6</ele>
    <time>2025-08-03T12:07:46Z</time>
   </trkpt>
   <trkpt lat="25.0214560" lon="121.4242850">
    <ele>14.6</ele>
    <time>2025-08-03T12:07:47Z</time>
   </trkpt>
   <trkpt lat="25.0214620" lon="121.4242760">
    <ele>14.6</ele>
    <time>2025-08-03T12:07:48Z</time>
   </trkpt>
   <trkpt lat="25.0214690" lon="121.4242640">
    <ele>14.6</ele>
    <time>2025-08-03T12:07:49Z</time>
   </trkpt>
   <trkpt lat="25.0214740" lon="121.4242590">
    <ele>14.6</ele>
    <time>2025-08-03T12:07:50Z</time>
   </trkpt>
   <trkpt lat="25.0214710" lon="121.4242620">
    <ele>14.6</ele>
    <time>2025-08-03T12:07:51Z</time>
   </trkpt>
   <trkpt lat="25.0214630" lon="121.4242590">
    <ele>14.6</ele>
    <time>2025-08-03T12:07:52Z</time>
   </trkpt>
   <trkpt lat="25.0214680" lon="121.4242400">
    <ele>14.6</ele>
    <time>2025-08-03T12:07:53Z</time>
   </trkpt>
   <trkpt lat="25.0214420" lon="121.4242410">
    <ele>14.6</ele>
    <time>2025-08-03T12:07:54Z</time>
   </trkpt>
   <trkpt lat="25.0214330" lon="121.4242420">
    <ele>14.6</ele>
    <time>2025-08-03T12:07:55Z</time>
   </trkpt>
   <trkpt lat="25.0214260" lon="121.4242340">
    <ele>14.6</ele>
    <time>2025-08-03T12:07:56Z</time>
   </trkpt>
   <trkpt lat="25.0214190" lon="121.4242280">
    <ele>14.6</ele>
    <time>2025-08-03T12:07:57Z</time>
   </trkpt>
   <trkpt lat="25.0214110" lon="121.4242200">
    <ele>14.6</ele>
    <time>2025-08-03T12:07:58Z</time>
   </trkpt>
   <trkpt lat="25.0213990" lon="121.4242160">
    <ele>14.6</ele>
    <time>2025-08-03T12:07:59Z</time>
   </trkpt>
   <trkpt lat="25.0213970" lon="121.4242130">
    <ele>14.6</ele>
    <time>2025-08-03T12:08:00Z</time>
   </trkpt>
   <trkpt lat="25.0213990" lon="121.4242080">
    <ele>14.6</ele>
    <time>2025-08-03T12:08:01Z</time>
   </trkpt>
   <trkpt lat="25.0214000" lon="121.4242010">
    <ele>14.6</ele>
    <time>2025-08-03T12:08:02Z</time>
   </trkpt>
   <trkpt lat="25.0214080" lon="121.4241990">
    <ele>14.6</ele>
    <time>2025-08-03T12:08:03Z</time>
   </trkpt>
   <trkpt lat="25.0214050" lon="121.4241950">
    <ele>14.6</ele>
    <time>2025-08-03T12:08:04Z</time>
   </trkpt>
   <trkpt lat="25.0213820" lon="121.4241960">
    <ele>14.6</ele>
    <time>2025-08-03T12:08:05Z</time>
   </trkpt>
   <trkpt lat="25.0213800" lon="121.4241940">
    <ele>14.6</ele>
    <time>2025-08-03T12:08:06Z</time>
   </trkpt>
   <trkpt lat="25.0213760" lon="121.4241940">
    <ele>14.6</ele>
    <time>2025-08-03T12:08:07Z</time>
   </trkpt>
   <trkpt lat="25.0213720" lon="121.4241920">
    <ele>14.6</ele>
    <time>2025-08-03T12:08:08Z</time>
   </trkpt>
   <trkpt lat="25.0213670" lon="121.4241910">
    <ele>14.6</ele>
    <time>2025-08-03T12:08:09Z</time>
   </trkpt>
   <trkpt lat="25.0213630" lon="121.4241900">
    <ele>14.6</ele>
    <time>2025-08-03T12:08:10Z</time>
   </trkpt>
   <trkpt lat="25.0213580" lon="121.4241890">
    <ele>14.6</ele>
    <time>2025-08-03T12:08:11Z</time>
   </trkpt>
   <trkpt lat="25.0213540" lon="121.4241870">
    <ele>14.6</ele>
    <time>2025-08-03T12:08:12Z</time>
   </trkpt>
   <trkpt lat="25.0213490" lon="121.4241860">
    <ele>14.6</ele>
    <time>2025-08-03T12:08:13Z</time>
   </trkpt>
   <trkpt lat="25.0213440" lon="121.4241850">
    <ele>14.6</ele>
    <time>2025-08-03T12:08:14Z</time>
   </trkpt>
   <trkpt lat="25.0213400" lon="121.4241840">
    <ele>14.6</ele>
    <time>2025-08-03T12:08:15Z</time>
   </trkpt>
   <trkpt lat="25.0213350" lon="121.4241820">
    <ele>14.6</ele>
    <time>2025-08-03T12:08:16Z</time>
   </trkpt>
   <trkpt lat="25.0213310" lon="121.4241810">
    <ele>14.6</ele>
    <time>2025-08-03T12:08:17Z</time>
   </trkpt>
   <trkpt lat="25.0213260" lon="121.4241800">
    <ele>14.6</ele>
    <time>2025-08-03T12:08:18Z</time>
   </trkpt>
   <trkpt lat="25.0213220" lon="121.4241780">
    <ele>14.6</ele>
    <time>2025-08-03T12:08:19Z</time>
   </trkpt>
   <trkpt lat="25.0213170" lon="121.4241770">
    <ele>14.6</ele>
    <time>2025-08-03T12:08:20Z</time>
   </trkpt>
   <trkpt lat="25.0213120" lon="121.4241760">
    <ele>14.6</ele>
    <time>2025-08-03T12:08:22Z</time>
   </trkpt>
   <trkpt lat="25.0213080" lon="121.4241750">
    <ele>14.6</ele>
    <time>2025-08-03T12:08:30Z</time>
   </trkpt>
   <trkpt lat="25.0213030" lon="121.4241730">
    <ele>14.6</ele>
    <time>2025-08-03T12:08:31Z</time>
   </trkpt>
   <trkpt lat="25.0212990" lon="121.4241720">
    <ele>14.6</ele>
    <time>2025-08-03T12:08:33Z</time>
   </trkpt>
   <trkpt lat="25.0212940" lon="121.4241710">
    <ele>14.6</ele>
    <time>2025-08-03T12:08:39Z</time>
   </trkpt>
   <trkpt lat="25.0212900" lon="121.4241690">
    <ele>14.6</ele>
    <time>2025-08-03T12:08:41Z</time>
   </trkpt>
   <trkpt lat="25.0212850" lon="121.4241680">
    <ele>14.6</ele>
    <time>2025-08-03T12:08:44Z</time>
   </trkpt>
   <trkpt lat="25.0212800" lon="121.4241670">
    <ele>14.6</ele>
    <time>2025-08-03T12:08:45Z</time>
   </trkpt>
   <trkpt lat="25.0212760" lon="121.4241660">
    <ele>14.6</ele>
    <time>2025-08-03T12:08:47Z</time>
   </trkpt>
   <trkpt lat="25.0212710" lon="121.4241640">
    <ele>14.6</ele>
    <time>2025-08-03T12:08:49Z</time>
   </trkpt>
   <trkpt lat="25.0212670" lon="121.4241630">
    <ele>14.6</ele>
    <time>2025-08-03T12:08:51Z</time>
   </trkpt>
   <trkpt lat="25.0212620" lon="121.4241620">
    <ele>14.6</ele>
    <time>2025-08-03T12:08:52Z</time>
   </trkpt>
   <trkpt lat="25.0212570" lon="121.4241610">
    <ele>14.6</ele>
    <time>2025-08-03T12:08:57Z</time>
   </trkpt>
   <trkpt lat="25.0212530" lon="121.4241590">
    <ele>14.6</ele>
    <time>2025-08-03T12:09:00Z</time>
   </trkpt>
   <trkpt lat="25.0212480" lon="121.4241580">
    <ele>14.6</ele>
    <time>2025-08-03T12:09:01Z</time>
   </trkpt>
   <trkpt lat="25.0212440" lon="121.4241570">
    <ele>14.6</ele>
    <time>2025-08-03T12:09:03Z</time>
   </trkpt>
   <trkpt lat="25.0212390" lon="121.4241550">
    <ele>14.6</ele>
    <time>2025-08-03T12:09:07Z</time>
   </trkpt>
   <trkpt lat="25.0212350" lon="121.4241540">
    <ele>14.6</ele>
    <time>2025-08-03T12:09:09Z</time>
   </trkpt>
   <trkpt lat="25.0212300" lon="121.4241530">
    <ele>14.6</ele>
    <time>2025-08-03T12:09:15Z</time>
   </trkpt>
   <trkpt lat="25.0212250" lon="121.4241520">
    <ele>14.6</ele>
    <time>2025-08-03T12:09:21Z</time>
   </trkpt>
   <trkpt lat="25.0212210" lon="121.4241500">
    <ele>14.6</ele>
    <time>2025-08-03T12:09:27Z</time>
   </trkpt>
   <trkpt lat="25.0212160" lon="121.4241490">
    <ele>14.6</ele>
    <time>2025-08-03T12:09:28Z</time>
   </trkpt>
   <trkpt lat="25.0212120" lon="121.4241480">
    <ele>14.6</ele>
    <time>2025-08-03T12:09:29Z</time>
   </trkpt>
   <trkpt lat="25.0212070" lon="121.4241470">
    <ele>14.6</ele>
    <time>2025-08-03T12:09:33Z</time>
   </trkpt>
   <trkpt lat="25.0212030" lon="121.4241450">
    <ele>14.6</ele>
    <time>2025-08-03T12:09:34Z</time>
   </trkpt>
   <trkpt lat="25.0211980" lon="121.4241440">
    <ele>14.6</ele>
    <time>2025-08-03T12:09:35Z</time>
   </trkpt>
   <trkpt lat="25.0212230" lon="121.4241570">
    <ele>14.6</ele>
    <time>2025-08-03T12:09:36Z</time>
   </trkpt>
   <trkpt lat="25.0212240" lon="121.4241500">
    <ele>14.6</ele>
    <time>2025-08-03T12:09:37Z</time>
   </trkpt>
   <trkpt lat="25.0212110" lon="121.4241340">
    <ele>14.6</ele>
    <time>2025-08-03T12:09:38Z</time>
   </trkpt>
   <trkpt lat="25.0212080" lon="121.4241300">
    <ele>14.6</ele>
    <time>2025-08-03T12:09:39Z</time>
   </trkpt>
   <trkpt lat="25.0212040" lon="121.4241270">
    <ele>14.6</ele>
    <time>2025-08-03T12:09:40Z</time>
   </trkpt>
   <trkpt lat="25.0211950" lon="121.4241200">
    <ele>14.6</ele>
    <time>2025-08-03T12:09:41Z</time>
   </trkpt>
   <trkpt lat="25.0211850" lon="121.4241140">
    <ele>14.6</ele>
    <time>2025-08-03T12:09:42Z</time>
   </trkpt>
   <trkpt lat="25.0211760" lon="121.4241080">
    <ele>14.6</ele>
    <time>2025-08-03T12:09:43Z</time>
   </trkpt>
   <trkpt lat="25.0212400" lon="121.4240890">
    <ele>14.6</ele>
    <time>2025-08-03T12:09:49Z</time>
   </trkpt>
   <trkpt lat="25.0212540" lon="121.4240960">
    <ele>14.6</ele>
    <time>2025-08-03T12:09:50Z</time>
   </trkpt>
   <trkpt lat="25.0212280" lon="121.4241030">
    <ele>14.6</ele>
    <time>2025-08-03T12:09:51Z</time>
   </trkpt>
   <trkpt lat="25.0212110" lon="121.4240900">
    <ele>14.6</ele>
    <time>2025-08-03T12:09:52Z</time>
   </trkpt>
   <trkpt lat="25.0211910" lon="121.4240970">
    <ele>14.6</ele>
    <time>2025-08-03T12:09:53Z</time>
   </trkpt>
   <trkpt lat="25.0211710" lon="121.4240990">
    <ele>14.6</ele>
    <time>2025-08-03T12:09:54Z</time>
   </trkpt>
   <trkpt lat="25.0211610" lon="121.4241050">
    <ele>14.6</ele>
    <time>2025-08-03T12:09:55Z</time>
   </trkpt>
   <trkpt lat="25.0211580" lon="121.4241020">
    <ele>14.6</ele>
    <time>2025-08-03T12:09:56Z</time>
   </trkpt>
   <trkpt lat="25.0211470" lon="121.4241010">
    <ele>14.6</ele>
    <time>2025-08-03T12:09:57Z</time>
   </trkpt>
   <trkpt lat="25.0211420" lon="121.4241040">
    <ele>14.6</ele>
    <time>2025-08-03T12:09:58Z</time>
   </trkpt>
   <trkpt lat="25.0211390" lon="121.4241050">
    <ele>14.6</ele>
    <time>2025-08-03T12:09:59Z</time>
   </trkpt>
   <trkpt lat="25.0211410" lon="121.4241110">
    <ele>14.6</ele>
    <time>2025-08-03T12:10:00Z</time>
   </trkpt>
   <trkpt lat="25.0211420" lon="121.4241160">
    <ele>14.6</ele>
    <time>2025-08-03T12:10:01Z</time>
   </trkpt>
   <trkpt lat="25.0211430" lon="121.4241210">
    <ele>14.6</ele>
    <time>2025-08-03T12:10:02Z</time>
   </trkpt>
   <trkpt lat="25.0211440" lon="121.4241270">
    <ele>14.6</ele>
    <time>2025-08-03T12:10:03Z</time>
   </trkpt>
   <trkpt lat="25.0211460" lon="121.4241320">
    <ele>14.6</ele>
    <time>2025-08-03T12:10:04Z</time>
   </trkpt>
   <trkpt lat="25.0211470" lon="121.4241380">
    <ele>14.6</ele>
    <time>2025-08-03T12:10:05Z</time>
   </trkpt>
   <trkpt lat="25.0211480" lon="121.4241430">
    <ele>14.6</ele>
    <time>2025-08-03T12:10:06Z</time>
   </trkpt>
   <trkpt lat="25.0211490" lon="121.4241480">
    <ele>14.6</ele>
    <time>2025-08-03T12:10:07Z</time>
   </trkpt>
   <trkpt lat="25.0211510" lon="121.4241540">
    <ele>14.6</ele>
    <time>2025-08-03T12:10:08Z</time>
   </trkpt>
   <trkpt lat="25.0211520" lon="121.4241590">
    <ele>14.6</ele>
    <time>2025-08-03T12:10:09Z</time>
   </trkpt>
   <trkpt lat="25.0211440" lon="121.4241570">
    <ele>14.6</ele>
    <time>2025-08-03T12:10:10Z</time>
   </trkpt>
   <trkpt lat="25.0211350" lon="121.4241550">
    <ele>14.6</ele>
    <time>2025-08-03T12:10:11Z</time>
   </trkpt>
   <trkpt lat="25.0211270" lon="121.4241520">
    <ele>14.6</ele>
    <time>2025-08-03T12:10:12Z</time>
   </trkpt>
   <trkpt lat="25.0211180" lon="121.4241500">
    <ele>14.6</ele>
    <time>2025-08-03T12:10:13Z</time>
   </trkpt>
   <trkpt lat="25.0211090" lon="121.4241480">
    <ele>14.6</ele>
    <time>2025-08-03T12:10:14Z</time>
   </trkpt>
   <trkpt lat="25.0211200" lon="121.4241450">
    <ele>14.6</ele>
    <time>2025-08-03T12:10:15Z</time>
   </trkpt>
   <trkpt lat="25.0211240" lon="121.4241460">
    <ele>14.6</ele>
    <time>2025-08-03T12:10:16Z</time>
   </trkpt>
   <trkpt lat="25.0211360" lon="121.4241540">
    <ele>14.6</ele>
    <time>2025-08-03T12:10:17Z</time>
   </trkpt>
   <trkpt lat="25.0211290" lon="121.4241590">
    <ele>14.6</ele>
    <time>2025-08-03T12:10:18Z</time>
   </trkpt>
   <trkpt lat="25.0211320" lon="121.4241540">
    <ele>14.6</ele>
    <time>2025-08-03T12:10:19Z</time>
   </trkpt>
   <trkpt lat="25.0211340" lon="121.4241490">
    <ele>14.6</ele>
    <time>2025-08-03T12:10:20Z</time>
   </trkpt>
   <trkpt lat="25.0211360" lon="121.4241440">
    <ele>14.6</ele>
    <time>2025-08-03T12:10:21Z</time>
   </trkpt>
   <trkpt lat="25.0211390" lon="121.4241400">
    <ele>14.6</ele>
    <time>2025-08-03T12:10:22Z</time>
   </trkpt>
   <trkpt lat="25.0211410" lon="121.4241350">
    <ele>14.6</ele>
    <time>2025-08-03T12:10:23Z</time>
   </trkpt>
   <trkpt lat="25.0211430" lon="121.4241300">
    <ele>14.6</ele>
    <time>2025-08-03T12:10:24Z</time>
   </trkpt>
   <trkpt lat="25.0211450" lon="121.4241250">
    <ele>14.6</ele>
    <time>2025-08-03T12:10:25Z</time>
   </trkpt>
   <trkpt lat="25.0211480" lon="121.4241200">
    <ele>14.6</ele>
    <time>2025-08-03T12:10:26Z</time>
   </trkpt>
   <trkpt lat="25.0211500" lon="121.4241150">
    <ele>14.6</ele>
    <time>2025-08-03T12:10:27Z</time>
   </trkpt>
   <trkpt lat="25.0211530" lon="121.4241150">
    <ele>14.6</ele>
    <time>2025-08-03T12:10:28Z</time>
   </trkpt>
   <trkpt lat="25.0211690" lon="121.4240880">
    <ele>14.6</ele>
    <time>2025-08-03T12:10:29Z</time>
   </trkpt>
   <trkpt lat="25.0211450" lon="121.4240970">
    <ele>14.6</ele>
    <time>2025-08-03T12:10:30Z</time>
   </trkpt>
   <trkpt lat="25.0211370" lon="121.4240980">
    <ele>14.6</ele>
    <time>2025-08-03T12:10:31Z</time>
   </trkpt>
   <trkpt lat="25.0211280" lon="121.4240990">
    <ele>14.6</ele>
    <time>2025-08-03T12:10:32Z</time>
   </trkpt>
   <trkpt lat="25.0211190" lon="121.4241000">
    <ele>14.6</ele>
    <time>2025-08-03T12:10:33Z</time>
   </trkpt>
   <trkpt lat="25.0211110" lon="121.4241010">
    <ele>14.6</ele>
    <time>2025-08-03T12:10:34Z</time>
   </trkpt>
   <trkpt lat="25.0211020" lon="121.4241020">
    <ele>14.6</ele>
    <time>2025-08-03T12:10:35Z</time>
   </trkpt>
   <trkpt lat="25.0210850" lon="121.4241220">
    <ele>14.6</ele>
    <time>2025-08-03T12:10:36Z</time>
   </trkpt>
   <trkpt lat="25.0210780" lon="121.4241320">
    <ele>14.6</ele>
    <time>2025-08-03T12:10:37Z</time>
   </trkpt>
   <trkpt lat="25.0210980" lon="121.4241420">
    <ele>14.6</ele>
    <time>2025-08-03T12:10:38Z</time>
   </trkpt>
   <trkpt lat="25.0211020" lon="121.4241440">
    <ele>14.6</ele>
    <time>2025-08-03T12:10:39Z</time>
   </trkpt>
   <trkpt lat="25.0211050" lon="121.4241450">
    <ele>14.6</ele>
    <time>2025-08-03T12:10:40Z</time>
   </trkpt>
   <trkpt lat="25.0211090" lon="121.4241470">
    <ele>14.6</ele>
    <time>2025-08-03T12:10:41Z</time>
   </trkpt>
   <trkpt lat="25.0211120" lon="121.4241490">
    <ele>14.6</ele>
    <time>2025-08-03T12:10:42Z</time>
   </trkpt>
   <trkpt lat="25.0211150" lon="121.4241510">
    <ele>14.6</ele>
    <time>2025-08-03T12:10:43Z</time>
   </trkpt>
   <trkpt lat="25.0211190" lon="121.4241530">
    <ele>14.6</ele>
    <time>2025-08-03T12:10:44Z</time>
   </trkpt>
   <trkpt lat="25.0211220" lon="121.4241540">
    <ele>14.6</ele>
    <time>2025-08-03T12:10:45Z</time>
   </trkpt>
   <trkpt lat="25.0211260" lon="121.4241560">
    <ele>14.6</ele>
    <time>2025-08-03T12:10:47Z</time>
   </trkpt>
   <trkpt lat="25.0211290" lon="121.4241580">
    <ele>14.6</ele>
    <time>2025-08-03T12:10:48Z</time>
   </trkpt>
   <trkpt lat="25.0211110" lon="121.4241510">
    <ele>14.6</ele>
    <time>2025-08-03T12:10:49Z</time>
   </trkpt>
   <trkpt lat="25.0210980" lon="121.4241480">
    <ele>14.6</ele>
    <time>2025-08-03T12:10:50Z</time>
   </trkpt>
   <trkpt lat="25.0210860" lon="121.4241460">
    <ele>14.6</ele>
    <time>2025-08-03T12:10:51Z</time>
   </trkpt>
   <trkpt lat="25.0210730" lon="121.4241430">
    <ele>14.6</ele>
    <time>2025-08-03T12:10:52Z</time>
   </trkpt>
   <trkpt lat="25.0210600" lon="121.4241410">
    <ele>14.6</ele>
    <time>2025-08-03T12:10:53Z</time>
   </trkpt>
   <trkpt lat="25.0210620" lon="121.4241450">
    <ele>14.6</ele>
    <time>2025-08-03T12:10:54Z</time>
   </trkpt>
   <trkpt lat="25.0210630" lon="121.4241490">
    <ele>14.6</ele>
    <time>2025-08-03T12:10:55Z</time>
   </trkpt>
   <trkpt lat="25.0210650" lon="121.4241530">
    <ele>14.6</ele>
    <time>2025-08-03T12:10:56Z</time>
   </trkpt>
   <trkpt lat="25.0210670" lon="121.4241570">
    <ele>14.6</ele>
    <time>2025-08-03T12:10:57Z</time>
   </trkpt>
   <trkpt lat="25.0210690" lon="121.4241610">
    <ele>14.6</ele>
    <time>2025-08-03T12:10:58Z</time>
   </trkpt>
   <trkpt lat="25.0210700" lon="121.4241650">
    <ele>14.6</ele>
    <time>2025-08-03T12:10:59Z</time>
   </trkpt>
   <trkpt lat="25.0210720" lon="121.4241690">
    <ele>14.6</ele>
    <time>2025-08-03T12:11:00Z</time>
   </trkpt>
   <trkpt lat="25.0210740" lon="121.4241730">
    <ele>14.6</ele>
    <time>2025-08-03T12:11:01Z</time>
   </trkpt>
   <trkpt lat="25.0210750" lon="121.4241770">
    <ele>14.6</ele>
    <time>2025-08-03T12:11:02Z</time>
   </trkpt>
   <trkpt lat="25.0210770" lon="121.4241810">
    <ele>14.6</ele>
    <time>2025-08-03T12:11:03Z</time>
   </trkpt>
   <trkpt lat="25.0210820" lon="121.4241850">
    <ele>14.6</ele>
    <time>2025-08-03T12:11:04Z</time>
   </trkpt>
   <trkpt lat="25.0210830" lon="121.4241890">
    <ele>14.6</ele>
    <time>2025-08-03T12:11:05Z</time>
   </trkpt>
   <trkpt lat="25.0210850" lon="121.4241930">
    <ele>14.6</ele>
    <time>2025-08-03T12:11:06Z</time>
   </trkpt>
   <trkpt lat="25.0210870" lon="121.4241970">
    <ele>14.6</ele>
    <time>2025-08-03T12:11:07Z</time>
   </trkpt>
   <trkpt lat="25.0210890" lon="121.4242010">
    <ele>14.6</ele>
    <time>2025-08-03T12:11:08Z</time>
   </trkpt>
   <trkpt lat="25.0210900" lon="121.4242060">
    <ele>14.6</ele>
    <time>2025-08-03T12:11:09Z</time>
   </trkpt>
   <trkpt lat="25.0210920" lon="121.4242100">
    <ele>14.6</ele>
    <time>2025-08-03T12:11:10Z</time>
   </trkpt>
   <trkpt lat="25.0210940" lon="121.4242140">
    <ele>14.6</ele>
    <time>2025-08-03T12:11:11Z</time>
   </trkpt>
   <trkpt lat="25.0210960" lon="121.4242180">
    <ele>14.6</ele>
    <time>2025-08-03T12:11:12Z</time>
   </trkpt>
   <trkpt lat="25.0210970" lon="121.4242220">
    <ele>14.6</ele>
    <time>2025-08-03T12:11:13Z</time>
   </trkpt>
   <trkpt lat="25.0210990" lon="121.4242260">
    <ele>14.6</ele>
    <time>2025-08-03T12:11:14Z</time>
   </trkpt>
   <trkpt lat="25.0210990" lon="121.4242070">
    <ele>14.6</ele>
    <time>2025-08-03T12:11:15Z</time>
   </trkpt>
   <trkpt lat="25.0211050" lon="121.4242030">
    <ele>14.6</ele>
    <time>2025-08-03T12:11:16Z</time>
   </trkpt>
   <trkpt lat="25.0211110" lon="121.4242000">
    <ele>14.6</ele>
    <time>2025-08-03T12:11:17Z</time>
   </trkpt>
   <trkpt lat="25.0211170" lon="121.4241960">
    <ele>14.6</ele>
    <time>2025-08-03T12:11:18Z</time>
   </trkpt>
   <trkpt lat="25.0211230" lon="121.4241930">
    <ele>14.6</ele>
    <time>2025-08-03T12:11:19Z</time>
   </trkpt>
   <trkpt lat="25.0211070" lon="121.4242100">
    <ele>14.6</ele>
    <time>2025-08-03T12:11:20Z</time>
   </trkpt>
   <trkpt lat="25.0210910" lon="121.4242220">
    <ele>14.6</ele>
    <time>2025-08-03T12:11:21Z</time>
   </trkpt>
   <trkpt lat="25.0210740" lon="121.4242330">
    <ele>14.6</ele>
    <time>2025-08-03T12:11:22Z</time>
   </trkpt>
   <trkpt lat="25.0210580" lon="121.4242450">
    <ele>14.6</ele>
    <time>2025-08-03T12:11:23Z</time>
   </trkpt>
   <trkpt lat="25.0210410" lon="121.4242560">
    <ele>14.6</ele>
    <time>2025-08-03T12:11:24Z</time>
   </trkpt>
   <trkpt lat="25.0211030" lon="121.4242280">
    <ele>14.6</ele>
    <time>2025-08-03T12:11:25Z</time>
   </trkpt>
   <trkpt lat="25.0210920" lon="121.4242250">
    <ele>14.6</ele>
    <time>2025-08-03T12:11:26Z</time>
   </trkpt>
   <trkpt lat="25.0210830" lon="121.4242210">
    <ele>14.6</ele>
    <time>2025-08-03T12:11:27Z</time>
   </trkpt>
   <trkpt lat="25.0211240" lon="121.4242030">
    <ele>14.6</ele>
    <time>2025-08-03T12:11:28Z</time>
   </trkpt>
   <trkpt lat="25.0211430" lon="121.4241780">
    <ele>14.6</ele>
    <time>2025-08-03T12:11:29Z</time>
   </trkpt>
   <trkpt lat="25.0211470" lon="121.4241740">
    <ele>14.6</ele>
    <time>2025-08-03T12:11:30Z</time>
   </trkpt>
   <trkpt lat="25.0211520" lon="121.4241680">
    <ele>14.6</ele>
    <time>2025-08-03T12:11:31Z</time>
   </trkpt>
   <trkpt lat="25.0211570" lon="121.4241630">
    <ele>14.6</ele>
    <time>2025-08-03T12:11:32Z</time>
   </trkpt>
   <trkpt lat="25.0211620" lon="121.4241580">
    <ele>14.6</ele>
    <time>2025-08-03T12:11:33Z</time>
   </trkpt>
   <trkpt lat="25.0211670" lon="121.4241530">
    <ele>14.6</ele>
    <time>2025-08-03T12:11:34Z</time>
   </trkpt>
   <trkpt lat="25.0211720" lon="121.4241470">
    <ele>14.6</ele>
    <time>2025-08-03T12:11:35Z</time>
   </trkpt>
   <trkpt lat="25.0211770" lon="121.4241420">
    <ele>14.6</ele>
    <time>2025-08-03T12:11:36Z</time>
   </trkpt>
   <trkpt lat="25.0211820" lon="121.4241370">
    <ele>14.6</ele>
    <time>2025-08-03T12:11:37Z</time>
   </trkpt>
   <trkpt lat="25.0211870" lon="121.4241310">
    <ele>14.6</ele>
    <time>2025-08-03T12:11:38Z</time>
   </trkpt>
   <trkpt lat="25.0211920" lon="121.4241260">
    <ele>14.6</ele>
    <time>2025-08-03T12:11:39Z</time>
   </trkpt>
   <trkpt lat="25.0209970" lon="121.4243550">
    <ele>14.6</ele>
    <time>2025-08-03T12:11:40Z</time>
   </trkpt>
   <trkpt lat="25.0209760" lon="121.4243330">
    <ele>14.6</ele>
    <time>2025-08-03T12:11:41Z</time>
   </trkpt>
   <trkpt lat="25.0209560" lon="121.4243110">
    <ele>14.6</ele>
    <time>2025-08-03T12:11:42Z</time>
   </trkpt>
   <trkpt lat="25.0209350" lon="121.4242890">
    <ele>14.6</ele>
    <time>2025-08-03T12:11:43Z</time>
   </trkpt>
   <trkpt lat="25.0209150" lon="121.4242670">
    <ele>14.6</ele>
    <time>2025-08-03T12:11:54Z</time>
   </trkpt>
   <trkpt lat="25.0208940" lon="121.4242450">
    <ele>14.6</ele>
    <time>2025-08-03T12:11:55Z</time>
   </trkpt>
   <trkpt lat="25.0208430" lon="121.4242380">
    <ele>14.6</ele>
    <time>2025-08-03T12:11:56Z</time>
   </trkpt>
   <trkpt lat="25.0208810" lon="121.4242240">
    <ele>14.6</ele>
    <time>2025-08-03T12:11:57Z</time>
   </trkpt>
   <trkpt lat="25.0209290" lon="121.4241710">
    <ele>14.6</ele>
    <time>2025-08-03T12:11:58Z</time>
   </trkpt>
   <trkpt lat="25.0209150" lon="121.4241260">
    <ele>14.6</ele>
    <time>2025-08-03T12:11:59Z</time>
   </trkpt>
   <trkpt lat="25.0209190" lon="121.4241090">
    <ele>14.6</ele>
    <time>2025-08-03T12:12:00Z</time>
   </trkpt>
   <trkpt lat="25.0209240" lon="121.4241070">
    <ele>14.6</ele>
    <time>2025-08-03T12:12:01Z</time>
   </trkpt>
   <trkpt lat="25.0209210" lon="121.4241040">
    <ele>14.6</ele>
    <time>2025-08-03T12:12:02Z</time>
   </trkpt>
   <trkpt lat="25.0209150" lon="121.4240910">
    <ele>14.6</ele>
    <time>2025-08-03T12:12:03Z</time>
   </trkpt>
   <trkpt lat="25.0209150" lon="121.4240810">
    <ele>14.6</ele>
    <time>2025-08-03T12:12:04Z</time>
   </trkpt>
   <trkpt lat="25.0209140" lon="121.4240760">
    <ele>14.6</ele>
    <time>2025-08-03T12:12:05Z</time>
   </trkpt>
   <trkpt lat="25.0209120" lon="121.4240500">
    <ele>14.6</ele>
    <time>2025-08-03T12:12:06Z</time>
   </trkpt>
   <trkpt lat="25.0209200" lon="121.4240260">
    <ele>14.6</ele>
    <time>2025-08-03T12:12:07Z</time>
   </trkpt>
   <trkpt lat="25.0209250" lon="121.4240210">
    <ele>14.6</ele>
    <time>2025-08-03T12:12:08Z</time>
   </trkpt>
   <trkpt lat="25.0209340" lon="121.4240080">
    <ele>14.6</ele>
    <time>2025-08-03T12:12:09Z</time>
   </trkpt>
   <trkpt lat="25.0209410" lon="121.4239910">
    <ele>14.6</ele>
    <time>2025-08-03T12:12:10Z</time>
   </trkpt>
   <trkpt lat="25.0209490" lon="121.4239800">
    <ele>14.6</ele>
    <time>2025-08-03T12:12:11Z</time>
   </trkpt>
   <trkpt lat="25.0209580" lon="121.4239680">
    <ele>14.6</ele>
    <time>2025-08-03T12:12:12Z</time>
   </trkpt>
   <trkpt lat="25.0209690" lon="121.4239410">
    <ele>14.6</ele>
    <time>2025-08-03T12:12:13Z</time>
   </trkpt>
   <trkpt lat="25.0209710" lon="121.4239290">
    <ele>14.6</ele>
    <time>2025-08-03T12:12:14Z</time>
   </trkpt>
   <trkpt lat="25.0209780" lon="121.4239100">
    <ele>14.6</ele>
    <time>2025-08-03T12:12:15Z</time>
   </trkpt>
   <trkpt lat="25.0209790" lon="121.4238990">
    <ele>14.6</ele>
    <time>2025-08-03T12:12:16Z</time>
   </trkpt>
   <trkpt lat="25.0209860" lon="121.4238710">
    <ele>14.7</ele>
    <time>2025-08-03T12:12:17Z</time>
   </trkpt>
   <trkpt lat="25.0209880" lon="121.4238590">
    <ele>14.7</ele>
    <time>2025-08-03T12:12:18Z</time>
   </trkpt>
   <trkpt lat="25.0209980" lon="121.4238320">
    <ele>14.7</ele>
    <time>2025-08-03T12:12:19Z</time>
   </trkpt>
   <trkpt lat="25.0210040" lon="121.4238240">
    <ele>14.7</ele>
    <time>2025-08-03T12:12:20Z</time>
   </trkpt>
   <trkpt lat="25.0210090" lon="121.4238170">
    <ele>14.7</ele>
    <time>2025-08-03T12:12:21Z</time>
   </trkpt>
   <trkpt lat="25.0210210" lon="121.4238100">
    <ele>14.7</ele>
    <time>2025-08-03T12:12:22Z</time>
   </trkpt>
   <trkpt lat="25.0210340" lon="121.4238150">
    <ele>14.7</ele>
    <time>2025-08-03T12:12:23Z</time>
   </trkpt>
   <trkpt lat="25.0210430" lon="121.4238080">
    <ele>14.7</ele>
    <time>2025-08-03T12:12:24Z</time>
   </trkpt>
   <trkpt lat="25.0210450" lon="121.4238040">
    <ele>14.7</ele>
    <time>2025-08-03T12:12:25Z</time>
   </trkpt>
   <trkpt lat="25.0210360" lon="121.4237970">
    <ele>14.7</ele>
    <time>2025-08-03T12:12:26Z</time>
   </trkpt>
   <trkpt lat="25.0210320" lon="121.4238020">
    <ele>14.7</ele>
    <time>2025-08-03T12:12:27Z</time>
   </trkpt>
   <trkpt lat="25.0210440" lon="121.4238090">
    <ele>14.7</ele>
    <time>2025-08-03T12:12:28Z</time>
   </trkpt>
   <trkpt lat="25.0210440" lon="121.4238140">
    <ele>14.7</ele>
    <time>2025-08-03T12:12:29Z</time>
   </trkpt>
   <trkpt lat="25.0210490" lon="121.4238120">
    <ele>14.7</ele>
    <time>2025-08-03T12:12:30Z</time>
   </trkpt>
   <trkpt lat="25.0210490" lon="121.4238150">
    <ele>14.7</ele>
    <time>2025-08-03T12:12:31Z</time>
   </trkpt>
   <trkpt lat="25.0210430" lon="121.4238160">
    <ele>14.7</ele>
    <time>2025-08-03T12:12:32Z</time>
   </trkpt>
   <trkpt lat="25.0210520" lon="121.4238410">
    <ele>14.7</ele>
    <time>2025-08-03T12:12:33Z</time>
   </trkpt>
   <trkpt lat="25.0210180" lon="121.4238400">
    <ele>14.7</ele>
    <time>2025-08-03T12:12:35Z</time>
   </trkpt>
   <trkpt lat="25.0210110" lon="121.4238380">
    <ele>14.7</ele>
    <time>2025-08-03T12:12:36Z</time>
   </trkpt>
   <trkpt lat="25.0210110" lon="121.4238390">
    <ele>14.7</ele>
    <time>2025-08-03T12:12:37Z</time>
   </trkpt>
   <trkpt lat="25.0210110" lon="121.4238390">
    <ele>14.7</ele>
    <time>2025-08-03T12:12:38Z</time>
   </trkpt>
   <trkpt lat="25.0210110" lon="121.4238390">
    <ele>14.7</ele>
    <time>2025-08-03T12:12:39Z</time>
   </trkpt>
   <trkpt lat="25.0210110" lon="121.4238390">
    <ele>14.7</ele>
    <time>2025-08-03T12:12:40Z</time>
   </trkpt>
   <trkpt lat="25.0210110" lon="121.4238390">
    <ele>14.7</ele>
    <time>2025-08-03T12:12:41Z</time>
   </trkpt>
   <trkpt lat="25.0210040" lon="121.4238710">
    <ele>14.7</ele>
    <time>2025-08-03T12:12:42Z</time>
   </trkpt>
   <trkpt lat="25.0210030" lon="121.4238710">
    <ele>14.7</ele>
    <time>2025-08-03T12:12:43Z</time>
   </trkpt>
   <trkpt lat="25.0210010" lon="121.4238470">
    <ele>14.7</ele>
    <time>2025-08-03T12:12:44Z</time>
   </trkpt>
   <trkpt lat="25.0210090" lon="121.4238350">
    <ele>14.7</ele>
    <time>2025-08-03T12:12:45Z</time>
   </trkpt>
   <trkpt lat="25.0210210" lon="121.4238310">
    <ele>14.7</ele>
    <time>2025-08-03T12:12:46Z</time>
   </trkpt>
   <trkpt lat="25.0210340" lon="121.4238280">
    <ele>14.7</ele>
    <time>2025-08-03T12:12:47Z</time>
   </trkpt>
   <trkpt lat="25.0210460" lon="121.4238260">
    <ele>14.7</ele>
    <time>2025-08-03T12:12:48Z</time>
   </trkpt>
   <trkpt lat="25.0210590" lon="121.4238230">
    <ele>14.7</ele>
    <time>2025-08-03T12:12:49Z</time>
   </trkpt>
   <trkpt lat="25.0210720" lon="121.4238200">
    <ele>14.7</ele>
    <time>2025-08-03T12:12:50Z</time>
   </trkpt>
   <trkpt lat="25.0210730" lon="121.4238230">
    <ele>14.7</ele>
    <time>2025-08-03T12:12:51Z</time>
   </trkpt>
   <trkpt lat="25.0210670" lon="121.4238280">
    <ele>14.7</ele>
    <time>2025-08-03T12:12:52Z</time>
   </trkpt>
   <trkpt lat="25.0210660" lon="121.4238270">
    <ele>14.7</ele>
    <time>2025-08-03T12:12:53Z</time>
   </trkpt>
   <trkpt lat="25.0210410" lon="121.4238150">
    <ele>14.7</ele>
    <time>2025-08-03T12:12:54Z</time>
   </trkpt>
   <trkpt lat="25.0210300" lon="121.4238180">
    <ele>14.8</ele>
    <time>2025-08-03T12:12:55Z</time>
   </trkpt>
   <trkpt lat="25.0210210" lon="121.4238210">
    <ele>14.8</ele>
    <time>2025-08-03T12:12:56Z</time>
   </trkpt>
   <trkpt lat="25.0210220" lon="121.4238150">
    <ele>14.8</ele>
    <time>2025-08-03T12:12:57Z</time>
   </trkpt>
   <trkpt lat="25.0210190" lon="121.4238100">
    <ele>14.8</ele>
    <time>2025-08-03T12:12:58Z</time>
   </trkpt>
   <trkpt lat="25.0210090" lon="121.4238090">
    <ele>14.8</ele>
    <time>2025-08-03T12:12:59Z</time>
   </trkpt>
   <trkpt lat="25.0210090" lon="121.4238070">
    <ele>14.8</ele>
    <time>2025-08-03T12:13:00Z</time>
   </trkpt>
   <trkpt lat="25.0210060" lon="121.4238200">
    <ele>14.8</ele>
    <time>2025-08-03T12:13:01Z</time>
   </trkpt>
   <trkpt lat="25.0210190" lon="121.4238220">
    <ele>14.8</ele>
    <time>2025-08-03T12:13:02Z</time>
   </trkpt>
   <trkpt lat="25.0210400" lon="121.4238140">
    <ele>14.8</ele>
    <time>2025-08-03T12:13:03Z</time>
   </trkpt>
   <trkpt lat="25.0210480" lon="121.4238170">
    <ele>14.8</ele>
    <time>2025-08-03T12:13:04Z</time>
   </trkpt>
   <trkpt lat="25.0210660" lon="121.4238080">
    <ele>14.8</ele>
    <time>2025-08-03T12:13:05Z</time>
   </trkpt>
   <trkpt lat="25.0210720" lon="121.4238170">
    <ele>14.8</ele>
    <time>2025-08-03T12:13:06Z</time>
   </trkpt>
   <trkpt lat="25.0210530" lon="121.4237950">
    <ele>14.8</ele>
    <time>2025-08-03T12:13:07Z</time>
   </trkpt>
   <trkpt lat="25.0210590" lon="121.4237860">
    <ele>14.8</ele>
    <time>2025-08-03T12:13:08Z</time>
   </trkpt>
   <trkpt lat="25.0210620" lon="121.4237880">
    <ele>14.8</ele>
    <time>2025-08-03T12:13:09Z</time>
   </trkpt>
   <trkpt lat="25.0210660" lon="121.4237890">
    <ele>14.8</ele>
    <time>2025-08-03T12:13:10Z</time>
   </trkpt>
   <trkpt lat="25.0210690" lon="121.4237900">
    <ele>14.8</ele>
    <time>2025-08-03T12:13:11Z</time>
   </trkpt>
   <trkpt lat="25.0210720" lon="121.4237920">
    <ele>14.8</ele>
    <time>2025-08-03T12:13:12Z</time>
   </trkpt>
   <trkpt lat="25.0210750" lon="121.4237930">
    <ele>14.8</ele>
    <time>2025-08-03T12:13:13Z</time>
   </trkpt>
   <trkpt lat="25.0210780" lon="121.4237940">
    <ele>14.8</ele>
    <time>2025-08-03T12:13:14Z</time>
   </trkpt>
   <trkpt lat="25.0210810" lon="121.4237960">
    <ele>14.8</ele>
    <time>2025-08-03T12:13:15Z</time>
   </trkpt>
   <trkpt lat="25.0210850" lon="121.4237970">
    <ele>14.8</ele>
    <time>2025-08-03T12:13:16Z</time>
   </trkpt>
   <trkpt lat="25.0210880" lon="121.4237980">
    <ele>14.8</ele>
    <time>2025-08-03T12:13:17Z</time>
   </trkpt>
   <trkpt lat="25.0210910" lon="121.4238000">
    <ele>14.8</ele>
    <time>2025-08-03T12:13:18Z</time>
   </trkpt>
   <trkpt lat="25.0210940" lon="121.4238010">
    <ele>14.8</ele>
    <time>2025-08-03T12:13:19Z</time>
   </trkpt>
   <trkpt lat="25.0211070" lon="121.4237960">
    <ele>14.8</ele>
    <time>2025-08-03T12:13:20Z</time>
   </trkpt>
   <trkpt lat="25.0211150" lon="121.4237980">
    <ele>14.8</ele>
    <time>2025-08-03T12:13:21Z</time>
   </trkpt>
   <trkpt lat="25.0211220" lon="121.4238000">
    <ele>14.8</ele>
    <time>2025-08-03T12:13:22Z</time>
   </trkpt>
   <trkpt lat="25.0211300" lon="121.4238020">
    <ele>14.8</ele>
    <time>2025-08-03T12:13:23Z</time>
   </trkpt>
   <trkpt lat="25.0211370" lon="121.4238040">
    <ele>14.8</ele>
    <time>2025-08-03T12:13:24Z</time>
   </trkpt>
   <trkpt lat="25.0211140" lon="121.4237680">
    <ele>14.8</ele>
    <time>2025-08-03T12:13:25Z</time>
   </trkpt>
   <trkpt lat="25.0211260" lon="121.4237800">
    <ele>14.8</ele>
    <time>2025-08-03T12:13:26Z</time>
   </trkpt>
   <trkpt lat="25.0211330" lon="121.4237880">
    <ele>14.8</ele>
    <time>2025-08-03T12:13:27Z</time>
   </trkpt>
   <trkpt lat="25.0211420" lon="121.4237860">
    <ele>14.8</ele>
    <time>2025-08-03T12:13:28Z</time>
   </trkpt>
   <trkpt lat="25.0211720" lon="121.4237790">
    <ele>14.8</ele>
    <time>2025-08-03T12:13:29Z</time>
   </trkpt>
   <trkpt lat="25.0212140" lon="121.4237750">
    <ele>14.8</ele>
    <time>2025-08-03T12:13:30Z</time>
   </trkpt>
   <trkpt lat="25.0212020" lon="121.4237690">
    <ele>14.8</ele>
    <time>2025-08-03T12:13:31Z</time>
   </trkpt>
   <trkpt lat="25.0212000" lon="121.4237700">
    <ele>14.8</ele>
    <time>2025-08-03T12:13:32Z</time>
   </trkpt>
   <trkpt lat="25.0211890" lon="121.4237500">
    <ele>14.9</ele>
    <time>2025-08-03T12:13:33Z</time>
   </trkpt>
   <trkpt lat="25.0211890" lon="121.4237500">
    <ele>14.9</ele>
    <time>2025-08-03T12:13:34Z</time>
   </trkpt>
   <trkpt lat="25.0211890" lon="121.4237500">
    <ele>14.9</ele>
    <time>2025-08-03T12:13:35Z</time>
   </trkpt>
   <trkpt lat="25.0212110" lon="121.4237440">
    <ele>14.9</ele>
    <time>2025-08-03T12:13:36Z</time>
   </trkpt>
   <trkpt lat="25.0212120" lon="121.4237590">
    <ele>14.9</ele>
    <time>2025-08-03T12:13:37Z</time>
   </trkpt>
   <trkpt lat="25.0212120" lon="121.4237590">
    <ele>14.9</ele>
    <time>2025-08-03T12:13:38Z</time>
   </trkpt>
   <trkpt lat="25.0212120" lon="121.4237590">
    <ele>14.9</ele>
    <time>2025-08-03T12:13:39Z</time>
   </trkpt>
   <trkpt lat="25.0212120" lon="121.4237590">
    <ele>14.9</ele>
    <time>2025-08-03T12:13:40Z</time>
   </trkpt>
   <trkpt lat="25.0211540" lon="121.4237470">
    <ele>14.9</ele>
    <time>2025-08-03T12:13:41Z</time>
   </trkpt>
   <trkpt lat="25.0211480" lon="121.4237350">
    <ele>14.9</ele>
    <time>2025-08-03T12:13:42Z</time>
   </trkpt>
   <trkpt lat="25.0211480" lon="121.4237340">
    <ele>14.9</ele>
    <time>2025-08-03T12:13:43Z</time>
   </trkpt>
   <trkpt lat="25.0211480" lon="121.4237340">
    <ele>14.9</ele>
    <time>2025-08-03T12:13:44Z</time>
   </trkpt>
   <trkpt lat="25.0211410" lon="121.4237340">
    <ele>14.9</ele>
    <time>2025-08-03T12:13:45Z</time>
   </trkpt>
   <trkpt lat="25.0211380" lon="121.4237240">
    <ele>14.9</ele>
    <time>2025-08-03T12:13:46Z</time>
   </trkpt>
   <trkpt lat="25.0211410" lon="121.4237150">
    <ele>14.9</ele>
    <time>2025-08-03T12:13:47Z</time>
   </trkpt>
   <trkpt lat="25.0211520" lon="121.4237020">
    <ele>14.9</ele>
    <time>2025-08-03T12:13:48Z</time>
   </trkpt>
   <trkpt lat="25.0211620" lon="121.4236930">
    <ele>14.9</ele>
    <time>2025-08-03T12:13:49Z</time>
   </trkpt>
   <trkpt lat="25.0211380" lon="121.4237200">
    <ele>14.9</ele>
    <time>2025-08-03T12:13:50Z</time>
   </trkpt>
   <trkpt lat="25.0211200" lon="121.4237430">
    <ele>14.9</ele>
    <time>2025-08-03T12:13:51Z</time>
   </trkpt>
   <trkpt lat="25.0211340" lon="121.4237180">
    <ele>14.9</ele>
    <time>2025-08-03T12:13:52Z</time>
   </trkpt>
   <trkpt lat="25.0211520" lon="121.4236970">
    <ele>14.9</ele>
    <time>2025-08-03T12:13:53Z</time>
   </trkpt>
   <trkpt lat="25.0211550" lon="121.4236880">
    <ele>14.9</ele>
    <time>2025-08-03T12:13:54Z</time>
   </trkpt>
   <trkpt lat="25.0211590" lon="121.4236800">
    <ele>14.9</ele>
    <time>2025-08-03T12:13:55Z</time>
   </trkpt>
   <trkpt lat="25.0211550" lon="121.4236610">
    <ele>14.9</ele>
    <time>2025-08-03T12:13:56Z</time>
   </trkpt>
   <trkpt lat="25.0211270" lon="121.4236890">
    <ele>14.9</ele>
    <time>2025-08-03T12:13:57Z</time>
   </trkpt>
   <trkpt lat="25.0211620" lon="121.4236720">
    <ele>14.9</ele>
    <time>2025-08-03T12:13:58Z</time>
   </trkpt>
   <trkpt lat="25.0211840" lon="121.4236630">
    <ele>14.9</ele>
    <time>2025-08-03T12:13:59Z</time>
   </trkpt>
   <trkpt lat="25.0211500" lon="121.4236980">
    <ele>14.9</ele>
    <time>2025-08-03T12:14:00Z</time>
   </trkpt>
   <trkpt lat="25.0211260" lon="121.4237270">
    <ele>14.9</ele>
    <time>2025-08-03T12:14:01Z</time>
   </trkpt>
   <trkpt lat="25.0211100" lon="121.4237510">
    <ele>15.0</ele>
    <time>2025-08-03T12:14:02Z</time>
   </trkpt>
   <trkpt lat="25.0210930" lon="121.4237740">
    <ele>15.0</ele>
    <time>2025-08-03T12:14:03Z</time>
   </trkpt>
   <trkpt lat="25.0210910" lon="121.4237590">
    <ele>15.0</ele>
    <time>2025-08-03T12:14:04Z</time>
   </trkpt>
   <trkpt lat="25.0210850" lon="121.4237680">
    <ele>15.0</ele>
    <time>2025-08-03T12:14:05Z</time>
   </trkpt>
   <trkpt lat="25.0211100" lon="121.4237340">
    <ele>15.0</ele>
    <time>2025-08-03T12:14:06Z</time>
   </trkpt>
   <trkpt lat="25.0211180" lon="121.4237130">
    <ele>15.0</ele>
    <time>2025-08-03T12:14:07Z</time>
   </trkpt>
   <trkpt lat="25.0211520" lon="121.4237170">
    <ele>15.0</ele>
    <time>2025-08-03T12:14:08Z</time>
   </trkpt>
   <trkpt lat="25.0212120" lon="121.4237060">
    <ele>15.0</ele>
    <time>2025-08-03T12:14:09Z</time>
   </trkpt>
   <trkpt lat="25.0211720" lon="121.4237410">
    <ele>15.0</ele>
    <time>2025-08-03T12:14:10Z</time>
   </trkpt>
   <trkpt lat="25.0211470" lon="121.4237530">
    <ele>15.0</ele>
    <time>2025-08-03T12:14:11Z</time>
   </trkpt>
   <trkpt lat="25.0211330" lon="121.4237550">
    <ele>15.0</ele>
    <time>2025-08-03T12:14:12Z</time>
   </trkpt>
   <trkpt lat="25.0211360" lon="121.4237700">
    <ele>15.0</ele>
    <time>2025-08-03T12:14:14Z</time>
   </trkpt>
   <trkpt lat="25.0211420" lon="121.4237830">
    <ele>15.0</ele>
    <time>2025-08-03T12:14:15Z</time>
   </trkpt>
   <trkpt lat="25.0211440" lon="121.4237640">
    <ele>15.0</ele>
    <time>2025-08-03T12:14:16Z</time>
   </trkpt>
   <trkpt lat="25.0211340" lon="121.4237540">
    <ele>15.0</ele>
    <time>2025-08-03T12:14:17Z</time>
   </trkpt>
   <trkpt lat="25.0211240" lon="121.4237440">
    <ele>15.0</ele>
    <time>2025-08-03T12:14:18Z</time>
   </trkpt>
   <trkpt lat="25.0211390" lon="121.4237350">
    <ele>15.0</ele>
    <time>2025-08-03T12:14:19Z</time>
   </trkpt>
   <trkpt lat="25.0211580" lon="121.4237360">
    <ele>15.0</ele>
    <time>2025-08-03T12:14:20Z</time>
   </trkpt>
   <trkpt lat="25.0211710" lon="121.4237350">
    <ele>15.0</ele>
    <time>2025-08-03T12:14:21Z</time>
   </trkpt>
   <trkpt lat="25.0211770" lon="121.4237310">
    <ele>15.0</ele>
    <time>2025-08-03T12:14:22Z</time>
   </trkpt>
   <trkpt lat="25.0211820" lon="121.4237270">
    <ele>15.0</ele>
    <time>2025-08-03T12:14:23Z</time>
   </trkpt>
   <trkpt lat="25.0211880" lon="121.4237230">
    <ele>15.0</ele>
    <time>2025-08-03T12:14:24Z</time>
   </trkpt>
   <trkpt lat="25.0211930" lon="121.4237190">
    <ele>15.0</ele>
    <time>2025-08-03T12:14:25Z</time>
   </trkpt>
   <trkpt lat="25.0211820" lon="121.4237170">
    <ele>15.0</ele>
    <time>2025-08-03T12:14:26Z</time>
   </trkpt>
   <trkpt lat="25.0211960" lon="121.4237200">
    <ele>15.0</ele>
    <time>2025-08-03T12:14:27Z</time>
   </trkpt>
   <trkpt lat="25.0211980" lon="121.4237100">
    <ele>15.0</ele>
    <time>2025-08-03T12:14:28Z</time>
   </trkpt>
   <trkpt lat="25.0212050" lon="121.4237110">
    <ele>15.0</ele>
    <time>2025-08-03T12:14:29Z</time>
   </trkpt>
   <trkpt lat="25.0212110" lon="121.4237000">
    <ele>15.0</ele>
    <time>2025-08-03T12:14:30Z</time>
   </trkpt>
   <trkpt lat="25.0212040" lon="121.4236930">
    <ele>15.0</ele>
    <time>2025-08-03T12:14:31Z</time>
   </trkpt>
   <trkpt lat="25.0212040" lon="121.4236890">
    <ele>15.0</ele>
    <time>2025-08-03T12:14:32Z</time>
   </trkpt>
   <trkpt lat="25.0211840" lon="121.4236650">
    <ele>15.1</ele>
    <time>2025-08-03T12:14:33Z</time>
   </trkpt>
   <trkpt lat="25.0211740" lon="121.4236600">
    <ele>15.1</ele>
    <time>2025-08-03T12:14:34Z</time>
   </trkpt>
   <trkpt lat="25.0211660" lon="121.4236550">
    <ele>15.1</ele>
    <time>2025-08-03T12:14:35Z</time>
   </trkpt>
   <trkpt lat="25.0211580" lon="121.4236510">
    <ele>15.1</ele>
    <time>2025-08-03T12:14:36Z</time>
   </trkpt>
   <trkpt lat="25.0211500" lon="121.4236460">
    <ele>15.1</ele>
    <time>2025-08-03T12:14:37Z</time>
   </trkpt>
   <trkpt lat="25.0211570" lon="121.4236510">
    <ele>15.1</ele>
    <time>2025-08-03T12:14:39Z</time>
   </trkpt>
   <trkpt lat="25.0211610" lon="121.4236450">
    <ele>15.1</ele>
    <time>2025-08-03T12:14:40Z</time>
   </trkpt>
   <trkpt lat="25.0211550" lon="121.4236290">
    <ele>15.1</ele>
    <time>2025-08-03T12:14:41Z</time>
   </trkpt>
   <trkpt lat="25.0211630" lon="121.4236400">
    <ele>15.1</ele>
    <time>2025-08-03T12:14:42Z</time>
   </trkpt>
   <trkpt lat="25.0211680" lon="121.4236410">
    <ele>15.1</ele>
    <time>2025-08-03T12:14:43Z</time>
   </trkpt>
   <trkpt lat="25.0211690" lon="121.4236410">
    <ele>15.1</ele>
    <time>2025-08-03T12:14:44Z</time>
   </trkpt>
   <trkpt lat="25.0211690" lon="121.4236410">
    <ele>15.1</ele>
    <time>2025-08-03T12:14:45Z</time>
   </trkpt>
   <trkpt lat="25.0211690" lon="121.4236190">
    <ele>15.1</ele>
    <time>2025-08-03T12:14:46Z</time>
   </trkpt>
   <trkpt lat="25.0211770" lon="121.4235810">
    <ele>15.1</ele>
    <time>2025-08-03T12:14:47Z</time>
   </trkpt>
   <trkpt lat="25.0211690" lon="121.4235820">
    <ele>15.1</ele>
    <time>2025-08-03T12:14:48Z</time>
   </trkpt>
   <trkpt lat="25.0211660" lon="121.4235930">
    <ele>15.1</ele>
    <time>2025-08-03T12:14:49Z</time>
   </trkpt>
   <trkpt lat="25.0211600" lon="121.4235920">
    <ele>15.1</ele>
    <time>2025-08-03T12:14:50Z</time>
   </trkpt>
   <trkpt lat="25.0211530" lon="121.4235980">
    <ele>15.1</ele>
    <time>2025-08-03T12:14:51Z</time>
   </trkpt>
   <trkpt lat="25.0211430" lon="121.4236000">
    <ele>15.1</ele>
    <time>2025-08-03T12:14:52Z</time>
   </trkpt>
   <trkpt lat="25.0211390" lon="121.4236070">
    <ele>15.1</ele>
    <time>2025-08-03T12:14:53Z</time>
   </trkpt>
   <trkpt lat="25.0211360" lon="121.4236140">
    <ele>15.1</ele>
    <time>2025-08-03T12:14:54Z</time>
   </trkpt>
   <trkpt lat="25.0211320" lon="121.4236210">
    <ele>15.1</ele>
    <time>2025-08-03T12:14:55Z</time>
   </trkpt>
   <trkpt lat="25.0211290" lon="121.4236270">
    <ele>15.1</ele>
    <time>2025-08-03T12:14:56Z</time>
   </trkpt>
   <trkpt lat="25.0211250" lon="121.4236340">
    <ele>15.1</ele>
    <time>2025-08-03T12:14:57Z</time>
   </trkpt>
   <trkpt lat="25.0211220" lon="121.4236410">
    <ele>15.1</ele>
    <time>2025-08-03T12:14:58Z</time>
   </trkpt>
   <trkpt lat="25.0211180" lon="121.4236480">
    <ele>15.1</ele>
    <time>2025-08-03T12:14:59Z</time>
   </trkpt>
   <trkpt lat="25.0211150" lon="121.4236550">
    <ele>15.1</ele>
    <time>2025-08-03T12:15:00Z</time>
   </trkpt>
   <trkpt lat="25.0211040" lon="121.4236570">
    <ele>15.1</ele>
    <time>2025-08-03T12:15:01Z</time>
   </trkpt>
   <trkpt lat="25.0210960" lon="121.4236570">
    <ele>15.1</ele>
    <time>2025-08-03T12:15:02Z</time>
   </trkpt>
   <trkpt lat="25.0210880" lon="121.4236640">
    <ele>15.1</ele>
    <time>2025-08-03T12:15:03Z</time>
   </trkpt>
   <trkpt lat="25.0210870" lon="121.4236680">
    <ele>15.1</ele>
    <time>2025-08-03T12:15:04Z</time>
   </trkpt>
   <trkpt lat="25.0210900" lon="121.4236700">
    <ele>15.1</ele>
    <time>2025-08-03T12:15:05Z</time>
   </trkpt>
   <trkpt lat="25.0210900" lon="121.4236730">
    <ele>15.1</ele>
    <time>2025-08-03T12:15:06Z</time>
   </trkpt>
   <trkpt lat="25.0210890" lon="121.4236750">
    <ele>15.1</ele>
    <time>2025-08-03T12:15:07Z</time>
   </trkpt>
   <trkpt lat="25.0210870" lon="121.4236720">
    <ele>15.1</ele>
    <time>2025-08-03T12:15:08Z</time>
   </trkpt>
   <trkpt lat="25.0210870" lon="121.4236720">
    <ele>15.1</ele>
    <time>2025-08-03T12:15:09Z</time>
   </trkpt>
   <trkpt lat="25.0210870" lon="121.4236720">
    <ele>15.1</ele>
    <time>2025-08-03T12:15:10Z</time>
   </trkpt>
   <trkpt lat="25.0210740" lon="121.4236980">
    <ele>15.1</ele>
    <time>2025-08-03T12:15:11Z</time>
   </trkpt>
   <trkpt lat="25.0210930" lon="121.4236910">
    <ele>15.1</ele>
    <time>2025-08-03T12:15:12Z</time>
   </trkpt>
   <trkpt lat="25.0211120" lon="121.4237060">
    <ele>15.1</ele>
    <time>2025-08-03T12:15:13Z</time>
   </trkpt>
   <trkpt lat="25.0210920" lon="121.4236860">
    <ele>15.1</ele>
    <time>2025-08-03T12:15:14Z</time>
   </trkpt>
   <trkpt lat="25.0210780" lon="121.4236610">
    <ele>15.1</ele>
    <time>2025-08-03T12:15:15Z</time>
   </trkpt>
   <trkpt lat="25.0210530" lon="121.4236780">
    <ele>15.1</ele>
    <time>2025-08-03T12:15:16Z</time>
   </trkpt>
   <trkpt lat="25.0210270" lon="121.4236950">
    <ele>15.1</ele>
    <time>2025-08-03T12:15:17Z</time>
   </trkpt>
   <trkpt lat="25.0210020" lon="121.4237120">
    <ele>15.1</ele>
    <time>2025-08-03T12:15:18Z</time>
   </trkpt>
   <trkpt lat="25.0209760" lon="121.4237290">
    <ele>15.2</ele>
    <time>2025-08-03T12:15:19Z</time>
   </trkpt>
   <trkpt lat="25.0209510" lon="121.4237460">
    <ele>15.2</ele>
    <time>2025-08-03T12:15:20Z</time>
   </trkpt>
   <trkpt lat="25.0209230" lon="121.4237580">
    <ele>15.2</ele>
    <time>2025-08-03T12:15:21Z</time>
   </trkpt>
   <trkpt lat="25.0209140" lon="121.4237570">
    <ele>15.2</ele>
    <time>2025-08-03T12:15:22Z</time>
   </trkpt>
   <trkpt lat="25.0209040" lon="121.4237570">
    <ele>15.2</ele>
    <time>2025-08-03T12:15:23Z</time>
   </trkpt>
   <trkpt lat="25.0208940" lon="121.4237570">
    <ele>15.2</ele>
    <time>2025-08-03T12:15:24Z</time>
   </trkpt>
   <trkpt lat="25.0208840" lon="121.4237570">
    <ele>15.2</ele>
    <time>2025-08-03T12:15:25Z</time>
   </trkpt>
   <trkpt lat="25.0208240" lon="121.4237760">
    <ele>15.2</ele>
    <time>2025-08-03T12:15:26Z</time>
   </trkpt>
   <trkpt lat="25.0207850" lon="121.4237990">
    <ele>15.2</ele>
    <time>2025-08-03T12:15:27Z</time>
   </trkpt>
   <trkpt lat="25.0208240" lon="121.4237030">
    <ele>15.2</ele>
    <time>2025-08-03T12:15:28Z</time>
   </trkpt>
   <trkpt lat="25.0208810" lon="121.4236360">
    <ele>15.3</ele>
    <time>2025-08-03T12:15:29Z</time>
   </trkpt>
   <trkpt lat="25.0208330" lon="121.4235920">
    <ele>15.3</ele>
    <time>2025-08-03T12:15:30Z</time>
   </trkpt>
   <trkpt lat="25.0208030" lon="121.4235620">
    <ele>15.3</ele>
    <time>2025-08-03T12:15:31Z</time>
   </trkpt>
   <trkpt lat="25.0207210" lon="121.4235000">
    <ele>15.3</ele>
    <time>2025-08-03T12:15:32Z</time>
   </trkpt>
   <trkpt lat="25.0207390" lon="121.4234860">
    <ele>15.3</ele>
    <time>2025-08-03T12:15:33Z</time>
   </trkpt>
   <trkpt lat="25.0207570" lon="121.4234870">
    <ele>15.3</ele>
    <time>2025-08-03T12:15:34Z</time>
   </trkpt>
   <trkpt lat="25.0207930" lon="121.4235050">
    <ele>15.4</ele>
    <time>2025-08-03T12:15:35Z</time>
   </trkpt>
   <trkpt lat="25.0209160" lon="121.4235650">
    <ele>15.4</ele>
    <time>2025-08-03T12:15:36Z</time>
   </trkpt>
   <trkpt lat="25.0209520" lon="121.4235790">
    <ele>15.4</ele>
    <time>2025-08-03T12:15:37Z</time>
   </trkpt>
   <trkpt lat="25.0209590" lon="121.4235790">
    <ele>15.4</ele>
    <time>2025-08-03T12:15:38Z</time>
   </trkpt>
   <trkpt lat="25.0209650" lon="121.4235790">
    <ele>15.4</ele>
    <time>2025-08-03T12:15:39Z</time>
   </trkpt>
   <trkpt lat="25.0209720" lon="121.4235780">
    <ele>15.4</ele>
    <time>2025-08-03T12:15:40Z</time>
   </trkpt>
   <trkpt lat="25.0209780" lon="121.4235780">
    <ele>15.4</ele>
    <time>2025-08-03T12:15:41Z</time>
   </trkpt>
   <trkpt lat="25.0209850" lon="121.4235770">
    <ele>15.4</ele>
    <time>2025-08-03T12:15:42Z</time>
   </trkpt>
   <trkpt lat="25.0209910" lon="121.4235770">
    <ele>15.4</ele>
    <time>2025-08-03T12:15:43Z</time>
   </trkpt>
   <trkpt lat="25.0209980" lon="121.4235760">
    <ele>15.5</ele>
    <time>2025-08-03T12:15:44Z</time>
   </trkpt>
   <trkpt lat="25.0210170" lon="121.4235710">
    <ele>15.5</ele>
    <time>2025-08-03T12:15:45Z</time>
   </trkpt>
   <trkpt lat="25.0210260" lon="121.4235750">
    <ele>15.5</ele>
    <time>2025-08-03T12:15:46Z</time>
   </trkpt>
   <trkpt lat="25.0210330" lon="121.4235720">
    <ele>15.5</ele>
    <time>2025-08-03T12:15:47Z</time>
   </trkpt>
   <trkpt lat="25.0210380" lon="121.4235700">
    <ele>15.5</ele>
    <time>2025-08-03T12:15:48Z</time>
   </trkpt>
   <trkpt lat="25.0210430" lon="121.4235680">
    <ele>15.5</ele>
    <time>2025-08-03T12:15:49Z</time>
   </trkpt>
   <trkpt lat="25.0210000" lon="121.4235620">
    <ele>15.5</ele>
    <time>2025-08-03T12:15:50Z</time>
   </trkpt>
   <trkpt lat="25.0209940" lon="121.4235660">
    <ele>15.5</ele>
    <time>2025-08-03T12:15:51Z</time>
   </trkpt>
   <trkpt lat="25.0209890" lon="121.4235860">
    <ele>15.5</ele>
    <time>2025-08-03T12:15:52Z</time>
   </trkpt>
   <trkpt lat="25.0209860" lon="121.4235790">
    <ele>15.5</ele>
    <time>2025-08-03T12:15:53Z</time>
   </trkpt>
   <trkpt lat="25.0209820" lon="121.4235760">
    <ele>15.5</ele>
    <time>2025-08-03T12:15:54Z</time>
   </trkpt>
   <trkpt lat="25.0209810" lon="121.4235760">
    <ele>15.5</ele>
    <time>2025-08-03T12:15:55Z</time>
   </trkpt>
   <trkpt lat="25.0209810" lon="121.4235760">
    <ele>15.5</ele>
    <time>2025-08-03T12:15:56Z</time>
   </trkpt>
   <trkpt lat="25.0209920" lon="121.4235930">
    <ele>15.5</ele>
    <time>2025-08-03T12:15:57Z</time>
   </trkpt>
   <trkpt lat="25.0210080" lon="121.4236060">
    <ele>15.5</ele>
    <time>2025-08-03T12:15:58Z</time>
   </trkpt>
   <trkpt lat="25.0210110" lon="121.4236100">
    <ele>15.5</ele>
    <time>2025-08-03T12:15:59Z</time>
   </trkpt>
   <trkpt lat="25.0210140" lon="121.4236130">
    <ele>15.5</ele>
    <time>2025-08-03T12:16:00Z</time>
   </trkpt>
   <trkpt lat="25.0210170" lon="121.4236160">
    <ele>15.5</ele>
    <time>2025-08-03T12:16:01Z</time>
   </trkpt>
   <trkpt lat="25.0210200" lon="121.4236190">
    <ele>15.5</ele>
    <time>2025-08-03T12:16:15Z</time>
   </trkpt>
   <trkpt lat="25.0210230" lon="121.4236230">
    <ele>15.5</ele>
    <time>2025-08-03T12:16:21Z</time>
   </trkpt>
   <trkpt lat="25.0210260" lon="121.4236260">
    <ele>15.5</ele>
    <time>2025-08-03T12:16:24Z</time>
   </trkpt>
   <trkpt lat="25.0210290" lon="121.4236290">
    <ele>15.6</ele>
    <time>2025-08-03T12:16:30Z</time>
   </trkpt>
   <trkpt lat="25.0210320" lon="121.4236330">
    <ele>15.6</ele>
    <time>2025-08-03T12:16:31Z</time>
   </trkpt>
   <trkpt lat="25.0210350" lon="121.4236360">
    <ele>15.6</ele>
    <time>2025-08-03T12:16:36Z</time>
   </trkpt>
   <trkpt lat="25.0210380" lon="121.4236390">
    <ele>15.6</ele>
    <time>2025-08-03T12:16:42Z</time>
   </trkpt>
   <trkpt lat="25.0210410" lon="121.4236430">
    <ele>15.6</ele>
    <time>2025-08-03T12:16:48Z</time>
   </trkpt>
   <trkpt lat="25.0210440" lon="121.4236460">
    <ele>15.6</ele>
    <time>2025-08-03T12:16:54Z</time>
   </trkpt>
   <trkpt lat="25.0210470" lon="121.4236490">
    <ele>15.6</ele>
    <time>2025-08-03T12:17:00Z</time>
   </trkpt>
   <trkpt lat="25.0210500" lon="121.4236520">
    <ele>15.6</ele>
    <time>2025-08-03T12:17:06Z</time>
   </trkpt>
   <trkpt lat="25.0210530" lon="121.4236560">
    <ele>15.6</ele>
    <time>2025-08-03T12:17:12Z</time>
   </trkpt>
   <trkpt lat="25.0210560" lon="121.4236590">
    <ele>15.6</ele>
    <time>2025-08-03T12:17:13Z</time>
   </trkpt>
   <trkpt lat="25.0210530" lon="121.4235770">
    <ele>15.6</ele>
    <time>2025-08-03T12:17:14Z</time>
   </trkpt>
   <trkpt lat="25.0210440" lon="121.4235630">
    <ele>15.6</ele>
    <time>2025-08-03T12:17:15Z</time>
   </trkpt>
   <trkpt lat="25.0210330" lon="121.4235310">
    <ele>15.6</ele>
    <time>2025-08-03T12:17:16Z</time>
   </trkpt>
   <trkpt lat="25.0210660" lon="121.4235360">
    <ele>15.7</ele>
    <time>2025-08-03T12:17:17Z</time>
   </trkpt>
   <trkpt lat="25.0210700" lon="121.4235230">
    <ele>15.7</ele>
    <time>2025-08-03T12:17:18Z</time>
   </trkpt>
   <trkpt lat="25.0210720" lon="121.4235190">
    <ele>15.7</ele>
    <time>2025-08-03T12:17:19Z</time>
   </trkpt>
   <trkpt lat="25.0210730" lon="121.4235140">
    <ele>15.7</ele>
    <time>2025-08-03T12:17:20Z</time>
   </trkpt>
   <trkpt lat="25.0210740" lon="121.4235100">
    <ele>15.7</ele>
    <time>2025-08-03T12:17:21Z</time>
   </trkpt>
   <trkpt lat="25.0210760" lon="121.4235050">
    <ele>15.7</ele>
    <time>2025-08-03T12:17:22Z</time>
   </trkpt>
   <trkpt lat="25.0210770" lon="121.4235010">
    <ele>15.7</ele>
    <time>2025-08-03T12:17:23Z</time>
   </trkpt>
   <trkpt lat="25.0210780" lon="121.4234960">
    <ele>15.7</ele>
    <time>2025-08-03T12:17:24Z</time>
   </trkpt>
   <trkpt lat="25.0210800" lon="121.4234920">
    <ele>15.7</ele>
    <time>2025-08-03T12:17:25Z</time>
   </trkpt>
   <trkpt lat="25.0210810" lon="121.4234870">
    <ele>15.7</ele>
    <time>2025-08-03T12:17:26Z</time>
   </trkpt>
   <trkpt lat="25.0210810" lon="121.4234750">
    <ele>15.7</ele>
    <time>2025-08-03T12:17:27Z</time>
   </trkpt>
   <trkpt lat="25.0210830" lon="121.4234520">
    <ele>15.7</ele>
    <time>2025-08-03T12:17:28Z</time>
   </trkpt>
   <trkpt lat="25.0210850" lon="121.4234280">
    <ele>15.7</ele>
    <time>2025-08-03T12:17:29Z</time>
   </trkpt>
   <trkpt lat="25.0210860" lon="121.4234320">
    <ele>15.7</ele>
    <time>2025-08-03T12:17:30Z</time>
   </trkpt>
   <trkpt lat="25.0210860" lon="121.4234220">
    <ele>15.7</ele>
    <time>2025-08-03T12:17:31Z</time>
   </trkpt>
   <trkpt lat="25.0210870" lon="121.4234220">
    <ele>15.7</ele>
    <time>2025-08-03T12:17:32Z</time>
   </trkpt>
   <trkpt lat="25.0210890" lon="121.4234170">
    <ele>15.7</ele>
    <time>2025-08-03T12:17:33Z</time>
   </trkpt>
   <trkpt lat="25.0210900" lon="121.4234160">
    <ele>15.7</ele>
    <time>2025-08-03T12:17:34Z</time>
   </trkpt>
   <trkpt lat="25.0210910" lon="121.4234170">
    <ele>15.7</ele>
    <time>2025-08-03T12:17:35Z</time>
   </trkpt>
   <trkpt lat="25.0210910" lon="121.4234170">
    <ele>15.7</ele>
    <time>2025-08-03T12:17:36Z</time>
   </trkpt>
   <trkpt lat="25.0210470" lon="121.4235110">
    <ele>15.8</ele>
    <time>2025-08-03T12:17:37Z</time>
   </trkpt>
   <trkpt lat="25.0210470" lon="121.4235110">
    <ele>15.8</ele>
    <time>2025-08-03T12:17:39Z</time>
   </trkpt>
   <trkpt lat="25.0211360" lon="121.4234830">
    <ele>15.9</ele>
    <time>2025-08-03T12:17:50Z</time>
   </trkpt>
   <trkpt lat="25.0210940" lon="121.4235230">
    <ele>15.9</ele>
    <time>2025-08-03T12:17:56Z</time>
   </trkpt>
   <trkpt lat="25.0210960" lon="121.4234550">
    <ele>15.9</ele>
    <time>2025-08-03T12:18:02Z</time>
   </trkpt>
   <trkpt lat="25.0211330" lon="121.4234420">
    <ele>15.9</ele>
    <time>2025-08-03T12:18:08Z</time>
   </trkpt>
   <trkpt lat="25.0211300" lon="121.4234400">
    <ele>15.9</ele>
    <time>2025-08-03T12:18:09Z</time>
   </trkpt>
   <trkpt lat="25.0211010" lon="121.4234280">
    <ele>16.0</ele>
    <time>2025-08-03T12:18:14Z</time>
   </trkpt>
   <trkpt lat="25.0211190" lon="121.4235170">
    <ele>16.0</ele>
    <time>2025-08-03T12:18:20Z</time>
   </trkpt>
   <trkpt lat="25.0210920" lon="121.4235200">
    <ele>16.0</ele>
    <time>2025-08-03T12:18:27Z</time>
   </trkpt>
   <trkpt lat="25.0211390" lon="121.4234150">
    <ele>16.4</ele>
    <time>2025-08-03T12:18:33Z</time>
   </trkpt>
   <trkpt lat="25.0210760" lon="121.4236100">
    <ele>15.8</ele>
    <time>2025-08-03T12:18:39Z</time>
   </trkpt>
   <trkpt lat="25.0211450" lon="121.4235260">
    <ele>15.5</ele>
    <time>2025-08-03T12:18:45Z</time>
   </trkpt>
   <trkpt lat="25.0211290" lon="121.4235430">
    <ele>15.4</ele>
    <time>2025-08-03T12:18:46Z</time>
   </trkpt>
   <trkpt lat="25.0211120" lon="121.4235400">
    <ele>15.4</ele>
    <time>2025-08-03T12:18:47Z</time>
   </trkpt>
   <trkpt lat="25.0211110" lon="121.4235410">
    <ele>15.4</ele>
    <time>2025-08-03T12:18:48Z</time>
   </trkpt>
   <trkpt lat="25.0211110" lon="121.4235410">
    <ele>15.4</ele>
    <time>2025-08-03T12:18:49Z</time>
   </trkpt>
   <trkpt lat="25.0211140" lon="121.4235380">
    <ele>15.3</ele>
    <time>2025-08-03T12:18:50Z</time>
   </trkpt>
   <trkpt lat="25.0211180" lon="121.4235360">
    <ele>15.3</ele>
    <time>2025-08-03T12:18:51Z</time>
   </trkpt>
   <trkpt lat="25.0211040" lon="121.4235690">
    <ele>15.3</ele>
    <time>2025-08-03T12:18:52Z</time>
   </trkpt>
   <trkpt lat="25.0211060" lon="121.4235670">
    <ele>15.3</ele>
    <time>2025-08-03T12:18:53Z</time>
   </trkpt>
   <trkpt lat="25.0210990" lon="121.4235750">
    <ele>15.2</ele>
    <time>2025-08-03T12:18:54Z</time>
   </trkpt>
   <trkpt lat="25.0210440" lon="121.4237060">
    <ele>15.1</ele>
    <time>2025-08-03T12:19:09Z</time>
   </trkpt>
   <trkpt lat="25.0209580" lon="121.4239230">
    <ele>14.9</ele>
    <time>2025-08-03T12:19:15Z</time>
   </trkpt>
   <trkpt lat="25.0209620" lon="121.4239200">
    <ele>14.9</ele>
    <time>2025-08-03T12:19:21Z</time>
   </trkpt>
   <trkpt lat="25.0209610" lon="121.4239220">
    <ele>14.9</ele>
    <time>2025-08-03T12:19:24Z</time>
   </trkpt>
   <trkpt lat="25.0210370" lon="121.4236070">
    <ele>15.4</ele>
    <time>2025-08-03T12:19:27Z</time>
   </trkpt>
   <trkpt lat="25.0210260" lon="121.4237810">
    <ele>15.6</ele>
    <time>2025-08-03T12:19:33Z</time>
   </trkpt>
   <trkpt lat="25.0210310" lon="121.4237620">
    <ele>15.6</ele>
    <time>2025-08-03T12:19:39Z</time>
   </trkpt>
   <trkpt lat="25.0210130" lon="121.4237860">
    <ele>15.6</ele>
    <time>2025-08-03T12:19:45Z</time>
   </trkpt>
   <trkpt lat="25.0210640" lon="121.4236320">
    <ele>15.8</ele>
    <time>2025-08-03T12:19:51Z</time>
   </trkpt>
   <trkpt lat="25.0210040" lon="121.4236780">
    <ele>15.9</ele>
    <time>2025-08-03T12:19:57Z</time>
   </trkpt>
   <trkpt lat="25.0210760" lon="121.4235840">
    <ele>16.0</ele>
    <time>2025-08-03T12:20:03Z</time>
   </trkpt>
   <trkpt lat="25.0210990" lon="121.4235680">
    <ele>16.0</ele>
    <time>2025-08-03T12:20:04Z</time>
   </trkpt>
   <trkpt lat="25.0211120" lon="121.4235160">
    <ele>16.1</ele>
    <time>2025-08-03T12:20:05Z</time>
   </trkpt>
   <trkpt lat="25.0211240" lon="121.4235250">
    <ele>16.1</ele>
    <time>2025-08-03T12:20:06Z</time>
   </trkpt>
   <trkpt lat="25.0211340" lon="121.4235190">
    <ele>16.1</ele>
    <time>2025-08-03T12:20:07Z</time>
   </trkpt>
   <trkpt lat="25.0211430" lon="121.4235120">
    <ele>16.1</ele>
    <time>2025-08-03T12:20:08Z</time>
   </trkpt>
   <trkpt lat="25.0211530" lon="121.4235060">
    <ele>16.1</ele>
    <time>2025-08-03T12:20:09Z</time>
   </trkpt>
   <trkpt lat="25.0211710" lon="121.4234670">
    <ele>16.1</ele>
    <time>2025-08-03T12:20:10Z</time>
   </trkpt>
   <trkpt lat="25.0211690" lon="121.4234760">
    <ele>16.2</ele>
    <time>2025-08-03T12:20:11Z</time>
   </trkpt>
   <trkpt lat="25.0211670" lon="121.4234880">
    <ele>16.2</ele>
    <time>2025-08-03T12:20:12Z</time>
   </trkpt>
   <trkpt lat="25.0211660" lon="121.4234990">
    <ele>16.2</ele>
    <time>2025-08-03T12:20:13Z</time>
   </trkpt>
   <trkpt lat="25.0211640" lon="121.4235100">
    <ele>16.2</ele>
    <time>2025-08-03T12:20:14Z</time>
   </trkpt>
   <trkpt lat="25.0211630" lon="121.4235220">
    <ele>16.2</ele>
    <time>2025-08-03T12:20:15Z</time>
   </trkpt>
   <trkpt lat="25.0211610" lon="121.4235330">
    <ele>16.2</ele>
    <time>2025-08-03T12:20:16Z</time>
   </trkpt>
   <trkpt lat="25.0211730" lon="121.4235380">
    <ele>16.2</ele>
    <time>2025-08-03T12:20:17Z</time>
   </trkpt>
   <trkpt lat="25.0211810" lon="121.4235380">
    <ele>16.2</ele>
    <time>2025-08-03T12:20:18Z</time>
   </trkpt>
   <trkpt lat="25.0211880" lon="121.4235370">
    <ele>16.2</ele>
    <time>2025-08-03T12:20:19Z</time>
   </trkpt>
   <trkpt lat="25.0211960" lon="121.4235370">
    <ele>16.2</ele>
    <time>2025-08-03T12:20:20Z</time>
   </trkpt>
   <trkpt lat="25.0212030" lon="121.4235370">
    <ele>16.3</ele>
    <time>2025-08-03T12:20:21Z</time>
   </trkpt>
   <trkpt lat="25.0212100" lon="121.4235370">
    <ele>16.3</ele>
    <time>2025-08-03T12:20:22Z</time>
   </trkpt>
   <trkpt lat="25.0212180" lon="121.4235360">
    <ele>16.3</ele>
    <time>2025-08-03T12:20:23Z</time>
   </trkpt>
   <trkpt lat="25.0212250" lon="121.4235360">
    <ele>16.3</ele>
    <time>2025-08-03T12:20:24Z</time>
   </trkpt>
   <trkpt lat="25.0212280" lon="121.4235220">
    <ele>16.3</ele>
    <time>2025-08-03T12:20:25Z</time>
   </trkpt>
   <trkpt lat="25.0212310" lon="121.4235170">
    <ele>16.3</ele>
    <time>2025-08-03T12:20:26Z</time>
   </trkpt>
   <trkpt lat="25.0212330" lon="121.4235080">
    <ele>16.3</ele>
    <time>2025-08-03T12:20:27Z</time>
   </trkpt>
   <trkpt lat="25.0212350" lon="121.4234980">
    <ele>16.3</ele>
    <time>2025-08-03T12:20:28Z</time>
   </trkpt>
   <trkpt lat="25.0212270" lon="121.4234720">
    <ele>16.3</ele>
    <time>2025-08-03T12:20:29Z</time>
   </trkpt>
   <trkpt lat="25.0212230" lon="121.4234660">
    <ele>16.3</ele>
    <time>2025-08-03T12:20:30Z</time>
   </trkpt>
   <trkpt lat="25.0211910" lon="121.4234610">
    <ele>16.4</ele>
    <time>2025-08-03T12:20:32Z</time>
   </trkpt>
   <trkpt lat="25.0211840" lon="121.4234540">
    <ele>16.4</ele>
    <time>2025-08-03T12:20:33Z</time>
   </trkpt>
   <trkpt lat="25.0211850" lon="121.4234110">
    <ele>16.4</ele>
    <time>2025-08-03T12:20:34Z</time>
   </trkpt>
   <trkpt lat="25.0211790" lon="121.4233930">
    <ele>16.4</ele>
    <time>2025-08-03T12:20:35Z</time>
   </trkpt>
   <trkpt lat="25.0211980" lon="121.4234040">
    <ele>16.4</ele>
    <time>2025-08-03T12:20:36Z</time>
   </trkpt>
   <trkpt lat="25.0212160" lon="121.4233990">
    <ele>16.4</ele>
    <time>2025-08-03T12:20:37Z</time>
   </trkpt>
   <trkpt lat="25.0212260" lon="121.4233970">
    <ele>16.4</ele>
    <time>2025-08-03T12:20:38Z</time>
   </trkpt>
   <trkpt lat="25.0212320" lon="121.4234020">
    <ele>16.4</ele>
    <time>2025-08-03T12:20:39Z</time>
   </trkpt>
   <trkpt lat="25.0212340" lon="121.4234120">
    <ele>16.4</ele>
    <time>2025-08-03T12:20:40Z</time>
   </trkpt>
   <trkpt lat="25.0212370" lon="121.4234020">
    <ele>16.4</ele>
    <time>2025-08-03T12:20:41Z</time>
   </trkpt>
   <trkpt lat="25.0212370" lon="121.4233800">
    <ele>16.4</ele>
    <time>2025-08-03T12:20:42Z</time>
   </trkpt>
   <trkpt lat="25.0212330" lon="121.4233580">
    <ele>16.4</ele>
    <time>2025-08-03T12:20:43Z</time>
   </trkpt>
   <trkpt lat="25.0212320" lon="121.4233430">
    <ele>16.4</ele>
    <time>2025-08-03T12:20:44Z</time>
   </trkpt>
   <trkpt lat="25.0212360" lon="121.4233270">
    <ele>16.4</ele>
    <time>2025-08-03T12:20:45Z</time>
   </trkpt>
   <trkpt lat="25.0212390" lon="121.4233160">
    <ele>16.4</ele>
    <time>2025-08-03T12:20:46Z</time>
   </trkpt>
   <trkpt lat="25.0212410" lon="121.4233050">
    <ele>16.4</ele>
    <time>2025-08-03T12:20:47Z</time>
   </trkpt>
   <trkpt lat="25.0212440" lon="121.4232940">
    <ele>16.4</ele>
    <time>2025-08-03T12:20:48Z</time>
   </trkpt>
   <trkpt lat="25.0212530" lon="121.4232850">
    <ele>16.4</ele>
    <time>2025-08-03T12:20:49Z</time>
   </trkpt>
   <trkpt lat="25.0212580" lon="121.4232810">
    <ele>16.4</ele>
    <time>2025-08-03T12:20:50Z</time>
   </trkpt>
   <trkpt lat="25.0212640" lon="121.4232780">
    <ele>16.4</ele>
    <time>2025-08-03T12:20:51Z</time>
   </trkpt>
   <trkpt lat="25.0212690" lon="121.4232740">
    <ele>16.4</ele>
    <time>2025-08-03T12:20:52Z</time>
   </trkpt>
   <trkpt lat="25.0212740" lon="121.4232700">
    <ele>16.4</ele>
    <time>2025-08-03T12:20:53Z</time>
   </trkpt>
   <trkpt lat="25.0212790" lon="121.4232660">
    <ele>16.4</ele>
    <time>2025-08-03T12:20:54Z</time>
   </trkpt>
   <trkpt lat="25.0212830" lon="121.4232610">
    <ele>16.4</ele>
    <time>2025-08-03T12:20:55Z</time>
   </trkpt>
   <trkpt lat="25.0212890" lon="121.4232520">
    <ele>16.4</ele>
    <time>2025-08-03T12:20:56Z</time>
   </trkpt>
   <trkpt lat="25.0212910" lon="121.4232480">
    <ele>16.4</ele>
    <time>2025-08-03T12:20:57Z</time>
   </trkpt>
   <trkpt lat="25.0212990" lon="121.4232470">
    <ele>16.4</ele>
    <time>2025-08-03T12:20:58Z</time>
   </trkpt>
   <trkpt lat="25.0212940" lon="121.4232420">
    <ele>16.4</ele>
    <time>2025-08-03T12:20:59Z</time>
   </trkpt>
   <trkpt lat="25.0212850" lon="121.4232410">
    <ele>16.4</ele>
    <time>2025-08-03T12:21:00Z</time>
   </trkpt>
   <trkpt lat="25.0212770" lon="121.4232380">
    <ele>16.4</ele>
    <time>2025-08-03T12:21:01Z</time>
   </trkpt>
   <trkpt lat="25.0212860" lon="121.4232400">
    <ele>16.4</ele>
    <time>2025-08-03T12:21:02Z</time>
   </trkpt>
   <trkpt lat="25.0213040" lon="121.4232360">
    <ele>16.4</ele>
    <time>2025-08-03T12:21:03Z</time>
   </trkpt>
   <trkpt lat="25.0213000" lon="121.4232260">
    <ele>16.4</ele>
    <time>2025-08-03T12:21:04Z</time>
   </trkpt>
   <trkpt lat="25.0213100" lon="121.4232330">
    <ele>16.4</ele>
    <time>2025-08-03T12:21:05Z</time>
   </trkpt>
   <trkpt lat="25.0213260" lon="121.4232150">
    <ele>16.4</ele>
    <time>2025-08-03T12:21:06Z</time>
   </trkpt>
   <trkpt lat="25.0213410" lon="121.4232040">
    <ele>16.4</ele>
    <time>2025-08-03T12:21:07Z</time>
   </trkpt>
   <trkpt lat="25.0213540" lon="121.4231920">
    <ele>16.4</ele>
    <time>2025-08-03T12:21:08Z</time>
   </trkpt>
   <trkpt lat="25.0213470" lon="121.4231740">
    <ele>16.4</ele>
    <time>2025-08-03T12:21:09Z</time>
   </trkpt>
   <trkpt lat="25.0213590" lon="121.4231960">
    <ele>16.4</ele>
    <time>2025-08-03T12:21:10Z</time>
   </trkpt>
   <trkpt lat="25.0213610" lon="121.4231820">
    <ele>16.4</ele>
    <time>2025-08-03T12:21:11Z</time>
   </trkpt>
   <trkpt lat="25.0213490" lon="121.4231790">
    <ele>16.4</ele>
    <time>2025-08-03T12:21:12Z</time>
   </trkpt>
   <trkpt lat="25.0213550" lon="121.4231840">
    <ele>16.4</ele>
    <time>2025-08-03T12:21:13Z</time>
   </trkpt>
   <trkpt lat="25.0213620" lon="121.4231850">
    <ele>16.4</ele>
    <time>2025-08-03T12:21:14Z</time>
   </trkpt>
   <trkpt lat="25.0213660" lon="121.4231820">
    <ele>16.4</ele>
    <time>2025-08-03T12:21:15Z</time>
   </trkpt>
   <trkpt lat="25.0213690" lon="121.4231750">
    <ele>16.4</ele>
    <time>2025-08-03T12:21:16Z</time>
   </trkpt>
   <trkpt lat="25.0213760" lon="121.4231660">
    <ele>16.4</ele>
    <time>2025-08-03T12:21:17Z</time>
   </trkpt>
   <trkpt lat="25.0213780" lon="121.4231600">
    <ele>16.4</ele>
    <time>2025-08-03T12:21:18Z</time>
   </trkpt>
   <trkpt lat="25.0213780" lon="121.4231610">
    <ele>16.4</ele>
    <time>2025-08-03T12:21:19Z</time>
   </trkpt>
   <trkpt lat="25.0213840" lon="121.4231550">
    <ele>16.4</ele>
    <time>2025-08-03T12:21:20Z</time>
   </trkpt>
   <trkpt lat="25.0213830" lon="121.4231550">
    <ele>16.4</ele>
    <time>2025-08-03T12:21:21Z</time>
   </trkpt>
   <trkpt lat="25.0213850" lon="121.4231560">
    <ele>16.4</ele>
    <time>2025-08-03T12:21:22Z</time>
   </trkpt>
   <trkpt lat="25.0213840" lon="121.4231560">
    <ele>16.4</ele>
    <time>2025-08-03T12:21:23Z</time>
   </trkpt>
   <trkpt lat="25.0213790" lon="121.4231430">
    <ele>16.4</ele>
    <time>2025-08-03T12:21:24Z</time>
   </trkpt>
   <trkpt lat="25.0213610" lon="121.4231310">
    <ele>16.4</ele>
    <time>2025-08-03T12:21:25Z</time>
   </trkpt>
   <trkpt lat="25.0213560" lon="121.4231200">
    <ele>16.4</ele>
    <time>2025-08-03T12:21:26Z</time>
   </trkpt>
   <trkpt lat="25.0213460" lon="121.4231170">
    <ele>16.4</ele>
    <time>2025-08-03T12:21:27Z</time>
   </trkpt>
   <trkpt lat="25.0213360" lon="121.4231140">
    <ele>16.4</ele>
    <time>2025-08-03T12:21:28Z</time>
   </trkpt>
   <trkpt lat="25.0213210" lon="121.4230740">
    <ele>16.4</ele>
    <time>2025-08-03T12:21:29Z</time>
   </trkpt>
   <trkpt lat="25.0213300" lon="121.4230840">
    <ele>16.4</ele>
    <time>2025-08-03T12:21:30Z</time>
   </trkpt>
   <trkpt lat="25.0213330" lon="121.4230930">
    <ele>16.4</ele>
    <time>2025-08-03T12:21:31Z</time>
   </trkpt>
   <trkpt lat="25.0213360" lon="121.4231030">
    <ele>16.4</ele>
    <time>2025-08-03T12:21:32Z</time>
   </trkpt>
   <trkpt lat="25.0213390" lon="121.4231120">
    <ele>16.4</ele>
    <time>2025-08-03T12:21:33Z</time>
   </trkpt>
   <trkpt lat="25.0213420" lon="121.4231220">
    <ele>16.4</ele>
    <time>2025-08-03T12:21:34Z</time>
   </trkpt>
   <trkpt lat="25.0213450" lon="121.4231320">
    <ele>16.4</ele>
    <time>2025-08-03T12:21:35Z</time>
   </trkpt>
   <trkpt lat="25.0213480" lon="121.4231410">
    <ele>16.4</ele>
    <time>2025-08-03T12:21:36Z</time>
   </trkpt>
   <trkpt lat="25.0213510" lon="121.4231510">
    <ele>16.4</ele>
    <time>2025-08-03T12:21:37Z</time>
   </trkpt>
   <trkpt lat="25.0213540" lon="121.4231600">
    <ele>16.4</ele>
    <time>2025-08-03T12:21:38Z</time>
   </trkpt>
   <trkpt lat="25.0213570" lon="121.4231700">
    <ele>16.4</ele>
    <time>2025-08-03T12:21:39Z</time>
   </trkpt>
   <trkpt lat="25.0212280" lon="121.4231990">
    <ele>16.4</ele>
    <time>2025-08-03T12:21:52Z</time>
   </trkpt>
   <trkpt lat="25.0211530" lon="121.4233370">
    <ele>16.4</ele>
    <time>2025-08-03T12:21:58Z</time>
   </trkpt>
   <trkpt lat="25.0211670" lon="121.4232940">
    <ele>16.4</ele>
    <time>2025-08-03T12:22:09Z</time>
   </trkpt>
   <trkpt lat="25.0211660" lon="121.4232950">
    <ele>16.4</ele>
    <time>2025-08-03T12:22:10Z</time>
   </trkpt>
   <trkpt lat="25.0212020" lon="121.4232210">
    <ele>16.4</ele>
    <time>2025-08-03T12:22:15Z</time>
   </trkpt>
   <trkpt lat="25.0211610" lon="121.4234360">
    <ele>16.4</ele>
    <time>2025-08-03T12:22:21Z</time>
   </trkpt>
   <trkpt lat="25.0213520" lon="121.4228720">
    <ele>15.5</ele>
    <time>2025-08-03T12:22:27Z</time>
   </trkpt>
   <trkpt lat="25.0211200" lon="121.4234270">
    <ele>16.4</ele>
    <time>2025-08-03T12:22:33Z</time>
   </trkpt>
   <trkpt lat="25.0212010" lon="121.4232690">
    <ele>16.2</ele>
    <time>2025-08-03T12:22:39Z</time>
   </trkpt>
   <trkpt lat="25.0212910" lon="121.4232430">
    <ele>16.2</ele>
    <time>2025-08-03T12:22:43Z</time>
   </trkpt>
   <trkpt lat="25.0212560" lon="121.4232850">
    <ele>16.1</ele>
    <time>2025-08-03T12:22:44Z</time>
   </trkpt>
   <trkpt lat="25.0212270" lon="121.4233270">
    <ele>16.1</ele>
    <time>2025-08-03T12:22:45Z</time>
   </trkpt>
   <trkpt lat="25.0212270" lon="121.4233160">
    <ele>16.1</ele>
    <time>2025-08-03T12:22:46Z</time>
   </trkpt>
   <trkpt lat="25.0212320" lon="121.4233190">
    <ele>16.1</ele>
    <time>2025-08-03T12:22:47Z</time>
   </trkpt>
   <trkpt lat="25.0212370" lon="121.4233240">
    <ele>16.1</ele>
    <time>2025-08-03T12:22:48Z</time>
   </trkpt>
   <trkpt lat="25.0212400" lon="121.4233220">
    <ele>16.1</ele>
    <time>2025-08-03T12:22:49Z</time>
   </trkpt>
   <trkpt lat="25.0212490" lon="121.4233140">
    <ele>16.1</ele>
    <time>2025-08-03T12:22:50Z</time>
   </trkpt>
   <trkpt lat="25.0212540" lon="121.4233020">
    <ele>16.1</ele>
    <time>2025-08-03T12:22:51Z</time>
   </trkpt>
   <trkpt lat="25.0212540" lon="121.4233070">
    <ele>16.1</ele>
    <time>2025-08-03T12:22:52Z</time>
   </trkpt>
   <trkpt lat="25.0212560" lon="121.4233180">
    <ele>16.1</ele>
    <time>2025-08-03T12:22:53Z</time>
   </trkpt>
   <trkpt lat="25.0212590" lon="121.4233300">
    <ele>16.1</ele>
    <time>2025-08-03T12:22:54Z</time>
   </trkpt>
   <trkpt lat="25.0212610" lon="121.4233420">
    <ele>16.1</ele>
    <time>2025-08-03T12:22:55Z</time>
   </trkpt>
   <trkpt lat="25.0212640" lon="121.4233530">
    <ele>16.1</ele>
    <time>2025-08-03T12:22:56Z</time>
   </trkpt>
   <trkpt lat="25.0212660" lon="121.4233650">
    <ele>16.1</ele>
    <time>2025-08-03T12:22:57Z</time>
   </trkpt>
   <trkpt lat="25.0212640" lon="121.4233550">
    <ele>16.1</ele>
    <time>2025-08-03T12:22:58Z</time>
   </trkpt>
   <trkpt lat="25.0212040" lon="121.4232740">
    <ele>16.0</ele>
    <time>2025-08-03T12:23:08Z</time>
   </trkpt>
   <trkpt lat="25.0212510" lon="121.4231260">
    <ele>16.0</ele>
    <time>2025-08-03T12:23:14Z</time>
   </trkpt>
   <trkpt lat="25.0212140" lon="121.4232010">
    <ele>16.0</ele>
    <time>2025-08-03T12:23:20Z</time>
   </trkpt>
   <trkpt lat="25.0212490" lon="121.4231040">
    <ele>15.9</ele>
    <time>2025-08-03T12:23:26Z</time>
   </trkpt>
   <trkpt lat="25.0212870" lon="121.4230030">
    <ele>15.9</ele>
    <time>2025-08-03T12:23:28Z</time>
   </trkpt>
   <trkpt lat="25.0213020" lon="121.4229620">
    <ele>15.9</ele>
    <time>2025-08-03T12:23:32Z</time>
   </trkpt>
   <trkpt lat="25.0212160" lon="121.4231940">
    <ele>15.8</ele>
    <time>2025-08-03T12:23:38Z</time>
   </trkpt>
   <trkpt lat="25.0212180" lon="121.4231790">
    <ele>15.8</ele>
    <time>2025-08-03T12:23:44Z</time>
   </trkpt>
   <trkpt lat="25.0212420" lon="121.4231000">
    <ele>15.8</ele>
    <time>2025-08-03T12:23:50Z</time>
   </trkpt>
   <trkpt lat="25.0213280" lon="121.4229260">
    <ele>15.7</ele>
    <time>2025-08-03T12:23:56Z</time>
   </trkpt>
   <trkpt lat="25.0212720" lon="121.4230010">
    <ele>15.7</ele>
    <time>2025-08-03T12:23:57Z</time>
   </trkpt>
   <trkpt lat="25.0212740" lon="121.4229990">
    <ele>15.7</ele>
    <time>2025-08-03T12:23:58Z</time>
   </trkpt>
   <trkpt lat="25.0212640" lon="121.4229680">
    <ele>15.7</ele>
    <time>2025-08-03T12:23:59Z</time>
   </trkpt>
   <trkpt lat="25.0212890" lon="121.4229780">
    <ele>15.7</ele>
    <time>2025-08-03T12:24:00Z</time>
   </trkpt>
   <trkpt lat="25.0213130" lon="121.4229800">
    <ele>15.7</ele>
    <time>2025-08-03T12:24:01Z</time>
   </trkpt>
   <trkpt lat="25.0213160" lon="121.4229660">
    <ele>15.7</ele>
    <time>2025-08-03T12:24:02Z</time>
   </trkpt>
   <trkpt lat="25.0213130" lon="121.4229320">
    <ele>15.6</ele>
    <time>2025-08-03T12:24:03Z</time>
   </trkpt>
   <trkpt lat="25.0213120" lon="121.4229250">
    <ele>15.6</ele>
    <time>2025-08-03T12:24:04Z</time>
   </trkpt>
   <trkpt lat="25.0213140" lon="121.4229370">
    <ele>15.6</ele>
    <time>2025-08-03T12:24:05Z</time>
   </trkpt>
   <trkpt lat="25.0213100" lon="121.4229510">
    <ele>15.6</ele>
    <time>2025-08-03T12:24:06Z</time>
   </trkpt>
   <trkpt lat="25.0213070" lon="121.4229640">
    <ele>15.6</ele>
    <time>2025-08-03T12:24:07Z</time>
   </trkpt>
   <trkpt lat="25.0213030" lon="121.4229780">
    <ele>15.6</ele>
    <time>2025-08-03T12:24:08Z</time>
   </trkpt>
   <trkpt lat="25.0212990" lon="121.4229920">
    <ele>15.6</ele>
    <time>2025-08-03T12:24:09Z</time>
   </trkpt>
   <trkpt lat="25.0212990" lon="121.4229850">
    <ele>15.6</ele>
    <time>2025-08-03T12:24:10Z</time>
   </trkpt>
   <trkpt lat="25.0212830" lon="121.4230250">
    <ele>15.6</ele>
    <time>2025-08-03T12:24:11Z</time>
   </trkpt>
   <trkpt lat="25.0212870" lon="121.4230100">
    <ele>15.6</ele>
    <time>2025-08-03T12:24:12Z</time>
   </trkpt>
   <trkpt lat="25.0212900" lon="121.4230000">
    <ele>15.6</ele>
    <time>2025-08-03T12:24:13Z</time>
   </trkpt>
   <trkpt lat="25.0212920" lon="121.4229900">
    <ele>15.6</ele>
    <time>2025-08-03T12:24:14Z</time>
   </trkpt>
   <trkpt lat="25.0212950" lon="121.4229800">
    <ele>15.6</ele>
    <time>2025-08-03T12:24:15Z</time>
   </trkpt>
   <trkpt lat="25.0212930" lon="121.4229290">
    <ele>15.6</ele>
    <time>2025-08-03T12:24:16Z</time>
   </trkpt>
   <trkpt lat="25.0213240" lon="121.4229190">
    <ele>15.6</ele>
    <time>2025-08-03T12:24:17Z</time>
   </trkpt>
   <trkpt lat="25.0213410" lon="121.4229160">
    <ele>15.6</ele>
    <time>2025-08-03T12:24:18Z</time>
   </trkpt>
   <trkpt lat="25.0214180" lon="121.4228860">
    <ele>15.6</ele>
    <time>2025-08-03T12:24:19Z</time>
   </trkpt>
   <trkpt lat="25.0214120" lon="121.4228990">
    <ele>15.6</ele>
    <time>2025-08-03T12:24:20Z</time>
   </trkpt>
   <trkpt lat="25.0214100" lon="121.4229110">
    <ele>15.6</ele>
    <time>2025-08-03T12:24:21Z</time>
   </trkpt>
   <trkpt lat="25.0214070" lon="121.4229240">
    <ele>15.6</ele>
    <time>2025-08-03T12:24:22Z</time>
   </trkpt>
   <trkpt lat="25.0214050" lon="121.4229360">
    <ele>15.6</ele>
    <time>2025-08-03T12:24:23Z</time>
   </trkpt>
   <trkpt lat="25.0214030" lon="121.4229480">
    <ele>15.6</ele>
    <time>2025-08-03T12:24:24Z</time>
   </trkpt>
   <trkpt lat="25.0214020" lon="121.4229490">
    <ele>15.6</ele>
    <time>2025-08-03T12:24:25Z</time>
   </trkpt>
   <trkpt lat="25.0213910" lon="121.4229120">
    <ele>15.6</ele>
    <time>2025-08-03T12:24:26Z</time>
   </trkpt>
   <trkpt lat="25.0213650" lon="121.4229210">
    <ele>15.6</ele>
    <time>2025-08-03T12:24:27Z</time>
   </trkpt>
   <trkpt lat="25.0213560" lon="121.4229200">
    <ele>15.6</ele>
    <time>2025-08-03T12:24:28Z</time>
   </trkpt>
   <trkpt lat="25.0213460" lon="121.4229190">
    <ele>15.6</ele>
    <time>2025-08-03T12:24:29Z</time>
   </trkpt>
   <trkpt lat="25.0213410" lon="121.4229150">
    <ele>15.6</ele>
    <time>2025-08-03T12:24:30Z</time>
   </trkpt>
   <trkpt lat="25.0213360" lon="121.4229110">
    <ele>15.6</ele>
    <time>2025-08-03T12:24:31Z</time>
   </trkpt>
   <trkpt lat="25.0213320" lon="121.4229060">
    <ele>15.5</ele>
    <time>2025-08-03T12:24:32Z</time>
   </trkpt>
   <trkpt lat="25.0213270" lon="121.4229010">
    <ele>15.5</ele>
    <time>2025-08-03T12:24:44Z</time>
   </trkpt>
   <trkpt lat="25.0213230" lon="121.4228970">
    <ele>15.5</ele>
    <time>2025-08-03T12:24:55Z</time>
   </trkpt>
   <trkpt lat="25.0213180" lon="121.4228920">
    <ele>15.5</ele>
    <time>2025-08-03T12:25:01Z</time>
   </trkpt>
   <trkpt lat="25.0213140" lon="121.4228870">
    <ele>15.5</ele>
    <time>2025-08-03T12:25:02Z</time>
   </trkpt>
   <trkpt lat="25.0213100" lon="121.4228820">
    <ele>15.5</ele>
    <time>2025-08-03T12:25:07Z</time>
   </trkpt>
   <trkpt lat="25.0213050" lon="121.4228780">
    <ele>15.5</ele>
    <time>2025-08-03T12:25:13Z</time>
   </trkpt>
   <trkpt lat="25.0213010" lon="121.4228730">
    <ele>15.5</ele>
    <time>2025-08-03T12:25:15Z</time>
   </trkpt>
   <trkpt lat="25.0212960" lon="121.4228680">
    <ele>15.5</ele>
    <time>2025-08-03T12:25:21Z</time>
   </trkpt>
   <trkpt lat="25.0212920" lon="121.4228640">
    <ele>15.5</ele>
    <time>2025-08-03T12:25:22Z</time>
   </trkpt>
   <trkpt lat="25.0212870" lon="121.4228590">
    <ele>15.5</ele>
    <time>2025-08-03T12:25:23Z</time>
   </trkpt>
   <trkpt lat="25.0212830" lon="121.4228540">
    <ele>15.5</ele>
    <time>2025-08-03T12:25:24Z</time>
   </trkpt>
   <trkpt lat="25.0212780" lon="121.4228500">
    <ele>15.5</ele>
    <time>2025-08-03T12:25:25Z</time>
   </trkpt>
   <trkpt lat="25.0212740" lon="121.4228450">
    <ele>15.5</ele>
    <time>2025-08-03T12:25:26Z</time>
   </trkpt>
   <trkpt lat="25.0212820" lon="121.4228320">
    <ele>15.5</ele>
    <time>2025-08-03T12:25:27Z</time>
   </trkpt>
   <trkpt lat="25.0213250" lon="121.4228370">
    <ele>15.5</ele>
    <time>2025-08-03T12:25:28Z</time>
   </trkpt>
   <trkpt lat="25.0213510" lon="121.4228390">
    <ele>15.5</ele>
    <time>2025-08-03T12:25:29Z</time>
   </trkpt>
   <trkpt lat="25.0213560" lon="121.4228330">
    <ele>15.5</ele>
    <time>2025-08-03T12:25:30Z</time>
   </trkpt>
   <trkpt lat="25.0213620" lon="121.4228270">
    <ele>15.5</ele>
    <time>2025-08-03T12:25:31Z</time>
   </trkpt>
   <trkpt lat="25.0213690" lon="121.4228200">
    <ele>15.5</ele>
    <time>2025-08-03T12:25:32Z</time>
   </trkpt>
   <trkpt lat="25.0213730" lon="121.4228180">
    <ele>15.5</ele>
    <time>2025-08-03T12:25:33Z</time>
   </trkpt>
   <trkpt lat="25.0213640" lon="121.4228250">
    <ele>15.5</ele>
    <time>2025-08-03T12:25:34Z</time>
   </trkpt>
   <trkpt lat="25.0213640" lon="121.4228240">
    <ele>15.5</ele>
    <time>2025-08-03T12:25:35Z</time>
   </trkpt>
   <trkpt lat="25.0213680" lon="121.4228180">
    <ele>15.5</ele>
    <time>2025-08-03T12:25:36Z</time>
   </trkpt>
   <trkpt lat="25.0213750" lon="121.4228210">
    <ele>15.5</ele>
    <time>2025-08-03T12:25:37Z</time>
   </trkpt>
   <trkpt lat="25.0213890" lon="121.4228260">
    <ele>15.5</ele>
    <time>2025-08-03T12:25:38Z</time>
   </trkpt>
   <trkpt lat="25.0213810" lon="121.4228240">
    <ele>15.5</ele>
    <time>2025-08-03T12:25:39Z</time>
   </trkpt>
   <trkpt lat="25.0213840" lon="121.4228220">
    <ele>15.5</ele>
    <time>2025-08-03T12:25:40Z</time>
   </trkpt>
   <trkpt lat="25.0213830" lon="121.4228210">
    <ele>15.5</ele>
    <time>2025-08-03T12:25:41Z</time>
   </trkpt>
   <trkpt lat="25.0213860" lon="121.4228200">
    <ele>15.5</ele>
    <time>2025-08-03T12:25:42Z</time>
   </trkpt>
   <trkpt lat="25.0213860" lon="121.4228150">
    <ele>15.5</ele>
    <time>2025-08-03T12:25:43Z</time>
   </trkpt>
   <trkpt lat="25.0213850" lon="121.4228240">
    <ele>15.5</ele>
    <time>2025-08-03T12:25:44Z</time>
   </trkpt>
   <trkpt lat="25.0213840" lon="121.4228250">
    <ele>15.5</ele>
    <time>2025-08-03T12:25:45Z</time>
   </trkpt>
   <trkpt lat="25.0213770" lon="121.4228290">
    <ele>15.5</ele>
    <time>2025-08-03T12:25:46Z</time>
   </trkpt>
   <trkpt lat="25.0213770" lon="121.4228300">
    <ele>15.5</ele>
    <time>2025-08-03T12:25:47Z</time>
   </trkpt>
   <trkpt lat="25.0213800" lon="121.4228260">
    <ele>15.5</ele>
    <time>2025-08-03T12:25:48Z</time>
   </trkpt>
   <trkpt lat="25.0213840" lon="121.4228230">
    <ele>15.5</ele>
    <time>2025-08-03T12:25:49Z</time>
   </trkpt>
   <trkpt lat="25.0213840" lon="121.4228180">
    <ele>15.5</ele>
    <time>2025-08-03T12:25:50Z</time>
   </trkpt>
   <trkpt lat="25.0213860" lon="121.4228160">
    <ele>15.5</ele>
    <time>2025-08-03T12:25:51Z</time>
   </trkpt>
   <trkpt lat="25.0213840" lon="121.4228130">
    <ele>15.5</ele>
    <time>2025-08-03T12:25:52Z</time>
   </trkpt>
   <trkpt lat="25.0213840" lon="121.4228120">
    <ele>15.5</ele>
    <time>2025-08-03T12:25:53Z</time>
   </trkpt>
   <trkpt lat="25.0213840" lon="121.4228120">
    <ele>15.5</ele>
    <time>2025-08-03T12:25:54Z</time>
   </trkpt>
   <trkpt lat="25.0213840" lon="121.4228120">
    <ele>15.5</ele>
    <time>2025-08-03T12:25:55Z</time>
   </trkpt>
   <trkpt lat="25.0213840" lon="121.4228120">
    <ele>15.5</ele>
    <time>2025-08-03T12:25:56Z</time>
   </trkpt>
   <trkpt lat="25.0213840" lon="121.4228120">
    <ele>15.5</ele>
    <time>2025-08-03T12:25:57Z</time>
   </trkpt>
   <trkpt lat="25.0213840" lon="121.4228120">
    <ele>15.5</ele>
    <time>2025-08-03T12:25:58Z</time>
   </trkpt>
   <trkpt lat="25.0213800" lon="121.4228050">
    <ele>15.5</ele>
    <time>2025-08-03T12:25:59Z</time>
   </trkpt>
   <trkpt lat="25.0213770" lon="121.4228100">
    <ele>15.5</ele>
    <time>2025-08-03T12:26:00Z</time>
   </trkpt>
   <trkpt lat="25.0213730" lon="121.4228090">
    <ele>15.5</ele>
    <time>2025-08-03T12:26:01Z</time>
   </trkpt>
   <trkpt lat="25.0213710" lon="121.4228080">
    <ele>15.5</ele>
    <time>2025-08-03T12:26:02Z</time>
   </trkpt>
   <trkpt lat="25.0213710" lon="121.4228070">
    <ele>15.5</ele>
    <time>2025-08-03T12:26:03Z</time>
   </trkpt>
   <trkpt lat="25.0213730" lon="121.4228050">
    <ele>15.5</ele>
    <time>2025-08-03T12:26:05Z</time>
   </trkpt>
   <trkpt lat="25.0213970" lon="121.4228010">
    <ele>15.5</ele>
    <time>2025-08-03T12:26:06Z</time>
   </trkpt>
   <trkpt lat="25.0213930" lon="121.4228090">
    <ele>15.5</ele>
    <time>2025-08-03T12:26:07Z</time>
   </trkpt>
   <trkpt lat="25.0214020" lon="121.4228120">
    <ele>15.5</ele>
    <time>2025-08-03T12:26:08Z</time>
   </trkpt>
   <trkpt lat="25.0214090" lon="121.4228120">
    <ele>15.5</ele>
    <time>2025-08-03T12:26:09Z</time>
   </trkpt>
   <trkpt lat="25.0214150" lon="121.4228190">
    <ele>15.5</ele>
    <time>2025-08-03T12:26:10Z</time>
   </trkpt>
   <trkpt lat="25.0214200" lon="121.4228160">
    <ele>15.5</ele>
    <time>2025-08-03T12:26:11Z</time>
   </trkpt>
   <trkpt lat="25.0214220" lon="121.4228140">
    <ele>15.5</ele>
    <time>2025-08-03T12:26:12Z</time>
   </trkpt>
   <trkpt lat="25.0214250" lon="121.4228130">
    <ele>15.5</ele>
    <time>2025-08-03T12:26:13Z</time>
   </trkpt>
   <trkpt lat="25.0214250" lon="121.4228150">
    <ele>15.5</ele>
    <time>2025-08-03T12:26:14Z</time>
   </trkpt>
   <trkpt lat="25.0214250" lon="121.4228160">
    <ele>15.5</ele>
    <time>2025-08-03T12:26:15Z</time>
   </trkpt>
   <trkpt lat="25.0214100" lon="121.4228120">
    <ele>15.5</ele>
    <time>2025-08-03T12:26:16Z</time>
   </trkpt>
   <trkpt lat="25.0214140" lon="121.4228110">
    <ele>15.5</ele>
    <time>2025-08-03T12:26:17Z</time>
   </trkpt>
   <trkpt lat="25.0214190" lon="121.4228100">
    <ele>15.5</ele>
    <time>2025-08-03T12:26:18Z</time>
   </trkpt>
   <trkpt lat="25.0214220" lon="121.4228110">
    <ele>15.5</ele>
    <time>2025-08-03T12:26:19Z</time>
   </trkpt>
   <trkpt lat="25.0214250" lon="121.4228100">
    <ele>15.5</ele>
    <time>2025-08-03T12:26:20Z</time>
   </trkpt>
   <trkpt lat="25.0214220" lon="121.4228100">
    <ele>15.5</ele>
    <time>2025-08-03T12:26:21Z</time>
   </trkpt>
   <trkpt lat="25.0214200" lon="121.4228090">
    <ele>15.5</ele>
    <time>2025-08-03T12:26:22Z</time>
   </trkpt>
   <trkpt lat="25.0214190" lon="121.4228080">
    <ele>15.5</ele>
    <time>2025-08-03T12:26:23Z</time>
   </trkpt>
   <trkpt lat="25.0214190" lon="121.4228080">
    <ele>15.5</ele>
    <time>2025-08-03T12:26:24Z</time>
   </trkpt>
   <trkpt lat="25.0214170" lon="121.4228060">
    <ele>15.5</ele>
    <time>2025-08-03T12:26:25Z</time>
   </trkpt>
   <trkpt lat="25.0214200" lon="121.4228060">
    <ele>15.5</ele>
    <time>2025-08-03T12:26:26Z</time>
   </trkpt>
   <trkpt lat="25.0214180" lon="121.4227950">
    <ele>15.5</ele>
    <time>2025-08-03T12:26:27Z</time>
   </trkpt>
   <trkpt lat="25.0214130" lon="121.4227850">
    <ele>15.5</ele>
    <time>2025-08-03T12:26:28Z</time>
   </trkpt>
   <trkpt lat="25.0213890" lon="121.4227930">
    <ele>15.5</ele>
    <time>2025-08-03T12:26:29Z</time>
   </trkpt>
   <trkpt lat="25.0213690" lon="121.4228100">
    <ele>15.5</ele>
    <time>2025-08-03T12:26:30Z</time>
   </trkpt>
   <trkpt lat="25.0213490" lon="121.4228270">
    <ele>15.5</ele>
    <time>2025-08-03T12:26:31Z</time>
   </trkpt>
   <trkpt lat="25.0213330" lon="121.4228470">
    <ele>15.5</ele>
    <time>2025-08-03T12:26:32Z</time>
   </trkpt>
   <trkpt lat="25.0213250" lon="121.4228560">
    <ele>15.5</ele>
    <time>2025-08-03T12:26:33Z</time>
   </trkpt>
   <trkpt lat="25.0213130" lon="121.4228540">
    <ele>15.5</ele>
    <time>2025-08-03T12:26:34Z</time>
   </trkpt>
  </trkseg>
 </trk>
</gpx>
