<?xml version="1.0" encoding="UTF-8"?>
<gpx xmlns:xsi="http://www.w3.org/2001/XMLSchema-instance" xsi:schemaLocation="http://www.topografix.com/GPX/1/1 http://www.topografix.com/GPX/1/1/gpx.xsd" creator="StravaGPX" version="1.1" xmlns="http://www.topografix.com/GPX/1/1">
 <metadata>
  <time>2025-08-06T06:21:51Z</time>
 </metadata>
 <trk>
  <name>午後騎乘</name>
  <type>cycling</type>
  <trkseg>
   <trkpt lat="25.0261530" lon="121.4177930">
    <ele>16.6</ele>
    <time>2025-08-06T06:21:51Z</time>
   </trkpt>
   <trkpt lat="25.0261560" lon="121.4177840">
    <ele>16.6</ele>
    <time>2025-08-06T06:21:52Z</time>
   </trkpt>
   <trkpt lat="25.0261590" lon="121.4177750">
    <ele>16.6</ele>
    <time>2025-08-06T06:21:53Z</time>
   </trkpt>
   <trkpt lat="25.0261620" lon="121.4177670">
    <ele>16.6</ele>
    <time>2025-08-06T06:21:54Z</time>
   </trkpt>
   <trkpt lat="25.0261650" lon="121.4177580">
    <ele>16.6</ele>
    <time>2025-08-06T06:21:55Z</time>
   </trkpt>
   <trkpt lat="25.0261680" lon="121.4177500">
    <ele>16.6</ele>
    <time>2025-08-06T06:21:56Z</time>
   </trkpt>
   <trkpt lat="25.0261710" lon="121.4177420">
    <ele>16.6</ele>
    <time>2025-08-06T06:21:57Z</time>
   </trkpt>
   <trkpt lat="25.0261740" lon="121.4177330">
    <ele>16.6</ele>
    <time>2025-08-06T06:21:58Z</time>
   </trkpt>
   <trkpt lat="25.0261770" lon="121.4177250">
    <ele>16.6</ele>
    <time>2025-08-06T06:21:59Z</time>
   </trkpt>
   <trkpt lat="25.0261800" lon="121.4177160">
    <ele>16.6</ele>
    <time>2025-08-06T06:22:00Z</time>
   </trkpt>
   <trkpt lat="25.0261830" lon="121.4177080">
    <ele>16.6</ele>
    <time>2025-08-06T06:22:01Z</time>
   </trkpt>
   <trkpt lat="25.0261860" lon="121.4176990">
    <ele>16.6</ele>
    <time>2025-08-06T06:22:06Z</time>
   </trkpt>
   <trkpt lat="25.0261890" lon="121.4176910">
    <ele>16.6</ele>
    <time>2025-08-06T06:22:07Z</time>
   </trkpt>
   <trkpt lat="25.0261580" lon="121.4176910">
    <ele>16.6</ele>
    <time>2025-08-06T06:22:08Z</time>
   </trkpt>
   <trkpt lat="25.0261540" lon="121.4177040">
    <ele>16.6</ele>
    <time>2025-08-06T06:22:09Z</time>
   </trkpt>
   <trkpt lat="25.0261510" lon="121.4177120">
    <ele>16.6</ele>
    <time>2025-08-06T06:22:10Z</time>
   </trkpt>
   <trkpt lat="25.0261470" lon="121.4177210">
    <ele>16.6</ele>
    <time>2025-08-06T06:22:11Z</time>
   </trkpt>
   <trkpt lat="25.0261440" lon="121.4177290">
    <ele>16.6</ele>
    <time>2025-08-06T06:22:12Z</time>
   </trkpt>
   <trkpt lat="25.0261400" lon="121.4177370">
    <ele>16.6</ele>
    <time>2025-08-06T06:22:13Z</time>
   </trkpt>
   <trkpt lat="25.0261300" lon="121.4177550">
    <ele>16.6</ele>
    <time>2025-08-06T06:22:14Z</time>
   </trkpt>
   <trkpt lat="25.0261410" lon="121.4177030">
    <ele>16.7</ele>
    <time>2025-08-06T06:22:15Z</time>
   </trkpt>
   <trkpt lat="25.0261370" lon="121.4176950">
    <ele>16.7</ele>
    <time>2025-08-06T06:22:16Z</time>
   </trkpt>
   <trkpt lat="25.0261410" lon="121.4176900">
    <ele>16.7</ele>
    <time>2025-08-06T06:22:17Z</time>
   </trkpt>
   <trkpt lat="25.0261460" lon="121.4176850">
    <ele>16.7</ele>
    <time>2025-08-06T06:22:18Z</time>
   </trkpt>
   <trkpt lat="25.0261510" lon="121.4176810">
    <ele>16.7</ele>
    <time>2025-08-06T06:22:19Z</time>
   </trkpt>
   <trkpt lat="25.0261560" lon="121.4176760">
    <ele>16.7</ele>
    <time>2025-08-06T06:22:20Z</time>
   </trkpt>
   <trkpt lat="25.0261600" lon="121.4176710">
    <ele>16.7</ele>
    <time>2025-08-06T06:22:21Z</time>
   </trkpt>
   <trkpt lat="25.0261650" lon="121.4176660">
    <ele>16.7</ele>
    <time>2025-08-06T06:22:22Z</time>
   </trkpt>
   <trkpt lat="25.0261450" lon="121.4176610">
    <ele>16.7</ele>
    <time>2025-08-06T06:22:23Z</time>
   </trkpt>
   <trkpt lat="25.0261290" lon="121.4176580">
    <ele>16.7</ele>
    <time>2025-08-06T06:22:24Z</time>
   </trkpt>
   <trkpt lat="25.0261120" lon="121.4176540">
    <ele>16.7</ele>
    <time>2025-08-06T06:22:25Z</time>
   </trkpt>
   <trkpt lat="25.0260960" lon="121.4176510">
    <ele>16.7</ele>
    <time>2025-08-06T06:22:26Z</time>
   </trkpt>
   <trkpt lat="25.0260790" lon="121.4176480">
    <ele>16.7</ele>
    <time>2025-08-06T06:22:27Z</time>
   </trkpt>
   <trkpt lat="25.0261530" lon="121.4176640">
    <ele>16.7</ele>
    <time>2025-08-06T06:22:28Z</time>
   </trkpt>
   <trkpt lat="25.0261500" lon="121.4176640">
    <ele>16.7</ele>
    <time>2025-08-06T06:22:29Z</time>
   </trkpt>
   <trkpt lat="25.0261470" lon="121.4176630">
    <ele>16.7</ele>
    <time>2025-08-06T06:22:30Z</time>
   </trkpt>
   <trkpt lat="25.0261440" lon="121.4176630">
    <ele>16.7</ele>
    <time>2025-08-06T06:22:31Z</time>
   </trkpt>
   <trkpt lat="25.0261410" lon="121.4176630">
    <ele>16.7</ele>
    <time>2025-08-06T06:22:32Z</time>
   </trkpt>
   <trkpt lat="25.0261310" lon="121.4176610">
    <ele>16.7</ele>
    <time>2025-08-06T06:22:33Z</time>
   </trkpt>
   <trkpt lat="25.0261230" lon="121.4176520">
    <ele>16.7</ele>
    <time>2025-08-06T06:22:34Z</time>
   </trkpt>
   <trkpt lat="25.0261230" lon="121.4176520">
    <ele>16.7</ele>
    <time>2025-08-06T06:22:36Z</time>
   </trkpt>
   <trkpt lat="25.0261230" lon="121.4176520">
    <ele>16.7</ele>
    <time>2025-08-06T06:22:37Z</time>
   </trkpt>
   <trkpt lat="25.0261230" lon="121.4176520">
    <ele>16.7</ele>
    <time>2025-08-06T06:22:38Z</time>
   </trkpt>
   <trkpt lat="25.0261230" lon="121.4176520">
    <ele>16.7</ele>
    <time>2025-08-06T06:22:39Z</time>
   </trkpt>
   <trkpt lat="25.0261210" lon="121.4176490">
    <ele>16.7</ele>
    <time>2025-08-06T06:22:40Z</time>
   </trkpt>
   <trkpt lat="25.0261180" lon="121.4176460">
    <ele>16.7</ele>
    <time>2025-08-06T06:22:41Z</time>
   </trkpt>
   <trkpt lat="25.0261100" lon="121.4176410">
    <ele>16.7</ele>
    <time>2025-08-06T06:22:42Z</time>
   </trkpt>
   <trkpt lat="25.0261840" lon="121.4177100">
    <ele>16.7</ele>
    <time>2025-08-06T06:22:56Z</time>
   </trkpt>
   <trkpt lat="25.0261360" lon="121.4176810">
    <ele>16.8</ele>
    <time>2025-08-06T06:22:57Z</time>
   </trkpt>
   <trkpt lat="25.0261700" lon="121.4176870">
    <ele>16.8</ele>
    <time>2025-08-06T06:22:58Z</time>
   </trkpt>
   <trkpt lat="25.0262680" lon="121.4177050">
    <ele>16.8</ele>
    <time>2025-08-06T06:22:59Z</time>
   </trkpt>
   <trkpt lat="25.0262830" lon="121.4177040">
    <ele>16.8</ele>
    <time>2025-08-06T06:23:00Z</time>
   </trkpt>
   <trkpt lat="25.0262970" lon="121.4177040">
    <ele>16.8</ele>
    <time>2025-08-06T06:23:01Z</time>
   </trkpt>
   <trkpt lat="25.0263110" lon="121.4177030">
    <ele>16.8</ele>
    <time>2025-08-06T06:23:02Z</time>
   </trkpt>
   <trkpt lat="25.0263160" lon="121.4176990">
    <ele>16.8</ele>
    <time>2025-08-06T06:23:03Z</time>
   </trkpt>
   <trkpt lat="25.0263210" lon="121.4176950">
    <ele>16.8</ele>
    <time>2025-08-06T06:23:04Z</time>
   </trkpt>
   <trkpt lat="25.0263260" lon="121.4176910">
    <ele>16.8</ele>
    <time>2025-08-06T06:23:05Z</time>
   </trkpt>
   <trkpt lat="25.0263310" lon="121.4176870">
    <ele>16.8</ele>
    <time>2025-08-06T06:23:07Z</time>
   </trkpt>
   <trkpt lat="25.0263360" lon="121.4176830">
    <ele>16.8</ele>
    <time>2025-08-06T06:23:08Z</time>
   </trkpt>
   <trkpt lat="25.0263410" lon="121.4176790">
    <ele>16.8</ele>
    <time>2025-08-06T06:23:14Z</time>
   </trkpt>
   <trkpt lat="25.0263460" lon="121.4176750">
    <ele>16.8</ele>
    <time>2025-08-06T06:23:15Z</time>
   </trkpt>
   <trkpt lat="25.0263420" lon="121.4176720">
    <ele>16.8</ele>
    <time>2025-08-06T06:23:16Z</time>
   </trkpt>
   <trkpt lat="25.0263390" lon="121.4176820">
    <ele>16.8</ele>
    <time>2025-08-06T06:23:17Z</time>
   </trkpt>
   <trkpt lat="25.0263390" lon="121.4176810">
    <ele>16.8</ele>
    <time>2025-08-06T06:23:18Z</time>
   </trkpt>
   <trkpt lat="25.0263430" lon="121.4176830">
    <ele>16.8</ele>
    <time>2025-08-06T06:23:19Z</time>
   </trkpt>
   <trkpt lat="25.0263720" lon="121.4176820">
    <ele>16.8</ele>
    <time>2025-08-06T06:23:20Z</time>
   </trkpt>
   <trkpt lat="25.0263790" lon="121.4176730">
    <ele>16.8</ele>
    <time>2025-08-06T06:23:21Z</time>
   </trkpt>
   <trkpt lat="25.0263460" lon="121.4177050">
    <ele>16.8</ele>
    <time>2025-08-06T06:23:22Z</time>
   </trkpt>
   <trkpt lat="25.0263540" lon="121.4177120">
    <ele>16.8</ele>
    <time>2025-08-06T06:23:23Z</time>
   </trkpt>
   <trkpt lat="25.0263590" lon="121.4177140">
    <ele>16.8</ele>
    <time>2025-08-06T06:23:45Z</time>
   </trkpt>
   <trkpt lat="25.0263650" lon="121.4177150">
    <ele>16.8</ele>
    <time>2025-08-06T06:23:46Z</time>
   </trkpt>
   <trkpt lat="25.0263700" lon="121.4177170">
    <ele>16.8</ele>
    <time>2025-08-06T06:23:47Z</time>
   </trkpt>
   <trkpt lat="25.0263760" lon="121.4177180">
    <ele>16.8</ele>
    <time>2025-08-06T06:23:48Z</time>
   </trkpt>
   <trkpt lat="25.0263810" lon="121.4177200">
    <ele>16.8</ele>
    <time>2025-08-06T06:23:49Z</time>
   </trkpt>
   <trkpt lat="25.0263870" lon="121.4177210">
    <ele>16.8</ele>
    <time>2025-08-06T06:23:50Z</time>
   </trkpt>
   <trkpt lat="25.0263920" lon="121.4177230">
    <ele>16.8</ele>
    <time>2025-08-06T06:23:51Z</time>
   </trkpt>
   <trkpt lat="25.0263980" lon="121.4177240">
    <ele>16.8</ele>
    <time>2025-08-06T06:23:52Z</time>
   </trkpt>
   <trkpt lat="25.0264240" lon="121.4177110">
    <ele>16.8</ele>
    <time>2025-08-06T06:23:53Z</time>
   </trkpt>
   <trkpt lat="25.0264380" lon="121.4177020">
    <ele>16.8</ele>
    <time>2025-08-06T06:23:54Z</time>
   </trkpt>
   <trkpt lat="25.0264490" lon="121.4176980">
    <ele>16.8</ele>
    <time>2025-08-06T06:23:55Z</time>
   </trkpt>
   <trkpt lat="25.0264600" lon="121.4176950">
    <ele>16.9</ele>
    <time>2025-08-06T06:23:56Z</time>
   </trkpt>
   <trkpt lat="25.0264490" lon="121.4177220">
    <ele>16.9</ele>
    <time>2025-08-06T06:23:57Z</time>
   </trkpt>
   <trkpt lat="25.0264490" lon="121.4177250">
    <ele>16.9</ele>
    <time>2025-08-06T06:23:58Z</time>
   </trkpt>
   <trkpt lat="25.0264490" lon="121.4177290">
    <ele>16.9</ele>
    <time>2025-08-06T06:23:59Z</time>
   </trkpt>
   <trkpt lat="25.0264490" lon="121.4177320">
    <ele>16.9</ele>
    <time>2025-08-06T06:24:00Z</time>
   </trkpt>
   <trkpt lat="25.0264490" lon="121.4177360">
    <ele>16.9</ele>
    <time>2025-08-06T06:24:01Z</time>
   </trkpt>
   <trkpt lat="25.0264490" lon="121.4177360">
    <ele>16.9</ele>
    <time>2025-08-06T06:24:02Z</time>
   </trkpt>
   <trkpt lat="25.0264430" lon="121.4177500">
    <ele>16.9</ele>
    <time>2025-08-06T06:24:03Z</time>
   </trkpt>
   <trkpt lat="25.0264480" lon="121.4177550">
    <ele>16.9</ele>
    <time>2025-08-06T06:24:04Z</time>
   </trkpt>
   <trkpt lat="25.0264340" lon="121.4177660">
    <ele>16.9</ele>
    <time>2025-08-06T06:24:05Z</time>
   </trkpt>
   <trkpt lat="25.0264550" lon="121.4177550">
    <ele>16.9</ele>
    <time>2025-08-06T06:24:06Z</time>
   </trkpt>
   <trkpt lat="25.0264760" lon="121.4177500">
    <ele>16.9</ele>
    <time>2025-08-06T06:24:19Z</time>
   </trkpt>
   <trkpt lat="25.0264960" lon="121.4177460">
    <ele>16.9</ele>
    <time>2025-08-06T06:24:20Z</time>
   </trkpt>
   <trkpt lat="25.0265170" lon="121.4177410">
    <ele>16.9</ele>
    <time>2025-08-06T06:24:21Z</time>
   </trkpt>
   <trkpt lat="25.0265380" lon="121.4177360">
    <ele>16.9</ele>
    <time>2025-08-06T06:24:22Z</time>
   </trkpt>
   <trkpt lat="25.0265430" lon="121.4177660">
    <ele>16.9</ele>
    <time>2025-08-06T06:24:23Z</time>
   </trkpt>
   <trkpt lat="25.0265240" lon="121.4177990">
    <ele>16.9</ele>
    <time>2025-08-06T06:24:24Z</time>
   </trkpt>
   <trkpt lat="25.0265240" lon="121.4178370">
    <ele>16.9</ele>
    <time>2025-08-06T06:24:25Z</time>
   </trkpt>
   <trkpt lat="25.0265220" lon="121.4178480">
    <ele>16.9</ele>
    <time>2025-08-06T06:24:26Z</time>
   </trkpt>
   <trkpt lat="25.0265140" lon="121.4178610">
    <ele>16.9</ele>
    <time>2025-08-06T06:24:27Z</time>
   </trkpt>
   <trkpt lat="25.0265190" lon="121.4178440">
    <ele>16.9</ele>
    <time>2025-08-06T06:24:28Z</time>
   </trkpt>
   <trkpt lat="25.0265500" lon="121.4178410">
    <ele>16.9</ele>
    <time>2025-08-06T06:24:29Z</time>
   </trkpt>
   <trkpt lat="25.0265270" lon="121.4178500">
    <ele>17.0</ele>
    <time>2025-08-06T06:24:30Z</time>
   </trkpt>
   <trkpt lat="25.0265280" lon="121.4178390">
    <ele>17.0</ele>
    <time>2025-08-06T06:24:31Z</time>
   </trkpt>
   <trkpt lat="25.0265250" lon="121.4178260">
    <ele>17.0</ele>
    <time>2025-08-06T06:24:32Z</time>
   </trkpt>
   <trkpt lat="25.0265260" lon="121.4178150">
    <ele>17.0</ele>
    <time>2025-08-06T06:24:33Z</time>
   </trkpt>
   <trkpt lat="25.0265290" lon="121.4178020">
    <ele>17.1</ele>
    <time>2025-08-06T06:24:34Z</time>
   </trkpt>
   <trkpt lat="25.0265300" lon="121.4177890">
    <ele>17.1</ele>
    <time>2025-08-06T06:24:35Z</time>
   </trkpt>
   <trkpt lat="25.0265270" lon="121.4177640">
    <ele>17.1</ele>
    <time>2025-08-06T06:24:36Z</time>
   </trkpt>
   <trkpt lat="25.0265280" lon="121.4177550">
    <ele>17.1</ele>
    <time>2025-08-06T06:24:37Z</time>
   </trkpt>
   <trkpt lat="25.0265280" lon="121.4177460">
    <ele>17.2</ele>
    <time>2025-08-06T06:24:38Z</time>
   </trkpt>
   <trkpt lat="25.0265330" lon="121.4177290">
    <ele>17.2</ele>
    <time>2025-08-06T06:24:39Z</time>
   </trkpt>
   <trkpt lat="25.0265340" lon="121.4177210">
    <ele>17.2</ele>
    <time>2025-08-06T06:24:40Z</time>
   </trkpt>
   <trkpt lat="25.0265360" lon="121.4177130">
    <ele>17.2</ele>
    <time>2025-08-06T06:24:41Z</time>
   </trkpt>
   <trkpt lat="25.0265370" lon="121.4177050">
    <ele>17.2</ele>
    <time>2025-08-06T06:24:42Z</time>
   </trkpt>
   <trkpt lat="25.0265430" lon="121.4176940">
    <ele>17.2</ele>
    <time>2025-08-06T06:24:43Z</time>
   </trkpt>
   <trkpt lat="25.0265480" lon="121.4176850">
    <ele>17.2</ele>
    <time>2025-08-06T06:24:44Z</time>
   </trkpt>
   <trkpt lat="25.0265540" lon="121.4176750">
    <ele>17.1</ele>
    <time>2025-08-06T06:24:45Z</time>
   </trkpt>
   <trkpt lat="25.0265600" lon="121.4176690">
    <ele>17.1</ele>
    <time>2025-08-06T06:24:46Z</time>
   </trkpt>
   <trkpt lat="25.0265670" lon="121.4176640">
    <ele>17.1</ele>
    <time>2025-08-06T06:24:47Z</time>
   </trkpt>
   <trkpt lat="25.0265720" lon="121.4176580">
    <ele>17.1</ele>
    <time>2025-08-06T06:24:48Z</time>
   </trkpt>
   <trkpt lat="25.0265800" lon="121.4176520">
    <ele>17.0</ele>
    <time>2025-08-06T06:24:49Z</time>
   </trkpt>
   <trkpt lat="25.0265880" lon="121.4176460">
    <ele>17.0</ele>
    <time>2025-08-06T06:24:50Z</time>
   </trkpt>
   <trkpt lat="25.0265960" lon="121.4176390">
    <ele>17.0</ele>
    <time>2025-08-06T06:24:51Z</time>
   </trkpt>
   <trkpt lat="25.0265990" lon="121.4176360">
    <ele>17.0</ele>
    <time>2025-08-06T06:24:52Z</time>
   </trkpt>
   <trkpt lat="25.0266040" lon="121.4176380">
    <ele>17.0</ele>
    <time>2025-08-06T06:24:53Z</time>
   </trkpt>
   <trkpt lat="25.0266050" lon="121.4176460">
    <ele>17.0</ele>
    <time>2025-08-06T06:24:54Z</time>
   </trkpt>
   <trkpt lat="25.0266110" lon="121.4176490">
    <ele>17.0</ele>
    <time>2025-08-06T06:24:55Z</time>
   </trkpt>
   <trkpt lat="25.0266160" lon="121.4176510">
    <ele>17.0</ele>
    <time>2025-08-06T06:24:56Z</time>
   </trkpt>
   <trkpt lat="25.0266220" lon="121.4176530">
    <ele>17.0</ele>
    <time>2025-08-06T06:24:57Z</time>
   </trkpt>
   <trkpt lat="25.0266280" lon="121.4176560">
    <ele>17.0</ele>
    <time>2025-08-06T06:24:58Z</time>
   </trkpt>
   <trkpt lat="25.0266340" lon="121.4176580">
    <ele>17.0</ele>
    <time>2025-08-06T06:24:59Z</time>
   </trkpt>
   <trkpt lat="25.0266400" lon="121.4176610">
    <ele>17.0</ele>
    <time>2025-08-06T06:25:00Z</time>
   </trkpt>
   <trkpt lat="25.0266460" lon="121.4176630">
    <ele>17.0</ele>
    <time>2025-08-06T06:25:01Z</time>
   </trkpt>
   <trkpt lat="25.0266510" lon="121.4176650">
    <ele>17.1</ele>
    <time>2025-08-06T06:25:08Z</time>
   </trkpt>
   <trkpt lat="25.0266570" lon="121.4176680">
    <ele>17.1</ele>
    <time>2025-08-06T06:25:09Z</time>
   </trkpt>
   <trkpt lat="25.0266630" lon="121.4176700">
    <ele>17.1</ele>
    <time>2025-08-06T06:25:10Z</time>
   </trkpt>
   <trkpt lat="25.0266760" lon="121.4176760">
    <ele>17.1</ele>
    <time>2025-08-06T06:25:11Z</time>
   </trkpt>
   <trkpt lat="25.0266870" lon="121.4176800">
    <ele>17.1</ele>
    <time>2025-08-06T06:25:12Z</time>
   </trkpt>
   <trkpt lat="25.0266900" lon="121.4176860">
    <ele>17.1</ele>
    <time>2025-08-06T06:25:13Z</time>
   </trkpt>
   <trkpt lat="25.0266970" lon="121.4176900">
    <ele>17.1</ele>
    <time>2025-08-06T06:25:14Z</time>
   </trkpt>
   <trkpt lat="25.0266960" lon="121.4176900">
    <ele>17.1</ele>
    <time>2025-08-06T06:25:15Z</time>
   </trkpt>
   <trkpt lat="25.0266980" lon="121.4176890">
    <ele>17.2</ele>
    <time>2025-08-06T06:25:16Z</time>
   </trkpt>
   <trkpt lat="25.0267120" lon="121.4176920">
    <ele>17.2</ele>
    <time>2025-08-06T06:25:17Z</time>
   </trkpt>
   <trkpt lat="25.0267230" lon="121.4176900">
    <ele>17.2</ele>
    <time>2025-08-06T06:25:18Z</time>
   </trkpt>
   <trkpt lat="25.0267270" lon="121.4176900">
    <ele>17.2</ele>
    <time>2025-08-06T06:25:19Z</time>
   </trkpt>
   <trkpt lat="25.0267300" lon="121.4176870">
    <ele>17.3</ele>
    <time>2025-08-06T06:25:20Z</time>
   </trkpt>
   <trkpt lat="25.0267330" lon="121.4176820">
    <ele>17.3</ele>
    <time>2025-08-06T06:25:21Z</time>
   </trkpt>
   <trkpt lat="25.0267380" lon="121.4176790">
    <ele>17.3</ele>
    <time>2025-08-06T06:25:22Z</time>
   </trkpt>
   <trkpt lat="25.0267420" lon="121.4176770">
    <ele>17.3</ele>
    <time>2025-08-06T06:25:23Z</time>
   </trkpt>
   <trkpt lat="25.0267500" lon="121.4176790">
    <ele>17.3</ele>
    <time>2025-08-06T06:25:24Z</time>
   </trkpt>
   <trkpt lat="25.0267580" lon="121.4176750">
    <ele>17.4</ele>
    <time>2025-08-06T06:25:25Z</time>
   </trkpt>
   <trkpt lat="25.0267510" lon="121.4176550">
    <ele>17.4</ele>
    <time>2025-08-06T06:25:26Z</time>
   </trkpt>
   <trkpt lat="25.0267540" lon="121.4176480">
    <ele>17.4</ele>
    <time>2025-08-06T06:25:27Z</time>
   </trkpt>
   <trkpt lat="25.0267600" lon="121.4176380">
    <ele>17.5</ele>
    <time>2025-08-06T06:25:28Z</time>
   </trkpt>
   <trkpt lat="25.0267590" lon="121.4176310">
    <ele>17.5</ele>
    <time>2025-08-06T06:25:29Z</time>
   </trkpt>
   <trkpt lat="25.0267590" lon="121.4176230">
    <ele>17.5</ele>
    <time>2025-08-06T06:25:30Z</time>
   </trkpt>
   <trkpt lat="25.0267580" lon="121.4176160">
    <ele>17.5</ele>
    <time>2025-08-06T06:25:31Z</time>
   </trkpt>
   <trkpt lat="25.0267570" lon="121.4176080">
    <ele>17.6</ele>
    <time>2025-08-06T06:25:32Z</time>
   </trkpt>
   <trkpt lat="25.0267610" lon="121.4176000">
    <ele>17.6</ele>
    <time>2025-08-06T06:25:33Z</time>
   </trkpt>
   <trkpt lat="25.0267650" lon="121.4175900">
    <ele>17.6</ele>
    <time>2025-08-06T06:25:34Z</time>
   </trkpt>
   <trkpt lat="25.0267700" lon="121.4175810">
    <ele>17.6</ele>
    <time>2025-08-06T06:25:35Z</time>
   </trkpt>
   <trkpt lat="25.0267740" lon="121.4175710">
    <ele>17.7</ele>
    <time>2025-08-06T06:25:36Z</time>
   </trkpt>
   <trkpt lat="25.0267660" lon="121.4175450">
    <ele>17.7</ele>
    <time>2025-08-06T06:25:37Z</time>
   </trkpt>
   <trkpt lat="25.0267660" lon="121.4175310">
    <ele>17.8</ele>
    <time>2025-08-06T06:25:38Z</time>
   </trkpt>
   <trkpt lat="25.0267700" lon="121.4175110">
    <ele>17.8</ele>
    <time>2025-08-06T06:25:39Z</time>
   </trkpt>
   <trkpt lat="25.0267680" lon="121.4175000">
    <ele>17.9</ele>
    <time>2025-08-06T06:25:40Z</time>
   </trkpt>
   <trkpt lat="25.0267670" lon="121.4174890">
    <ele>17.9</ele>
    <time>2025-08-06T06:25:41Z</time>
   </trkpt>
   <trkpt lat="25.0267760" lon="121.4174700">
    <ele>17.9</ele>
    <time>2025-08-06T06:25:42Z</time>
   </trkpt>
   <trkpt lat="25.0267800" lon="121.4174610">
    <ele>18.0</ele>
    <time>2025-08-06T06:25:43Z</time>
   </trkpt>
   <trkpt lat="25.0267830" lon="121.4174510">
    <ele>18.0</ele>
    <time>2025-08-06T06:25:44Z</time>
   </trkpt>
   <trkpt lat="25.0267860" lon="121.4174420">
    <ele>18.0</ele>
    <time>2025-08-06T06:25:45Z</time>
   </trkpt>
   <trkpt lat="25.0267900" lon="121.4174320">
    <ele>18.1</ele>
    <time>2025-08-06T06:25:46Z</time>
   </trkpt>
   <trkpt lat="25.0267950" lon="121.4174060">
    <ele>18.1</ele>
    <time>2025-08-06T06:25:47Z</time>
   </trkpt>
   <trkpt lat="25.0268040" lon="121.4173980">
    <ele>18.2</ele>
    <time>2025-08-06T06:25:48Z</time>
   </trkpt>
   <trkpt lat="25.0268090" lon="121.4173900">
    <ele>18.2</ele>
    <time>2025-08-06T06:25:49Z</time>
   </trkpt>
   <trkpt lat="25.0268130" lon="121.4173780">
    <ele>18.2</ele>
    <time>2025-08-06T06:25:50Z</time>
   </trkpt>
   <trkpt lat="25.0268220" lon="121.4173550">
    <ele>18.3</ele>
    <time>2025-08-06T06:25:51Z</time>
   </trkpt>
   <trkpt lat="25.0268280" lon="121.4173410">
    <ele>18.3</ele>
    <time>2025-08-06T06:25:52Z</time>
   </trkpt>
   <trkpt lat="25.0268350" lon="121.4173280">
    <ele>18.3</ele>
    <time>2025-08-06T06:25:53Z</time>
   </trkpt>
   <trkpt lat="25.0268410" lon="121.4172920">
    <ele>18.4</ele>
    <time>2025-08-06T06:25:54Z</time>
   </trkpt>
   <trkpt lat="25.0268420" lon="121.4172780">
    <ele>18.5</ele>
    <time>2025-08-06T06:25:55Z</time>
   </trkpt>
   <trkpt lat="25.0268710" lon="121.4172630">
    <ele>18.5</ele>
    <time>2025-08-06T06:25:56Z</time>
   </trkpt>
   <trkpt lat="25.0268800" lon="121.4172270">
    <ele>18.6</ele>
    <time>2025-08-06T06:25:57Z</time>
   </trkpt>
   <trkpt lat="25.0268910" lon="121.4172210">
    <ele>18.6</ele>
    <time>2025-08-06T06:25:58Z</time>
   </trkpt>
   <trkpt lat="25.0268950" lon="121.4171640">
    <ele>18.8</ele>
    <time>2025-08-06T06:25:59Z</time>
   </trkpt>
   <trkpt lat="25.0268940" lon="121.4171320">
    <ele>18.8</ele>
    <time>2025-08-06T06:26:00Z</time>
   </trkpt>
   <trkpt lat="25.0269080" lon="121.4171030">
    <ele>18.8</ele>
    <time>2025-08-06T06:26:01Z</time>
   </trkpt>
   <trkpt lat="25.0269090" lon="121.4170910">
    <ele>18.8</ele>
    <time>2025-08-06T06:26:02Z</time>
   </trkpt>
   <trkpt lat="25.0269200" lon="121.4170810">
    <ele>18.8</ele>
    <time>2025-08-06T06:26:03Z</time>
   </trkpt>
   <trkpt lat="25.0269320" lon="121.4170710">
    <ele>18.8</ele>
    <time>2025-08-06T06:26:04Z</time>
   </trkpt>
   <trkpt lat="25.0269400" lon="121.4170640">
    <ele>18.8</ele>
    <time>2025-08-06T06:26:05Z</time>
   </trkpt>
   <trkpt lat="25.0269410" lon="121.4170590">
    <ele>18.8</ele>
    <time>2025-08-06T06:26:06Z</time>
   </trkpt>
   <trkpt lat="25.0269400" lon="121.4170580">
    <ele>18.8</ele>
    <time>2025-08-06T06:26:07Z</time>
   </trkpt>
   <trkpt lat="25.0269390" lon="121.4170610">
    <ele>18.8</ele>
    <time>2025-08-06T06:26:08Z</time>
   </trkpt>
   <trkpt lat="25.0269400" lon="121.4170630">
    <ele>18.8</ele>
    <time>2025-08-06T06:26:09Z</time>
   </trkpt>
   <trkpt lat="25.0269420" lon="121.4170600">
    <ele>18.8</ele>
    <time>2025-08-06T06:26:10Z</time>
   </trkpt>
   <trkpt lat="25.0269440" lon="121.4170440">
    <ele>18.8</ele>
    <time>2025-08-06T06:26:11Z</time>
   </trkpt>
   <trkpt lat="25.0269400" lon="121.4170370">
    <ele>18.8</ele>
    <time>2025-08-06T06:26:12Z</time>
   </trkpt>
   <trkpt lat="25.0269390" lon="121.4170250">
    <ele>18.9</ele>
    <time>2025-08-06T06:26:13Z</time>
   </trkpt>
   <trkpt lat="25.0269390" lon="121.4170190">
    <ele>18.9</ele>
    <time>2025-08-06T06:26:14Z</time>
   </trkpt>
   <trkpt lat="25.0269430" lon="121.4170040">
    <ele>18.9</ele>
    <time>2025-08-06T06:26:15Z</time>
   </trkpt>
   <trkpt lat="25.0269450" lon="121.4169900">
    <ele>18.9</ele>
    <time>2025-08-06T06:26:16Z</time>
   </trkpt>
   <trkpt lat="25.0269450" lon="121.4169860">
    <ele>18.9</ele>
    <time>2025-08-06T06:26:17Z</time>
   </trkpt>
   <trkpt lat="25.0269450" lon="121.4169820">
    <ele>18.9</ele>
    <time>2025-08-06T06:26:18Z</time>
   </trkpt>
   <trkpt lat="25.0269450" lon="121.4169780">
    <ele>18.9</ele>
    <time>2025-08-06T06:26:19Z</time>
   </trkpt>
   <trkpt lat="25.0269450" lon="121.4169740">
    <ele>18.9</ele>
    <time>2025-08-06T06:26:20Z</time>
   </trkpt>
   <trkpt lat="25.0269450" lon="121.4169700">
    <ele>18.9</ele>
    <time>2025-08-06T06:26:21Z</time>
   </trkpt>
   <trkpt lat="25.0269450" lon="121.4169660">
    <ele>18.9</ele>
    <time>2025-08-06T06:26:22Z</time>
   </trkpt>
   <trkpt lat="25.0269450" lon="121.4169620">
    <ele>18.9</ele>
    <time>2025-08-06T06:26:23Z</time>
   </trkpt>
   <trkpt lat="25.0269440" lon="121.4169510">
    <ele>18.9</ele>
    <time>2025-08-06T06:26:24Z</time>
   </trkpt>
   <trkpt lat="25.0269430" lon="121.4169390">
    <ele>18.9</ele>
    <time>2025-08-06T06:26:25Z</time>
   </trkpt>
   <trkpt lat="25.0269420" lon="121.4169280">
    <ele>18.9</ele>
    <time>2025-08-06T06:26:26Z</time>
   </trkpt>
   <trkpt lat="25.0269420" lon="121.4169170">
    <ele>18.9</ele>
    <time>2025-08-06T06:26:55Z</time>
   </trkpt>
   <trkpt lat="25.0269410" lon="121.4169060">
    <ele>18.9</ele>
    <time>2025-08-06T06:26:56Z</time>
   </trkpt>
   <trkpt lat="25.0269400" lon="121.4168940">
    <ele>18.9</ele>
    <time>2025-08-06T06:26:57Z</time>
   </trkpt>
   <trkpt lat="25.0269390" lon="121.4168830">
    <ele>18.9</ele>
    <time>2025-08-06T06:26:58Z</time>
   </trkpt>
   <trkpt lat="25.0269400" lon="121.4168380">
    <ele>18.9</ele>
    <time>2025-08-06T06:26:59Z</time>
   </trkpt>
   <trkpt lat="25.0269410" lon="121.4168150">
    <ele>18.9</ele>
    <time>2025-08-06T06:27:00Z</time>
   </trkpt>
   <trkpt lat="25.0269420" lon="121.4168110">
    <ele>18.9</ele>
    <time>2025-08-06T06:27:01Z</time>
   </trkpt>
   <trkpt lat="25.0269430" lon="121.4168050">
    <ele>18.9</ele>
    <time>2025-08-06T06:27:02Z</time>
   </trkpt>
   <trkpt lat="25.0269440" lon="121.4168000">
    <ele>18.9</ele>
    <time>2025-08-06T06:27:03Z</time>
   </trkpt>
   <trkpt lat="25.0269450" lon="121.4167950">
    <ele>18.9</ele>
    <time>2025-08-06T06:27:04Z</time>
   </trkpt>
   <trkpt lat="25.0269460" lon="121.4167890">
    <ele>18.9</ele>
    <time>2025-08-06T06:27:05Z</time>
   </trkpt>
   <trkpt lat="25.0269470" lon="121.4167840">
    <ele>18.9</ele>
    <time>2025-08-06T06:27:06Z</time>
   </trkpt>
   <trkpt lat="25.0269490" lon="121.4167790">
    <ele>18.9</ele>
    <time>2025-08-06T06:27:07Z</time>
   </trkpt>
   <trkpt lat="25.0269500" lon="121.4167730">
    <ele>18.9</ele>
    <time>2025-08-06T06:27:08Z</time>
   </trkpt>
   <trkpt lat="25.0269510" lon="121.4167680">
    <ele>18.9</ele>
    <time>2025-08-06T06:27:09Z</time>
   </trkpt>
   <trkpt lat="25.0269520" lon="121.4167620">
    <ele>18.9</ele>
    <time>2025-08-06T06:27:10Z</time>
   </trkpt>
   <trkpt lat="25.0269530" lon="121.4167570">
    <ele>18.9</ele>
    <time>2025-08-06T06:27:11Z</time>
   </trkpt>
   <trkpt lat="25.0269540" lon="121.4167520">
    <ele>18.9</ele>
    <time>2025-08-06T06:27:25Z</time>
   </trkpt>
   <trkpt lat="25.0269550" lon="121.4167460">
    <ele>18.9</ele>
    <time>2025-08-06T06:27:26Z</time>
   </trkpt>
   <trkpt lat="25.0269560" lon="121.4167410">
    <ele>18.9</ele>
    <time>2025-08-06T06:27:27Z</time>
   </trkpt>
   <trkpt lat="25.0269600" lon="121.4167190">
    <ele>18.9</ele>
    <time>2025-08-06T06:27:28Z</time>
   </trkpt>
   <trkpt lat="25.0269620" lon="121.4167150">
    <ele>18.9</ele>
    <time>2025-08-06T06:27:29Z</time>
   </trkpt>
   <trkpt lat="25.0269630" lon="121.4167110">
    <ele>18.9</ele>
    <time>2025-08-06T06:27:31Z</time>
   </trkpt>
   <trkpt lat="25.0269640" lon="121.4167070">
    <ele>18.9</ele>
    <time>2025-08-06T06:27:32Z</time>
   </trkpt>
   <trkpt lat="25.0269650" lon="121.4167030">
    <ele>18.9</ele>
    <time>2025-08-06T06:27:33Z</time>
   </trkpt>
   <trkpt lat="25.0269670" lon="121.4166990">
    <ele>18.9</ele>
    <time>2025-08-06T06:27:34Z</time>
   </trkpt>
   <trkpt lat="25.0269680" lon="121.4166950">
    <ele>18.9</ele>
    <time>2025-08-06T06:27:35Z</time>
   </trkpt>
   <trkpt lat="25.0269690" lon="121.4166920">
    <ele>18.9</ele>
    <time>2025-08-06T06:27:36Z</time>
   </trkpt>
   <trkpt lat="25.0269700" lon="121.4166880">
    <ele>18.9</ele>
    <time>2025-08-06T06:27:37Z</time>
   </trkpt>
   <trkpt lat="25.0269720" lon="121.4166840">
    <ele>19.0</ele>
    <time>2025-08-06T06:27:38Z</time>
   </trkpt>
   <trkpt lat="25.0269730" lon="121.4166800">
    <ele>19.0</ele>
    <time>2025-08-06T06:27:39Z</time>
   </trkpt>
   <trkpt lat="25.0269740" lon="121.4166760">
    <ele>19.0</ele>
    <time>2025-08-06T06:27:40Z</time>
   </trkpt>
   <trkpt lat="25.0269750" lon="121.4166720">
    <ele>19.0</ele>
    <time>2025-08-06T06:27:41Z</time>
   </trkpt>
   <trkpt lat="25.0269770" lon="121.4166680">
    <ele>19.0</ele>
    <time>2025-08-06T06:28:09Z</time>
   </trkpt>
   <trkpt lat="25.0269780" lon="121.4166640">
    <ele>19.0</ele>
    <time>2025-08-06T06:28:10Z</time>
   </trkpt>
   <trkpt lat="25.0269790" lon="121.4166600">
    <ele>19.0</ele>
    <time>2025-08-06T06:28:11Z</time>
   </trkpt>
   <trkpt lat="25.0269580" lon="121.4166480">
    <ele>19.0</ele>
    <time>2025-08-06T06:28:12Z</time>
   </trkpt>
   <trkpt lat="25.0269440" lon="121.4166430">
    <ele>19.0</ele>
    <time>2025-08-06T06:28:13Z</time>
   </trkpt>
   <trkpt lat="25.0269620" lon="121.4166120">
    <ele>19.0</ele>
    <time>2025-08-06T06:28:14Z</time>
   </trkpt>
   <trkpt lat="25.0269700" lon="121.4165900">
    <ele>19.0</ele>
    <time>2025-08-06T06:28:15Z</time>
   </trkpt>
   <trkpt lat="25.0269620" lon="121.4165930">
    <ele>19.0</ele>
    <time>2025-08-06T06:28:16Z</time>
   </trkpt>
   <trkpt lat="25.0269580" lon="121.4166210">
    <ele>19.0</ele>
    <time>2025-08-06T06:28:17Z</time>
   </trkpt>
   <trkpt lat="25.0269570" lon="121.4166150">
    <ele>19.0</ele>
    <time>2025-08-06T06:28:18Z</time>
   </trkpt>
   <trkpt lat="25.0269550" lon="121.4166080">
    <ele>19.0</ele>
    <time>2025-08-06T06:28:19Z</time>
   </trkpt>
   <trkpt lat="25.0269540" lon="121.4166010">
    <ele>19.0</ele>
    <time>2025-08-06T06:28:20Z</time>
   </trkpt>
   <trkpt lat="25.0269520" lon="121.4165940">
    <ele>19.0</ele>
    <time>2025-08-06T06:28:21Z</time>
   </trkpt>
   <trkpt lat="25.0269500" lon="121.4165870">
    <ele>19.0</ele>
    <time>2025-08-06T06:28:22Z</time>
   </trkpt>
   <trkpt lat="25.0269480" lon="121.4165800">
    <ele>19.0</ele>
    <time>2025-08-06T06:28:23Z</time>
   </trkpt>
   <trkpt lat="25.0269440" lon="121.4165690">
    <ele>19.0</ele>
    <time>2025-08-06T06:28:24Z</time>
   </trkpt>
   <trkpt lat="25.0269370" lon="121.4165550">
    <ele>19.0</ele>
    <time>2025-08-06T06:28:25Z</time>
   </trkpt>
   <trkpt lat="25.0269520" lon="121.4165940">
    <ele>19.0</ele>
    <time>2025-08-06T06:28:26Z</time>
   </trkpt>
   <trkpt lat="25.0269740" lon="121.4166050">
    <ele>19.0</ele>
    <time>2025-08-06T06:28:27Z</time>
   </trkpt>
   <trkpt lat="25.0269740" lon="121.4165940">
    <ele>19.0</ele>
    <time>2025-08-06T06:28:28Z</time>
   </trkpt>
   <trkpt lat="25.0269780" lon="121.4165930">
    <ele>19.0</ele>
    <time>2025-08-06T06:28:29Z</time>
   </trkpt>
   <trkpt lat="25.0269820" lon="121.4165920">
    <ele>19.0</ele>
    <time>2025-08-06T06:28:30Z</time>
   </trkpt>
   <trkpt lat="25.0269860" lon="121.4165900">
    <ele>19.0</ele>
    <time>2025-08-06T06:28:31Z</time>
   </trkpt>
   <trkpt lat="25.0269900" lon="121.4165890">
    <ele>19.0</ele>
    <time>2025-08-06T06:28:32Z</time>
   </trkpt>
   <trkpt lat="25.0269940" lon="121.4165880">
    <ele>19.0</ele>
    <time>2025-08-06T06:28:33Z</time>
   </trkpt>
   <trkpt lat="25.0269970" lon="121.4165870">
    <ele>19.0</ele>
    <time>2025-08-06T06:28:34Z</time>
   </trkpt>
   <trkpt lat="25.0270010" lon="121.4165860">
    <ele>19.0</ele>
    <time>2025-08-06T06:28:35Z</time>
   </trkpt>
   <trkpt lat="25.0270050" lon="121.4165850">
    <ele>19.0</ele>
    <time>2025-08-06T06:28:36Z</time>
   </trkpt>
   <trkpt lat="25.0270090" lon="121.4165830">
    <ele>19.0</ele>
    <time>2025-08-06T06:28:37Z</time>
   </trkpt>
   <trkpt lat="25.0270130" lon="121.4165820">
    <ele>19.0</ele>
    <time>2025-08-06T06:28:38Z</time>
   </trkpt>
   <trkpt lat="25.0270170" lon="121.4165810">
    <ele>19.0</ele>
    <time>2025-08-06T06:28:39Z</time>
   </trkpt>
   <trkpt lat="25.0270250" lon="121.4165640">
    <ele>19.0</ele>
    <time>2025-08-06T06:28:40Z</time>
   </trkpt>
   <trkpt lat="25.0270370" lon="121.4165450">
    <ele>19.0</ele>
    <time>2025-08-06T06:28:41Z</time>
   </trkpt>
   <trkpt lat="25.0270360" lon="121.4165460">
    <ele>19.0</ele>
    <time>2025-08-06T06:28:42Z</time>
   </trkpt>
   <trkpt lat="25.0270380" lon="121.4165520">
    <ele>19.0</ele>
    <time>2025-08-06T06:28:43Z</time>
   </trkpt>
   <trkpt lat="25.0270290" lon="121.4165340">
    <ele>19.0</ele>
    <time>2025-08-06T06:28:44Z</time>
   </trkpt>
   <trkpt lat="25.0270140" lon="121.4165380">
    <ele>19.0</ele>
    <time>2025-08-06T06:28:45Z</time>
   </trkpt>
   <trkpt lat="25.0270100" lon="121.4165400">
    <ele>19.0</ele>
    <time>2025-08-06T06:28:46Z</time>
   </trkpt>
   <trkpt lat="25.0270370" lon="121.4165460">
    <ele>19.1</ele>
    <time>2025-08-06T06:28:47Z</time>
   </trkpt>
   <trkpt lat="25.0270460" lon="121.4165420">
    <ele>19.1</ele>
    <time>2025-08-06T06:28:48Z</time>
   </trkpt>
   <trkpt lat="25.0270550" lon="121.4165390">
    <ele>19.1</ele>
    <time>2025-08-06T06:28:49Z</time>
   </trkpt>
   <trkpt lat="25.0270640" lon="121.4165350">
    <ele>19.1</ele>
    <time>2025-08-06T06:28:50Z</time>
   </trkpt>
   <trkpt lat="25.0270720" lon="121.4165320">
    <ele>19.1</ele>
    <time>2025-08-06T06:28:51Z</time>
   </trkpt>
   <trkpt lat="25.0270810" lon="121.4165280">
    <ele>19.1</ele>
    <time>2025-08-06T06:29:01Z</time>
   </trkpt>
   <trkpt lat="25.0270900" lon="121.4165250">
    <ele>19.1</ele>
    <time>2025-08-06T06:29:02Z</time>
   </trkpt>
   <trkpt lat="25.0270990" lon="121.4165210">
    <ele>19.1</ele>
    <time>2025-08-06T06:29:03Z</time>
   </trkpt>
   <trkpt lat="25.0271300" lon="121.4164950">
    <ele>19.1</ele>
    <time>2025-08-06T06:29:04Z</time>
   </trkpt>
   <trkpt lat="25.0271070" lon="121.4164690">
    <ele>19.1</ele>
    <time>2025-08-06T06:29:05Z</time>
   </trkpt>
   <trkpt lat="25.0271230" lon="121.4164770">
    <ele>19.1</ele>
    <time>2025-08-06T06:29:06Z</time>
   </trkpt>
   <trkpt lat="25.0271350" lon="121.4164880">
    <ele>19.1</ele>
    <time>2025-08-06T06:29:07Z</time>
   </trkpt>
   <trkpt lat="25.0271410" lon="121.4164730">
    <ele>19.1</ele>
    <time>2025-08-06T06:29:08Z</time>
   </trkpt>
   <trkpt lat="25.0271440" lon="121.4164520">
    <ele>19.1</ele>
    <time>2025-08-06T06:29:09Z</time>
   </trkpt>
   <trkpt lat="25.0271210" lon="121.4164280">
    <ele>19.1</ele>
    <time>2025-08-06T06:29:10Z</time>
   </trkpt>
   <trkpt lat="25.0270710" lon="121.4164260">
    <ele>19.1</ele>
    <time>2025-08-06T06:29:11Z</time>
   </trkpt>
   <trkpt lat="25.0270780" lon="121.4163910">
    <ele>19.1</ele>
    <time>2025-08-06T06:29:12Z</time>
   </trkpt>
   <trkpt lat="25.0270760" lon="121.4164010">
    <ele>19.1</ele>
    <time>2025-08-06T06:29:13Z</time>
   </trkpt>
   <trkpt lat="25.0270720" lon="121.4164220">
    <ele>19.1</ele>
    <time>2025-08-06T06:29:14Z</time>
   </trkpt>
   <trkpt lat="25.0270620" lon="121.4164330">
    <ele>19.1</ele>
    <time>2025-08-06T06:29:15Z</time>
   </trkpt>
   <trkpt lat="25.0270970" lon="121.4164320">
    <ele>19.1</ele>
    <time>2025-08-06T06:29:16Z</time>
   </trkpt>
   <trkpt lat="25.0270950" lon="121.4164460">
    <ele>19.1</ele>
    <time>2025-08-06T06:29:17Z</time>
   </trkpt>
   <trkpt lat="25.0271080" lon="121.4164460">
    <ele>19.1</ele>
    <time>2025-08-06T06:29:18Z</time>
   </trkpt>
   <trkpt lat="25.0271080" lon="121.4164390">
    <ele>19.1</ele>
    <time>2025-08-06T06:29:19Z</time>
   </trkpt>
   <trkpt lat="25.0271080" lon="121.4164330">
    <ele>19.1</ele>
    <time>2025-08-06T06:29:20Z</time>
   </trkpt>
   <trkpt lat="25.0271080" lon="121.4164260">
    <ele>19.1</ele>
    <time>2025-08-06T06:29:21Z</time>
   </trkpt>
   <trkpt lat="25.0271080" lon="121.4164190">
    <ele>19.1</ele>
    <time>2025-08-06T06:29:22Z</time>
   </trkpt>
   <trkpt lat="25.0271080" lon="121.4164120">
    <ele>19.2</ele>
    <time>2025-08-06T06:29:23Z</time>
   </trkpt>
   <trkpt lat="25.0271080" lon="121.4164050">
    <ele>19.2</ele>
    <time>2025-08-06T06:29:24Z</time>
   </trkpt>
   <trkpt lat="25.0271080" lon="121.4163990">
    <ele>19.2</ele>
    <time>2025-08-06T06:29:25Z</time>
   </trkpt>
   <trkpt lat="25.0271080" lon="121.4163920">
    <ele>19.2</ele>
    <time>2025-08-06T06:29:26Z</time>
   </trkpt>
   <trkpt lat="25.0271080" lon="121.4163850">
    <ele>19.2</ele>
    <time>2025-08-06T06:29:27Z</time>
   </trkpt>
   <trkpt lat="25.0271080" lon="121.4163780">
    <ele>19.2</ele>
    <time>2025-08-06T06:29:43Z</time>
   </trkpt>
   <trkpt lat="25.0271080" lon="121.4163710">
    <ele>19.2</ele>
    <time>2025-08-06T06:29:44Z</time>
   </trkpt>
   <trkpt lat="25.0271080" lon="121.4163640">
    <ele>19.2</ele>
    <time>2025-08-06T06:29:45Z</time>
   </trkpt>
   <trkpt lat="25.0271080" lon="121.4163580">
    <ele>19.2</ele>
    <time>2025-08-06T06:29:46Z</time>
   </trkpt>
   <trkpt lat="25.0271080" lon="121.4163510">
    <ele>19.2</ele>
    <time>2025-08-06T06:29:47Z</time>
   </trkpt>
   <trkpt lat="25.0271080" lon="121.4163440">
    <ele>19.2</ele>
    <time>2025-08-06T06:29:48Z</time>
   </trkpt>
   <trkpt lat="25.0271390" lon="121.4163640">
    <ele>19.2</ele>
    <time>2025-08-06T06:29:49Z</time>
   </trkpt>
   <trkpt lat="25.0271650" lon="121.4163580">
    <ele>19.2</ele>
    <time>2025-08-06T06:29:50Z</time>
   </trkpt>
   <trkpt lat="25.0271700" lon="121.4163890">
    <ele>19.2</ele>
    <time>2025-08-06T06:29:51Z</time>
   </trkpt>
   <trkpt lat="25.0271420" lon="121.4163810">
    <ele>19.2</ele>
    <time>2025-08-06T06:29:52Z</time>
   </trkpt>
   <trkpt lat="25.0271280" lon="121.4163740">
    <ele>19.2</ele>
    <time>2025-08-06T06:29:53Z</time>
   </trkpt>
   <trkpt lat="25.0271270" lon="121.4163750">
    <ele>19.2</ele>
    <time>2025-08-06T06:29:54Z</time>
   </trkpt>
   <trkpt lat="25.0271160" lon="121.4163720">
    <ele>19.2</ele>
    <time>2025-08-06T06:29:55Z</time>
   </trkpt>
   <trkpt lat="25.0271120" lon="121.4163660">
    <ele>19.2</ele>
    <time>2025-08-06T06:29:56Z</time>
   </trkpt>
   <trkpt lat="25.0271010" lon="121.4163580">
    <ele>19.2</ele>
    <time>2025-08-06T06:29:57Z</time>
   </trkpt>
   <trkpt lat="25.0270980" lon="121.4163590">
    <ele>19.2</ele>
    <time>2025-08-06T06:29:58Z</time>
   </trkpt>
   <trkpt lat="25.0270940" lon="121.4163590">
    <ele>19.2</ele>
    <time>2025-08-06T06:29:59Z</time>
   </trkpt>
   <trkpt lat="25.0270950" lon="121.4163340">
    <ele>19.2</ele>
    <time>2025-08-06T06:30:00Z</time>
   </trkpt>
   <trkpt lat="25.0270910" lon="121.4163200">
    <ele>19.2</ele>
    <time>2025-08-06T06:30:01Z</time>
   </trkpt>
   <trkpt lat="25.0270950" lon="121.4163090">
    <ele>19.2</ele>
    <time>2025-08-06T06:30:02Z</time>
   </trkpt>
   <trkpt lat="25.0271510" lon="121.4163740">
    <ele>19.2</ele>
    <time>2025-08-06T06:30:05Z</time>
   </trkpt>
   <trkpt lat="25.0271570" lon="121.4163880">
    <ele>19.2</ele>
    <time>2025-08-06T06:30:06Z</time>
   </trkpt>
   <trkpt lat="25.0271570" lon="121.4164030">
    <ele>19.2</ele>
    <time>2025-08-06T06:30:07Z</time>
   </trkpt>
   <trkpt lat="25.0271580" lon="121.4164170">
    <ele>19.2</ele>
    <time>2025-08-06T06:30:08Z</time>
   </trkpt>
   <trkpt lat="25.0271530" lon="121.4164370">
    <ele>19.2</ele>
    <time>2025-08-06T06:30:09Z</time>
   </trkpt>
   <trkpt lat="25.0271580" lon="121.4164540">
    <ele>19.2</ele>
    <time>2025-08-06T06:30:10Z</time>
   </trkpt>
   <trkpt lat="25.0271600" lon="121.4164720">
    <ele>19.2</ele>
    <time>2025-08-06T06:30:11Z</time>
   </trkpt>
   <trkpt lat="25.0271610" lon="121.4164750">
    <ele>19.2</ele>
    <time>2025-08-06T06:30:12Z</time>
   </trkpt>
   <trkpt lat="25.0271610" lon="121.4164790">
    <ele>19.2</ele>
    <time>2025-08-06T06:30:13Z</time>
   </trkpt>
   <trkpt lat="25.0271610" lon="121.4164830">
    <ele>19.2</ele>
    <time>2025-08-06T06:30:14Z</time>
   </trkpt>
   <trkpt lat="25.0271610" lon="121.4164870">
    <ele>19.2</ele>
    <time>2025-08-06T06:30:15Z</time>
   </trkpt>
   <trkpt lat="25.0271620" lon="121.4164900">
    <ele>19.3</ele>
    <time>2025-08-06T06:30:16Z</time>
   </trkpt>
   <trkpt lat="25.0271620" lon="121.4164940">
    <ele>19.3</ele>
    <time>2025-08-06T06:30:17Z</time>
   </trkpt>
   <trkpt lat="25.0271810" lon="121.4165140">
    <ele>19.3</ele>
    <time>2025-08-06T06:30:18Z</time>
   </trkpt>
   <trkpt lat="25.0271660" lon="121.4165040">
    <ele>19.3</ele>
    <time>2025-08-06T06:30:19Z</time>
   </trkpt>
   <trkpt lat="25.0271490" lon="121.4164900">
    <ele>19.3</ele>
    <time>2025-08-06T06:30:20Z</time>
   </trkpt>
   <trkpt lat="25.0271430" lon="121.4164720">
    <ele>19.3</ele>
    <time>2025-08-06T06:30:21Z</time>
   </trkpt>
   <trkpt lat="25.0271440" lon="121.4164430">
    <ele>19.3</ele>
    <time>2025-08-06T06:30:22Z</time>
   </trkpt>
   <trkpt lat="25.0271460" lon="121.4164280">
    <ele>19.3</ele>
    <time>2025-08-06T06:30:23Z</time>
   </trkpt>
   <trkpt lat="25.0271480" lon="121.4164120">
    <ele>19.3</ele>
    <time>2025-08-06T06:30:24Z</time>
   </trkpt>
   <trkpt lat="25.0271500" lon="121.4163960">
    <ele>19.3</ele>
    <time>2025-08-06T06:30:25Z</time>
   </trkpt>
   <trkpt lat="25.0271470" lon="121.4163760">
    <ele>19.3</ele>
    <time>2025-08-06T06:30:26Z</time>
   </trkpt>
   <trkpt lat="25.0271390" lon="121.4163730">
    <ele>19.3</ele>
    <time>2025-08-06T06:30:27Z</time>
   </trkpt>
   <trkpt lat="25.0271310" lon="121.4163710">
    <ele>19.3</ele>
    <time>2025-08-06T06:30:28Z</time>
   </trkpt>
   <trkpt lat="25.0271230" lon="121.4163690">
    <ele>19.3</ele>
    <time>2025-08-06T06:30:29Z</time>
   </trkpt>
   <trkpt lat="25.0271290" lon="121.4163520">
    <ele>19.3</ele>
    <time>2025-08-06T06:30:30Z</time>
   </trkpt>
   <trkpt lat="25.0271280" lon="121.4163240">
    <ele>19.3</ele>
    <time>2025-08-06T06:30:31Z</time>
   </trkpt>
   <trkpt lat="25.0271380" lon="121.4163210">
    <ele>19.3</ele>
    <time>2025-08-06T06:30:32Z</time>
   </trkpt>
   <trkpt lat="25.0271390" lon="121.4163120">
    <ele>19.3</ele>
    <time>2025-08-06T06:30:33Z</time>
   </trkpt>
   <trkpt lat="25.0271410" lon="121.4163030">
    <ele>19.3</ele>
    <time>2025-08-06T06:30:34Z</time>
   </trkpt>
   <trkpt lat="25.0271430" lon="121.4162940">
    <ele>19.3</ele>
    <time>2025-08-06T06:30:35Z</time>
   </trkpt>
   <trkpt lat="25.0271440" lon="121.4162840">
    <ele>19.3</ele>
    <time>2025-08-06T06:30:36Z</time>
   </trkpt>
   <trkpt lat="25.0271460" lon="121.4162750">
    <ele>19.3</ele>
    <time>2025-08-06T06:30:37Z</time>
   </trkpt>
   <trkpt lat="25.0271480" lon="121.4162660">
    <ele>19.3</ele>
    <time>2025-08-06T06:30:38Z</time>
   </trkpt>
   <trkpt lat="25.0271500" lon="121.4162570">
    <ele>19.3</ele>
    <time>2025-08-06T06:30:39Z</time>
   </trkpt>
   <trkpt lat="25.0271510" lon="121.4162480">
    <ele>19.3</ele>
    <time>2025-08-06T06:30:40Z</time>
   </trkpt>
   <trkpt lat="25.0271530" lon="121.4162390">
    <ele>19.3</ele>
    <time>2025-08-06T06:30:41Z</time>
   </trkpt>
   <trkpt lat="25.0271550" lon="121.4162300">
    <ele>19.3</ele>
    <time>2025-08-06T06:30:42Z</time>
   </trkpt>
   <trkpt lat="25.0271560" lon="121.4162210">
    <ele>19.3</ele>
    <time>2025-08-06T06:30:51Z</time>
   </trkpt>
   <trkpt lat="25.0271580" lon="121.4162110">
    <ele>19.3</ele>
    <time>2025-08-06T06:30:52Z</time>
   </trkpt>
   <trkpt lat="25.0271600" lon="121.4162020">
    <ele>19.3</ele>
    <time>2025-08-06T06:30:53Z</time>
   </trkpt>
   <trkpt lat="25.0271610" lon="121.4161930">
    <ele>19.3</ele>
    <time>2025-08-06T06:30:54Z</time>
   </trkpt>
   <trkpt lat="25.0271630" lon="121.4161840">
    <ele>19.3</ele>
    <time>2025-08-06T06:30:55Z</time>
   </trkpt>
   <trkpt lat="25.0271500" lon="121.4162480">
    <ele>19.3</ele>
    <time>2025-08-06T06:30:56Z</time>
   </trkpt>
   <trkpt lat="25.0271570" lon="121.4162230">
    <ele>19.3</ele>
    <time>2025-08-06T06:30:57Z</time>
   </trkpt>
   <trkpt lat="25.0271600" lon="121.4162150">
    <ele>19.3</ele>
    <time>2025-08-06T06:30:58Z</time>
   </trkpt>
   <trkpt lat="25.0271620" lon="121.4162080">
    <ele>19.4</ele>
    <time>2025-08-06T06:30:59Z</time>
   </trkpt>
   <trkpt lat="25.0271700" lon="121.4161600">
    <ele>19.4</ele>
    <time>2025-08-06T06:31:00Z</time>
   </trkpt>
   <trkpt lat="25.0271750" lon="121.4160980">
    <ele>19.4</ele>
    <time>2025-08-06T06:31:01Z</time>
   </trkpt>
   <trkpt lat="25.0271820" lon="121.4160430">
    <ele>19.4</ele>
    <time>2025-08-06T06:31:02Z</time>
   </trkpt>
   <trkpt lat="25.0271810" lon="121.4160150">
    <ele>19.4</ele>
    <time>2025-08-06T06:31:03Z</time>
   </trkpt>
   <trkpt lat="25.0271840" lon="121.4160090">
    <ele>19.4</ele>
    <time>2025-08-06T06:31:04Z</time>
   </trkpt>
   <trkpt lat="25.0271950" lon="121.4159850">
    <ele>19.4</ele>
    <time>2025-08-06T06:31:05Z</time>
   </trkpt>
   <trkpt lat="25.0271990" lon="121.4159700">
    <ele>19.4</ele>
    <time>2025-08-06T06:31:06Z</time>
   </trkpt>
   <trkpt lat="25.0271880" lon="121.4160490">
    <ele>19.4</ele>
    <time>2025-08-06T06:31:07Z</time>
   </trkpt>
   <trkpt lat="25.0271830" lon="121.4160720">
    <ele>19.4</ele>
    <time>2025-08-06T06:31:08Z</time>
   </trkpt>
   <trkpt lat="25.0271930" lon="121.4160860">
    <ele>19.4</ele>
    <time>2025-08-06T06:31:09Z</time>
   </trkpt>
   <trkpt lat="25.0272040" lon="121.4161000">
    <ele>19.4</ele>
    <time>2025-08-06T06:31:10Z</time>
   </trkpt>
   <trkpt lat="25.0272140" lon="121.4161140">
    <ele>19.5</ele>
    <time>2025-08-06T06:31:11Z</time>
   </trkpt>
   <trkpt lat="25.0272240" lon="121.4161280">
    <ele>19.5</ele>
    <time>2025-08-06T06:31:12Z</time>
   </trkpt>
   <trkpt lat="25.0272250" lon="121.4161380">
    <ele>19.5</ele>
    <time>2025-08-06T06:31:13Z</time>
   </trkpt>
   <trkpt lat="25.0272180" lon="121.4161590">
    <ele>19.5</ele>
    <time>2025-08-06T06:31:14Z</time>
   </trkpt>
   <trkpt lat="25.0272320" lon="121.4161530">
    <ele>19.5</ele>
    <time>2025-08-06T06:31:15Z</time>
   </trkpt>
   <trkpt lat="25.0272450" lon="121.4161490">
    <ele>19.5</ele>
    <time>2025-08-06T06:31:16Z</time>
   </trkpt>
   <trkpt lat="25.0272580" lon="121.4161450">
    <ele>19.5</ele>
    <time>2025-08-06T06:31:17Z</time>
   </trkpt>
   <trkpt lat="25.0272700" lon="121.4161410">
    <ele>19.5</ele>
    <time>2025-08-06T06:31:19Z</time>
   </trkpt>
   <trkpt lat="25.0272830" lon="121.4161370">
    <ele>19.5</ele>
    <time>2025-08-06T06:31:20Z</time>
   </trkpt>
   <trkpt lat="25.0272960" lon="121.4161330">
    <ele>19.5</ele>
    <time>2025-08-06T06:31:21Z</time>
   </trkpt>
   <trkpt lat="25.0273210" lon="121.4161570">
    <ele>19.5</ele>
    <time>2025-08-06T06:31:22Z</time>
   </trkpt>
   <trkpt lat="25.0273480" lon="121.4161630">
    <ele>19.5</ele>
    <time>2025-08-06T06:31:23Z</time>
   </trkpt>
   <trkpt lat="25.0273730" lon="121.4161430">
    <ele>19.5</ele>
    <time>2025-08-06T06:31:24Z</time>
   </trkpt>
   <trkpt lat="25.0273790" lon="121.4161280">
    <ele>19.5</ele>
    <time>2025-08-06T06:31:25Z</time>
   </trkpt>
   <trkpt lat="25.0273160" lon="121.4161070">
    <ele>19.6</ele>
    <time>2025-08-06T06:31:26Z</time>
   </trkpt>
   <trkpt lat="25.0273110" lon="121.4161080">
    <ele>19.6</ele>
    <time>2025-08-06T06:31:27Z</time>
   </trkpt>
   <trkpt lat="25.0272990" lon="121.4161090">
    <ele>19.6</ele>
    <time>2025-08-06T06:31:28Z</time>
   </trkpt>
   <trkpt lat="25.0272860" lon="121.4161100">
    <ele>19.6</ele>
    <time>2025-08-06T06:31:29Z</time>
   </trkpt>
   <trkpt lat="25.0272730" lon="121.4161100">
    <ele>19.6</ele>
    <time>2025-08-06T06:31:30Z</time>
   </trkpt>
   <trkpt lat="25.0272610" lon="121.4161110">
    <ele>19.6</ele>
    <time>2025-08-06T06:31:31Z</time>
   </trkpt>
   <trkpt lat="25.0272480" lon="121.4161120">
    <ele>19.6</ele>
    <time>2025-08-06T06:31:32Z</time>
   </trkpt>
   <trkpt lat="25.0272710" lon="121.4160940">
    <ele>19.6</ele>
    <time>2025-08-06T06:31:33Z</time>
   </trkpt>
   <trkpt lat="25.0272770" lon="121.4160870">
    <ele>19.6</ele>
    <time>2025-08-06T06:31:34Z</time>
   </trkpt>
   <trkpt lat="25.0272850" lon="121.4160950">
    <ele>19.6</ele>
    <time>2025-08-06T06:31:35Z</time>
   </trkpt>
   <trkpt lat="25.0272930" lon="121.4161050">
    <ele>19.6</ele>
    <time>2025-08-06T06:31:36Z</time>
   </trkpt>
   <trkpt lat="25.0272960" lon="121.4161100">
    <ele>19.7</ele>
    <time>2025-08-06T06:31:37Z</time>
   </trkpt>
   <trkpt lat="25.0272590" lon="121.4161090">
    <ele>19.7</ele>
    <time>2025-08-06T06:31:38Z</time>
   </trkpt>
   <trkpt lat="25.0272490" lon="121.4160700">
    <ele>19.7</ele>
    <time>2025-08-06T06:31:39Z</time>
   </trkpt>
   <trkpt lat="25.0272470" lon="121.4160500">
    <ele>19.7</ele>
    <time>2025-08-06T06:31:40Z</time>
   </trkpt>
   <trkpt lat="25.0272780" lon="121.4160110">
    <ele>19.8</ele>
    <time>2025-08-06T06:31:41Z</time>
   </trkpt>
   <trkpt lat="25.0272910" lon="121.4159850">
    <ele>19.8</ele>
    <time>2025-08-06T06:31:42Z</time>
   </trkpt>
   <trkpt lat="25.0272510" lon="121.4160330">
    <ele>19.9</ele>
    <time>2025-08-06T06:31:43Z</time>
   </trkpt>
   <trkpt lat="25.0272410" lon="121.4160400">
    <ele>19.9</ele>
    <time>2025-08-06T06:31:44Z</time>
   </trkpt>
   <trkpt lat="25.0272360" lon="121.4160460">
    <ele>19.9</ele>
    <time>2025-08-06T06:31:45Z</time>
   </trkpt>
   <trkpt lat="25.0272300" lon="121.4160520">
    <ele>19.9</ele>
    <time>2025-08-06T06:31:46Z</time>
   </trkpt>
   <trkpt lat="25.0272240" lon="121.4160580">
    <ele>19.9</ele>
    <time>2025-08-06T06:31:47Z</time>
   </trkpt>
   <trkpt lat="25.0272190" lon="121.4160640">
    <ele>19.9</ele>
    <time>2025-08-06T06:31:48Z</time>
   </trkpt>
   <trkpt lat="25.0272130" lon="121.4160700">
    <ele>19.9</ele>
    <time>2025-08-06T06:31:49Z</time>
   </trkpt>
   <trkpt lat="25.0272170" lon="121.4160780">
    <ele>19.9</ele>
    <time>2025-08-06T06:31:50Z</time>
   </trkpt>
   <trkpt lat="25.0272220" lon="121.4160850">
    <ele>19.9</ele>
    <time>2025-08-06T06:31:51Z</time>
   </trkpt>
   <trkpt lat="25.0272260" lon="121.4160930">
    <ele>20.0</ele>
    <time>2025-08-06T06:31:52Z</time>
   </trkpt>
   <trkpt lat="25.0272300" lon="121.4161010">
    <ele>20.0</ele>
    <time>2025-08-06T06:32:05Z</time>
   </trkpt>
   <trkpt lat="25.0272350" lon="121.4161080">
    <ele>20.0</ele>
    <time>2025-08-06T06:32:06Z</time>
   </trkpt>
   <trkpt lat="25.0272390" lon="121.4161160">
    <ele>20.0</ele>
    <time>2025-08-06T06:32:07Z</time>
   </trkpt>
   <trkpt lat="25.0272490" lon="121.4160780">
    <ele>20.1</ele>
    <time>2025-08-06T06:32:08Z</time>
   </trkpt>
   <trkpt lat="25.0272640" lon="121.4160780">
    <ele>20.1</ele>
    <time>2025-08-06T06:32:09Z</time>
   </trkpt>
   <trkpt lat="25.0272810" lon="121.4160700">
    <ele>20.1</ele>
    <time>2025-08-06T06:32:10Z</time>
   </trkpt>
   <trkpt lat="25.0273050" lon="121.4160700">
    <ele>20.1</ele>
    <time>2025-08-06T06:32:11Z</time>
   </trkpt>
   <trkpt lat="25.0273160" lon="121.4160710">
    <ele>20.2</ele>
    <time>2025-08-06T06:32:12Z</time>
   </trkpt>
   <trkpt lat="25.0273260" lon="121.4160720">
    <ele>20.2</ele>
    <time>2025-08-06T06:32:13Z</time>
   </trkpt>
   <trkpt lat="25.0272910" lon="121.4159720">
    <ele>20.4</ele>
    <time>2025-08-06T06:32:14Z</time>
   </trkpt>
   <trkpt lat="25.0272830" lon="121.4159410">
    <ele>20.4</ele>
    <time>2025-08-06T06:32:15Z</time>
   </trkpt>
   <trkpt lat="25.0272850" lon="121.4159130">
    <ele>20.5</ele>
    <time>2025-08-06T06:32:16Z</time>
   </trkpt>
   <trkpt lat="25.0272760" lon="121.4158920">
    <ele>20.5</ele>
    <time>2025-08-06T06:32:17Z</time>
   </trkpt>
   <trkpt lat="25.0272670" lon="121.4158700">
    <ele>20.6</ele>
    <time>2025-08-06T06:32:18Z</time>
   </trkpt>
   <trkpt lat="25.0272580" lon="121.4158490">
    <ele>20.6</ele>
    <time>2025-08-06T06:32:19Z</time>
   </trkpt>
   <trkpt lat="25.0272490" lon="121.4158270">
    <ele>20.7</ele>
    <time>2025-08-06T06:32:20Z</time>
   </trkpt>
   <trkpt lat="25.0272570" lon="121.4158290">
    <ele>20.7</ele>
    <time>2025-08-06T06:32:21Z</time>
   </trkpt>
   <trkpt lat="25.0272610" lon="121.4158330">
    <ele>20.7</ele>
    <time>2025-08-06T06:32:22Z</time>
   </trkpt>
   <trkpt lat="25.0272650" lon="121.4158380">
    <ele>20.7</ele>
    <time>2025-08-06T06:32:23Z</time>
   </trkpt>
   <trkpt lat="25.0272690" lon="121.4158420">
    <ele>20.7</ele>
    <time>2025-08-06T06:32:24Z</time>
   </trkpt>
   <trkpt lat="25.0272740" lon="121.4158460">
    <ele>20.7</ele>
    <time>2025-08-06T06:32:25Z</time>
   </trkpt>
   <trkpt lat="25.0272780" lon="121.4158500">
    <ele>20.8</ele>
    <time>2025-08-06T06:32:26Z</time>
   </trkpt>
   <trkpt lat="25.0272820" lon="121.4158550">
    <ele>20.8</ele>
    <time>2025-08-06T06:32:27Z</time>
   </trkpt>
   <trkpt lat="25.0272860" lon="121.4158590">
    <ele>20.8</ele>
    <time>2025-08-06T06:32:28Z</time>
   </trkpt>
   <trkpt lat="25.0272900" lon="121.4158630">
    <ele>20.8</ele>
    <time>2025-08-06T06:32:29Z</time>
   </trkpt>
   <trkpt lat="25.0272720" lon="121.4157680">
    <ele>21.0</ele>
    <time>2025-08-06T06:32:47Z</time>
   </trkpt>
   <trkpt lat="25.0272700" lon="121.4157390">
    <ele>21.1</ele>
    <time>2025-08-06T06:32:48Z</time>
   </trkpt>
   <trkpt lat="25.0272730" lon="121.4157150">
    <ele>21.1</ele>
    <time>2025-08-06T06:32:49Z</time>
   </trkpt>
   <trkpt lat="25.0272730" lon="121.4157040">
    <ele>21.1</ele>
    <time>2025-08-06T06:32:50Z</time>
   </trkpt>
   <trkpt lat="25.0272800" lon="121.4156880">
    <ele>21.1</ele>
    <time>2025-08-06T06:32:51Z</time>
   </trkpt>
   <trkpt lat="25.0272670" lon="121.4156710">
    <ele>21.2</ele>
    <time>2025-08-06T06:32:53Z</time>
   </trkpt>
   <trkpt lat="25.0272530" lon="121.4156530">
    <ele>21.2</ele>
    <time>2025-08-06T06:32:54Z</time>
   </trkpt>
   <trkpt lat="25.0272400" lon="121.4156360">
    <ele>21.2</ele>
    <time>2025-08-06T06:32:55Z</time>
   </trkpt>
   <trkpt lat="25.0272660" lon="121.4156520">
    <ele>21.2</ele>
    <time>2025-08-06T06:32:56Z</time>
   </trkpt>
   <trkpt lat="25.0272810" lon="121.4156640">
    <ele>21.2</ele>
    <time>2025-08-06T06:32:57Z</time>
   </trkpt>
   <trkpt lat="25.0273010" lon="121.4156840">
    <ele>21.1</ele>
    <time>2025-08-06T06:32:58Z</time>
   </trkpt>
   <trkpt lat="25.0273060" lon="121.4156940">
    <ele>21.1</ele>
    <time>2025-08-06T06:32:59Z</time>
   </trkpt>
   <trkpt lat="25.0273330" lon="121.4157180">
    <ele>21.0</ele>
    <time>2025-08-06T06:33:00Z</time>
   </trkpt>
   <trkpt lat="25.0273410" lon="121.4157270">
    <ele>21.0</ele>
    <time>2025-08-06T06:33:01Z</time>
   </trkpt>
   <trkpt lat="25.0273430" lon="121.4157350">
    <ele>21.0</ele>
    <time>2025-08-06T06:33:02Z</time>
   </trkpt>
   <trkpt lat="25.0273460" lon="121.4157420">
    <ele>21.1</ele>
    <time>2025-08-06T06:33:03Z</time>
   </trkpt>
   <trkpt lat="25.0273480" lon="121.4157500">
    <ele>21.1</ele>
    <time>2025-08-06T06:33:04Z</time>
   </trkpt>
   <trkpt lat="25.0273510" lon="121.4157570">
    <ele>21.2</ele>
    <time>2025-08-06T06:33:05Z</time>
   </trkpt>
   <trkpt lat="25.0273530" lon="121.4157650">
    <ele>21.2</ele>
    <time>2025-08-06T06:33:06Z</time>
   </trkpt>
   <trkpt lat="25.0273560" lon="121.4157720">
    <ele>21.3</ele>
    <time>2025-08-06T06:33:07Z</time>
   </trkpt>
   <trkpt lat="25.0273580" lon="121.4157800">
    <ele>21.3</ele>
    <time>2025-08-06T06:33:08Z</time>
   </trkpt>
   <trkpt lat="25.0273720" lon="121.4157860">
    <ele>21.4</ele>
    <time>2025-08-06T06:33:09Z</time>
   </trkpt>
   <trkpt lat="25.0273760" lon="121.4157960">
    <ele>21.5</ele>
    <time>2025-08-06T06:33:10Z</time>
   </trkpt>
   <trkpt lat="25.0273810" lon="121.4158060">
    <ele>21.6</ele>
    <time>2025-08-06T06:33:11Z</time>
   </trkpt>
   <trkpt lat="25.0273850" lon="121.4158160">
    <ele>21.7</ele>
    <time>2025-08-06T06:33:12Z</time>
   </trkpt>
   <trkpt lat="25.0273820" lon="121.4158260">
    <ele>21.7</ele>
    <time>2025-08-06T06:33:13Z</time>
   </trkpt>
   <trkpt lat="25.0273780" lon="121.4158230">
    <ele>21.8</ele>
    <time>2025-08-06T06:33:14Z</time>
   </trkpt>
   <trkpt lat="25.0273770" lon="121.4158160">
    <ele>21.8</ele>
    <time>2025-08-06T06:33:15Z</time>
   </trkpt>
   <trkpt lat="25.0273820" lon="121.4158090">
    <ele>21.9</ele>
    <time>2025-08-06T06:33:16Z</time>
   </trkpt>
   <trkpt lat="25.0273850" lon="121.4158020">
    <ele>21.9</ele>
    <time>2025-08-06T06:33:17Z</time>
   </trkpt>
   <trkpt lat="25.0273910" lon="121.4157960">
    <ele>22.0</ele>
    <time>2025-08-06T06:33:18Z</time>
   </trkpt>
   <trkpt lat="25.0273940" lon="121.4157880">
    <ele>22.0</ele>
    <time>2025-08-06T06:33:19Z</time>
   </trkpt>
   <trkpt lat="25.0273970" lon="121.4157780">
    <ele>22.1</ele>
    <time>2025-08-06T06:33:20Z</time>
   </trkpt>
   <trkpt lat="25.0274120" lon="121.4157570">
    <ele>22.3</ele>
    <time>2025-08-06T06:33:21Z</time>
   </trkpt>
   <trkpt lat="25.0274220" lon="121.4157420">
    <ele>22.4</ele>
    <time>2025-08-06T06:33:22Z</time>
   </trkpt>
   <trkpt lat="25.0274470" lon="121.4157180">
    <ele>22.6</ele>
    <time>2025-08-06T06:33:23Z</time>
   </trkpt>
   <trkpt lat="25.0274550" lon="121.4157090">
    <ele>22.7</ele>
    <time>2025-08-06T06:33:24Z</time>
   </trkpt>
   <trkpt lat="25.0274620" lon="121.4157050">
    <ele>22.7</ele>
    <time>2025-08-06T06:33:25Z</time>
   </trkpt>
   <trkpt lat="25.0274740" lon="121.4156860">
    <ele>22.9</ele>
    <time>2025-08-06T06:33:26Z</time>
   </trkpt>
   <trkpt lat="25.0274830" lon="121.4156760">
    <ele>23.0</ele>
    <time>2025-08-06T06:33:27Z</time>
   </trkpt>
   <trkpt lat="25.0274940" lon="121.4156740">
    <ele>23.0</ele>
    <time>2025-08-06T06:33:28Z</time>
   </trkpt>
   <trkpt lat="25.0274950" lon="121.4156810">
    <ele>23.1</ele>
    <time>2025-08-06T06:33:29Z</time>
   </trkpt>
   <trkpt lat="25.0274970" lon="121.4156650">
    <ele>23.2</ele>
    <time>2025-08-06T06:33:30Z</time>
   </trkpt>
   <trkpt lat="25.0275060" lon="121.4156430">
    <ele>23.3</ele>
    <time>2025-08-06T06:33:31Z</time>
   </trkpt>
   <trkpt lat="25.0275130" lon="121.4156280">
    <ele>23.4</ele>
    <time>2025-08-06T06:33:32Z</time>
   </trkpt>
   <trkpt lat="25.0275250" lon="121.4156030">
    <ele>23.5</ele>
    <time>2025-08-06T06:33:33Z</time>
   </trkpt>
   <trkpt lat="25.0275290" lon="121.4155930">
    <ele>23.6</ele>
    <time>2025-08-06T06:33:34Z</time>
   </trkpt>
   <trkpt lat="25.0275340" lon="121.4155900">
    <ele>23.6</ele>
    <time>2025-08-06T06:33:35Z</time>
   </trkpt>
   <trkpt lat="25.0275320" lon="121.4155850">
    <ele>23.6</ele>
    <time>2025-08-06T06:33:36Z</time>
   </trkpt>
   <trkpt lat="25.0275340" lon="121.4155700">
    <ele>23.7</ele>
    <time>2025-08-06T06:33:37Z</time>
   </trkpt>
   <trkpt lat="25.0275330" lon="121.4155590">
    <ele>23.8</ele>
    <time>2025-08-06T06:33:38Z</time>
   </trkpt>
   <trkpt lat="25.0275370" lon="121.4155550">
    <ele>23.8</ele>
    <time>2025-08-06T06:33:39Z</time>
   </trkpt>
   <trkpt lat="25.0275330" lon="121.4155410">
    <ele>23.8</ele>
    <time>2025-08-06T06:33:40Z</time>
   </trkpt>
   <trkpt lat="25.0275370" lon="121.4155280">
    <ele>23.9</ele>
    <time>2025-08-06T06:33:41Z</time>
   </trkpt>
   <trkpt lat="25.0275440" lon="121.4155150">
    <ele>24.0</ele>
    <time>2025-08-06T06:33:42Z</time>
   </trkpt>
   <trkpt lat="25.0275480" lon="121.4155090">
    <ele>24.0</ele>
    <time>2025-08-06T06:33:43Z</time>
   </trkpt>
   <trkpt lat="25.0275490" lon="121.4154920">
    <ele>24.1</ele>
    <time>2025-08-06T06:33:44Z</time>
   </trkpt>
   <trkpt lat="25.0275550" lon="121.4154800">
    <ele>24.1</ele>
    <time>2025-08-06T06:33:45Z</time>
   </trkpt>
   <trkpt lat="25.0275620" lon="121.4154740">
    <ele>24.1</ele>
    <time>2025-08-06T06:33:46Z</time>
   </trkpt>
   <trkpt lat="25.0275670" lon="121.4154740">
    <ele>24.1</ele>
    <time>2025-08-06T06:33:47Z</time>
   </trkpt>
   <trkpt lat="25.0275620" lon="121.4154710">
    <ele>24.2</ele>
    <time>2025-08-06T06:33:48Z</time>
   </trkpt>
   <trkpt lat="25.0275510" lon="121.4154700">
    <ele>24.2</ele>
    <time>2025-08-06T06:33:49Z</time>
   </trkpt>
   <trkpt lat="25.0275430" lon="121.4154620">
    <ele>24.2</ele>
    <time>2025-08-06T06:33:50Z</time>
   </trkpt>
   <trkpt lat="25.0275370" lon="121.4154430">
    <ele>24.3</ele>
    <time>2025-08-06T06:33:51Z</time>
   </trkpt>
   <trkpt lat="25.0275340" lon="121.4154310">
    <ele>24.3</ele>
    <time>2025-08-06T06:33:52Z</time>
   </trkpt>
   <trkpt lat="25.0275310" lon="121.4154190">
    <ele>24.4</ele>
    <time>2025-08-06T06:33:53Z</time>
   </trkpt>
   <trkpt lat="25.0275310" lon="121.4154420">
    <ele>24.4</ele>
    <time>2025-08-06T06:33:54Z</time>
   </trkpt>
   <trkpt lat="25.0275340" lon="121.4154360">
    <ele>24.4</ele>
    <time>2025-08-06T06:33:55Z</time>
   </trkpt>
   <trkpt lat="25.0275320" lon="121.4154400">
    <ele>24.4</ele>
    <time>2025-08-06T06:33:56Z</time>
   </trkpt>
   <trkpt lat="25.0275340" lon="121.4154380">
    <ele>24.4</ele>
    <time>2025-08-06T06:33:57Z</time>
   </trkpt>
   <trkpt lat="25.0275370" lon="121.4154360">
    <ele>24.4</ele>
    <time>2025-08-06T06:33:58Z</time>
   </trkpt>
   <trkpt lat="25.0275350" lon="121.4154000">
    <ele>24.5</ele>
    <time>2025-08-06T06:33:59Z</time>
   </trkpt>
   <trkpt lat="25.0275360" lon="121.4153930">
    <ele>24.5</ele>
    <time>2025-08-06T06:34:00Z</time>
   </trkpt>
   <trkpt lat="25.0275360" lon="121.4153830">
    <ele>24.6</ele>
    <time>2025-08-06T06:34:01Z</time>
   </trkpt>
   <trkpt lat="25.0275470" lon="121.4153330">
    <ele>24.6</ele>
    <time>2025-08-06T06:34:02Z</time>
   </trkpt>
   <trkpt lat="25.0275520" lon="121.4152950">
    <ele>24.7</ele>
    <time>2025-08-06T06:34:03Z</time>
   </trkpt>
   <trkpt lat="25.0275580" lon="121.4152580">
    <ele>24.7</ele>
    <time>2025-08-06T06:34:04Z</time>
   </trkpt>
   <trkpt lat="25.0275630" lon="121.4152210">
    <ele>24.8</ele>
    <time>2025-08-06T06:34:05Z</time>
   </trkpt>
   <trkpt lat="25.0275690" lon="121.4151840">
    <ele>24.8</ele>
    <time>2025-08-06T06:34:06Z</time>
   </trkpt>
   <trkpt lat="25.0275740" lon="121.4151460">
    <ele>24.9</ele>
    <time>2025-08-06T06:34:07Z</time>
   </trkpt>
   <trkpt lat="25.0275800" lon="121.4151090">
    <ele>24.9</ele>
    <time>2025-08-06T06:34:08Z</time>
   </trkpt>
   <trkpt lat="25.0275850" lon="121.4150720">
    <ele>24.9</ele>
    <time>2025-08-06T06:34:09Z</time>
   </trkpt>
   <trkpt lat="25.0275910" lon="121.4150350">
    <ele>25.0</ele>
    <time>2025-08-06T06:34:11Z</time>
   </trkpt>
   <trkpt lat="25.0275960" lon="121.4149970">
    <ele>25.0</ele>
    <time>2025-08-06T06:34:42Z</time>
   </trkpt>
   <trkpt lat="25.0276020" lon="121.4149600">
    <ele>25.0</ele>
    <time>2025-08-06T06:34:43Z</time>
   </trkpt>
   <trkpt lat="25.0276130" lon="121.4149480">
    <ele>25.0</ele>
    <time>2025-08-06T06:34:44Z</time>
   </trkpt>
   <trkpt lat="25.0276200" lon="121.4149360">
    <ele>25.1</ele>
    <time>2025-08-06T06:34:45Z</time>
   </trkpt>
   <trkpt lat="25.0276280" lon="121.4149240">
    <ele>25.1</ele>
    <time>2025-08-06T06:34:46Z</time>
   </trkpt>
   <trkpt lat="25.0276350" lon="121.4149140">
    <ele>25.1</ele>
    <time>2025-08-06T06:34:47Z</time>
   </trkpt>
   <trkpt lat="25.0276510" lon="121.4148880">
    <ele>25.1</ele>
    <time>2025-08-06T06:34:49Z</time>
   </trkpt>
   <trkpt lat="25.0276590" lon="121.4148740">
    <ele>25.1</ele>
    <time>2025-08-06T06:34:50Z</time>
   </trkpt>
   <trkpt lat="25.0276690" lon="121.4148580">
    <ele>25.1</ele>
    <time>2025-08-06T06:34:51Z</time>
   </trkpt>
   <trkpt lat="25.0276780" lon="121.4148430">
    <ele>25.1</ele>
    <time>2025-08-06T06:34:52Z</time>
   </trkpt>
   <trkpt lat="25.0276730" lon="121.4148610">
    <ele>25.1</ele>
    <time>2025-08-06T06:34:53Z</time>
   </trkpt>
   <trkpt lat="25.0276720" lon="121.4148610">
    <ele>25.5</ele>
    <time>2025-08-06T06:34:54Z</time>
   </trkpt>
   <trkpt lat="25.0276570" lon="121.4149050">
    <ele>25.2</ele>
    <time>2025-08-06T06:34:58Z</time>
   </trkpt>
   <trkpt lat="25.0276380" lon="121.4149370">
    <ele>25.0</ele>
    <time>2025-08-06T06:34:59Z</time>
   </trkpt>
   <trkpt lat="25.0289610" lon="121.4109820">
    <ele>51.7</ele>
    <time>2025-08-06T06:35:00Z</time>
   </trkpt>
   <trkpt lat="25.0277600" lon="121.4147960">
    <ele>25.5</ele>
    <time>2025-08-06T06:35:04Z</time>
   </trkpt>
   <trkpt lat="25.0278150" lon="121.4147690">
    <ele>25.2</ele>
    <time>2025-08-06T06:35:05Z</time>
   </trkpt>
   <trkpt lat="25.0278640" lon="121.4147490">
    <ele>26.4</ele>
    <time>2025-08-06T06:35:06Z</time>
   </trkpt>
   <trkpt lat="25.0279130" lon="121.4147290">
    <ele>26.7</ele>
    <time>2025-08-06T06:35:07Z</time>
   </trkpt>
   <trkpt lat="25.0279810" lon="121.4147240">
    <ele>26.8</ele>
    <time>2025-08-06T06:35:08Z</time>
   </trkpt>
   <trkpt lat="25.0280350" lon="121.4147200">
    <ele>27.1</ele>
    <time>2025-08-06T06:35:09Z</time>
   </trkpt>
   <trkpt lat="25.0282550" lon="121.4148240">
    <ele>27.5</ele>
    <time>2025-08-06T06:35:10Z</time>
   </trkpt>
   <trkpt lat="25.0282420" lon="121.4148200">
    <ele>27.5</ele>
    <time>2025-08-06T06:35:11Z</time>
   </trkpt>
   <trkpt lat="25.0281330" lon="121.4148830">
    <ele>25.4</ele>
    <time>2025-08-06T06:35:12Z</time>
   </trkpt>
   <trkpt lat="25.0280440" lon="121.4149820">
    <ele>23.1</ele>
    <time>2025-08-06T06:35:13Z</time>
   </trkpt>
   <trkpt lat="25.0280250" lon="121.4149590">
    <ele>23.4</ele>
    <time>2025-08-06T06:35:14Z</time>
   </trkpt>
   <trkpt lat="25.0280300" lon="121.4149380">
    <ele>23.3</ele>
    <time>2025-08-06T06:35:15Z</time>
   </trkpt>
   <trkpt lat="25.0280340" lon="121.4149170">
    <ele>23.9</ele>
    <time>2025-08-06T06:35:16Z</time>
   </trkpt>
   <trkpt lat="25.0280380" lon="121.4148960">
    <ele>23.9</ele>
    <time>2025-08-06T06:35:17Z</time>
   </trkpt>
   <trkpt lat="25.0280420" lon="121.4148740">
    <ele>24.5</ele>
    <time>2025-08-06T06:35:18Z</time>
   </trkpt>
   <trkpt lat="25.0280470" lon="121.4148530">
    <ele>24.5</ele>
    <time>2025-08-06T06:35:19Z</time>
   </trkpt>
   <trkpt lat="25.0280510" lon="121.4148320">
    <ele>25.1</ele>
    <time>2025-08-06T06:35:20Z</time>
   </trkpt>
   <trkpt lat="25.0280550" lon="121.4148110">
    <ele>25.1</ele>
    <time>2025-08-06T06:35:21Z</time>
   </trkpt>
   <trkpt lat="25.0280350" lon="121.4148690">
    <ele>24.4</ele>
    <time>2025-08-06T06:35:22Z</time>
   </trkpt>
   <trkpt lat="25.0280400" lon="121.4148230">
    <ele>25.0</ele>
    <time>2025-08-06T06:35:23Z</time>
   </trkpt>
   <trkpt lat="25.0280370" lon="121.4148820">
    <ele>24.3</ele>
    <time>2025-08-06T06:35:24Z</time>
   </trkpt>
   <trkpt lat="25.0280350" lon="121.4149150">
    <ele>23.6</ele>
    <time>2025-08-06T06:35:25Z</time>
   </trkpt>
   <trkpt lat="25.0280310" lon="121.4149620">
    <ele>23.0</ele>
    <time>2025-08-06T06:35:26Z</time>
   </trkpt>
   <trkpt lat="25.0280230" lon="121.4150010">
    <ele>22.6</ele>
    <time>2025-08-06T06:35:27Z</time>
   </trkpt>
   <trkpt lat="25.0279790" lon="121.4149620">
    <ele>22.1</ele>
    <time>2025-08-06T06:35:28Z</time>
   </trkpt>
   <trkpt lat="25.0279690" lon="121.4149560">
    <ele>22.1</ele>
    <time>2025-08-06T06:35:29Z</time>
   </trkpt>
   <trkpt lat="25.0279570" lon="121.4149540">
    <ele>22.0</ele>
    <time>2025-08-06T06:35:30Z</time>
   </trkpt>
   <trkpt lat="25.0279450" lon="121.4149510">
    <ele>22.0</ele>
    <time>2025-08-06T06:35:31Z</time>
   </trkpt>
   <trkpt lat="25.0279330" lon="121.4149490">
    <ele>21.9</ele>
    <time>2025-08-06T06:35:32Z</time>
   </trkpt>
   <trkpt lat="25.0279210" lon="121.4149460">
    <ele>21.9</ele>
    <time>2025-08-06T06:35:33Z</time>
   </trkpt>
   <trkpt lat="25.0279160" lon="121.4149710">
    <ele>21.9</ele>
    <time>2025-08-06T06:35:34Z</time>
   </trkpt>
   <trkpt lat="25.0279080" lon="121.4149920">
    <ele>21.5</ele>
    <time>2025-08-06T06:35:35Z</time>
   </trkpt>
   <trkpt lat="25.0279010" lon="121.4150130">
    <ele>21.5</ele>
    <time>2025-08-06T06:35:36Z</time>
   </trkpt>
   <trkpt lat="25.0278780" lon="121.4149960">
    <ele>21.4</ele>
    <time>2025-08-06T06:35:37Z</time>
   </trkpt>
   <trkpt lat="25.0278550" lon="121.4149790">
    <ele>21.4</ele>
    <time>2025-08-06T06:35:38Z</time>
   </trkpt>
   <trkpt lat="25.0278310" lon="121.4149610">
    <ele>21.6</ele>
    <time>2025-08-06T06:35:39Z</time>
   </trkpt>
   <trkpt lat="25.0278070" lon="121.4149440">
    <ele>21.7</ele>
    <time>2025-08-06T06:35:40Z</time>
   </trkpt>
   <trkpt lat="25.0277960" lon="121.4149500">
    <ele>21.7</ele>
    <time>2025-08-06T06:35:41Z</time>
   </trkpt>
   <trkpt lat="25.0277780" lon="121.4149520">
    <ele>22.1</ele>
    <time>2025-08-06T06:35:42Z</time>
   </trkpt>
   <trkpt lat="25.0278320" lon="121.4150320">
    <ele>21.2</ele>
    <time>2025-08-06T06:35:43Z</time>
   </trkpt>
   <trkpt lat="25.0279070" lon="121.4151020">
    <ele>21.2</ele>
    <time>2025-08-06T06:35:44Z</time>
   </trkpt>
   <trkpt lat="25.0279820" lon="121.4151730">
    <ele>21.3</ele>
    <time>2025-08-06T06:35:46Z</time>
   </trkpt>
   <trkpt lat="25.0276550" lon="121.4147790">
    <ele>24.9</ele>
    <time>2025-08-06T06:35:50Z</time>
   </trkpt>
   <trkpt lat="25.0276770" lon="121.4147410">
    <ele>25.8</ele>
    <time>2025-08-06T06:35:51Z</time>
   </trkpt>
   <trkpt lat="25.0276990" lon="121.4147030">
    <ele>27.0</ele>
    <time>2025-08-06T06:35:52Z</time>
   </trkpt>
   <trkpt lat="25.0277210" lon="121.4146650">
    <ele>27.9</ele>
    <time>2025-08-06T06:35:53Z</time>
   </trkpt>
   <trkpt lat="25.0277420" lon="121.4146270">
    <ele>29.3</ele>
    <time>2025-08-06T06:36:47Z</time>
   </trkpt>
   <trkpt lat="25.0277640" lon="121.4145890">
    <ele>30.5</ele>
    <time>2025-08-06T06:36:48Z</time>
   </trkpt>
   <trkpt lat="25.0277860" lon="121.4145510">
    <ele>30.4</ele>
    <time>2025-08-06T06:36:49Z</time>
   </trkpt>
   <trkpt lat="25.0277730" lon="121.4145240">
    <ele>31.9</ele>
    <time>2025-08-06T06:36:50Z</time>
   </trkpt>
   <trkpt lat="25.0277690" lon="121.4145560">
    <ele>30.4</ele>
    <time>2025-08-06T06:36:51Z</time>
   </trkpt>
   <trkpt lat="25.0277690" lon="121.4145910">
    <ele>28.8</ele>
    <time>2025-08-06T06:36:52Z</time>
   </trkpt>
   <trkpt lat="25.0277690" lon="121.4145910">
    <ele>28.8</ele>
    <time>2025-08-06T06:36:53Z</time>
   </trkpt>
   <trkpt lat="25.0277670" lon="121.4145560">
    <ele>30.3</ele>
    <time>2025-08-06T06:36:54Z</time>
   </trkpt>
   <trkpt lat="25.0277750" lon="121.4145930">
    <ele>28.7</ele>
    <time>2025-08-06T06:36:55Z</time>
   </trkpt>
   <trkpt lat="25.0277900" lon="121.4146040">
    <ele>28.5</ele>
    <time>2025-08-06T06:36:56Z</time>
   </trkpt>
   <trkpt lat="25.0278030" lon="121.4146150">
    <ele>28.4</ele>
    <time>2025-08-06T06:36:57Z</time>
   </trkpt>
   <trkpt lat="25.0278170" lon="121.4146270">
    <ele>28.4</ele>
    <time>2025-08-06T06:36:58Z</time>
   </trkpt>
   <trkpt lat="25.0278310" lon="121.4146390">
    <ele>26.9</ele>
    <time>2025-08-06T06:36:59Z</time>
   </trkpt>
   <trkpt lat="25.0278440" lon="121.4146510">
    <ele>26.9</ele>
    <time>2025-08-06T06:37:07Z</time>
   </trkpt>
   <trkpt lat="25.0278580" lon="121.4146620">
    <ele>26.9</ele>
    <time>2025-08-06T06:37:08Z</time>
   </trkpt>
   <trkpt lat="25.0278710" lon="121.4146740">
    <ele>26.9</ele>
    <time>2025-08-06T06:37:09Z</time>
   </trkpt>
   <trkpt lat="25.0278850" lon="121.4146860">
    <ele>25.7</ele>
    <time>2025-08-06T06:37:10Z</time>
   </trkpt>
   <trkpt lat="25.0278990" lon="121.4146770">
    <ele>25.7</ele>
    <time>2025-08-06T06:37:11Z</time>
   </trkpt>
   <trkpt lat="25.0279200" lon="121.4146880">
    <ele>25.7</ele>
    <time>2025-08-06T06:37:12Z</time>
   </trkpt>
   <trkpt lat="25.0279350" lon="121.4146630">
    <ele>26.8</ele>
    <time>2025-08-06T06:37:13Z</time>
   </trkpt>
   <trkpt lat="25.0279420" lon="121.4146540">
    <ele>26.7</ele>
    <time>2025-08-06T06:37:14Z</time>
   </trkpt>
   <trkpt lat="25.0279590" lon="121.4146440">
    <ele>26.7</ele>
    <time>2025-08-06T06:37:15Z</time>
   </trkpt>
   <trkpt lat="25.0279700" lon="121.4146550">
    <ele>26.7</ele>
    <time>2025-08-06T06:37:16Z</time>
   </trkpt>
   <trkpt lat="25.0279800" lon="121.4146660">
    <ele>26.7</ele>
    <time>2025-08-06T06:37:17Z</time>
   </trkpt>
   <trkpt lat="25.0279900" lon="121.4146770">
    <ele>25.7</ele>
    <time>2025-08-06T06:37:18Z</time>
   </trkpt>
   <trkpt lat="25.0279710" lon="121.4146810">
    <ele>25.6</ele>
    <time>2025-08-06T06:37:19Z</time>
   </trkpt>
   <trkpt lat="25.0279680" lon="121.4146850">
    <ele>25.5</ele>
    <time>2025-08-06T06:37:20Z</time>
   </trkpt>
   <trkpt lat="25.0279650" lon="121.4146880">
    <ele>25.5</ele>
    <time>2025-08-06T06:37:21Z</time>
   </trkpt>
   <trkpt lat="25.0279630" lon="121.4146920">
    <ele>25.5</ele>
    <time>2025-08-06T06:37:22Z</time>
   </trkpt>
   <trkpt lat="25.0279600" lon="121.4146950">
    <ele>25.4</ele>
    <time>2025-08-06T06:37:23Z</time>
   </trkpt>
   <trkpt lat="25.0279570" lon="121.4146990">
    <ele>25.4</ele>
    <time>2025-08-06T06:37:24Z</time>
   </trkpt>
   <trkpt lat="25.0279540" lon="121.4147020">
    <ele>25.4</ele>
    <time>2025-08-06T06:37:25Z</time>
   </trkpt>
   <trkpt lat="25.0279380" lon="121.4146990">
    <ele>25.3</ele>
    <time>2025-08-06T06:37:26Z</time>
   </trkpt>
   <trkpt lat="25.0279270" lon="121.4146910">
    <ele>25.2</ele>
    <time>2025-08-06T06:37:27Z</time>
   </trkpt>
   <trkpt lat="25.0279270" lon="121.4146490">
    <ele>26.3</ele>
    <time>2025-08-06T06:37:32Z</time>
   </trkpt>
   <trkpt lat="25.0279290" lon="121.4146420">
    <ele>26.2</ele>
    <time>2025-08-06T06:37:33Z</time>
   </trkpt>
   <trkpt lat="25.0279050" lon="121.4146540">
    <ele>26.2</ele>
    <time>2025-08-06T06:37:34Z</time>
   </trkpt>
   <trkpt lat="25.0279060" lon="121.4146540">
    <ele>26.1</ele>
    <time>2025-08-06T06:37:35Z</time>
   </trkpt>
   <trkpt lat="25.0279060" lon="121.4146540">
    <ele>26.1</ele>
    <time>2025-08-06T06:37:36Z</time>
   </trkpt>
   <trkpt lat="25.0279140" lon="121.4146530">
    <ele>26.1</ele>
    <time>2025-08-06T06:37:37Z</time>
   </trkpt>
   <trkpt lat="25.0279220" lon="121.4146510">
    <ele>26.1</ele>
    <time>2025-08-06T06:37:38Z</time>
   </trkpt>
   <trkpt lat="25.0279360" lon="121.4146530">
    <ele>26.0</ele>
    <time>2025-08-06T06:37:39Z</time>
   </trkpt>
   <trkpt lat="25.0279540" lon="121.4146680">
    <ele>26.0</ele>
    <time>2025-08-06T06:37:40Z</time>
   </trkpt>
   <trkpt lat="25.0279840" lon="121.4146690">
    <ele>26.0</ele>
    <time>2025-08-06T06:37:41Z</time>
   </trkpt>
   <trkpt lat="25.0279930" lon="121.4146670">
    <ele>26.0</ele>
    <time>2025-08-06T06:37:42Z</time>
   </trkpt>
   <trkpt lat="25.0280110" lon="121.4146610">
    <ele>26.0</ele>
    <time>2025-08-06T06:37:43Z</time>
   </trkpt>
   <trkpt lat="25.0280250" lon="121.4146610">
    <ele>26.0</ele>
    <time>2025-08-06T06:37:44Z</time>
   </trkpt>
   <trkpt lat="25.0280200" lon="121.4146450">
    <ele>25.9</ele>
    <time>2025-08-06T06:37:45Z</time>
   </trkpt>
   <trkpt lat="25.0279900" lon="121.4146370">
    <ele>25.9</ele>
    <time>2025-08-06T06:37:46Z</time>
   </trkpt>
   <trkpt lat="25.0279770" lon="121.4146280">
    <ele>26.9</ele>
    <time>2025-08-06T06:37:47Z</time>
   </trkpt>
   <trkpt lat="25.0279610" lon="121.4146220">
    <ele>26.9</ele>
    <time>2025-08-06T06:37:48Z</time>
   </trkpt>
   <trkpt lat="25.0279440" lon="121.4146160">
    <ele>26.9</ele>
    <time>2025-08-06T06:37:49Z</time>
   </trkpt>
   <trkpt lat="25.0279530" lon="121.4146140">
    <ele>26.8</ele>
    <time>2025-08-06T06:37:50Z</time>
   </trkpt>
   <trkpt lat="25.0279640" lon="121.4146110">
    <ele>26.8</ele>
    <time>2025-08-06T06:37:51Z</time>
   </trkpt>
   <trkpt lat="25.0279740" lon="121.4146090">
    <ele>26.7</ele>
    <time>2025-08-06T06:37:52Z</time>
   </trkpt>
   <trkpt lat="25.0279850" lon="121.4146060">
    <ele>26.7</ele>
    <time>2025-08-06T06:37:53Z</time>
   </trkpt>
   <trkpt lat="25.0279960" lon="121.4146040">
    <ele>26.6</ele>
    <time>2025-08-06T06:37:54Z</time>
   </trkpt>
   <trkpt lat="25.0279750" lon="121.4145450">
    <ele>29.2</ele>
    <time>2025-08-06T06:37:55Z</time>
   </trkpt>
   <trkpt lat="25.0279900" lon="121.4145290">
    <ele>29.0</ele>
    <time>2025-08-06T06:37:56Z</time>
   </trkpt>
   <trkpt lat="25.0279900" lon="121.4145250">
    <ele>29.0</ele>
    <time>2025-08-06T06:37:57Z</time>
   </trkpt>
   <trkpt lat="25.0279890" lon="121.4145200">
    <ele>28.9</ele>
    <time>2025-08-06T06:37:58Z</time>
   </trkpt>
   <trkpt lat="25.0279890" lon="121.4145160">
    <ele>28.9</ele>
    <time>2025-08-06T06:37:59Z</time>
   </trkpt>
   <trkpt lat="25.0279880" lon="121.4145110">
    <ele>28.9</ele>
    <time>2025-08-06T06:38:00Z</time>
   </trkpt>
   <trkpt lat="25.0279870" lon="121.4145060">
    <ele>28.8</ele>
    <time>2025-08-06T06:38:01Z</time>
   </trkpt>
   <trkpt lat="25.0279870" lon="121.4145020">
    <ele>30.0</ele>
    <time>2025-08-06T06:38:02Z</time>
   </trkpt>
   <trkpt lat="25.0279860" lon="121.4144970">
    <ele>30.0</ele>
    <time>2025-08-06T06:38:03Z</time>
   </trkpt>
   <trkpt lat="25.0279850" lon="121.4144920">
    <ele>29.9</ele>
    <time>2025-08-06T06:38:04Z</time>
   </trkpt>
   <trkpt lat="25.0279850" lon="121.4144880">
    <ele>29.9</ele>
    <time>2025-08-06T06:38:05Z</time>
   </trkpt>
   <trkpt lat="25.0279840" lon="121.4144830">
    <ele>29.9</ele>
    <time>2025-08-06T06:38:06Z</time>
   </trkpt>
   <trkpt lat="25.0279840" lon="121.4144790">
    <ele>29.8</ele>
    <time>2025-08-06T06:38:09Z</time>
   </trkpt>
   <trkpt lat="25.0279830" lon="121.4144740">
    <ele>30.0</ele>
    <time>2025-08-06T06:38:10Z</time>
   </trkpt>
   <trkpt lat="25.0280110" lon="121.4144970">
    <ele>29.8</ele>
    <time>2025-08-06T06:38:11Z</time>
   </trkpt>
   <trkpt lat="25.0280250" lon="121.4145090">
    <ele>28.4</ele>
    <time>2025-08-06T06:38:12Z</time>
   </trkpt>
   <trkpt lat="25.0279960" lon="121.4144360">
    <ele>30.8</ele>
    <time>2025-08-06T06:38:13Z</time>
   </trkpt>
   <trkpt lat="25.0279950" lon="121.4144730">
    <ele>29.7</ele>
    <time>2025-08-06T06:38:14Z</time>
   </trkpt>
   <trkpt lat="25.0280010" lon="121.4144610">
    <ele>30.7</ele>
    <time>2025-08-06T06:38:15Z</time>
   </trkpt>
   <trkpt lat="25.0280100" lon="121.4144430">
    <ele>30.7</ele>
    <time>2025-08-06T06:38:16Z</time>
   </trkpt>
   <trkpt lat="25.0279940" lon="121.4144330">
    <ele>30.6</ele>
    <time>2025-08-06T06:38:18Z</time>
   </trkpt>
   <trkpt lat="25.0279940" lon="121.4144090">
    <ele>31.6</ele>
    <time>2025-08-06T06:38:19Z</time>
   </trkpt>
   <trkpt lat="25.0279930" lon="121.4143840">
    <ele>31.5</ele>
    <time>2025-08-06T06:38:20Z</time>
   </trkpt>
   <trkpt lat="25.0279890" lon="121.4143900">
    <ele>31.5</ele>
    <time>2025-08-06T06:38:21Z</time>
   </trkpt>
   <trkpt lat="25.0279920" lon="121.4144000">
    <ele>31.5</ele>
    <time>2025-08-06T06:38:22Z</time>
   </trkpt>
   <trkpt lat="25.0279910" lon="121.4143930">
    <ele>31.4</ele>
    <time>2025-08-06T06:38:23Z</time>
   </trkpt>
   <trkpt lat="25.0279920" lon="121.4143750">
    <ele>32.4</ele>
    <time>2025-08-06T06:38:24Z</time>
   </trkpt>
   <trkpt lat="25.0279930" lon="121.4143700">
    <ele>32.3</ele>
    <time>2025-08-06T06:38:25Z</time>
   </trkpt>
   <trkpt lat="25.0279930" lon="121.4143570">
    <ele>32.3</ele>
    <time>2025-08-06T06:38:26Z</time>
   </trkpt>
   <trkpt lat="25.0279850" lon="121.4143520">
    <ele>32.2</ele>
    <time>2025-08-06T06:38:27Z</time>
   </trkpt>
   <trkpt lat="25.0279890" lon="121.4143450">
    <ele>32.2</ele>
    <time>2025-08-06T06:38:28Z</time>
   </trkpt>
   <trkpt lat="25.0279970" lon="121.4143400">
    <ele>32.2</ele>
    <time>2025-08-06T06:38:29Z</time>
   </trkpt>
   <trkpt lat="25.0280060" lon="121.4143350">
    <ele>32.1</ele>
    <time>2025-08-06T06:38:30Z</time>
   </trkpt>
   <trkpt lat="25.0280140" lon="121.4143290">
    <ele>33.1</ele>
    <time>2025-08-06T06:38:50Z</time>
   </trkpt>
   <trkpt lat="25.0280220" lon="121.4143240">
    <ele>33.0</ele>
    <time>2025-08-06T06:38:51Z</time>
   </trkpt>
   <trkpt lat="25.0280300" lon="121.4143190">
    <ele>32.5</ele>
    <time>2025-08-06T06:38:52Z</time>
   </trkpt>
   <trkpt lat="25.0280170" lon="121.4142950">
    <ele>33.0</ele>
    <time>2025-08-06T06:38:53Z</time>
   </trkpt>
   <trkpt lat="25.0280100" lon="121.4142930">
    <ele>32.9</ele>
    <time>2025-08-06T06:38:54Z</time>
   </trkpt>
   <trkpt lat="25.0280030" lon="121.4142900">
    <ele>32.9</ele>
    <time>2025-08-06T06:38:55Z</time>
   </trkpt>
   <trkpt lat="25.0279960" lon="121.4142880">
    <ele>33.5</ele>
    <time>2025-08-06T06:38:56Z</time>
   </trkpt>
   <trkpt lat="25.0279860" lon="121.4142690">
    <ele>33.5</ele>
    <time>2025-08-06T06:38:57Z</time>
   </trkpt>
   <trkpt lat="25.0279770" lon="121.4142580">
    <ele>33.8</ele>
    <time>2025-08-06T06:38:58Z</time>
   </trkpt>
   <trkpt lat="25.0279680" lon="121.4142460">
    <ele>34.0</ele>
    <time>2025-08-06T06:38:59Z</time>
   </trkpt>
   <trkpt lat="25.0279670" lon="121.4142660">
    <ele>33.7</ele>
    <time>2025-08-06T06:39:00Z</time>
   </trkpt>
   <trkpt lat="25.0279700" lon="121.4142710">
    <ele>33.7</ele>
    <time>2025-08-06T06:39:01Z</time>
   </trkpt>
   <trkpt lat="25.0279700" lon="121.4142590">
    <ele>33.6</ele>
    <time>2025-08-06T06:39:02Z</time>
   </trkpt>
   <trkpt lat="25.0279750" lon="121.4142490">
    <ele>33.6</ele>
    <time>2025-08-06T06:39:03Z</time>
   </trkpt>
   <trkpt lat="25.0279740" lon="121.4142430">
    <ele>33.8</ele>
    <time>2025-08-06T06:39:04Z</time>
   </trkpt>
   <trkpt lat="25.0279690" lon="121.4142390">
    <ele>33.8</ele>
    <time>2025-08-06T06:39:05Z</time>
   </trkpt>
   <trkpt lat="25.0279650" lon="121.4142330">
    <ele>33.8</ele>
    <time>2025-08-06T06:39:06Z</time>
   </trkpt>
   <trkpt lat="25.0279590" lon="121.4142260">
    <ele>33.7</ele>
    <time>2025-08-06T06:39:07Z</time>
   </trkpt>
   <trkpt lat="25.0279510" lon="121.4142110">
    <ele>33.7</ele>
    <time>2025-08-06T06:39:08Z</time>
   </trkpt>
   <trkpt lat="25.0279600" lon="121.4141930">
    <ele>33.9</ele>
    <time>2025-08-06T06:39:09Z</time>
   </trkpt>
   <trkpt lat="25.0279680" lon="121.4141880">
    <ele>33.9</ele>
    <time>2025-08-06T06:39:10Z</time>
   </trkpt>
   <trkpt lat="25.0279670" lon="121.4141820">
    <ele>33.8</ele>
    <time>2025-08-06T06:39:11Z</time>
   </trkpt>
   <trkpt lat="25.0279690" lon="121.4141780">
    <ele>33.8</ele>
    <time>2025-08-06T06:39:12Z</time>
   </trkpt>
   <trkpt lat="25.0279690" lon="121.4141730">
    <ele>33.8</ele>
    <time>2025-08-06T06:39:13Z</time>
   </trkpt>
   <trkpt lat="25.0279690" lon="121.4141710">
    <ele>33.7</ele>
    <time>2025-08-06T06:39:14Z</time>
   </trkpt>
   <trkpt lat="25.0279690" lon="121.4141680">
    <ele>33.7</ele>
    <time>2025-08-06T06:39:15Z</time>
   </trkpt>
   <trkpt lat="25.0279720" lon="121.4141590">
    <ele>33.9</ele>
    <time>2025-08-06T06:39:16Z</time>
   </trkpt>
   <trkpt lat="25.0279770" lon="121.4141490">
    <ele>33.9</ele>
    <time>2025-08-06T06:39:17Z</time>
   </trkpt>
   <trkpt lat="25.0279790" lon="121.4141350">
    <ele>33.8</ele>
    <time>2025-08-06T06:39:18Z</time>
   </trkpt>
   <trkpt lat="25.0279760" lon="121.4141220">
    <ele>33.8</ele>
    <time>2025-08-06T06:39:19Z</time>
   </trkpt>
   <trkpt lat="25.0279680" lon="121.4141130">
    <ele>33.8</ele>
    <time>2025-08-06T06:39:20Z</time>
   </trkpt>
   <trkpt lat="25.0279800" lon="121.4141010">
    <ele>33.8</ele>
    <time>2025-08-06T06:39:21Z</time>
   </trkpt>
   <trkpt lat="25.0279900" lon="121.4140920">
    <ele>33.4</ele>
    <time>2025-08-06T06:39:22Z</time>
   </trkpt>
   <trkpt lat="25.0280010" lon="121.4140830">
    <ele>33.4</ele>
    <time>2025-08-06T06:39:23Z</time>
   </trkpt>
   <trkpt lat="25.0280120" lon="121.4140740">
    <ele>33.1</ele>
    <time>2025-08-06T06:39:24Z</time>
   </trkpt>
   <trkpt lat="25.0280230" lon="121.4140650">
    <ele>32.7</ele>
    <time>2025-08-06T06:39:25Z</time>
   </trkpt>
   <trkpt lat="25.0280330" lon="121.4140560">
    <ele>32.7</ele>
    <time>2025-08-06T06:39:26Z</time>
   </trkpt>
   <trkpt lat="25.0280440" lon="121.4140470">
    <ele>32.6</ele>
    <time>2025-08-06T06:39:27Z</time>
   </trkpt>
   <trkpt lat="25.0280550" lon="121.4140380">
    <ele>32.6</ele>
    <time>2025-08-06T06:39:28Z</time>
   </trkpt>
   <trkpt lat="25.0280650" lon="121.4140290">
    <ele>32.1</ele>
    <time>2025-08-06T06:39:29Z</time>
   </trkpt>
   <trkpt lat="25.0280760" lon="121.4140200">
    <ele>32.0</ele>
    <time>2025-08-06T06:39:47Z</time>
   </trkpt>
   <trkpt lat="25.0280870" lon="121.4140110">
    <ele>32.0</ele>
    <time>2025-08-06T06:39:48Z</time>
   </trkpt>
   <trkpt lat="25.0280980" lon="121.4140020">
    <ele>32.0</ele>
    <time>2025-08-06T06:39:49Z</time>
   </trkpt>
   <trkpt lat="25.0281080" lon="121.4139930">
    <ele>31.6</ele>
    <time>2025-08-06T06:39:50Z</time>
   </trkpt>
   <trkpt lat="25.0281190" lon="121.4139840">
    <ele>31.5</ele>
    <time>2025-08-06T06:39:51Z</time>
   </trkpt>
   <trkpt lat="25.0281300" lon="121.4139880">
    <ele>31.5</ele>
    <time>2025-08-06T06:39:52Z</time>
   </trkpt>
   <trkpt lat="25.0281350" lon="121.4139800">
    <ele>31.5</ele>
    <time>2025-08-06T06:39:53Z</time>
   </trkpt>
   <trkpt lat="25.0281410" lon="121.4139720">
    <ele>31.1</ele>
    <time>2025-08-06T06:39:54Z</time>
   </trkpt>
   <trkpt lat="25.0281470" lon="121.4139630">
    <ele>31.1</ele>
    <time>2025-08-06T06:39:55Z</time>
   </trkpt>
   <trkpt lat="25.0281530" lon="121.4139550">
    <ele>31.1</ele>
    <time>2025-08-06T06:39:56Z</time>
   </trkpt>
   <trkpt lat="25.0281580" lon="121.4139470">
    <ele>31.0</ele>
    <time>2025-08-06T06:40:07Z</time>
   </trkpt>
   <trkpt lat="25.0281640" lon="121.4139390">
    <ele>30.8</ele>
    <time>2025-08-06T06:40:08Z</time>
   </trkpt>
   <trkpt lat="25.0281850" lon="121.4139380">
    <ele>30.5</ele>
    <time>2025-08-06T06:40:09Z</time>
   </trkpt>
   <trkpt lat="25.0281930" lon="121.4139450">
    <ele>30.5</ele>
    <time>2025-08-06T06:40:10Z</time>
   </trkpt>
   <trkpt lat="25.0282020" lon="121.4139530">
    <ele>30.6</ele>
    <time>2025-08-06T06:40:11Z</time>
   </trkpt>
   <trkpt lat="25.0282100" lon="121.4139600">
    <ele>30.6</ele>
    <time>2025-08-06T06:40:12Z</time>
   </trkpt>
   <trkpt lat="25.0282310" lon="121.4139840">
    <ele>30.3</ele>
    <time>2025-08-06T06:40:13Z</time>
   </trkpt>
   <trkpt lat="25.0283260" lon="121.4139980">
    <ele>29.3</ele>
    <time>2025-08-06T06:40:14Z</time>
   </trkpt>
   <trkpt lat="25.0283630" lon="121.4139940">
    <ele>28.7</ele>
    <time>2025-08-06T06:40:16Z</time>
   </trkpt>
   <trkpt lat="25.0283780" lon="121.4139900">
    <ele>28.2</ele>
    <time>2025-08-06T06:40:17Z</time>
   </trkpt>
   <trkpt lat="25.0283820" lon="121.4140010">
    <ele>28.2</ele>
    <time>2025-08-06T06:40:18Z</time>
   </trkpt>
   <trkpt lat="25.0283950" lon="121.4140040">
    <ele>28.1</ele>
    <time>2025-08-06T06:40:19Z</time>
   </trkpt>
   <trkpt lat="25.0284060" lon="121.4139720">
    <ele>28.4</ele>
    <time>2025-08-06T06:40:20Z</time>
   </trkpt>
   <trkpt lat="25.0284050" lon="121.4139400">
    <ele>28.4</ele>
    <time>2025-08-06T06:40:47Z</time>
   </trkpt>
   <trkpt lat="25.0284030" lon="121.4139070">
    <ele>28.4</ele>
    <time>2025-08-06T06:40:48Z</time>
   </trkpt>
   <trkpt lat="25.0284020" lon="121.4138750">
    <ele>28.2</ele>
    <time>2025-08-06T06:40:49Z</time>
   </trkpt>
   <trkpt lat="25.0283920" lon="121.4138680">
    <ele>28.1</ele>
    <time>2025-08-06T06:40:50Z</time>
   </trkpt>
   <trkpt lat="25.0283970" lon="121.4138520">
    <ele>27.9</ele>
    <time>2025-08-06T06:40:51Z</time>
   </trkpt>
   <trkpt lat="25.0284010" lon="121.4138380">
    <ele>27.9</ele>
    <time>2025-08-06T06:40:52Z</time>
   </trkpt>
   <trkpt lat="25.0283950" lon="121.4138320">
    <ele>27.9</ele>
    <time>2025-08-06T06:40:53Z</time>
   </trkpt>
   <trkpt lat="25.0283860" lon="121.4138400">
    <ele>27.9</ele>
    <time>2025-08-06T06:40:54Z</time>
   </trkpt>
   <trkpt lat="25.0283780" lon="121.4138470">
    <ele>27.9</ele>
    <time>2025-08-06T06:40:55Z</time>
   </trkpt>
   <trkpt lat="25.0283690" lon="121.4138550">
    <ele>27.9</ele>
    <time>2025-08-06T06:40:56Z</time>
   </trkpt>
   <trkpt lat="25.0283600" lon="121.4138620">
    <ele>27.9</ele>
    <time>2025-08-06T06:40:57Z</time>
   </trkpt>
   <trkpt lat="25.0283800" lon="121.4139080">
    <ele>27.9</ele>
    <time>2025-08-06T06:40:58Z</time>
   </trkpt>
   <trkpt lat="25.0284410" lon="121.4139280">
    <ele>27.9</ele>
    <time>2025-08-06T06:40:59Z</time>
   </trkpt>
   <trkpt lat="25.0283810" lon="121.4140220">
    <ele>28.0</ele>
    <time>2025-08-06T06:41:00Z</time>
   </trkpt>
   <trkpt lat="25.0283880" lon="121.4139760">
    <ele>28.0</ele>
    <time>2025-08-06T06:41:01Z</time>
   </trkpt>
   <trkpt lat="25.0284070" lon="121.4139700">
    <ele>28.0</ele>
    <time>2025-08-06T06:41:02Z</time>
   </trkpt>
   <trkpt lat="25.0283960" lon="121.4139470">
    <ele>28.1</ele>
    <time>2025-08-06T06:41:03Z</time>
   </trkpt>
   <trkpt lat="25.0283870" lon="121.4139410">
    <ele>28.1</ele>
    <time>2025-08-06T06:41:04Z</time>
   </trkpt>
   <trkpt lat="25.0283660" lon="121.4139540">
    <ele>28.1</ele>
    <time>2025-08-06T06:41:05Z</time>
   </trkpt>
   <trkpt lat="25.0283580" lon="121.4139600">
    <ele>28.1</ele>
    <time>2025-08-06T06:41:06Z</time>
   </trkpt>
   <trkpt lat="25.0283560" lon="121.4139630">
    <ele>28.1</ele>
    <time>2025-08-06T06:41:07Z</time>
   </trkpt>
   <trkpt lat="25.0283530" lon="121.4139660">
    <ele>28.1</ele>
    <time>2025-08-06T06:41:08Z</time>
   </trkpt>
   <trkpt lat="25.0283500" lon="121.4139690">
    <ele>28.1</ele>
    <time>2025-08-06T06:41:09Z</time>
   </trkpt>
   <trkpt lat="25.0283470" lon="121.4139720">
    <ele>28.1</ele>
    <time>2025-08-06T06:41:10Z</time>
   </trkpt>
   <trkpt lat="25.0283450" lon="121.4139750">
    <ele>28.1</ele>
    <time>2025-08-06T06:41:11Z</time>
   </trkpt>
   <trkpt lat="25.0283420" lon="121.4139780">
    <ele>28.1</ele>
    <time>2025-08-06T06:41:12Z</time>
   </trkpt>
   <trkpt lat="25.0283390" lon="121.4139810">
    <ele>28.1</ele>
    <time>2025-08-06T06:41:13Z</time>
   </trkpt>
   <trkpt lat="25.0283580" lon="121.4139550">
    <ele>28.1</ele>
    <time>2025-08-06T06:41:14Z</time>
   </trkpt>
   <trkpt lat="25.0283660" lon="121.4139400">
    <ele>28.1</ele>
    <time>2025-08-06T06:41:15Z</time>
   </trkpt>
   <trkpt lat="25.0283390" lon="121.4139830">
    <ele>28.2</ele>
    <time>2025-08-06T06:41:16Z</time>
   </trkpt>
   <trkpt lat="25.0283150" lon="121.4140220">
    <ele>28.2</ele>
    <time>2025-08-06T06:41:17Z</time>
   </trkpt>
   <trkpt lat="25.0282620" lon="121.4140310">
    <ele>28.2</ele>
    <time>2025-08-06T06:41:18Z</time>
   </trkpt>
   <trkpt lat="25.0282410" lon="121.4139880">
    <ele>28.3</ele>
    <time>2025-08-06T06:41:19Z</time>
   </trkpt>
   <trkpt lat="25.0281800" lon="121.4139520">
    <ele>28.3</ele>
    <time>2025-08-06T06:41:20Z</time>
   </trkpt>
   <trkpt lat="25.0281580" lon="121.4139140">
    <ele>28.4</ele>
    <time>2025-08-06T06:41:21Z</time>
   </trkpt>
   <trkpt lat="25.0281410" lon="121.4138810">
    <ele>28.4</ele>
    <time>2025-08-06T06:41:22Z</time>
   </trkpt>
   <trkpt lat="25.0281340" lon="121.4138700">
    <ele>28.4</ele>
    <time>2025-08-06T06:41:23Z</time>
   </trkpt>
   <trkpt lat="25.0281030" lon="121.4138560">
    <ele>28.4</ele>
    <time>2025-08-06T06:41:24Z</time>
   </trkpt>
   <trkpt lat="25.0280910" lon="121.4138460">
    <ele>28.4</ele>
    <time>2025-08-06T06:41:25Z</time>
   </trkpt>
   <trkpt lat="25.0280790" lon="121.4138350">
    <ele>28.4</ele>
    <time>2025-08-06T06:41:26Z</time>
   </trkpt>
   <trkpt lat="25.0280620" lon="121.4138110">
    <ele>28.5</ele>
    <time>2025-08-06T06:41:27Z</time>
   </trkpt>
   <trkpt lat="25.0280580" lon="121.4137990">
    <ele>28.5</ele>
    <time>2025-08-06T06:41:28Z</time>
   </trkpt>
   <trkpt lat="25.0280490" lon="121.4137830">
    <ele>28.5</ele>
    <time>2025-08-06T06:41:29Z</time>
   </trkpt>
   <trkpt lat="25.0280440" lon="121.4137730">
    <ele>28.5</ele>
    <time>2025-08-06T06:41:30Z</time>
   </trkpt>
   <trkpt lat="25.0280370" lon="121.4137430">
    <ele>28.6</ele>
    <time>2025-08-06T06:41:31Z</time>
   </trkpt>
   <trkpt lat="25.0280350" lon="121.4137290">
    <ele>28.6</ele>
    <time>2025-08-06T06:41:32Z</time>
   </trkpt>
   <trkpt lat="25.0280300" lon="121.4137080">
    <ele>28.6</ele>
    <time>2025-08-06T06:41:33Z</time>
   </trkpt>
   <trkpt lat="25.0280280" lon="121.4136900">
    <ele>28.6</ele>
    <time>2025-08-06T06:41:34Z</time>
   </trkpt>
   <trkpt lat="25.0280210" lon="121.4136820">
    <ele>28.6</ele>
    <time>2025-08-06T06:41:35Z</time>
   </trkpt>
   <trkpt lat="25.0280210" lon="121.4136680">
    <ele>28.7</ele>
    <time>2025-08-06T06:41:36Z</time>
   </trkpt>
   <trkpt lat="25.0280220" lon="121.4136550">
    <ele>28.7</ele>
    <time>2025-08-06T06:41:37Z</time>
   </trkpt>
   <trkpt lat="25.0280140" lon="121.4136550">
    <ele>28.7</ele>
    <time>2025-08-06T06:41:38Z</time>
   </trkpt>
   <trkpt lat="25.0280100" lon="121.4136700">
    <ele>28.7</ele>
    <time>2025-08-06T06:41:39Z</time>
   </trkpt>
   <trkpt lat="25.0280120" lon="121.4136730">
    <ele>28.7</ele>
    <time>2025-08-06T06:41:40Z</time>
   </trkpt>
   <trkpt lat="25.0280090" lon="121.4136730">
    <ele>28.7</ele>
    <time>2025-08-06T06:41:41Z</time>
   </trkpt>
   <trkpt lat="25.0280020" lon="121.4136610">
    <ele>28.8</ele>
    <time>2025-08-06T06:41:42Z</time>
   </trkpt>
   <trkpt lat="25.0280000" lon="121.4136410">
    <ele>28.8</ele>
    <time>2025-08-06T06:41:43Z</time>
   </trkpt>
   <trkpt lat="25.0279990" lon="121.4136270">
    <ele>28.8</ele>
    <time>2025-08-06T06:41:44Z</time>
   </trkpt>
   <trkpt lat="25.0279940" lon="121.4135910">
    <ele>28.9</ele>
    <time>2025-08-06T06:41:45Z</time>
   </trkpt>
   <trkpt lat="25.0279930" lon="121.4135800">
    <ele>28.9</ele>
    <time>2025-08-06T06:41:46Z</time>
   </trkpt>
   <trkpt lat="25.0279920" lon="121.4135450">
    <ele>28.9</ele>
    <time>2025-08-06T06:41:47Z</time>
   </trkpt>
   <trkpt lat="25.0279950" lon="121.4135210">
    <ele>29.0</ele>
    <time>2025-08-06T06:41:48Z</time>
   </trkpt>
   <trkpt lat="25.0279900" lon="121.4135030">
    <ele>29.0</ele>
    <time>2025-08-06T06:41:49Z</time>
   </trkpt>
   <trkpt lat="25.0279870" lon="121.4134920">
    <ele>29.0</ele>
    <time>2025-08-06T06:41:50Z</time>
   </trkpt>
   <trkpt lat="25.0279930" lon="121.4135080">
    <ele>29.0</ele>
    <time>2025-08-06T06:41:51Z</time>
   </trkpt>
   <trkpt lat="25.0279940" lon="121.4135050">
    <ele>29.0</ele>
    <time>2025-08-06T06:41:52Z</time>
   </trkpt>
   <trkpt lat="25.0279960" lon="121.4135020">
    <ele>29.0</ele>
    <time>2025-08-06T06:41:54Z</time>
   </trkpt>
   <trkpt lat="25.0279970" lon="121.4134990">
    <ele>29.1</ele>
    <time>2025-08-06T06:41:55Z</time>
   </trkpt>
   <trkpt lat="25.0279990" lon="121.4134950">
    <ele>29.1</ele>
    <time>2025-08-06T06:41:56Z</time>
   </trkpt>
   <trkpt lat="25.0280000" lon="121.4134920">
    <ele>29.1</ele>
    <time>2025-08-06T06:41:57Z</time>
   </trkpt>
   <trkpt lat="25.0280020" lon="121.4134890">
    <ele>29.1</ele>
    <time>2025-08-06T06:42:36Z</time>
   </trkpt>
   <trkpt lat="25.0280030" lon="121.4134860">
    <ele>29.1</ele>
    <time>2025-08-06T06:42:37Z</time>
   </trkpt>
   <trkpt lat="25.0280050" lon="121.4134830">
    <ele>29.1</ele>
    <time>2025-08-06T06:42:38Z</time>
   </trkpt>
   <trkpt lat="25.0280060" lon="121.4134800">
    <ele>29.1</ele>
    <time>2025-08-06T06:42:39Z</time>
   </trkpt>
   <trkpt lat="25.0280080" lon="121.4134770">
    <ele>29.1</ele>
    <time>2025-08-06T06:42:40Z</time>
   </trkpt>
   <trkpt lat="25.0280090" lon="121.4134740">
    <ele>29.1</ele>
    <time>2025-08-06T06:42:41Z</time>
   </trkpt>
   <trkpt lat="25.0280110" lon="121.4134700">
    <ele>29.1</ele>
    <time>2025-08-06T06:42:42Z</time>
   </trkpt>
   <trkpt lat="25.0280120" lon="121.4134670">
    <ele>29.1</ele>
    <time>2025-08-06T06:42:43Z</time>
   </trkpt>
   <trkpt lat="25.0280140" lon="121.4134640">
    <ele>29.1</ele>
    <time>2025-08-06T06:42:44Z</time>
   </trkpt>
   <trkpt lat="25.0280150" lon="121.4134610">
    <ele>29.1</ele>
    <time>2025-08-06T06:42:45Z</time>
   </trkpt>
   <trkpt lat="25.0280170" lon="121.4134580">
    <ele>29.1</ele>
    <time>2025-08-06T06:42:46Z</time>
   </trkpt>
   <trkpt lat="25.0280180" lon="121.4134550">
    <ele>29.1</ele>
    <time>2025-08-06T06:42:47Z</time>
   </trkpt>
   <trkpt lat="25.0280200" lon="121.4134520">
    <ele>29.1</ele>
    <time>2025-08-06T06:42:48Z</time>
   </trkpt>
   <trkpt lat="25.0280210" lon="121.4134490">
    <ele>29.1</ele>
    <time>2025-08-06T06:42:49Z</time>
   </trkpt>
   <trkpt lat="25.0280230" lon="121.4134450">
    <ele>29.1</ele>
    <time>2025-08-06T06:42:50Z</time>
   </trkpt>
   <trkpt lat="25.0280240" lon="121.4134420">
    <ele>29.1</ele>
    <time>2025-08-06T06:42:51Z</time>
   </trkpt>
   <trkpt lat="25.0280260" lon="121.4134390">
    <ele>29.1</ele>
    <time>2025-08-06T06:42:52Z</time>
   </trkpt>
   <trkpt lat="25.0280270" lon="121.4134360">
    <ele>29.1</ele>
    <time>2025-08-06T06:42:53Z</time>
   </trkpt>
   <trkpt lat="25.0280290" lon="121.4134330">
    <ele>29.1</ele>
    <time>2025-08-06T06:42:54Z</time>
   </trkpt>
   <trkpt lat="25.0280080" lon="121.4134100">
    <ele>29.1</ele>
    <time>2025-08-06T06:42:55Z</time>
   </trkpt>
   <trkpt lat="25.0279810" lon="121.4133900">
    <ele>29.1</ele>
    <time>2025-08-06T06:42:56Z</time>
   </trkpt>
   <trkpt lat="25.0279670" lon="121.4133810">
    <ele>29.1</ele>
    <time>2025-08-06T06:42:57Z</time>
   </trkpt>
   <trkpt lat="25.0279560" lon="121.4133730">
    <ele>29.2</ele>
    <time>2025-08-06T06:42:58Z</time>
   </trkpt>
   <trkpt lat="25.0279460" lon="121.4133650">
    <ele>29.2</ele>
    <time>2025-08-06T06:42:59Z</time>
   </trkpt>
   <trkpt lat="25.0279490" lon="121.4133630">
    <ele>29.2</ele>
    <time>2025-08-06T06:43:00Z</time>
   </trkpt>
   <trkpt lat="25.0279530" lon="121.4133620">
    <ele>29.2</ele>
    <time>2025-08-06T06:43:01Z</time>
   </trkpt>
   <trkpt lat="25.0279500" lon="121.4133600">
    <ele>29.2</ele>
    <time>2025-08-06T06:43:02Z</time>
   </trkpt>
   <trkpt lat="25.0279470" lon="121.4133600">
    <ele>29.2</ele>
    <time>2025-08-06T06:43:03Z</time>
   </trkpt>
   <trkpt lat="25.0279430" lon="121.4133560">
    <ele>29.2</ele>
    <time>2025-08-06T06:43:04Z</time>
   </trkpt>
   <trkpt lat="25.0279390" lon="121.4133490">
    <ele>29.2</ele>
    <time>2025-08-06T06:43:05Z</time>
   </trkpt>
   <trkpt lat="25.0279270" lon="121.4133350">
    <ele>29.2</ele>
    <time>2025-08-06T06:43:06Z</time>
   </trkpt>
   <trkpt lat="25.0279220" lon="121.4133280">
    <ele>29.2</ele>
    <time>2025-08-06T06:43:07Z</time>
   </trkpt>
   <trkpt lat="25.0279150" lon="121.4133240">
    <ele>29.2</ele>
    <time>2025-08-06T06:43:08Z</time>
   </trkpt>
   <trkpt lat="25.0279090" lon="121.4133120">
    <ele>29.2</ele>
    <time>2025-08-06T06:43:09Z</time>
   </trkpt>
   <trkpt lat="25.0279150" lon="121.4132610">
    <ele>29.2</ele>
    <time>2025-08-06T06:43:10Z</time>
   </trkpt>
   <trkpt lat="25.0279190" lon="121.4132250">
    <ele>29.2</ele>
    <time>2025-08-06T06:43:11Z</time>
   </trkpt>
   <trkpt lat="25.0279220" lon="121.4131900">
    <ele>29.3</ele>
    <time>2025-08-06T06:43:12Z</time>
   </trkpt>
   <trkpt lat="25.0279260" lon="121.4131540">
    <ele>29.3</ele>
    <time>2025-08-06T06:43:13Z</time>
   </trkpt>
   <trkpt lat="25.0279310" lon="121.4131410">
    <ele>29.3</ele>
    <time>2025-08-06T06:43:14Z</time>
   </trkpt>
   <trkpt lat="25.0279330" lon="121.4131480">
    <ele>29.3</ele>
    <time>2025-08-06T06:43:15Z</time>
   </trkpt>
   <trkpt lat="25.0279350" lon="121.4131560">
    <ele>29.3</ele>
    <time>2025-08-06T06:43:16Z</time>
   </trkpt>
   <trkpt lat="25.0279370" lon="121.4131630">
    <ele>29.3</ele>
    <time>2025-08-06T06:43:17Z</time>
   </trkpt>
   <trkpt lat="25.0279380" lon="121.4131700">
    <ele>29.3</ele>
    <time>2025-08-06T06:43:18Z</time>
   </trkpt>
   <trkpt lat="25.0279400" lon="121.4131770">
    <ele>29.3</ele>
    <time>2025-08-06T06:43:19Z</time>
   </trkpt>
   <trkpt lat="25.0279420" lon="121.4131850">
    <ele>29.3</ele>
    <time>2025-08-06T06:43:20Z</time>
   </trkpt>
   <trkpt lat="25.0279440" lon="121.4131920">
    <ele>29.3</ele>
    <time>2025-08-06T06:43:21Z</time>
   </trkpt>
   <trkpt lat="25.0279490" lon="121.4132070">
    <ele>29.3</ele>
    <time>2025-08-06T06:43:22Z</time>
   </trkpt>
   <trkpt lat="25.0279590" lon="121.4132140">
    <ele>29.3</ele>
    <time>2025-08-06T06:43:23Z</time>
   </trkpt>
   <trkpt lat="25.0279680" lon="121.4132230">
    <ele>29.3</ele>
    <time>2025-08-06T06:43:24Z</time>
   </trkpt>
   <trkpt lat="25.0280200" lon="121.4133050">
    <ele>29.4</ele>
    <time>2025-08-06T06:43:30Z</time>
   </trkpt>
   <trkpt lat="25.0280220" lon="121.4133060">
    <ele>29.4</ele>
    <time>2025-08-06T06:43:31Z</time>
   </trkpt>
   <trkpt lat="25.0280250" lon="121.4133070">
    <ele>29.4</ele>
    <time>2025-08-06T06:43:32Z</time>
   </trkpt>
   <trkpt lat="25.0280270" lon="121.4133090">
    <ele>29.4</ele>
    <time>2025-08-06T06:43:33Z</time>
   </trkpt>
   <trkpt lat="25.0280290" lon="121.4133100">
    <ele>29.4</ele>
    <time>2025-08-06T06:43:34Z</time>
   </trkpt>
   <trkpt lat="25.0280310" lon="121.4133110">
    <ele>29.4</ele>
    <time>2025-08-06T06:43:35Z</time>
   </trkpt>
   <trkpt lat="25.0280340" lon="121.4133120">
    <ele>29.4</ele>
    <time>2025-08-06T06:43:36Z</time>
   </trkpt>
   <trkpt lat="25.0280360" lon="121.4133130">
    <ele>29.4</ele>
    <time>2025-08-06T06:43:37Z</time>
   </trkpt>
   <trkpt lat="25.0280380" lon="121.4133140">
    <ele>29.4</ele>
    <time>2025-08-06T06:43:38Z</time>
   </trkpt>
   <trkpt lat="25.0280400" lon="121.4133160">
    <ele>29.4</ele>
    <time>2025-08-06T06:43:39Z</time>
   </trkpt>
   <trkpt lat="25.0280430" lon="121.4133170">
    <ele>29.4</ele>
    <time>2025-08-06T06:43:40Z</time>
   </trkpt>
   <trkpt lat="25.0280450" lon="121.4133180">
    <ele>29.4</ele>
    <time>2025-08-06T06:43:41Z</time>
   </trkpt>
   <trkpt lat="25.0280470" lon="121.4133190">
    <ele>29.4</ele>
    <time>2025-08-06T06:43:42Z</time>
   </trkpt>
   <trkpt lat="25.0280470" lon="121.4133560">
    <ele>29.4</ele>
    <time>2025-08-06T06:43:43Z</time>
   </trkpt>
   <trkpt lat="25.0280440" lon="121.4133750">
    <ele>29.3</ele>
    <time>2025-08-06T06:43:44Z</time>
   </trkpt>
   <trkpt lat="25.0280420" lon="121.4133860">
    <ele>29.3</ele>
    <time>2025-08-06T06:43:45Z</time>
   </trkpt>
   <trkpt lat="25.0280370" lon="121.4133880">
    <ele>29.3</ele>
    <time>2025-08-06T06:43:46Z</time>
   </trkpt>
   <trkpt lat="25.0280340" lon="121.4134200">
    <ele>29.3</ele>
    <time>2025-08-06T06:43:47Z</time>
   </trkpt>
   <trkpt lat="25.0280300" lon="121.4134320">
    <ele>29.3</ele>
    <time>2025-08-06T06:43:48Z</time>
   </trkpt>
   <trkpt lat="25.0280230" lon="121.4134500">
    <ele>29.2</ele>
    <time>2025-08-06T06:43:49Z</time>
   </trkpt>
   <trkpt lat="25.0280210" lon="121.4134480">
    <ele>29.2</ele>
    <time>2025-08-06T06:43:50Z</time>
   </trkpt>
   <trkpt lat="25.0280110" lon="121.4134470">
    <ele>29.2</ele>
    <time>2025-08-06T06:43:51Z</time>
   </trkpt>
   <trkpt lat="25.0280090" lon="121.4134290">
    <ele>29.2</ele>
    <time>2025-08-06T06:43:52Z</time>
   </trkpt>
   <trkpt lat="25.0280020" lon="121.4134300">
    <ele>29.2</ele>
    <time>2025-08-06T06:43:53Z</time>
   </trkpt>
   <trkpt lat="25.0280160" lon="121.4134590">
    <ele>29.2</ele>
    <time>2025-08-06T06:43:54Z</time>
   </trkpt>
   <trkpt lat="25.0280180" lon="121.4134670">
    <ele>29.2</ele>
    <time>2025-08-06T06:43:55Z</time>
   </trkpt>
   <trkpt lat="25.0280200" lon="121.4134760">
    <ele>29.1</ele>
    <time>2025-08-06T06:43:56Z</time>
   </trkpt>
   <trkpt lat="25.0280210" lon="121.4134850">
    <ele>29.1</ele>
    <time>2025-08-06T06:43:57Z</time>
   </trkpt>
   <trkpt lat="25.0280230" lon="121.4134930">
    <ele>29.1</ele>
    <time>2025-08-06T06:44:07Z</time>
   </trkpt>
   <trkpt lat="25.0280250" lon="121.4135020">
    <ele>29.1</ele>
    <time>2025-08-06T06:44:08Z</time>
   </trkpt>
   <trkpt lat="25.0280240" lon="121.4134930">
    <ele>29.1</ele>
    <time>2025-08-06T06:44:09Z</time>
   </trkpt>
   <trkpt lat="25.0280480" lon="121.4134750">
    <ele>29.1</ele>
    <time>2025-08-06T06:44:10Z</time>
   </trkpt>
   <trkpt lat="25.0279880" lon="121.4135430">
    <ele>29.0</ele>
    <time>2025-08-06T06:44:12Z</time>
   </trkpt>
   <trkpt lat="25.0279310" lon="121.4136070">
    <ele>28.9</ele>
    <time>2025-08-06T06:44:14Z</time>
   </trkpt>
   <trkpt lat="25.0280150" lon="121.4134800">
    <ele>28.8</ele>
    <time>2025-08-06T06:44:15Z</time>
   </trkpt>
   <trkpt lat="25.0280250" lon="121.4134910">
    <ele>28.8</ele>
    <time>2025-08-06T06:44:16Z</time>
   </trkpt>
   <trkpt lat="25.0280290" lon="121.4134990">
    <ele>28.8</ele>
    <time>2025-08-06T06:44:17Z</time>
   </trkpt>
   <trkpt lat="25.0280330" lon="121.4135070">
    <ele>28.8</ele>
    <time>2025-08-06T06:44:18Z</time>
   </trkpt>
   <trkpt lat="25.0280370" lon="121.4135150">
    <ele>28.8</ele>
    <time>2025-08-06T06:44:19Z</time>
   </trkpt>
   <trkpt lat="25.0280410" lon="121.4135230">
    <ele>28.8</ele>
    <time>2025-08-06T06:44:20Z</time>
   </trkpt>
   <trkpt lat="25.0280460" lon="121.4135310">
    <ele>28.8</ele>
    <time>2025-08-06T06:44:21Z</time>
   </trkpt>
   <trkpt lat="25.0280500" lon="121.4135390">
    <ele>28.8</ele>
    <time>2025-08-06T06:44:22Z</time>
   </trkpt>
   <trkpt lat="25.0280540" lon="121.4135470">
    <ele>28.8</ele>
    <time>2025-08-06T06:44:23Z</time>
   </trkpt>
   <trkpt lat="25.0280580" lon="121.4135550">
    <ele>28.8</ele>
    <time>2025-08-06T06:45:03Z</time>
   </trkpt>
   <trkpt lat="25.0280620" lon="121.4135630">
    <ele>28.8</ele>
    <time>2025-08-06T06:45:04Z</time>
   </trkpt>
   <trkpt lat="25.0280660" lon="121.4135710">
    <ele>28.8</ele>
    <time>2025-08-06T06:45:05Z</time>
   </trkpt>
   <trkpt lat="25.0280580" lon="121.4135880">
    <ele>28.8</ele>
    <time>2025-08-06T06:45:06Z</time>
   </trkpt>
   <trkpt lat="25.0280790" lon="121.4135760">
    <ele>28.8</ele>
    <time>2025-08-06T06:45:07Z</time>
   </trkpt>
   <trkpt lat="25.0280750" lon="121.4135760">
    <ele>28.8</ele>
    <time>2025-08-06T06:45:08Z</time>
   </trkpt>
   <trkpt lat="25.0280760" lon="121.4135780">
    <ele>28.8</ele>
    <time>2025-08-06T06:45:09Z</time>
   </trkpt>
   <trkpt lat="25.0280820" lon="121.4135740">
    <ele>28.8</ele>
    <time>2025-08-06T06:45:10Z</time>
   </trkpt>
   <trkpt lat="25.0281010" lon="121.4135670">
    <ele>28.7</ele>
    <time>2025-08-06T06:45:11Z</time>
   </trkpt>
   <trkpt lat="25.0281400" lon="121.4135380">
    <ele>28.7</ele>
    <time>2025-08-06T06:45:12Z</time>
   </trkpt>
   <trkpt lat="25.0281140" lon="121.4135580">
    <ele>28.7</ele>
    <time>2025-08-06T06:45:13Z</time>
   </trkpt>
   <trkpt lat="25.0280980" lon="121.4135870">
    <ele>28.7</ele>
    <time>2025-08-06T06:45:14Z</time>
   </trkpt>
   <trkpt lat="25.0280690" lon="121.4136070">
    <ele>28.7</ele>
    <time>2025-08-06T06:45:15Z</time>
   </trkpt>
   <trkpt lat="25.0280590" lon="121.4136120">
    <ele>28.7</ele>
    <time>2025-08-06T06:45:16Z</time>
   </trkpt>
   <trkpt lat="25.0280770" lon="121.4135690">
    <ele>28.7</ele>
    <time>2025-08-06T06:45:17Z</time>
   </trkpt>
   <trkpt lat="25.0280270" lon="121.4135630">
    <ele>28.6</ele>
    <time>2025-08-06T06:45:18Z</time>
   </trkpt>
   <trkpt lat="25.0279870" lon="121.4135210">
    <ele>28.6</ele>
    <time>2025-08-06T06:45:19Z</time>
   </trkpt>
   <trkpt lat="25.0280070" lon="121.4135520">
    <ele>28.6</ele>
    <time>2025-08-06T06:45:20Z</time>
   </trkpt>
   <trkpt lat="25.0279980" lon="121.4135740">
    <ele>28.6</ele>
    <time>2025-08-06T06:45:21Z</time>
   </trkpt>
   <trkpt lat="25.0279980" lon="121.4135990">
    <ele>28.6</ele>
    <time>2025-08-06T06:45:22Z</time>
   </trkpt>
   <trkpt lat="25.0279970" lon="121.4136250">
    <ele>28.6</ele>
    <time>2025-08-06T06:45:23Z</time>
   </trkpt>
   <trkpt lat="25.0280180" lon="121.4136580">
    <ele>28.5</ele>
    <time>2025-08-06T06:45:24Z</time>
   </trkpt>
   <trkpt lat="25.0280440" lon="121.4136740">
    <ele>28.5</ele>
    <time>2025-08-06T06:45:25Z</time>
   </trkpt>
   <trkpt lat="25.0280740" lon="121.4136800">
    <ele>28.5</ele>
    <time>2025-08-06T06:45:26Z</time>
   </trkpt>
   <trkpt lat="25.0280870" lon="121.4137110">
    <ele>28.5</ele>
    <time>2025-08-06T06:45:27Z</time>
   </trkpt>
   <trkpt lat="25.0280880" lon="121.4137660">
    <ele>28.5</ele>
    <time>2025-08-06T06:45:28Z</time>
   </trkpt>
   <trkpt lat="25.0281010" lon="121.4137960">
    <ele>28.4</ele>
    <time>2025-08-06T06:45:29Z</time>
   </trkpt>
   <trkpt lat="25.0281010" lon="121.4138110">
    <ele>28.4</ele>
    <time>2025-08-06T06:45:30Z</time>
   </trkpt>
   <trkpt lat="25.0281060" lon="121.4138490">
    <ele>28.4</ele>
    <time>2025-08-06T06:45:31Z</time>
   </trkpt>
   <trkpt lat="25.0281040" lon="121.4138590">
    <ele>28.4</ele>
    <time>2025-08-06T06:45:32Z</time>
   </trkpt>
   <trkpt lat="25.0280960" lon="121.4138730">
    <ele>28.3</ele>
    <time>2025-08-06T06:45:33Z</time>
   </trkpt>
   <trkpt lat="25.0280860" lon="121.4138760">
    <ele>28.3</ele>
    <time>2025-08-06T06:45:34Z</time>
   </trkpt>
   <trkpt lat="25.0280800" lon="121.4138790">
    <ele>28.3</ele>
    <time>2025-08-06T06:45:35Z</time>
   </trkpt>
   <trkpt lat="25.0280790" lon="121.4138850">
    <ele>28.3</ele>
    <time>2025-08-06T06:45:36Z</time>
   </trkpt>
   <trkpt lat="25.0280800" lon="121.4138920">
    <ele>28.3</ele>
    <time>2025-08-06T06:45:37Z</time>
   </trkpt>
   <trkpt lat="25.0280800" lon="121.4138990">
    <ele>28.3</ele>
    <time>2025-08-06T06:45:38Z</time>
   </trkpt>
   <trkpt lat="25.0280810" lon="121.4139060">
    <ele>28.3</ele>
    <time>2025-08-06T06:45:39Z</time>
   </trkpt>
   <trkpt lat="25.0280820" lon="121.4139130">
    <ele>28.3</ele>
    <time>2025-08-06T06:45:40Z</time>
   </trkpt>
   <trkpt lat="25.0280830" lon="121.4139200">
    <ele>28.3</ele>
    <time>2025-08-06T06:45:41Z</time>
   </trkpt>
   <trkpt lat="25.0280830" lon="121.4139270">
    <ele>28.3</ele>
    <time>2025-08-06T06:45:42Z</time>
   </trkpt>
   <trkpt lat="25.0280840" lon="121.4139340">
    <ele>28.3</ele>
    <time>2025-08-06T06:45:43Z</time>
   </trkpt>
   <trkpt lat="25.0280850" lon="121.4139410">
    <ele>28.3</ele>
    <time>2025-08-06T06:46:26Z</time>
   </trkpt>
   <trkpt lat="25.0280860" lon="121.4139480">
    <ele>28.3</ele>
    <time>2025-08-06T06:46:27Z</time>
   </trkpt>
   <trkpt lat="25.0280860" lon="121.4139550">
    <ele>28.3</ele>
    <time>2025-08-06T06:46:28Z</time>
   </trkpt>
   <trkpt lat="25.0280870" lon="121.4139620">
    <ele>28.3</ele>
    <time>2025-08-06T06:46:29Z</time>
   </trkpt>
   <trkpt lat="25.0280880" lon="121.4139690">
    <ele>28.3</ele>
    <time>2025-08-06T06:46:30Z</time>
   </trkpt>
   <trkpt lat="25.0280780" lon="121.4139800">
    <ele>28.3</ele>
    <time>2025-08-06T06:46:31Z</time>
   </trkpt>
   <trkpt lat="25.0280700" lon="121.4139860">
    <ele>28.2</ele>
    <time>2025-08-06T06:46:32Z</time>
   </trkpt>
   <trkpt lat="25.0280810" lon="121.4140020">
    <ele>28.2</ele>
    <time>2025-08-06T06:46:33Z</time>
   </trkpt>
   <trkpt lat="25.0280800" lon="121.4140120">
    <ele>28.2</ele>
    <time>2025-08-06T06:46:34Z</time>
   </trkpt>
   <trkpt lat="25.0280790" lon="121.4140290">
    <ele>28.2</ele>
    <time>2025-08-06T06:46:35Z</time>
   </trkpt>
   <trkpt lat="25.0280800" lon="121.4140400">
    <ele>28.2</ele>
    <time>2025-08-06T06:46:36Z</time>
   </trkpt>
   <trkpt lat="25.0280770" lon="121.4140450">
    <ele>28.2</ele>
    <time>2025-08-06T06:46:37Z</time>
   </trkpt>
   <trkpt lat="25.0280710" lon="121.4140440">
    <ele>28.2</ele>
    <time>2025-08-06T06:46:38Z</time>
   </trkpt>
   <trkpt lat="25.0280650" lon="121.4140430">
    <ele>28.2</ele>
    <time>2025-08-06T06:46:39Z</time>
   </trkpt>
   <trkpt lat="25.0280590" lon="121.4140420">
    <ele>28.2</ele>
    <time>2025-08-06T06:46:40Z</time>
   </trkpt>
   <trkpt lat="25.0280530" lon="121.4140410">
    <ele>28.2</ele>
    <time>2025-08-06T06:46:41Z</time>
   </trkpt>
   <trkpt lat="25.0280470" lon="121.4140400">
    <ele>28.2</ele>
    <time>2025-08-06T06:46:42Z</time>
   </trkpt>
   <trkpt lat="25.0280400" lon="121.4140400">
    <ele>28.2</ele>
    <time>2025-08-06T06:46:43Z</time>
   </trkpt>
   <trkpt lat="25.0280340" lon="121.4140390">
    <ele>28.1</ele>
    <time>2025-08-06T06:46:44Z</time>
   </trkpt>
   <trkpt lat="25.0280280" lon="121.4140380">
    <ele>28.1</ele>
    <time>2025-08-06T06:46:45Z</time>
   </trkpt>
   <trkpt lat="25.0280220" lon="121.4140370">
    <ele>28.1</ele>
    <time>2025-08-06T06:47:05Z</time>
   </trkpt>
   <trkpt lat="25.0280160" lon="121.4140360">
    <ele>28.1</ele>
    <time>2025-08-06T06:47:06Z</time>
   </trkpt>
   <trkpt lat="25.0280100" lon="121.4140350">
    <ele>28.1</ele>
    <time>2025-08-06T06:47:07Z</time>
   </trkpt>
   <trkpt lat="25.0280040" lon="121.4140340">
    <ele>28.1</ele>
    <time>2025-08-06T06:47:08Z</time>
   </trkpt>
   <trkpt lat="25.0280210" lon="121.4140380">
    <ele>28.1</ele>
    <time>2025-08-06T06:47:09Z</time>
   </trkpt>
   <trkpt lat="25.0280260" lon="121.4140500">
    <ele>28.1</ele>
    <time>2025-08-06T06:47:10Z</time>
   </trkpt>
   <trkpt lat="25.0280180" lon="121.4140480">
    <ele>28.1</ele>
    <time>2025-08-06T06:47:11Z</time>
   </trkpt>
   <trkpt lat="25.0280210" lon="121.4140520">
    <ele>28.1</ele>
    <time>2025-08-06T06:47:12Z</time>
   </trkpt>
   <trkpt lat="25.0280140" lon="121.4140470">
    <ele>28.1</ele>
    <time>2025-08-06T06:47:13Z</time>
   </trkpt>
   <trkpt lat="25.0280310" lon="121.4140470">
    <ele>28.1</ele>
    <time>2025-08-06T06:47:14Z</time>
   </trkpt>
   <trkpt lat="25.0280490" lon="121.4140570">
    <ele>28.0</ele>
    <time>2025-08-06T06:47:15Z</time>
   </trkpt>
   <trkpt lat="25.0280240" lon="121.4140580">
    <ele>28.0</ele>
    <time>2025-08-06T06:47:16Z</time>
   </trkpt>
   <trkpt lat="25.0280110" lon="121.4140670">
    <ele>28.0</ele>
    <time>2025-08-06T06:47:17Z</time>
   </trkpt>
   <trkpt lat="25.0279800" lon="121.4140840">
    <ele>27.9</ele>
    <time>2025-08-06T06:47:18Z</time>
   </trkpt>
   <trkpt lat="25.0279720" lon="121.4140890">
    <ele>27.9</ele>
    <time>2025-08-06T06:47:19Z</time>
   </trkpt>
   <trkpt lat="25.0279780" lon="121.4141020">
    <ele>27.9</ele>
    <time>2025-08-06T06:47:20Z</time>
   </trkpt>
   <trkpt lat="25.0279810" lon="121.4141210">
    <ele>27.9</ele>
    <time>2025-08-06T06:47:21Z</time>
   </trkpt>
   <trkpt lat="25.0279750" lon="121.4141250">
    <ele>27.9</ele>
    <time>2025-08-06T06:47:22Z</time>
   </trkpt>
   <trkpt lat="25.0279610" lon="121.4141250">
    <ele>27.9</ele>
    <time>2025-08-06T06:47:23Z</time>
   </trkpt>
   <trkpt lat="25.0279670" lon="121.4141280">
    <ele>27.9</ele>
    <time>2025-08-06T06:47:24Z</time>
   </trkpt>
   <trkpt lat="25.0279570" lon="121.4141330">
    <ele>27.9</ele>
    <time>2025-08-06T06:47:25Z</time>
   </trkpt>
   <trkpt lat="25.0279450" lon="121.4141330">
    <ele>27.8</ele>
    <time>2025-08-06T06:47:26Z</time>
   </trkpt>
   <trkpt lat="25.0279350" lon="121.4141390">
    <ele>27.8</ele>
    <time>2025-08-06T06:47:27Z</time>
   </trkpt>
   <trkpt lat="25.0279390" lon="121.4141460">
    <ele>27.8</ele>
    <time>2025-08-06T06:47:28Z</time>
   </trkpt>
   <trkpt lat="25.0279420" lon="121.4141500">
    <ele>27.8</ele>
    <time>2025-08-06T06:47:29Z</time>
   </trkpt>
   <trkpt lat="25.0279510" lon="121.4141580">
    <ele>27.8</ele>
    <time>2025-08-06T06:47:30Z</time>
   </trkpt>
   <trkpt lat="25.0279610" lon="121.4141720">
    <ele>27.8</ele>
    <time>2025-08-06T06:47:31Z</time>
   </trkpt>
   <trkpt lat="25.0279960" lon="121.4141790">
    <ele>27.7</ele>
    <time>2025-08-06T06:47:32Z</time>
   </trkpt>
   <trkpt lat="25.0279930" lon="121.4141880">
    <ele>27.7</ele>
    <time>2025-08-06T06:47:33Z</time>
   </trkpt>
   <trkpt lat="25.0279910" lon="121.4141940">
    <ele>27.7</ele>
    <time>2025-08-06T06:47:34Z</time>
   </trkpt>
   <trkpt lat="25.0279880" lon="121.4141990">
    <ele>27.7</ele>
    <time>2025-08-06T06:47:35Z</time>
   </trkpt>
   <trkpt lat="25.0279850" lon="121.4142040">
    <ele>27.7</ele>
    <time>2025-08-06T06:47:36Z</time>
   </trkpt>
   <trkpt lat="25.0279830" lon="121.4142090">
    <ele>27.7</ele>
    <time>2025-08-06T06:47:37Z</time>
   </trkpt>
   <trkpt lat="25.0279800" lon="121.4142150">
    <ele>27.7</ele>
    <time>2025-08-06T06:47:38Z</time>
   </trkpt>
   <trkpt lat="25.0279770" lon="121.4142200">
    <ele>27.7</ele>
    <time>2025-08-06T06:47:39Z</time>
   </trkpt>
   <trkpt lat="25.0279750" lon="121.4142250">
    <ele>27.7</ele>
    <time>2025-08-06T06:47:40Z</time>
   </trkpt>
   <trkpt lat="25.0279720" lon="121.4142310">
    <ele>27.7</ele>
    <time>2025-08-06T06:47:41Z</time>
   </trkpt>
   <trkpt lat="25.0279700" lon="121.4142360">
    <ele>27.7</ele>
    <time>2025-08-06T06:47:42Z</time>
   </trkpt>
   <trkpt lat="25.0279670" lon="121.4142410">
    <ele>27.7</ele>
    <time>2025-08-06T06:48:16Z</time>
   </trkpt>
   <trkpt lat="25.0279640" lon="121.4142470">
    <ele>27.6</ele>
    <time>2025-08-06T06:48:17Z</time>
   </trkpt>
   <trkpt lat="25.0279620" lon="121.4142520">
    <ele>27.6</ele>
    <time>2025-08-06T06:48:18Z</time>
   </trkpt>
   <trkpt lat="25.0279590" lon="121.4142570">
    <ele>27.6</ele>
    <time>2025-08-06T06:48:19Z</time>
   </trkpt>
   <trkpt lat="25.0279560" lon="121.4142620">
    <ele>27.6</ele>
    <time>2025-08-06T06:48:20Z</time>
   </trkpt>
   <trkpt lat="25.0279540" lon="121.4142680">
    <ele>27.6</ele>
    <time>2025-08-06T06:48:21Z</time>
   </trkpt>
   <trkpt lat="25.0279510" lon="121.4142730">
    <ele>27.6</ele>
    <time>2025-08-06T06:48:22Z</time>
   </trkpt>
   <trkpt lat="25.0279420" lon="121.4142970">
    <ele>27.6</ele>
    <time>2025-08-06T06:48:24Z</time>
   </trkpt>
   <trkpt lat="25.0279610" lon="121.4142900">
    <ele>27.5</ele>
    <time>2025-08-06T06:48:25Z</time>
   </trkpt>
   <trkpt lat="25.0279560" lon="121.4143100">
    <ele>27.5</ele>
    <time>2025-08-06T06:48:26Z</time>
   </trkpt>
   <trkpt lat="25.0279490" lon="121.4143140">
    <ele>27.5</ele>
    <time>2025-08-06T06:48:27Z</time>
   </trkpt>
   <trkpt lat="25.0279540" lon="121.4143140">
    <ele>27.5</ele>
    <time>2025-08-06T06:48:28Z</time>
   </trkpt>
   <trkpt lat="25.0279530" lon="121.4143130">
    <ele>27.5</ele>
    <time>2025-08-06T06:48:29Z</time>
   </trkpt>
   <trkpt lat="25.0279550" lon="121.4143120">
    <ele>27.5</ele>
    <time>2025-08-06T06:48:30Z</time>
   </trkpt>
   <trkpt lat="25.0279520" lon="121.4143080">
    <ele>27.5</ele>
    <time>2025-08-06T06:48:31Z</time>
   </trkpt>
   <trkpt lat="25.0279370" lon="121.4143200">
    <ele>27.5</ele>
    <time>2025-08-06T06:48:32Z</time>
   </trkpt>
   <trkpt lat="25.0279330" lon="121.4143280">
    <ele>27.5</ele>
    <time>2025-08-06T06:48:33Z</time>
   </trkpt>
   <trkpt lat="25.0279270" lon="121.4143380">
    <ele>27.4</ele>
    <time>2025-08-06T06:48:34Z</time>
   </trkpt>
   <trkpt lat="25.0279390" lon="121.4143620">
    <ele>27.4</ele>
    <time>2025-08-06T06:48:35Z</time>
   </trkpt>
   <trkpt lat="25.0279410" lon="121.4143800">
    <ele>27.4</ele>
    <time>2025-08-06T06:48:36Z</time>
   </trkpt>
   <trkpt lat="25.0279460" lon="121.4143930">
    <ele>27.4</ele>
    <time>2025-08-06T06:48:37Z</time>
   </trkpt>
   <trkpt lat="25.0279510" lon="121.4143850">
    <ele>27.4</ele>
    <time>2025-08-06T06:48:38Z</time>
   </trkpt>
   <trkpt lat="25.0279400" lon="121.4143660">
    <ele>27.3</ele>
    <time>2025-08-06T06:48:39Z</time>
   </trkpt>
   <trkpt lat="25.0279400" lon="121.4143660">
    <ele>27.3</ele>
    <time>2025-08-06T06:48:40Z</time>
   </trkpt>
   <trkpt lat="25.0279400" lon="121.4143620">
    <ele>27.3</ele>
    <time>2025-08-06T06:48:41Z</time>
   </trkpt>
   <trkpt lat="25.0279320" lon="121.4144130">
    <ele>27.2</ele>
    <time>2025-08-06T06:48:42Z</time>
   </trkpt>
   <trkpt lat="25.0279370" lon="121.4144340">
    <ele>27.2</ele>
    <time>2025-08-06T06:48:43Z</time>
   </trkpt>
   <trkpt lat="25.0279360" lon="121.4144450">
    <ele>27.2</ele>
    <time>2025-08-06T06:48:44Z</time>
   </trkpt>
   <trkpt lat="25.0279350" lon="121.4144570">
    <ele>27.2</ele>
    <time>2025-08-06T06:48:45Z</time>
   </trkpt>
   <trkpt lat="25.0278700" lon="121.4144220">
    <ele>27.1</ele>
    <time>2025-08-06T06:48:46Z</time>
   </trkpt>
   <trkpt lat="25.0278720" lon="121.4144260">
    <ele>27.1</ele>
    <time>2025-08-06T06:48:47Z</time>
   </trkpt>
   <trkpt lat="25.0278770" lon="121.4144330">
    <ele>27.1</ele>
    <time>2025-08-06T06:48:48Z</time>
   </trkpt>
   <trkpt lat="25.0278810" lon="121.4144410">
    <ele>27.0</ele>
    <time>2025-08-06T06:48:49Z</time>
   </trkpt>
   <trkpt lat="25.0278860" lon="121.4144480">
    <ele>27.0</ele>
    <time>2025-08-06T06:48:50Z</time>
   </trkpt>
   <trkpt lat="25.0278900" lon="121.4144550">
    <ele>27.0</ele>
    <time>2025-08-06T06:48:51Z</time>
   </trkpt>
   <trkpt lat="25.0278940" lon="121.4144620">
    <ele>27.0</ele>
    <time>2025-08-06T06:48:52Z</time>
   </trkpt>
   <trkpt lat="25.0278990" lon="121.4144700">
    <ele>27.0</ele>
    <time>2025-08-06T06:48:53Z</time>
   </trkpt>
   <trkpt lat="25.0279030" lon="121.4144770">
    <ele>27.0</ele>
    <time>2025-08-06T06:48:54Z</time>
   </trkpt>
   <trkpt lat="25.0279140" lon="121.4144640">
    <ele>26.9</ele>
    <time>2025-08-06T06:48:55Z</time>
   </trkpt>
   <trkpt lat="25.0279300" lon="121.4144270">
    <ele>26.9</ele>
    <time>2025-08-06T06:48:56Z</time>
   </trkpt>
   <trkpt lat="25.0281720" lon="121.4143350">
    <ele>26.4</ele>
    <time>2025-08-06T06:48:57Z</time>
   </trkpt>
   <trkpt lat="25.0281710" lon="121.4143340">
    <ele>26.4</ele>
    <time>2025-08-06T06:48:58Z</time>
   </trkpt>
   <trkpt lat="25.0281680" lon="121.4143330">
    <ele>26.4</ele>
    <time>2025-08-06T06:48:59Z</time>
   </trkpt>
   <trkpt lat="25.0281600" lon="121.4143310">
    <ele>26.4</ele>
    <time>2025-08-06T06:49:00Z</time>
   </trkpt>
   <trkpt lat="25.0281600" lon="121.4143310">
    <ele>26.4</ele>
    <time>2025-08-06T06:49:01Z</time>
   </trkpt>
   <trkpt lat="25.0279430" lon="121.4144110">
    <ele>26.0</ele>
    <time>2025-08-06T06:49:10Z</time>
   </trkpt>
   <trkpt lat="25.0279080" lon="121.4144610">
    <ele>25.9</ele>
    <time>2025-08-06T06:49:11Z</time>
   </trkpt>
   <trkpt lat="25.0278810" lon="121.4145010">
    <ele>25.8</ele>
    <time>2025-08-06T06:49:12Z</time>
   </trkpt>
   <trkpt lat="25.0279360" lon="121.4144900">
    <ele>25.7</ele>
    <time>2025-08-06T06:49:13Z</time>
   </trkpt>
   <trkpt lat="25.0279720" lon="121.4144670">
    <ele>25.7</ele>
    <time>2025-08-06T06:49:14Z</time>
   </trkpt>
   <trkpt lat="25.0279900" lon="121.4144560">
    <ele>25.6</ele>
    <time>2025-08-06T06:49:15Z</time>
   </trkpt>
   <trkpt lat="25.0279620" lon="121.4144760">
    <ele>25.6</ele>
    <time>2025-08-06T06:49:16Z</time>
   </trkpt>
   <trkpt lat="25.0279460" lon="121.4144920">
    <ele>25.6</ele>
    <time>2025-08-06T06:49:17Z</time>
   </trkpt>
   <trkpt lat="25.0279060" lon="121.4145310">
    <ele>25.5</ele>
    <time>2025-08-06T06:49:18Z</time>
   </trkpt>
   <trkpt lat="25.0278920" lon="121.4145610">
    <ele>25.5</ele>
    <time>2025-08-06T06:49:19Z</time>
   </trkpt>
   <trkpt lat="25.0278890" lon="121.4145710">
    <ele>25.5</ele>
    <time>2025-08-06T06:49:20Z</time>
   </trkpt>
   <trkpt lat="25.0278920" lon="121.4145950">
    <ele>25.4</ele>
    <time>2025-08-06T06:49:21Z</time>
   </trkpt>
   <trkpt lat="25.0278990" lon="121.4146310">
    <ele>25.4</ele>
    <time>2025-08-06T06:49:22Z</time>
   </trkpt>
   <trkpt lat="25.0279130" lon="121.4146690">
    <ele>25.4</ele>
    <time>2025-08-06T06:49:23Z</time>
   </trkpt>
   <trkpt lat="25.0278930" lon="121.4146910">
    <ele>25.3</ele>
    <time>2025-08-06T06:49:24Z</time>
   </trkpt>
   <trkpt lat="25.0278820" lon="121.4146910">
    <ele>25.3</ele>
    <time>2025-08-06T06:49:25Z</time>
   </trkpt>
   <trkpt lat="25.0278850" lon="121.4147220">
    <ele>25.3</ele>
    <time>2025-08-06T06:49:26Z</time>
   </trkpt>
   <trkpt lat="25.0278820" lon="121.4147620">
    <ele>25.3</ele>
    <time>2025-08-06T06:49:27Z</time>
   </trkpt>
   <trkpt lat="25.0278780" lon="121.4147760">
    <ele>25.3</ele>
    <time>2025-08-06T06:49:28Z</time>
   </trkpt>
   <trkpt lat="25.0278470" lon="121.4147720">
    <ele>25.3</ele>
    <time>2025-08-06T06:49:29Z</time>
   </trkpt>
   <trkpt lat="25.0278400" lon="121.4147790">
    <ele>25.3</ele>
    <time>2025-08-06T06:49:30Z</time>
   </trkpt>
   <trkpt lat="25.0278210" lon="121.4147740">
    <ele>25.3</ele>
    <time>2025-08-06T06:49:31Z</time>
   </trkpt>
   <trkpt lat="25.0278120" lon="121.4147870">
    <ele>25.2</ele>
    <time>2025-08-06T06:49:32Z</time>
   </trkpt>
   <trkpt lat="25.0278190" lon="121.4148230">
    <ele>25.2</ele>
    <time>2025-08-06T06:49:33Z</time>
   </trkpt>
   <trkpt lat="25.0278240" lon="121.4148420">
    <ele>25.2</ele>
    <time>2025-08-06T06:49:34Z</time>
   </trkpt>
   <trkpt lat="25.0278270" lon="121.4148260">
    <ele>25.2</ele>
    <time>2025-08-06T06:49:35Z</time>
   </trkpt>
   <trkpt lat="25.0278260" lon="121.4148310">
    <ele>25.2</ele>
    <time>2025-08-06T06:49:36Z</time>
   </trkpt>
   <trkpt lat="25.0278160" lon="121.4148400">
    <ele>25.2</ele>
    <time>2025-08-06T06:49:37Z</time>
   </trkpt>
   <trkpt lat="25.0278150" lon="121.4148450">
    <ele>25.2</ele>
    <time>2025-08-06T06:49:38Z</time>
   </trkpt>
   <trkpt lat="25.0278130" lon="121.4148380">
    <ele>25.2</ele>
    <time>2025-08-06T06:49:39Z</time>
   </trkpt>
   <trkpt lat="25.0278180" lon="121.4148330">
    <ele>25.2</ele>
    <time>2025-08-06T06:49:40Z</time>
   </trkpt>
   <trkpt lat="25.0278250" lon="121.4148330">
    <ele>25.2</ele>
    <time>2025-08-06T06:49:41Z</time>
   </trkpt>
   <trkpt lat="25.0278350" lon="121.4148390">
    <ele>25.2</ele>
    <time>2025-08-06T06:49:42Z</time>
   </trkpt>
   <trkpt lat="25.0278460" lon="121.4148370">
    <ele>25.3</ele>
    <time>2025-08-06T06:49:43Z</time>
   </trkpt>
   <trkpt lat="25.0278550" lon="121.4148360">
    <ele>25.3</ele>
    <time>2025-08-06T06:49:44Z</time>
   </trkpt>
   <trkpt lat="25.0278680" lon="121.4148390">
    <ele>25.4</ele>
    <time>2025-08-06T06:49:45Z</time>
   </trkpt>
   <trkpt lat="25.0278780" lon="121.4148380">
    <ele>25.4</ele>
    <time>2025-08-06T06:49:46Z</time>
   </trkpt>
   <trkpt lat="25.0278900" lon="121.4148370">
    <ele>25.5</ele>
    <time>2025-08-06T06:49:47Z</time>
   </trkpt>
   <trkpt lat="25.0279100" lon="121.4148450">
    <ele>25.5</ele>
    <time>2025-08-06T06:49:48Z</time>
   </trkpt>
   <trkpt lat="25.0279180" lon="121.4148510">
    <ele>25.6</ele>
    <time>2025-08-06T06:49:49Z</time>
   </trkpt>
   <trkpt lat="25.0279260" lon="121.4148560">
    <ele>25.6</ele>
    <time>2025-08-06T06:49:50Z</time>
   </trkpt>
   <trkpt lat="25.0279430" lon="121.4148660">
    <ele>25.7</ele>
    <time>2025-08-06T06:49:51Z</time>
   </trkpt>
   <trkpt lat="25.0279500" lon="121.4148730">
    <ele>25.7</ele>
    <time>2025-08-06T06:49:52Z</time>
   </trkpt>
   <trkpt lat="25.0279570" lon="121.4148810">
    <ele>25.7</ele>
    <time>2025-08-06T06:49:53Z</time>
   </trkpt>
   <trkpt lat="25.0279650" lon="121.4148890">
    <ele>25.8</ele>
    <time>2025-08-06T06:49:54Z</time>
   </trkpt>
   <trkpt lat="25.0279740" lon="121.4148920">
    <ele>25.8</ele>
    <time>2025-08-06T06:49:55Z</time>
   </trkpt>
   <trkpt lat="25.0279820" lon="121.4149020">
    <ele>25.9</ele>
    <time>2025-08-06T06:49:56Z</time>
   </trkpt>
   <trkpt lat="25.0279880" lon="121.4149070">
    <ele>25.9</ele>
    <time>2025-08-06T06:49:57Z</time>
   </trkpt>
   <trkpt lat="25.0279940" lon="121.4149150">
    <ele>25.9</ele>
    <time>2025-08-06T06:49:58Z</time>
   </trkpt>
   <trkpt lat="25.0280010" lon="121.4149250">
    <ele>26.0</ele>
    <time>2025-08-06T06:49:59Z</time>
   </trkpt>
   <trkpt lat="25.0280100" lon="121.4149350">
    <ele>26.0</ele>
    <time>2025-08-06T06:50:00Z</time>
   </trkpt>
   <trkpt lat="25.0280220" lon="121.4149490">
    <ele>26.1</ele>
    <time>2025-08-06T06:50:01Z</time>
   </trkpt>
   <trkpt lat="25.0280350" lon="121.4149570">
    <ele>26.1</ele>
    <time>2025-08-06T06:50:02Z</time>
   </trkpt>
   <trkpt lat="25.0280500" lon="121.4149560">
    <ele>26.2</ele>
    <time>2025-08-06T06:50:03Z</time>
   </trkpt>
   <trkpt lat="25.0280610" lon="121.4149580">
    <ele>26.2</ele>
    <time>2025-08-06T06:50:04Z</time>
   </trkpt>
   <trkpt lat="25.0280730" lon="121.4149610">
    <ele>26.3</ele>
    <time>2025-08-06T06:50:05Z</time>
   </trkpt>
   <trkpt lat="25.0280840" lon="121.4149580">
    <ele>26.3</ele>
    <time>2025-08-06T06:50:06Z</time>
   </trkpt>
   <trkpt lat="25.0280930" lon="121.4149640">
    <ele>26.4</ele>
    <time>2025-08-06T06:50:07Z</time>
   </trkpt>
   <trkpt lat="25.0281030" lon="121.4149760">
    <ele>26.4</ele>
    <time>2025-08-06T06:50:08Z</time>
   </trkpt>
   <trkpt lat="25.0281070" lon="121.4149830">
    <ele>26.4</ele>
    <time>2025-08-06T06:50:09Z</time>
   </trkpt>
   <trkpt lat="25.0280750" lon="121.4150000">
    <ele>26.5</ele>
    <time>2025-08-06T06:50:10Z</time>
   </trkpt>
   <trkpt lat="25.0280640" lon="121.4150020">
    <ele>26.5</ele>
    <time>2025-08-06T06:50:11Z</time>
   </trkpt>
   <trkpt lat="25.0280560" lon="121.4150190">
    <ele>26.5</ele>
    <time>2025-08-06T06:50:12Z</time>
   </trkpt>
   <trkpt lat="25.0280500" lon="121.4150290">
    <ele>26.5</ele>
    <time>2025-08-06T06:50:13Z</time>
   </trkpt>
   <trkpt lat="25.0280450" lon="121.4150390">
    <ele>26.5</ele>
    <time>2025-08-06T06:50:14Z</time>
   </trkpt>
   <trkpt lat="25.0280460" lon="121.4150420">
    <ele>26.5</ele>
    <time>2025-08-06T06:50:15Z</time>
   </trkpt>
   <trkpt lat="25.0280550" lon="121.4150400">
    <ele>26.5</ele>
    <time>2025-08-06T06:50:16Z</time>
   </trkpt>
   <trkpt lat="25.0280640" lon="121.4150390">
    <ele>26.5</ele>
    <time>2025-08-06T06:50:17Z</time>
   </trkpt>
   <trkpt lat="25.0280720" lon="121.4150380">
    <ele>26.5</ele>
    <time>2025-08-06T06:50:54Z</time>
   </trkpt>
   <trkpt lat="25.0280810" lon="121.4150360">
    <ele>26.5</ele>
    <time>2025-08-06T06:50:55Z</time>
   </trkpt>
   <trkpt lat="25.0280900" lon="121.4150350">
    <ele>26.5</ele>
    <time>2025-08-06T06:50:56Z</time>
   </trkpt>
   <trkpt lat="25.0281030" lon="121.4150200">
    <ele>26.5</ele>
    <time>2025-08-06T06:50:57Z</time>
   </trkpt>
   <trkpt lat="25.0281180" lon="121.4150160">
    <ele>26.5</ele>
    <time>2025-08-06T06:50:58Z</time>
   </trkpt>
   <trkpt lat="25.0281290" lon="121.4150060">
    <ele>26.5</ele>
    <time>2025-08-06T06:50:59Z</time>
   </trkpt>
   <trkpt lat="25.0281270" lon="121.4149860">
    <ele>26.5</ele>
    <time>2025-08-06T06:51:00Z</time>
   </trkpt>
   <trkpt lat="25.0281250" lon="121.4149790">
    <ele>26.5</ele>
    <time>2025-08-06T06:51:01Z</time>
   </trkpt>
  </trkseg>
 </trk>
</gpx>
