<?xml version="1.0" encoding="UTF-8"?>
<gpx xmlns:xsi="http://www.w3.org/2001/XMLSchema-instance" xsi:schemaLocation="http://www.topografix.com/GPX/1/1 http://www.topografix.com/GPX/1/1/gpx.xsd" creator="StravaGPX" version="1.1" xmlns="http://www.topografix.com/GPX/1/1">
 <metadata>
  <time>2025-08-07T11:56:39Z</time>
 </metadata>
 <trk>
  <name>傍晚步行</name>
  <type>walking</type>
  <trkseg>
   <trkpt lat="25.0207750" lon="121.4240100">
    <ele>14.6</ele>
    <time>2025-08-07T11:56:39Z</time>
   </trkpt>
   <trkpt lat="25.0207750" lon="121.4240060">
    <ele>14.6</ele>
    <time>2025-08-07T11:56:40Z</time>
   </trkpt>
   <trkpt lat="25.0207750" lon="121.4240010">
    <ele>14.6</ele>
    <time>2025-08-07T11:56:42Z</time>
   </trkpt>
   <trkpt lat="25.0207740" lon="121.4239970">
    <ele>14.6</ele>
    <time>2025-08-07T11:56:46Z</time>
   </trkpt>
   <trkpt lat="25.0207740" lon="121.4239920">
    <ele>14.6</ele>
    <time>2025-08-07T11:56:52Z</time>
   </trkpt>
   <trkpt lat="25.0207740" lon="121.4239880">
    <ele>14.6</ele>
    <time>2025-08-07T11:56:53Z</time>
   </trkpt>
   <trkpt lat="25.0207740" lon="121.4239830">
    <ele>14.6</ele>
    <time>2025-08-07T11:56:58Z</time>
   </trkpt>
   <trkpt lat="25.0207730" lon="121.4239790">
    <ele>14.6</ele>
    <time>2025-08-07T11:56:59Z</time>
   </trkpt>
   <trkpt lat="25.0207730" lon="121.4239740">
    <ele>14.6</ele>
    <time>2025-08-07T11:57:00Z</time>
   </trkpt>
   <trkpt lat="25.0207730" lon="121.4239700">
    <ele>14.6</ele>
    <time>2025-08-07T11:57:04Z</time>
   </trkpt>
   <trkpt lat="25.0207730" lon="121.4239650">
    <ele>14.6</ele>
    <time>2025-08-07T11:57:05Z</time>
   </trkpt>
   <trkpt lat="25.0207720" lon="121.4239610">
    <ele>14.6</ele>
    <time>2025-08-07T11:57:06Z</time>
   </trkpt>
   <trkpt lat="25.0207720" lon="121.4239570">
    <ele>14.6</ele>
    <time>2025-08-07T11:57:07Z</time>
   </trkpt>
   <trkpt lat="25.0207720" lon="121.4239520">
    <ele>14.6</ele>
    <time>2025-08-07T11:57:10Z</time>
   </trkpt>
   <trkpt lat="25.0207720" lon="121.4239480">
    <ele>14.6</ele>
    <time>2025-08-07T11:57:16Z</time>
   </trkpt>
   <trkpt lat="25.0207720" lon="121.4239430">
    <ele>14.6</ele>
    <time>2025-08-07T11:57:20Z</time>
   </trkpt>
   <trkpt lat="25.0207710" lon="121.4239390">
    <ele>14.6</ele>
    <time>2025-08-07T11:57:22Z</time>
   </trkpt>
   <trkpt lat="25.0207710" lon="121.4239340">
    <ele>14.6</ele>
    <time>2025-08-07T11:57:23Z</time>
   </trkpt>
   <trkpt lat="25.0207710" lon="121.4239300">
    <ele>14.6</ele>
    <time>2025-08-07T11:57:28Z</time>
   </trkpt>
   <trkpt lat="25.0207710" lon="121.4239250">
    <ele>14.6</ele>
    <time>2025-08-07T11:57:31Z</time>
   </trkpt>
   <trkpt lat="25.0207700" lon="121.4239210">
    <ele>14.6</ele>
    <time>2025-08-07T11:57:33Z</time>
   </trkpt>
   <trkpt lat="25.0207700" lon="121.4239170">
    <ele>14.6</ele>
    <time>2025-08-07T11:57:34Z</time>
   </trkpt>
   <trkpt lat="25.0207700" lon="121.4239120">
    <ele>14.6</ele>
    <time>2025-08-07T11:57:39Z</time>
   </trkpt>
   <trkpt lat="25.0207700" lon="121.4239080">
    <ele>14.6</ele>
    <time>2025-08-07T11:57:45Z</time>
   </trkpt>
   <trkpt lat="25.0207690" lon="121.4239030">
    <ele>14.6</ele>
    <time>2025-08-07T11:57:51Z</time>
   </trkpt>
   <trkpt lat="25.0207690" lon="121.4238990">
    <ele>14.6</ele>
    <time>2025-08-07T11:57:53Z</time>
   </trkpt>
   <trkpt lat="25.0207690" lon="121.4238940">
    <ele>14.6</ele>
    <time>2025-08-07T11:57:56Z</time>
   </trkpt>
   <trkpt lat="25.0207690" lon="121.4238900">
    <ele>14.6</ele>
    <time>2025-08-07T11:57:57Z</time>
   </trkpt>
   <trkpt lat="25.0207690" lon="121.4238850">
    <ele>14.6</ele>
    <time>2025-08-07T11:57:58Z</time>
   </trkpt>
   <trkpt lat="25.0207680" lon="121.4238810">
    <ele>14.6</ele>
    <time>2025-08-07T11:58:03Z</time>
   </trkpt>
   <trkpt lat="25.0207680" lon="121.4238760">
    <ele>14.6</ele>
    <time>2025-08-07T11:58:04Z</time>
   </trkpt>
   <trkpt lat="25.0207680" lon="121.4238720">
    <ele>14.6</ele>
    <time>2025-08-07T11:58:07Z</time>
   </trkpt>
   <trkpt lat="25.0207680" lon="121.4238680">
    <ele>14.6</ele>
    <time>2025-08-07T11:58:09Z</time>
   </trkpt>
   <trkpt lat="25.0207670" lon="121.4238630">
    <ele>14.6</ele>
    <time>2025-08-07T11:58:10Z</time>
   </trkpt>
   <trkpt lat="25.0207670" lon="121.4238590">
    <ele>14.6</ele>
    <time>2025-08-07T11:58:11Z</time>
   </trkpt>
   <trkpt lat="25.0207670" lon="121.4238540">
    <ele>14.6</ele>
    <time>2025-08-07T11:58:12Z</time>
   </trkpt>
   <trkpt lat="25.0207670" lon="121.4238500">
    <ele>14.6</ele>
    <time>2025-08-07T11:58:13Z</time>
   </trkpt>
   <trkpt lat="25.0207660" lon="121.4238450">
    <ele>14.6</ele>
    <time>2025-08-07T11:58:14Z</time>
   </trkpt>
   <trkpt lat="25.0207660" lon="121.4238410">
    <ele>14.6</ele>
    <time>2025-08-07T11:58:15Z</time>
   </trkpt>
   <trkpt lat="25.0207660" lon="121.4238360">
    <ele>14.6</ele>
    <time>2025-08-07T11:58:16Z</time>
   </trkpt>
   <trkpt lat="25.0207660" lon="121.4238320">
    <ele>14.6</ele>
    <time>2025-08-07T11:58:21Z</time>
   </trkpt>
   <trkpt lat="25.0207660" lon="121.4238270">
    <ele>14.6</ele>
    <time>2025-08-07T11:58:22Z</time>
   </trkpt>
   <trkpt lat="25.0207650" lon="121.4238230">
    <ele>14.6</ele>
    <time>2025-08-07T11:58:25Z</time>
   </trkpt>
   <trkpt lat="25.0207650" lon="121.4238190">
    <ele>14.6</ele>
    <time>2025-08-07T11:58:28Z</time>
   </trkpt>
   <trkpt lat="25.0207650" lon="121.4238140">
    <ele>14.6</ele>
    <time>2025-08-07T11:58:29Z</time>
   </trkpt>
   <trkpt lat="25.0207650" lon="121.4238100">
    <ele>14.6</ele>
    <time>2025-08-07T11:58:31Z</time>
   </trkpt>
   <trkpt lat="25.0207640" lon="121.4238050">
    <ele>14.6</ele>
    <time>2025-08-07T11:58:32Z</time>
   </trkpt>
   <trkpt lat="25.0207640" lon="121.4238010">
    <ele>14.6</ele>
    <time>2025-08-07T11:58:34Z</time>
   </trkpt>
   <trkpt lat="25.0207640" lon="121.4237960">
    <ele>14.6</ele>
    <time>2025-08-07T11:58:36Z</time>
   </trkpt>
   <trkpt lat="25.0207640" lon="121.4237920">
    <ele>14.6</ele>
    <time>2025-08-07T11:58:40Z</time>
   </trkpt>
   <trkpt lat="25.0207630" lon="121.4237870">
    <ele>14.6</ele>
    <time>2025-08-07T11:58:46Z</time>
   </trkpt>
   <trkpt lat="25.0207630" lon="121.4237830">
    <ele>14.6</ele>
    <time>2025-08-07T11:58:52Z</time>
   </trkpt>
   <trkpt lat="25.0207630" lon="121.4237790">
    <ele>14.6</ele>
    <time>2025-08-07T11:58:58Z</time>
   </trkpt>
   <trkpt lat="25.0207630" lon="121.4237740">
    <ele>14.6</ele>
    <time>2025-08-07T11:59:04Z</time>
   </trkpt>
   <trkpt lat="25.0207620" lon="121.4237700">
    <ele>14.6</ele>
    <time>2025-08-07T11:59:08Z</time>
   </trkpt>
   <trkpt lat="25.0207620" lon="121.4237650">
    <ele>14.6</ele>
    <time>2025-08-07T11:59:09Z</time>
   </trkpt>
   <trkpt lat="25.0207620" lon="121.4237610">
    <ele>14.6</ele>
    <time>2025-08-07T11:59:10Z</time>
   </trkpt>
   <trkpt lat="25.0207620" lon="121.4237560">
    <ele>14.6</ele>
    <time>2025-08-07T11:59:11Z</time>
   </trkpt>
   <trkpt lat="25.0207620" lon="121.4237520">
    <ele>14.6</ele>
    <time>2025-08-07T11:59:12Z</time>
   </trkpt>
   <trkpt lat="25.0207610" lon="121.4237470">
    <ele>14.6</ele>
    <time>2025-08-07T11:59:13Z</time>
   </trkpt>
   <trkpt lat="25.0207610" lon="121.4237430">
    <ele>14.6</ele>
    <time>2025-08-07T11:59:14Z</time>
   </trkpt>
   <trkpt lat="25.0207610" lon="121.4237380">
    <ele>14.6</ele>
    <time>2025-08-07T11:59:15Z</time>
   </trkpt>
   <trkpt lat="25.0207610" lon="121.4237340">
    <ele>14.6</ele>
    <time>2025-08-07T11:59:16Z</time>
   </trkpt>
   <trkpt lat="25.0207600" lon="121.4237300">
    <ele>14.6</ele>
    <time>2025-08-07T11:59:17Z</time>
   </trkpt>
   <trkpt lat="25.0207600" lon="121.4237250">
    <ele>14.6</ele>
    <time>2025-08-07T11:59:18Z</time>
   </trkpt>
   <trkpt lat="25.0207600" lon="121.4237210">
    <ele>14.6</ele>
    <time>2025-08-07T11:59:19Z</time>
   </trkpt>
   <trkpt lat="25.0207600" lon="121.4237160">
    <ele>14.7</ele>
    <time>2025-08-07T11:59:29Z</time>
   </trkpt>
   <trkpt lat="25.0207590" lon="121.4237120">
    <ele>14.7</ele>
    <time>2025-08-07T11:59:30Z</time>
   </trkpt>
   <trkpt lat="25.0207590" lon="121.4237070">
    <ele>14.7</ele>
    <time>2025-08-07T11:59:31Z</time>
   </trkpt>
   <trkpt lat="25.0207590" lon="121.4237030">
    <ele>14.7</ele>
    <time>2025-08-07T11:59:33Z</time>
   </trkpt>
   <trkpt lat="25.0207590" lon="121.4236980">
    <ele>14.7</ele>
    <time>2025-08-07T11:59:35Z</time>
   </trkpt>
   <trkpt lat="25.0207590" lon="121.4236940">
    <ele>14.7</ele>
    <time>2025-08-07T11:59:41Z</time>
   </trkpt>
   <trkpt lat="25.0207580" lon="121.4236900">
    <ele>14.7</ele>
    <time>2025-08-07T11:59:47Z</time>
   </trkpt>
   <trkpt lat="25.0207580" lon="121.4236850">
    <ele>14.7</ele>
    <time>2025-08-07T11:59:49Z</time>
   </trkpt>
   <trkpt lat="25.0207580" lon="121.4236810">
    <ele>14.7</ele>
    <time>2025-08-07T11:59:53Z</time>
   </trkpt>
   <trkpt lat="25.0207580" lon="121.4236760">
    <ele>14.7</ele>
    <time>2025-08-07T11:59:59Z</time>
   </trkpt>
   <trkpt lat="25.0207570" lon="121.4236720">
    <ele>14.7</ele>
    <time>2025-08-07T12:00:01Z</time>
   </trkpt>
   <trkpt lat="25.0207570" lon="121.4236670">
    <ele>14.7</ele>
    <time>2025-08-07T12:00:02Z</time>
   </trkpt>
   <trkpt lat="25.0207570" lon="121.4236630">
    <ele>14.7</ele>
    <time>2025-08-07T12:00:03Z</time>
   </trkpt>
   <trkpt lat="25.0207570" lon="121.4236580">
    <ele>14.7</ele>
    <time>2025-08-07T12:00:04Z</time>
   </trkpt>
   <trkpt lat="25.0207560" lon="121.4236540">
    <ele>14.7</ele>
    <time>2025-08-07T12:00:05Z</time>
   </trkpt>
   <trkpt lat="25.0207560" lon="121.4236490">
    <ele>14.7</ele>
    <time>2025-08-07T12:00:06Z</time>
   </trkpt>
   <trkpt lat="25.0207560" lon="121.4236450">
    <ele>14.7</ele>
    <time>2025-08-07T12:00:07Z</time>
   </trkpt>
   <trkpt lat="25.0207550" lon="121.4236460">
    <ele>14.7</ele>
    <time>2025-08-07T12:00:08Z</time>
   </trkpt>
   <trkpt lat="25.0207470" lon="121.4236460">
    <ele>14.7</ele>
    <time>2025-08-07T12:00:09Z</time>
   </trkpt>
   <trkpt lat="25.0207340" lon="121.4236490">
    <ele>14.7</ele>
    <time>2025-08-07T12:00:10Z</time>
   </trkpt>
   <trkpt lat="25.0207440" lon="121.4236530">
    <ele>14.7</ele>
    <time>2025-08-07T12:00:11Z</time>
   </trkpt>
   <trkpt lat="25.0207350" lon="121.4236190">
    <ele>14.7</ele>
    <time>2025-08-07T12:00:12Z</time>
   </trkpt>
   <trkpt lat="25.0207480" lon="121.4236170">
    <ele>14.8</ele>
    <time>2025-08-07T12:00:13Z</time>
   </trkpt>
   <trkpt lat="25.0207610" lon="121.4236280">
    <ele>14.8</ele>
    <time>2025-08-07T12:00:14Z</time>
   </trkpt>
   <trkpt lat="25.0207740" lon="121.4236400">
    <ele>14.8</ele>
    <time>2025-08-07T12:00:15Z</time>
   </trkpt>
   <trkpt lat="25.0207870" lon="121.4236510">
    <ele>14.8</ele>
    <time>2025-08-07T12:00:16Z</time>
   </trkpt>
   <trkpt lat="25.0208000" lon="121.4236620">
    <ele>14.8</ele>
    <time>2025-08-07T12:00:17Z</time>
   </trkpt>
   <trkpt lat="25.0208130" lon="121.4236730">
    <ele>14.8</ele>
    <time>2025-08-07T12:00:18Z</time>
   </trkpt>
   <trkpt lat="25.0208260" lon="121.4236850">
    <ele>14.8</ele>
    <time>2025-08-07T12:00:19Z</time>
   </trkpt>
   <trkpt lat="25.0208390" lon="121.4236960">
    <ele>14.8</ele>
    <time>2025-08-07T12:00:20Z</time>
   </trkpt>
   <trkpt lat="25.0209020" lon="121.4235730">
    <ele>14.9</ele>
    <time>2025-08-07T12:00:22Z</time>
   </trkpt>
   <trkpt lat="25.0208910" lon="121.4235930">
    <ele>14.9</ele>
    <time>2025-08-07T12:00:23Z</time>
   </trkpt>
   <trkpt lat="25.0208690" lon="121.4235910">
    <ele>14.9</ele>
    <time>2025-08-07T12:00:24Z</time>
   </trkpt>
   <trkpt lat="25.0208670" lon="121.4235600">
    <ele>15.0</ele>
    <time>2025-08-07T12:00:25Z</time>
   </trkpt>
   <trkpt lat="25.0208430" lon="121.4235710">
    <ele>15.0</ele>
    <time>2025-08-07T12:00:26Z</time>
   </trkpt>
   <trkpt lat="25.0208330" lon="121.4235690">
    <ele>15.0</ele>
    <time>2025-08-07T12:00:27Z</time>
   </trkpt>
   <trkpt lat="25.0208040" lon="121.4235520">
    <ele>15.0</ele>
    <time>2025-08-07T12:00:28Z</time>
   </trkpt>
   <trkpt lat="25.0207970" lon="121.4235420">
    <ele>15.0</ele>
    <time>2025-08-07T12:00:29Z</time>
   </trkpt>
   <trkpt lat="25.0207810" lon="121.4235730">
    <ele>15.0</ele>
    <time>2025-08-07T12:00:30Z</time>
   </trkpt>
   <trkpt lat="25.0207840" lon="121.4235350">
    <ele>15.0</ele>
    <time>2025-08-07T12:00:31Z</time>
   </trkpt>
   <trkpt lat="25.0207760" lon="121.4235240">
    <ele>15.0</ele>
    <time>2025-08-07T12:00:32Z</time>
   </trkpt>
   <trkpt lat="25.0207730" lon="121.4235090">
    <ele>15.1</ele>
    <time>2025-08-07T12:00:33Z</time>
   </trkpt>
   <trkpt lat="25.0207760" lon="121.4234920">
    <ele>15.1</ele>
    <time>2025-08-07T12:00:34Z</time>
   </trkpt>
   <trkpt lat="25.0207840" lon="121.4234910">
    <ele>15.1</ele>
    <time>2025-08-07T12:00:35Z</time>
   </trkpt>
   <trkpt lat="25.0207860" lon="121.4234960">
    <ele>15.1</ele>
    <time>2025-08-07T12:00:36Z</time>
   </trkpt>
   <trkpt lat="25.0207920" lon="121.4234950">
    <ele>15.1</ele>
    <time>2025-08-07T12:00:37Z</time>
   </trkpt>
   <trkpt lat="25.0207950" lon="121.4234960">
    <ele>15.1</ele>
    <time>2025-08-07T12:00:38Z</time>
   </trkpt>
   <trkpt lat="25.0207950" lon="121.4234960">
    <ele>15.1</ele>
    <time>2025-08-07T12:00:39Z</time>
   </trkpt>
   <trkpt lat="25.0207910" lon="121.4234940">
    <ele>15.1</ele>
    <time>2025-08-07T12:00:40Z</time>
   </trkpt>
   <trkpt lat="25.0207930" lon="121.4234930">
    <ele>15.1</ele>
    <time>2025-08-07T12:00:41Z</time>
   </trkpt>
   <trkpt lat="25.0207930" lon="121.4234930">
    <ele>15.1</ele>
    <time>2025-08-07T12:00:42Z</time>
   </trkpt>
   <trkpt lat="25.0207930" lon="121.4234930">
    <ele>15.1</ele>
    <time>2025-08-07T12:00:43Z</time>
   </trkpt>
   <trkpt lat="25.0207930" lon="121.4234930">
    <ele>15.1</ele>
    <time>2025-08-07T12:00:44Z</time>
   </trkpt>
   <trkpt lat="25.0207930" lon="121.4234930">
    <ele>15.1</ele>
    <time>2025-08-07T12:00:45Z</time>
   </trkpt>
   <trkpt lat="25.0207930" lon="121.4234930">
    <ele>15.1</ele>
    <time>2025-08-07T12:00:46Z</time>
   </trkpt>
   <trkpt lat="25.0207890" lon="121.4234970">
    <ele>15.1</ele>
    <time>2025-08-07T12:00:47Z</time>
   </trkpt>
   <trkpt lat="25.0207870" lon="121.4234990">
    <ele>15.1</ele>
    <time>2025-08-07T12:00:48Z</time>
   </trkpt>
   <trkpt lat="25.0207870" lon="121.4234990">
    <ele>15.1</ele>
    <time>2025-08-07T12:00:49Z</time>
   </trkpt>
   <trkpt lat="25.0207870" lon="121.4234990">
    <ele>15.1</ele>
    <time>2025-08-07T12:00:50Z</time>
   </trkpt>
   <trkpt lat="25.0207870" lon="121.4234990">
    <ele>15.1</ele>
    <time>2025-08-07T12:00:51Z</time>
   </trkpt>
   <trkpt lat="25.0207810" lon="121.4235000">
    <ele>15.1</ele>
    <time>2025-08-07T12:00:52Z</time>
   </trkpt>
   <trkpt lat="25.0207830" lon="121.4235010">
    <ele>15.1</ele>
    <time>2025-08-07T12:00:53Z</time>
   </trkpt>
   <trkpt lat="25.0207860" lon="121.4234930">
    <ele>15.1</ele>
    <time>2025-08-07T12:00:54Z</time>
   </trkpt>
   <trkpt lat="25.0207870" lon="121.4234970">
    <ele>15.1</ele>
    <time>2025-08-07T12:00:55Z</time>
   </trkpt>
   <trkpt lat="25.0207870" lon="121.4234970">
    <ele>15.1</ele>
    <time>2025-08-07T12:00:56Z</time>
   </trkpt>
   <trkpt lat="25.0207860" lon="121.4235000">
    <ele>15.1</ele>
    <time>2025-08-07T12:00:57Z</time>
   </trkpt>
   <trkpt lat="25.0207870" lon="121.4235020">
    <ele>15.1</ele>
    <time>2025-08-07T12:00:58Z</time>
   </trkpt>
   <trkpt lat="25.0207810" lon="121.4235040">
    <ele>15.1</ele>
    <time>2025-08-07T12:00:59Z</time>
   </trkpt>
   <trkpt lat="25.0207820" lon="121.4235080">
    <ele>15.1</ele>
    <time>2025-08-07T12:01:00Z</time>
   </trkpt>
   <trkpt lat="25.0207810" lon="121.4235110">
    <ele>15.1</ele>
    <time>2025-08-07T12:01:01Z</time>
   </trkpt>
   <trkpt lat="25.0207780" lon="121.4235130">
    <ele>15.1</ele>
    <time>2025-08-07T12:01:02Z</time>
   </trkpt>
   <trkpt lat="25.0207750" lon="121.4235120">
    <ele>15.1</ele>
    <time>2025-08-07T12:01:03Z</time>
   </trkpt>
   <trkpt lat="25.0207760" lon="121.4235120">
    <ele>15.1</ele>
    <time>2025-08-07T12:01:04Z</time>
   </trkpt>
   <trkpt lat="25.0207740" lon="121.4235120">
    <ele>15.1</ele>
    <time>2025-08-07T12:01:05Z</time>
   </trkpt>
   <trkpt lat="25.0207760" lon="121.4235110">
    <ele>15.1</ele>
    <time>2025-08-07T12:01:06Z</time>
   </trkpt>
   <trkpt lat="25.0207740" lon="121.4235130">
    <ele>15.1</ele>
    <time>2025-08-07T12:01:07Z</time>
   </trkpt>
   <trkpt lat="25.0207690" lon="121.4235130">
    <ele>15.1</ele>
    <time>2025-08-07T12:01:08Z</time>
   </trkpt>
   <trkpt lat="25.0207670" lon="121.4235120">
    <ele>15.1</ele>
    <time>2025-08-07T12:01:09Z</time>
   </trkpt>
   <trkpt lat="25.0207710" lon="121.4235030">
    <ele>15.1</ele>
    <time>2025-08-07T12:01:10Z</time>
   </trkpt>
   <trkpt lat="25.0207700" lon="121.4235110">
    <ele>15.1</ele>
    <time>2025-08-07T12:01:11Z</time>
   </trkpt>
   <trkpt lat="25.0207700" lon="121.4235140">
    <ele>15.1</ele>
    <time>2025-08-07T12:01:12Z</time>
   </trkpt>
   <trkpt lat="25.0207680" lon="121.4235130">
    <ele>15.1</ele>
    <time>2025-08-07T12:01:13Z</time>
   </trkpt>
   <trkpt lat="25.0207690" lon="121.4235130">
    <ele>15.1</ele>
    <time>2025-08-07T12:01:14Z</time>
   </trkpt>
   <trkpt lat="25.0207700" lon="121.4235130">
    <ele>15.1</ele>
    <time>2025-08-07T12:01:15Z</time>
   </trkpt>
   <trkpt lat="25.0207680" lon="121.4235130">
    <ele>15.1</ele>
    <time>2025-08-07T12:01:16Z</time>
   </trkpt>
   <trkpt lat="25.0207670" lon="121.4235130">
    <ele>15.1</ele>
    <time>2025-08-07T12:01:17Z</time>
   </trkpt>
   <trkpt lat="25.0207690" lon="121.4235100">
    <ele>15.1</ele>
    <time>2025-08-07T12:01:18Z</time>
   </trkpt>
   <trkpt lat="25.0207660" lon="121.4235060">
    <ele>15.1</ele>
    <time>2025-08-07T12:01:19Z</time>
   </trkpt>
   <trkpt lat="25.0207710" lon="121.4235040">
    <ele>15.1</ele>
    <time>2025-08-07T12:01:20Z</time>
   </trkpt>
   <trkpt lat="25.0207560" lon="121.4234900">
    <ele>15.1</ele>
    <time>2025-08-07T12:01:21Z</time>
   </trkpt>
   <trkpt lat="25.0207530" lon="121.4234930">
    <ele>15.1</ele>
    <time>2025-08-07T12:01:22Z</time>
   </trkpt>
   <trkpt lat="25.0207670" lon="121.4235130">
    <ele>15.1</ele>
    <time>2025-08-07T12:01:23Z</time>
   </trkpt>
   <trkpt lat="25.0207580" lon="121.4235260">
    <ele>15.1</ele>
    <time>2025-08-07T12:01:24Z</time>
   </trkpt>
   <trkpt lat="25.0207570" lon="121.4235170">
    <ele>15.1</ele>
    <time>2025-08-07T12:01:25Z</time>
   </trkpt>
   <trkpt lat="25.0207630" lon="121.4235230">
    <ele>15.2</ele>
    <time>2025-08-07T12:01:26Z</time>
   </trkpt>
   <trkpt lat="25.0207640" lon="121.4235200">
    <ele>15.2</ele>
    <time>2025-08-07T12:01:27Z</time>
   </trkpt>
   <trkpt lat="25.0207620" lon="121.4235160">
    <ele>15.2</ele>
    <time>2025-08-07T12:01:28Z</time>
   </trkpt>
   <trkpt lat="25.0207610" lon="121.4235120">
    <ele>15.2</ele>
    <time>2025-08-07T12:01:29Z</time>
   </trkpt>
   <trkpt lat="25.0207600" lon="121.4235130">
    <ele>15.2</ele>
    <time>2025-08-07T12:01:30Z</time>
   </trkpt>
   <trkpt lat="25.0207540" lon="121.4235020">
    <ele>15.2</ele>
    <time>2025-08-07T12:01:31Z</time>
   </trkpt>
   <trkpt lat="25.0207610" lon="121.4235010">
    <ele>15.2</ele>
    <time>2025-08-07T12:01:32Z</time>
   </trkpt>
   <trkpt lat="25.0207660" lon="121.4235000">
    <ele>15.2</ele>
    <time>2025-08-07T12:01:33Z</time>
   </trkpt>
   <trkpt lat="25.0207580" lon="121.4234990">
    <ele>15.2</ele>
    <time>2025-08-07T12:01:34Z</time>
   </trkpt>
   <trkpt lat="25.0207580" lon="121.4235000">
    <ele>15.2</ele>
    <time>2025-08-07T12:01:35Z</time>
   </trkpt>
   <trkpt lat="25.0207580" lon="121.4235000">
    <ele>15.2</ele>
    <time>2025-08-07T12:01:36Z</time>
   </trkpt>
   <trkpt lat="25.0207450" lon="121.4234900">
    <ele>15.2</ele>
    <time>2025-08-07T12:01:37Z</time>
   </trkpt>
   <trkpt lat="25.0207450" lon="121.4234900">
    <ele>15.2</ele>
    <time>2025-08-07T12:01:38Z</time>
   </trkpt>
   <trkpt lat="25.0207430" lon="121.4234900">
    <ele>15.2</ele>
    <time>2025-08-07T12:01:39Z</time>
   </trkpt>
   <trkpt lat="25.0207430" lon="121.4234900">
    <ele>15.2</ele>
    <time>2025-08-07T12:01:40Z</time>
   </trkpt>
   <trkpt lat="25.0207540" lon="121.4234950">
    <ele>15.2</ele>
    <time>2025-08-07T12:01:41Z</time>
   </trkpt>
   <trkpt lat="25.0207550" lon="121.4234910">
    <ele>15.2</ele>
    <time>2025-08-07T12:01:42Z</time>
   </trkpt>
   <trkpt lat="25.0207650" lon="121.4235040">
    <ele>15.2</ele>
    <time>2025-08-07T12:01:43Z</time>
   </trkpt>
   <trkpt lat="25.0207700" lon="121.4235080">
    <ele>15.2</ele>
    <time>2025-08-07T12:01:44Z</time>
   </trkpt>
   <trkpt lat="25.0207740" lon="121.4235150">
    <ele>15.2</ele>
    <time>2025-08-07T12:01:45Z</time>
   </trkpt>
   <trkpt lat="25.0207840" lon="121.4235190">
    <ele>15.2</ele>
    <time>2025-08-07T12:01:46Z</time>
   </trkpt>
   <trkpt lat="25.0207940" lon="121.4235220">
    <ele>15.2</ele>
    <time>2025-08-07T12:01:47Z</time>
   </trkpt>
   <trkpt lat="25.0208020" lon="121.4235130">
    <ele>15.2</ele>
    <time>2025-08-07T12:01:48Z</time>
   </trkpt>
   <trkpt lat="25.0208000" lon="121.4235080">
    <ele>15.2</ele>
    <time>2025-08-07T12:01:49Z</time>
   </trkpt>
   <trkpt lat="25.0208100" lon="121.4234980">
    <ele>15.2</ele>
    <time>2025-08-07T12:01:50Z</time>
   </trkpt>
   <trkpt lat="25.0207830" lon="121.4234830">
    <ele>15.2</ele>
    <time>2025-08-07T12:01:51Z</time>
   </trkpt>
   <trkpt lat="25.0207860" lon="121.4234860">
    <ele>15.2</ele>
    <time>2025-08-07T12:01:52Z</time>
   </trkpt>
   <trkpt lat="25.0207860" lon="121.4235160">
    <ele>15.2</ele>
    <time>2025-08-07T12:01:53Z</time>
   </trkpt>
   <trkpt lat="25.0207930" lon="121.4235190">
    <ele>15.2</ele>
    <time>2025-08-07T12:01:54Z</time>
   </trkpt>
   <trkpt lat="25.0208030" lon="121.4235200">
    <ele>15.2</ele>
    <time>2025-08-07T12:01:55Z</time>
   </trkpt>
   <trkpt lat="25.0208120" lon="121.4235200">
    <ele>15.2</ele>
    <time>2025-08-07T12:01:56Z</time>
   </trkpt>
   <trkpt lat="25.0208220" lon="121.4235210">
    <ele>15.2</ele>
    <time>2025-08-07T12:01:57Z</time>
   </trkpt>
   <trkpt lat="25.0208310" lon="121.4235210">
    <ele>15.2</ele>
    <time>2025-08-07T12:01:58Z</time>
   </trkpt>
   <trkpt lat="25.0208240" lon="121.4235190">
    <ele>15.2</ele>
    <time>2025-08-07T12:01:59Z</time>
   </trkpt>
   <trkpt lat="25.0208200" lon="121.4235190">
    <ele>15.2</ele>
    <time>2025-08-07T12:02:00Z</time>
   </trkpt>
   <trkpt lat="25.0208220" lon="121.4235120">
    <ele>15.2</ele>
    <time>2025-08-07T12:02:01Z</time>
   </trkpt>
   <trkpt lat="25.0208220" lon="121.4235130">
    <ele>15.2</ele>
    <time>2025-08-07T12:02:02Z</time>
   </trkpt>
   <trkpt lat="25.0208220" lon="121.4235130">
    <ele>15.2</ele>
    <time>2025-08-07T12:02:03Z</time>
   </trkpt>
   <trkpt lat="25.0208220" lon="121.4235130">
    <ele>15.2</ele>
    <time>2025-08-07T12:02:04Z</time>
   </trkpt>
   <trkpt lat="25.0208230" lon="121.4235210">
    <ele>15.2</ele>
    <time>2025-08-07T12:02:05Z</time>
   </trkpt>
   <trkpt lat="25.0208230" lon="121.4235210">
    <ele>15.2</ele>
    <time>2025-08-07T12:02:06Z</time>
   </trkpt>
   <trkpt lat="25.0208230" lon="121.4235210">
    <ele>15.2</ele>
    <time>2025-08-07T12:02:07Z</time>
   </trkpt>
   <trkpt lat="25.0208250" lon="121.4235180">
    <ele>15.2</ele>
    <time>2025-08-07T12:02:08Z</time>
   </trkpt>
   <trkpt lat="25.0208240" lon="121.4235180">
    <ele>15.2</ele>
    <time>2025-08-07T12:02:09Z</time>
   </trkpt>
   <trkpt lat="25.0208470" lon="121.4233980">
    <ele>15.3</ele>
    <time>2025-08-07T12:02:21Z</time>
   </trkpt>
   <trkpt lat="25.0208380" lon="121.4234130">
    <ele>15.3</ele>
    <time>2025-08-07T12:02:27Z</time>
   </trkpt>
   <trkpt lat="25.0208170" lon="121.4234670">
    <ele>15.3</ele>
    <time>2025-08-07T12:02:33Z</time>
   </trkpt>
   <trkpt lat="25.0208030" lon="121.4234910">
    <ele>15.3</ele>
    <time>2025-08-07T12:02:36Z</time>
   </trkpt>
   <trkpt lat="25.0208140" lon="121.4234650">
    <ele>15.3</ele>
    <time>2025-08-07T12:02:38Z</time>
   </trkpt>
   <trkpt lat="25.0208250" lon="121.4234460">
    <ele>15.3</ele>
    <time>2025-08-07T12:02:39Z</time>
   </trkpt>
   <trkpt lat="25.0208110" lon="121.4234920">
    <ele>15.3</ele>
    <time>2025-08-07T12:02:44Z</time>
   </trkpt>
   <trkpt lat="25.0208080" lon="121.4234850">
    <ele>15.3</ele>
    <time>2025-08-07T12:02:50Z</time>
   </trkpt>
   <trkpt lat="25.0208130" lon="121.4234960">
    <ele>15.3</ele>
    <time>2025-08-07T12:02:56Z</time>
   </trkpt>
   <trkpt lat="25.0208060" lon="121.4235090">
    <ele>15.3</ele>
    <time>2025-08-07T12:02:57Z</time>
   </trkpt>
   <trkpt lat="25.0208080" lon="121.4235050">
    <ele>15.3</ele>
    <time>2025-08-07T12:02:58Z</time>
   </trkpt>
   <trkpt lat="25.0208080" lon="121.4235050">
    <ele>15.3</ele>
    <time>2025-08-07T12:02:59Z</time>
   </trkpt>
   <trkpt lat="25.0207810" lon="121.4235150">
    <ele>15.3</ele>
    <time>2025-08-07T12:03:00Z</time>
   </trkpt>
   <trkpt lat="25.0207640" lon="121.4235160">
    <ele>15.3</ele>
    <time>2025-08-07T12:03:01Z</time>
   </trkpt>
   <trkpt lat="25.0207630" lon="121.4235080">
    <ele>15.3</ele>
    <time>2025-08-07T12:03:02Z</time>
   </trkpt>
   <trkpt lat="25.0207820" lon="121.4235410">
    <ele>15.4</ele>
    <time>2025-08-07T12:03:03Z</time>
   </trkpt>
   <trkpt lat="25.0207990" lon="121.4235420">
    <ele>15.4</ele>
    <time>2025-08-07T12:03:04Z</time>
   </trkpt>
   <trkpt lat="25.0207990" lon="121.4235480">
    <ele>15.4</ele>
    <time>2025-08-07T12:03:05Z</time>
   </trkpt>
   <trkpt lat="25.0208080" lon="121.4235250">
    <ele>15.4</ele>
    <time>2025-08-07T12:03:06Z</time>
   </trkpt>
   <trkpt lat="25.0208080" lon="121.4235060">
    <ele>15.4</ele>
    <time>2025-08-07T12:03:07Z</time>
   </trkpt>
   <trkpt lat="25.0208070" lon="121.4234890">
    <ele>15.4</ele>
    <time>2025-08-07T12:03:08Z</time>
   </trkpt>
   <trkpt lat="25.0208080" lon="121.4234780">
    <ele>15.4</ele>
    <time>2025-08-07T12:03:09Z</time>
   </trkpt>
   <trkpt lat="25.0208090" lon="121.4234660">
    <ele>15.4</ele>
    <time>2025-08-07T12:03:10Z</time>
   </trkpt>
   <trkpt lat="25.0208100" lon="121.4234540">
    <ele>15.4</ele>
    <time>2025-08-07T12:03:11Z</time>
   </trkpt>
   <trkpt lat="25.0208130" lon="121.4234370">
    <ele>15.4</ele>
    <time>2025-08-07T12:03:12Z</time>
   </trkpt>
   <trkpt lat="25.0208240" lon="121.4234230">
    <ele>15.4</ele>
    <time>2025-08-07T12:03:13Z</time>
   </trkpt>
   <trkpt lat="25.0208350" lon="121.4234090">
    <ele>15.4</ele>
    <time>2025-08-07T12:03:14Z</time>
   </trkpt>
   <trkpt lat="25.0208470" lon="121.4234280">
    <ele>15.4</ele>
    <time>2025-08-07T12:03:15Z</time>
   </trkpt>
   <trkpt lat="25.0208550" lon="121.4234220">
    <ele>15.4</ele>
    <time>2025-08-07T12:03:16Z</time>
   </trkpt>
   <trkpt lat="25.0208620" lon="121.4234200">
    <ele>15.4</ele>
    <time>2025-08-07T12:03:17Z</time>
   </trkpt>
   <trkpt lat="25.0208710" lon="121.4234180">
    <ele>15.4</ele>
    <time>2025-08-07T12:03:18Z</time>
   </trkpt>
   <trkpt lat="25.0208770" lon="121.4234160">
    <ele>15.4</ele>
    <time>2025-08-07T12:03:19Z</time>
   </trkpt>
   <trkpt lat="25.0208730" lon="121.4234250">
    <ele>15.4</ele>
    <time>2025-08-07T12:03:20Z</time>
   </trkpt>
   <trkpt lat="25.0208680" lon="121.4234010">
    <ele>15.4</ele>
    <time>2025-08-07T12:03:21Z</time>
   </trkpt>
   <trkpt lat="25.0208720" lon="121.4234040">
    <ele>15.4</ele>
    <time>2025-08-07T12:03:22Z</time>
   </trkpt>
   <trkpt lat="25.0208840" lon="121.4234110">
    <ele>15.4</ele>
    <time>2025-08-07T12:03:23Z</time>
   </trkpt>
   <trkpt lat="25.0208880" lon="121.4234150">
    <ele>15.4</ele>
    <time>2025-08-07T12:03:24Z</time>
   </trkpt>
   <trkpt lat="25.0208880" lon="121.4234180">
    <ele>15.4</ele>
    <time>2025-08-07T12:03:25Z</time>
   </trkpt>
   <trkpt lat="25.0208980" lon="121.4234030">
    <ele>15.4</ele>
    <time>2025-08-07T12:03:26Z</time>
   </trkpt>
   <trkpt lat="25.0208980" lon="121.4234030">
    <ele>15.4</ele>
    <time>2025-08-07T12:03:27Z</time>
   </trkpt>
   <trkpt lat="25.0208880" lon="121.4234020">
    <ele>15.4</ele>
    <time>2025-08-07T12:03:28Z</time>
   </trkpt>
   <trkpt lat="25.0208870" lon="121.4234020">
    <ele>15.4</ele>
    <time>2025-08-07T12:03:29Z</time>
   </trkpt>
   <trkpt lat="25.0208840" lon="121.4233930">
    <ele>15.4</ele>
    <time>2025-08-07T12:03:30Z</time>
   </trkpt>
   <trkpt lat="25.0208850" lon="121.4233920">
    <ele>15.4</ele>
    <time>2025-08-07T12:03:31Z</time>
   </trkpt>
   <trkpt lat="25.0208900" lon="121.4233860">
    <ele>15.5</ele>
    <time>2025-08-07T12:03:32Z</time>
   </trkpt>
   <trkpt lat="25.0208970" lon="121.4233830">
    <ele>15.5</ele>
    <time>2025-08-07T12:03:33Z</time>
   </trkpt>
   <trkpt lat="25.0208910" lon="121.4234030">
    <ele>15.5</ele>
    <time>2025-08-07T12:03:34Z</time>
   </trkpt>
   <trkpt lat="25.0208900" lon="121.4234010">
    <ele>15.5</ele>
    <time>2025-08-07T12:03:35Z</time>
   </trkpt>
   <trkpt lat="25.0208940" lon="121.4233850">
    <ele>15.5</ele>
    <time>2025-08-07T12:03:36Z</time>
   </trkpt>
   <trkpt lat="25.0208940" lon="121.4233850">
    <ele>15.5</ele>
    <time>2025-08-07T12:03:37Z</time>
   </trkpt>
   <trkpt lat="25.0208940" lon="121.4233850">
    <ele>15.5</ele>
    <time>2025-08-07T12:03:38Z</time>
   </trkpt>
   <trkpt lat="25.0208910" lon="121.4233890">
    <ele>15.5</ele>
    <time>2025-08-07T12:03:39Z</time>
   </trkpt>
   <trkpt lat="25.0208840" lon="121.4233850">
    <ele>15.5</ele>
    <time>2025-08-07T12:03:40Z</time>
   </trkpt>
   <trkpt lat="25.0208720" lon="121.4233800">
    <ele>15.5</ele>
    <time>2025-08-07T12:03:41Z</time>
   </trkpt>
   <trkpt lat="25.0208770" lon="121.4234000">
    <ele>15.5</ele>
    <time>2025-08-07T12:03:42Z</time>
   </trkpt>
   <trkpt lat="25.0208770" lon="121.4234000">
    <ele>15.5</ele>
    <time>2025-08-07T12:03:43Z</time>
   </trkpt>
   <trkpt lat="25.0208770" lon="121.4234000">
    <ele>15.5</ele>
    <time>2025-08-07T12:03:44Z</time>
   </trkpt>
   <trkpt lat="25.0208770" lon="121.4234000">
    <ele>15.5</ele>
    <time>2025-08-07T12:03:45Z</time>
   </trkpt>
   <trkpt lat="25.0208770" lon="121.4234000">
    <ele>15.5</ele>
    <time>2025-08-07T12:03:46Z</time>
   </trkpt>
   <trkpt lat="25.0208800" lon="121.4234070">
    <ele>15.5</ele>
    <time>2025-08-07T12:03:47Z</time>
   </trkpt>
   <trkpt lat="25.0208840" lon="121.4234050">
    <ele>15.5</ele>
    <time>2025-08-07T12:03:48Z</time>
   </trkpt>
   <trkpt lat="25.0208930" lon="121.4234080">
    <ele>15.5</ele>
    <time>2025-08-07T12:03:49Z</time>
   </trkpt>
   <trkpt lat="25.0208900" lon="121.4233920">
    <ele>15.5</ele>
    <time>2025-08-07T12:03:50Z</time>
   </trkpt>
   <trkpt lat="25.0208980" lon="121.4233790">
    <ele>15.5</ele>
    <time>2025-08-07T12:03:51Z</time>
   </trkpt>
   <trkpt lat="25.0209090" lon="121.4233700">
    <ele>15.5</ele>
    <time>2025-08-07T12:03:52Z</time>
   </trkpt>
   <trkpt lat="25.0209070" lon="121.4233750">
    <ele>15.5</ele>
    <time>2025-08-07T12:03:53Z</time>
   </trkpt>
   <trkpt lat="25.0209040" lon="121.4233790">
    <ele>15.5</ele>
    <time>2025-08-07T12:03:54Z</time>
   </trkpt>
   <trkpt lat="25.0209020" lon="121.4233840">
    <ele>15.5</ele>
    <time>2025-08-07T12:03:55Z</time>
   </trkpt>
   <trkpt lat="25.0208990" lon="121.4233890">
    <ele>15.5</ele>
    <time>2025-08-07T12:03:56Z</time>
   </trkpt>
   <trkpt lat="25.0208960" lon="121.4233940">
    <ele>15.5</ele>
    <time>2025-08-07T12:03:57Z</time>
   </trkpt>
   <trkpt lat="25.0208940" lon="121.4233980">
    <ele>15.5</ele>
    <time>2025-08-07T12:03:58Z</time>
   </trkpt>
   <trkpt lat="25.0208910" lon="121.4234030">
    <ele>15.5</ele>
    <time>2025-08-07T12:03:59Z</time>
   </trkpt>
   <trkpt lat="25.0208880" lon="121.4234080">
    <ele>15.5</ele>
    <time>2025-08-07T12:04:00Z</time>
   </trkpt>
   <trkpt lat="25.0208860" lon="121.4234130">
    <ele>15.5</ele>
    <time>2025-08-07T12:04:01Z</time>
   </trkpt>
   <trkpt lat="25.0208830" lon="121.4234170">
    <ele>15.5</ele>
    <time>2025-08-07T12:04:02Z</time>
   </trkpt>
   <trkpt lat="25.0208810" lon="121.4234220">
    <ele>15.5</ele>
    <time>2025-08-07T12:04:03Z</time>
   </trkpt>
   <trkpt lat="25.0208780" lon="121.4234270">
    <ele>15.5</ele>
    <time>2025-08-07T12:04:04Z</time>
   </trkpt>
   <trkpt lat="25.0208750" lon="121.4234320">
    <ele>15.5</ele>
    <time>2025-08-07T12:04:05Z</time>
   </trkpt>
   <trkpt lat="25.0208730" lon="121.4234360">
    <ele>15.5</ele>
    <time>2025-08-07T12:04:06Z</time>
   </trkpt>
   <trkpt lat="25.0208700" lon="121.4234410">
    <ele>15.5</ele>
    <time>2025-08-07T12:04:07Z</time>
   </trkpt>
   <trkpt lat="25.0208700" lon="121.4234390">
    <ele>15.5</ele>
    <time>2025-08-07T12:04:08Z</time>
   </trkpt>
   <trkpt lat="25.0208780" lon="121.4234390">
    <ele>15.5</ele>
    <time>2025-08-07T12:04:09Z</time>
   </trkpt>
   <trkpt lat="25.0208780" lon="121.4234390">
    <ele>15.5</ele>
    <time>2025-08-07T12:04:10Z</time>
   </trkpt>
   <trkpt lat="25.0208940" lon="121.4234150">
    <ele>15.5</ele>
    <time>2025-08-07T12:04:11Z</time>
   </trkpt>
   <trkpt lat="25.0208950" lon="121.4234140">
    <ele>15.5</ele>
    <time>2025-08-07T12:04:12Z</time>
   </trkpt>
   <trkpt lat="25.0208900" lon="121.4234110">
    <ele>15.5</ele>
    <time>2025-08-07T12:04:13Z</time>
   </trkpt>
   <trkpt lat="25.0208890" lon="121.4234110">
    <ele>15.5</ele>
    <time>2025-08-07T12:04:14Z</time>
   </trkpt>
   <trkpt lat="25.0208890" lon="121.4234110">
    <ele>15.5</ele>
    <time>2025-08-07T12:04:15Z</time>
   </trkpt>
   <trkpt lat="25.0208890" lon="121.4234110">
    <ele>15.5</ele>
    <time>2025-08-07T12:04:16Z</time>
   </trkpt>
   <trkpt lat="25.0208860" lon="121.4234260">
    <ele>15.5</ele>
    <time>2025-08-07T12:04:17Z</time>
   </trkpt>
   <trkpt lat="25.0208960" lon="121.4234280">
    <ele>15.5</ele>
    <time>2025-08-07T12:04:18Z</time>
   </trkpt>
   <trkpt lat="25.0209030" lon="121.4234360">
    <ele>15.5</ele>
    <time>2025-08-07T12:04:19Z</time>
   </trkpt>
   <trkpt lat="25.0209060" lon="121.4234290">
    <ele>15.5</ele>
    <time>2025-08-07T12:04:20Z</time>
   </trkpt>
   <trkpt lat="25.0209040" lon="121.4234130">
    <ele>15.6</ele>
    <time>2025-08-07T12:04:21Z</time>
   </trkpt>
   <trkpt lat="25.0209120" lon="121.4233950">
    <ele>15.6</ele>
    <time>2025-08-07T12:04:22Z</time>
   </trkpt>
   <trkpt lat="25.0209210" lon="121.4233960">
    <ele>15.6</ele>
    <time>2025-08-07T12:04:23Z</time>
   </trkpt>
   <trkpt lat="25.0209260" lon="121.4234250">
    <ele>15.6</ele>
    <time>2025-08-07T12:04:24Z</time>
   </trkpt>
   <trkpt lat="25.0209150" lon="121.4234580">
    <ele>15.6</ele>
    <time>2025-08-07T12:04:25Z</time>
   </trkpt>
   <trkpt lat="25.0209310" lon="121.4234540">
    <ele>15.6</ele>
    <time>2025-08-07T12:04:26Z</time>
   </trkpt>
   <trkpt lat="25.0209280" lon="121.4234270">
    <ele>15.6</ele>
    <time>2025-08-07T12:04:27Z</time>
   </trkpt>
   <trkpt lat="25.0209160" lon="121.4234270">
    <ele>15.6</ele>
    <time>2025-08-07T12:04:28Z</time>
   </trkpt>
   <trkpt lat="25.0209200" lon="121.4234190">
    <ele>15.6</ele>
    <time>2025-08-07T12:04:29Z</time>
   </trkpt>
   <trkpt lat="25.0209110" lon="121.4234160">
    <ele>15.6</ele>
    <time>2025-08-07T12:04:30Z</time>
   </trkpt>
   <trkpt lat="25.0209110" lon="121.4234210">
    <ele>15.6</ele>
    <time>2025-08-07T12:04:31Z</time>
   </trkpt>
   <trkpt lat="25.0209160" lon="121.4234200">
    <ele>15.6</ele>
    <time>2025-08-07T12:04:32Z</time>
   </trkpt>
   <trkpt lat="25.0209090" lon="121.4234220">
    <ele>15.6</ele>
    <time>2025-08-07T12:04:33Z</time>
   </trkpt>
   <trkpt lat="25.0209070" lon="121.4234250">
    <ele>15.6</ele>
    <time>2025-08-07T12:04:34Z</time>
   </trkpt>
   <trkpt lat="25.0209070" lon="121.4234250">
    <ele>15.6</ele>
    <time>2025-08-07T12:04:35Z</time>
   </trkpt>
   <trkpt lat="25.0209120" lon="121.4234350">
    <ele>15.6</ele>
    <time>2025-08-07T12:04:36Z</time>
   </trkpt>
   <trkpt lat="25.0209120" lon="121.4234350">
    <ele>15.6</ele>
    <time>2025-08-07T12:04:37Z</time>
   </trkpt>
   <trkpt lat="25.0209130" lon="121.4234370">
    <ele>15.6</ele>
    <time>2025-08-07T12:04:38Z</time>
   </trkpt>
   <trkpt lat="25.0209150" lon="121.4234420">
    <ele>15.6</ele>
    <time>2025-08-07T12:04:39Z</time>
   </trkpt>
   <trkpt lat="25.0209130" lon="121.4234440">
    <ele>15.6</ele>
    <time>2025-08-07T12:04:40Z</time>
   </trkpt>
   <trkpt lat="25.0209150" lon="121.4234390">
    <ele>15.6</ele>
    <time>2025-08-07T12:04:41Z</time>
   </trkpt>
   <trkpt lat="25.0209110" lon="121.4234340">
    <ele>15.6</ele>
    <time>2025-08-07T12:04:42Z</time>
   </trkpt>
   <trkpt lat="25.0209150" lon="121.4234360">
    <ele>15.6</ele>
    <time>2025-08-07T12:04:43Z</time>
   </trkpt>
   <trkpt lat="25.0209180" lon="121.4234380">
    <ele>15.6</ele>
    <time>2025-08-07T12:04:44Z</time>
   </trkpt>
   <trkpt lat="25.0209130" lon="121.4234360">
    <ele>15.6</ele>
    <time>2025-08-07T12:04:45Z</time>
   </trkpt>
   <trkpt lat="25.0209130" lon="121.4234360">
    <ele>15.6</ele>
    <time>2025-08-07T12:04:46Z</time>
   </trkpt>
   <trkpt lat="25.0209140" lon="121.4234350">
    <ele>15.6</ele>
    <time>2025-08-07T12:04:47Z</time>
   </trkpt>
   <trkpt lat="25.0209190" lon="121.4234320">
    <ele>15.6</ele>
    <time>2025-08-07T12:04:48Z</time>
   </trkpt>
   <trkpt lat="25.0209220" lon="121.4234270">
    <ele>15.6</ele>
    <time>2025-08-07T12:04:49Z</time>
   </trkpt>
   <trkpt lat="25.0209270" lon="121.4234290">
    <ele>15.6</ele>
    <time>2025-08-07T12:04:50Z</time>
   </trkpt>
   <trkpt lat="25.0209190" lon="121.4234260">
    <ele>15.6</ele>
    <time>2025-08-07T12:04:51Z</time>
   </trkpt>
   <trkpt lat="25.0209130" lon="121.4234300">
    <ele>15.6</ele>
    <time>2025-08-07T12:04:52Z</time>
   </trkpt>
   <trkpt lat="25.0208960" lon="121.4234350">
    <ele>15.6</ele>
    <time>2025-08-07T12:04:53Z</time>
   </trkpt>
   <trkpt lat="25.0209240" lon="121.4234570">
    <ele>15.7</ele>
    <time>2025-08-07T12:04:54Z</time>
   </trkpt>
   <trkpt lat="25.0209340" lon="121.4234630">
    <ele>15.7</ele>
    <time>2025-08-07T12:04:55Z</time>
   </trkpt>
   <trkpt lat="25.0209290" lon="121.4234530">
    <ele>15.7</ele>
    <time>2025-08-07T12:04:56Z</time>
   </trkpt>
   <trkpt lat="25.0209360" lon="121.4234520">
    <ele>15.7</ele>
    <time>2025-08-07T12:04:57Z</time>
   </trkpt>
   <trkpt lat="25.0209430" lon="121.4234510">
    <ele>15.7</ele>
    <time>2025-08-07T12:04:58Z</time>
   </trkpt>
   <trkpt lat="25.0209490" lon="121.4234490">
    <ele>15.7</ele>
    <time>2025-08-07T12:04:59Z</time>
   </trkpt>
   <trkpt lat="25.0209560" lon="121.4234480">
    <ele>15.7</ele>
    <time>2025-08-07T12:05:00Z</time>
   </trkpt>
   <trkpt lat="25.0209630" lon="121.4234470">
    <ele>15.7</ele>
    <time>2025-08-07T12:05:01Z</time>
   </trkpt>
   <trkpt lat="25.0209700" lon="121.4234460">
    <ele>15.7</ele>
    <time>2025-08-07T12:05:02Z</time>
   </trkpt>
   <trkpt lat="25.0209710" lon="121.4234450">
    <ele>15.7</ele>
    <time>2025-08-07T12:05:03Z</time>
   </trkpt>
   <trkpt lat="25.0209630" lon="121.4234410">
    <ele>15.7</ele>
    <time>2025-08-07T12:05:04Z</time>
   </trkpt>
   <trkpt lat="25.0209560" lon="121.4234380">
    <ele>15.7</ele>
    <time>2025-08-07T12:05:05Z</time>
   </trkpt>
   <trkpt lat="25.0209490" lon="121.4234350">
    <ele>15.7</ele>
    <time>2025-08-07T12:05:06Z</time>
   </trkpt>
   <trkpt lat="25.0209420" lon="121.4234320">
    <ele>15.7</ele>
    <time>2025-08-07T12:05:07Z</time>
   </trkpt>
   <trkpt lat="25.0209340" lon="121.4234280">
    <ele>15.7</ele>
    <time>2025-08-07T12:05:08Z</time>
   </trkpt>
   <trkpt lat="25.0209270" lon="121.4234250">
    <ele>15.7</ele>
    <time>2025-08-07T12:05:09Z</time>
   </trkpt>
   <trkpt lat="25.0209270" lon="121.4234250">
    <ele>15.7</ele>
    <time>2025-08-07T12:05:10Z</time>
   </trkpt>
   <trkpt lat="25.0209270" lon="121.4234250">
    <ele>15.7</ele>
    <time>2025-08-07T12:05:11Z</time>
   </trkpt>
   <trkpt lat="25.0209270" lon="121.4234250">
    <ele>15.7</ele>
    <time>2025-08-07T12:05:12Z</time>
   </trkpt>
   <trkpt lat="25.0209270" lon="121.4234250">
    <ele>15.7</ele>
    <time>2025-08-07T12:05:13Z</time>
   </trkpt>
   <trkpt lat="25.0209030" lon="121.4234330">
    <ele>15.7</ele>
    <time>2025-08-07T12:05:39Z</time>
   </trkpt>
   <trkpt lat="25.0208320" lon="121.4234900">
    <ele>15.7</ele>
    <time>2025-08-07T12:05:41Z</time>
   </trkpt>
   <trkpt lat="25.0208570" lon="121.4234510">
    <ele>15.7</ele>
    <time>2025-08-07T12:05:43Z</time>
   </trkpt>
   <trkpt lat="25.0208650" lon="121.4233890">
    <ele>15.8</ele>
    <time>2025-08-07T12:05:47Z</time>
   </trkpt>
   <trkpt lat="25.0208150" lon="121.4234530">
    <ele>15.8</ele>
    <time>2025-08-07T12:05:53Z</time>
   </trkpt>
   <trkpt lat="25.0208430" lon="121.4234330">
    <ele>15.8</ele>
    <time>2025-08-07T12:05:59Z</time>
   </trkpt>
   <trkpt lat="25.0208360" lon="121.4234520">
    <ele>15.8</ele>
    <time>2025-08-07T12:06:00Z</time>
   </trkpt>
   <trkpt lat="25.0208380" lon="121.4234510">
    <ele>15.8</ele>
    <time>2025-08-07T12:06:01Z</time>
   </trkpt>
   <trkpt lat="25.0208270" lon="121.4234220">
    <ele>15.8</ele>
    <time>2025-08-07T12:06:02Z</time>
   </trkpt>
   <trkpt lat="25.0208240" lon="121.4234040">
    <ele>15.8</ele>
    <time>2025-08-07T12:06:03Z</time>
   </trkpt>
   <trkpt lat="25.0208410" lon="121.4233810">
    <ele>15.9</ele>
    <time>2025-08-07T12:06:04Z</time>
   </trkpt>
   <trkpt lat="25.0208440" lon="121.4233660">
    <ele>15.9</ele>
    <time>2025-08-07T12:06:05Z</time>
   </trkpt>
   <trkpt lat="25.0208800" lon="121.4233420">
    <ele>15.9</ele>
    <time>2025-08-07T12:06:06Z</time>
   </trkpt>
   <trkpt lat="25.0208950" lon="121.4233290">
    <ele>15.9</ele>
    <time>2025-08-07T12:06:07Z</time>
   </trkpt>
   <trkpt lat="25.0209000" lon="121.4233240">
    <ele>15.9</ele>
    <time>2025-08-07T12:06:08Z</time>
   </trkpt>
   <trkpt lat="25.0209020" lon="121.4233210">
    <ele>15.9</ele>
    <time>2025-08-07T12:06:09Z</time>
   </trkpt>
   <trkpt lat="25.0209040" lon="121.4233070">
    <ele>15.9</ele>
    <time>2025-08-07T12:06:10Z</time>
   </trkpt>
   <trkpt lat="25.0209120" lon="121.4232990">
    <ele>15.9</ele>
    <time>2025-08-07T12:06:11Z</time>
   </trkpt>
   <trkpt lat="25.0209120" lon="121.4232940">
    <ele>15.9</ele>
    <time>2025-08-07T12:06:12Z</time>
   </trkpt>
   <trkpt lat="25.0209250" lon="121.4232930">
    <ele>15.9</ele>
    <time>2025-08-07T12:06:13Z</time>
   </trkpt>
   <trkpt lat="25.0209350" lon="121.4232930">
    <ele>15.9</ele>
    <time>2025-08-07T12:06:14Z</time>
   </trkpt>
   <trkpt lat="25.0209410" lon="121.4232850">
    <ele>15.9</ele>
    <time>2025-08-07T12:06:15Z</time>
   </trkpt>
   <trkpt lat="25.0209430" lon="121.4232780">
    <ele>15.9</ele>
    <time>2025-08-07T12:06:16Z</time>
   </trkpt>
   <trkpt lat="25.0209450" lon="121.4232760">
    <ele>15.9</ele>
    <time>2025-08-07T12:06:17Z</time>
   </trkpt>
   <trkpt lat="25.0209490" lon="121.4232690">
    <ele>15.9</ele>
    <time>2025-08-07T12:06:18Z</time>
   </trkpt>
   <trkpt lat="25.0209540" lon="121.4232650">
    <ele>15.9</ele>
    <time>2025-08-07T12:06:19Z</time>
   </trkpt>
   <trkpt lat="25.0209620" lon="121.4232540">
    <ele>15.9</ele>
    <time>2025-08-07T12:06:20Z</time>
   </trkpt>
   <trkpt lat="25.0209660" lon="121.4232340">
    <ele>15.9</ele>
    <time>2025-08-07T12:06:21Z</time>
   </trkpt>
   <trkpt lat="25.0209650" lon="121.4232230">
    <ele>15.9</ele>
    <time>2025-08-07T12:06:22Z</time>
   </trkpt>
   <trkpt lat="25.0209680" lon="121.4232130">
    <ele>15.9</ele>
    <time>2025-08-07T12:06:23Z</time>
   </trkpt>
   <trkpt lat="25.0209700" lon="121.4232040">
    <ele>15.9</ele>
    <time>2025-08-07T12:06:24Z</time>
   </trkpt>
   <trkpt lat="25.0209730" lon="121.4231940">
    <ele>15.9</ele>
    <time>2025-08-07T12:06:25Z</time>
   </trkpt>
   <trkpt lat="25.0209750" lon="121.4231800">
    <ele>15.9</ele>
    <time>2025-08-07T12:06:26Z</time>
   </trkpt>
   <trkpt lat="25.0209720" lon="121.4231780">
    <ele>15.9</ele>
    <time>2025-08-07T12:06:27Z</time>
   </trkpt>
   <trkpt lat="25.0209670" lon="121.4231810">
    <ele>15.9</ele>
    <time>2025-08-07T12:06:28Z</time>
   </trkpt>
   <trkpt lat="25.0209630" lon="121.4231790">
    <ele>15.9</ele>
    <time>2025-08-07T12:06:29Z</time>
   </trkpt>
   <trkpt lat="25.0209600" lon="121.4231780">
    <ele>15.9</ele>
    <time>2025-08-07T12:06:30Z</time>
   </trkpt>
   <trkpt lat="25.0209660" lon="121.4231710">
    <ele>15.9</ele>
    <time>2025-08-07T12:06:31Z</time>
   </trkpt>
   <trkpt lat="25.0209670" lon="121.4231670">
    <ele>15.9</ele>
    <time>2025-08-07T12:06:32Z</time>
   </trkpt>
   <trkpt lat="25.0209660" lon="121.4231710">
    <ele>15.9</ele>
    <time>2025-08-07T12:06:33Z</time>
   </trkpt>
   <trkpt lat="25.0209660" lon="121.4231710">
    <ele>15.9</ele>
    <time>2025-08-07T12:06:34Z</time>
   </trkpt>
   <trkpt lat="25.0209630" lon="121.4231730">
    <ele>15.9</ele>
    <time>2025-08-07T12:06:35Z</time>
   </trkpt>
   <trkpt lat="25.0209660" lon="121.4231710">
    <ele>15.9</ele>
    <time>2025-08-07T12:06:36Z</time>
   </trkpt>
   <trkpt lat="25.0209690" lon="121.4231690">
    <ele>15.9</ele>
    <time>2025-08-07T12:06:37Z</time>
   </trkpt>
   <trkpt lat="25.0209720" lon="121.4231670">
    <ele>15.9</ele>
    <time>2025-08-07T12:06:38Z</time>
   </trkpt>
   <trkpt lat="25.0209740" lon="121.4231670">
    <ele>15.9</ele>
    <time>2025-08-07T12:06:39Z</time>
   </trkpt>
   <trkpt lat="25.0209750" lon="121.4231680">
    <ele>15.9</ele>
    <time>2025-08-07T12:06:40Z</time>
   </trkpt>
   <trkpt lat="25.0209750" lon="121.4231680">
    <ele>15.9</ele>
    <time>2025-08-07T12:06:41Z</time>
   </trkpt>
   <trkpt lat="25.0209750" lon="121.4231680">
    <ele>15.9</ele>
    <time>2025-08-07T12:06:42Z</time>
   </trkpt>
   <trkpt lat="25.0209750" lon="121.4231680">
    <ele>15.9</ele>
    <time>2025-08-07T12:06:43Z</time>
   </trkpt>
   <trkpt lat="25.0209760" lon="121.4231610">
    <ele>15.9</ele>
    <time>2025-08-07T12:06:44Z</time>
   </trkpt>
   <trkpt lat="25.0209740" lon="121.4231580">
    <ele>15.9</ele>
    <time>2025-08-07T12:06:45Z</time>
   </trkpt>
   <trkpt lat="25.0209710" lon="121.4231550">
    <ele>15.9</ele>
    <time>2025-08-07T12:06:46Z</time>
   </trkpt>
   <trkpt lat="25.0209690" lon="121.4231520">
    <ele>15.9</ele>
    <time>2025-08-07T12:06:47Z</time>
   </trkpt>
   <trkpt lat="25.0209660" lon="121.4231490">
    <ele>15.9</ele>
    <time>2025-08-07T12:06:48Z</time>
   </trkpt>
   <trkpt lat="25.0209640" lon="121.4231470">
    <ele>15.9</ele>
    <time>2025-08-07T12:06:49Z</time>
   </trkpt>
   <trkpt lat="25.0209610" lon="121.4231440">
    <ele>15.9</ele>
    <time>2025-08-07T12:06:50Z</time>
   </trkpt>
   <trkpt lat="25.0209590" lon="121.4231410">
    <ele>15.9</ele>
    <time>2025-08-07T12:06:51Z</time>
   </trkpt>
   <trkpt lat="25.0209560" lon="121.4231380">
    <ele>15.9</ele>
    <time>2025-08-07T12:06:52Z</time>
   </trkpt>
   <trkpt lat="25.0209540" lon="121.4231350">
    <ele>15.9</ele>
    <time>2025-08-07T12:06:53Z</time>
   </trkpt>
   <trkpt lat="25.0209510" lon="121.4231320">
    <ele>15.9</ele>
    <time>2025-08-07T12:07:06Z</time>
   </trkpt>
   <trkpt lat="25.0209490" lon="121.4231290">
    <ele>15.9</ele>
    <time>2025-08-07T12:07:12Z</time>
   </trkpt>
   <trkpt lat="25.0209460" lon="121.4231260">
    <ele>15.9</ele>
    <time>2025-08-07T12:07:18Z</time>
   </trkpt>
   <trkpt lat="25.0209440" lon="121.4231230">
    <ele>15.9</ele>
    <time>2025-08-07T12:07:22Z</time>
   </trkpt>
   <trkpt lat="25.0209410" lon="121.4231210">
    <ele>15.9</ele>
    <time>2025-08-07T12:07:23Z</time>
   </trkpt>
   <trkpt lat="25.0209390" lon="121.4231180">
    <ele>15.9</ele>
    <time>2025-08-07T12:07:24Z</time>
   </trkpt>
   <trkpt lat="25.0209360" lon="121.4231150">
    <ele>15.9</ele>
    <time>2025-08-07T12:07:25Z</time>
   </trkpt>
   <trkpt lat="25.0209340" lon="121.4231120">
    <ele>15.9</ele>
    <time>2025-08-07T12:07:26Z</time>
   </trkpt>
   <trkpt lat="25.0209310" lon="121.4231090">
    <ele>15.9</ele>
    <time>2025-08-07T12:07:27Z</time>
   </trkpt>
   <trkpt lat="25.0209130" lon="121.4231130">
    <ele>15.9</ele>
    <time>2025-08-07T12:07:28Z</time>
   </trkpt>
   <trkpt lat="25.0209170" lon="121.4231210">
    <ele>15.9</ele>
    <time>2025-08-07T12:07:29Z</time>
   </trkpt>
   <trkpt lat="25.0209220" lon="121.4231280">
    <ele>15.9</ele>
    <time>2025-08-07T12:07:30Z</time>
   </trkpt>
   <trkpt lat="25.0209270" lon="121.4231350">
    <ele>15.9</ele>
    <time>2025-08-07T12:07:31Z</time>
   </trkpt>
   <trkpt lat="25.0209310" lon="121.4231430">
    <ele>15.9</ele>
    <time>2025-08-07T12:07:32Z</time>
   </trkpt>
   <trkpt lat="25.0209360" lon="121.4231500">
    <ele>15.9</ele>
    <time>2025-08-07T12:07:33Z</time>
   </trkpt>
   <trkpt lat="25.0209320" lon="121.4231520">
    <ele>15.9</ele>
    <time>2025-08-07T12:07:34Z</time>
   </trkpt>
   <trkpt lat="25.0209240" lon="121.4231480">
    <ele>15.9</ele>
    <time>2025-08-07T12:07:35Z</time>
   </trkpt>
   <trkpt lat="25.0209160" lon="121.4231430">
    <ele>15.9</ele>
    <time>2025-08-07T12:07:36Z</time>
   </trkpt>
   <trkpt lat="25.0209280" lon="121.4231450">
    <ele>15.9</ele>
    <time>2025-08-07T12:07:37Z</time>
   </trkpt>
   <trkpt lat="25.0209380" lon="121.4231510">
    <ele>15.9</ele>
    <time>2025-08-07T12:07:38Z</time>
   </trkpt>
   <trkpt lat="25.0209440" lon="121.4231500">
    <ele>15.9</ele>
    <time>2025-08-07T12:07:39Z</time>
   </trkpt>
   <trkpt lat="25.0209420" lon="121.4231510">
    <ele>15.9</ele>
    <time>2025-08-07T12:07:40Z</time>
   </trkpt>
   <trkpt lat="25.0209490" lon="121.4231330">
    <ele>15.9</ele>
    <time>2025-08-07T12:07:41Z</time>
   </trkpt>
   <trkpt lat="25.0209460" lon="121.4231400">
    <ele>15.9</ele>
    <time>2025-08-07T12:07:42Z</time>
   </trkpt>
   <trkpt lat="25.0209500" lon="121.4231490">
    <ele>15.9</ele>
    <time>2025-08-07T12:07:43Z</time>
   </trkpt>
   <trkpt lat="25.0209580" lon="121.4231580">
    <ele>15.9</ele>
    <time>2025-08-07T12:07:44Z</time>
   </trkpt>
   <trkpt lat="25.0209610" lon="121.4231610">
    <ele>15.9</ele>
    <time>2025-08-07T12:07:45Z</time>
   </trkpt>
   <trkpt lat="25.0209610" lon="121.4231610">
    <ele>15.9</ele>
    <time>2025-08-07T12:07:46Z</time>
   </trkpt>
   <trkpt lat="25.0209610" lon="121.4231610">
    <ele>15.9</ele>
    <time>2025-08-07T12:07:47Z</time>
   </trkpt>
   <trkpt lat="25.0209680" lon="121.4231610">
    <ele>15.9</ele>
    <time>2025-08-07T12:07:48Z</time>
   </trkpt>
   <trkpt lat="25.0209710" lon="121.4231680">
    <ele>15.9</ele>
    <time>2025-08-07T12:07:49Z</time>
   </trkpt>
   <trkpt lat="25.0209710" lon="121.4231680">
    <ele>15.9</ele>
    <time>2025-08-07T12:07:50Z</time>
   </trkpt>
   <trkpt lat="25.0209710" lon="121.4231680">
    <ele>15.9</ele>
    <time>2025-08-07T12:07:51Z</time>
   </trkpt>
   <trkpt lat="25.0209750" lon="121.4231800">
    <ele>15.9</ele>
    <time>2025-08-07T12:07:52Z</time>
   </trkpt>
   <trkpt lat="25.0209770" lon="121.4231830">
    <ele>15.9</ele>
    <time>2025-08-07T12:07:53Z</time>
   </trkpt>
   <trkpt lat="25.0209770" lon="121.4231830">
    <ele>15.9</ele>
    <time>2025-08-07T12:07:54Z</time>
   </trkpt>
   <trkpt lat="25.0209770" lon="121.4231830">
    <ele>15.9</ele>
    <time>2025-08-07T12:07:55Z</time>
   </trkpt>
   <trkpt lat="25.0209760" lon="121.4231820">
    <ele>15.9</ele>
    <time>2025-08-07T12:07:56Z</time>
   </trkpt>
   <trkpt lat="25.0210010" lon="121.4231740">
    <ele>15.9</ele>
    <time>2025-08-07T12:07:57Z</time>
   </trkpt>
   <trkpt lat="25.0210060" lon="121.4231750">
    <ele>15.9</ele>
    <time>2025-08-07T12:07:58Z</time>
   </trkpt>
   <trkpt lat="25.0210110" lon="121.4231760">
    <ele>15.9</ele>
    <time>2025-08-07T12:07:59Z</time>
   </trkpt>
   <trkpt lat="25.0210160" lon="121.4231760">
    <ele>15.9</ele>
    <time>2025-08-07T12:08:00Z</time>
   </trkpt>
   <trkpt lat="25.0210210" lon="121.4231760">
    <ele>15.9</ele>
    <time>2025-08-07T12:08:01Z</time>
   </trkpt>
   <trkpt lat="25.0210260" lon="121.4231770">
    <ele>15.9</ele>
    <time>2025-08-07T12:08:02Z</time>
   </trkpt>
   <trkpt lat="25.0210310" lon="121.4231770">
    <ele>15.9</ele>
    <time>2025-08-07T12:08:03Z</time>
   </trkpt>
   <trkpt lat="25.0210360" lon="121.4231770">
    <ele>15.9</ele>
    <time>2025-08-07T12:08:04Z</time>
   </trkpt>
   <trkpt lat="25.0210410" lon="121.4231780">
    <ele>15.9</ele>
    <time>2025-08-07T12:08:05Z</time>
   </trkpt>
   <trkpt lat="25.0210460" lon="121.4231780">
    <ele>15.9</ele>
    <time>2025-08-07T12:08:06Z</time>
   </trkpt>
   <trkpt lat="25.0210460" lon="121.4231780">
    <ele>15.9</ele>
    <time>2025-08-07T12:08:07Z</time>
   </trkpt>
   <trkpt lat="25.0210460" lon="121.4231780">
    <ele>15.9</ele>
    <time>2025-08-07T12:08:08Z</time>
   </trkpt>
   <trkpt lat="25.0210460" lon="121.4231780">
    <ele>15.9</ele>
    <time>2025-08-07T12:08:09Z</time>
   </trkpt>
   <trkpt lat="25.0210460" lon="121.4231780">
    <ele>15.9</ele>
    <time>2025-08-07T12:08:10Z</time>
   </trkpt>
   <trkpt lat="25.0210460" lon="121.4231780">
    <ele>15.9</ele>
    <time>2025-08-07T12:08:11Z</time>
   </trkpt>
   <trkpt lat="25.0210460" lon="121.4231780">
    <ele>15.9</ele>
    <time>2025-08-07T12:08:12Z</time>
   </trkpt>
   <trkpt lat="25.0210460" lon="121.4231780">
    <ele>15.9</ele>
    <time>2025-08-07T12:08:13Z</time>
   </trkpt>
   <trkpt lat="25.0210460" lon="121.4231780">
    <ele>15.9</ele>
    <time>2025-08-07T12:08:14Z</time>
   </trkpt>
   <trkpt lat="25.0210640" lon="121.4231770">
    <ele>15.8</ele>
    <time>2025-08-07T12:08:15Z</time>
   </trkpt>
   <trkpt lat="25.0210640" lon="121.4231770">
    <ele>15.8</ele>
    <time>2025-08-07T12:08:16Z</time>
   </trkpt>
   <trkpt lat="25.0210640" lon="121.4231770">
    <ele>15.8</ele>
    <time>2025-08-07T12:08:17Z</time>
   </trkpt>
   <trkpt lat="25.0210640" lon="121.4231770">
    <ele>15.8</ele>
    <time>2025-08-07T12:08:18Z</time>
   </trkpt>
   <trkpt lat="25.0210640" lon="121.4231770">
    <ele>15.8</ele>
    <time>2025-08-07T12:08:19Z</time>
   </trkpt>
   <trkpt lat="25.0210640" lon="121.4231770">
    <ele>15.8</ele>
    <time>2025-08-07T12:08:20Z</time>
   </trkpt>
   <trkpt lat="25.0210640" lon="121.4231770">
    <ele>15.8</ele>
    <time>2025-08-07T12:08:21Z</time>
   </trkpt>
   <trkpt lat="25.0210690" lon="121.4231970">
    <ele>15.8</ele>
    <time>2025-08-07T12:08:22Z</time>
   </trkpt>
   <trkpt lat="25.0210690" lon="121.4231970">
    <ele>15.8</ele>
    <time>2025-08-07T12:08:23Z</time>
   </trkpt>
   <trkpt lat="25.0210690" lon="121.4231970">
    <ele>15.8</ele>
    <time>2025-08-07T12:08:24Z</time>
   </trkpt>
   <trkpt lat="25.0210770" lon="121.4232110">
    <ele>15.8</ele>
    <time>2025-08-07T12:08:25Z</time>
   </trkpt>
   <trkpt lat="25.0210790" lon="121.4232170">
    <ele>15.8</ele>
    <time>2025-08-07T12:08:26Z</time>
   </trkpt>
   <trkpt lat="25.0210830" lon="121.4232150">
    <ele>15.8</ele>
    <time>2025-08-07T12:08:27Z</time>
   </trkpt>
   <trkpt lat="25.0210900" lon="121.4231960">
    <ele>15.8</ele>
    <time>2025-08-07T12:08:28Z</time>
   </trkpt>
   <trkpt lat="25.0210870" lon="121.4231860">
    <ele>15.8</ele>
    <time>2025-08-07T12:08:29Z</time>
   </trkpt>
   <trkpt lat="25.0210920" lon="121.4231660">
    <ele>15.8</ele>
    <time>2025-08-07T12:08:30Z</time>
   </trkpt>
   <trkpt lat="25.0210890" lon="121.4231620">
    <ele>15.8</ele>
    <time>2025-08-07T12:08:31Z</time>
   </trkpt>
   <trkpt lat="25.0210900" lon="121.4231630">
    <ele>15.8</ele>
    <time>2025-08-07T12:08:32Z</time>
   </trkpt>
   <trkpt lat="25.0210900" lon="121.4231630">
    <ele>15.8</ele>
    <time>2025-08-07T12:08:33Z</time>
   </trkpt>
   <trkpt lat="25.0210900" lon="121.4231630">
    <ele>15.8</ele>
    <time>2025-08-07T12:08:34Z</time>
   </trkpt>
   <trkpt lat="25.0210850" lon="121.4231480">
    <ele>15.8</ele>
    <time>2025-08-07T12:08:35Z</time>
   </trkpt>
   <trkpt lat="25.0210840" lon="121.4231470">
    <ele>15.8</ele>
    <time>2025-08-07T12:08:36Z</time>
   </trkpt>
   <trkpt lat="25.0210780" lon="121.4231450">
    <ele>15.8</ele>
    <time>2025-08-07T12:08:37Z</time>
   </trkpt>
   <trkpt lat="25.0210790" lon="121.4231410">
    <ele>15.8</ele>
    <time>2025-08-07T12:08:38Z</time>
   </trkpt>
   <trkpt lat="25.0210820" lon="121.4231460">
    <ele>15.8</ele>
    <time>2025-08-07T12:08:39Z</time>
   </trkpt>
   <trkpt lat="25.0210810" lon="121.4231530">
    <ele>15.8</ele>
    <time>2025-08-07T12:08:40Z</time>
   </trkpt>
   <trkpt lat="25.0210750" lon="121.4231570">
    <ele>15.8</ele>
    <time>2025-08-07T12:08:41Z</time>
   </trkpt>
   <trkpt lat="25.0210730" lon="121.4231630">
    <ele>15.8</ele>
    <time>2025-08-07T12:08:42Z</time>
   </trkpt>
   <trkpt lat="25.0210670" lon="121.4231610">
    <ele>15.8</ele>
    <time>2025-08-07T12:08:43Z</time>
   </trkpt>
   <trkpt lat="25.0210660" lon="121.4231640">
    <ele>15.8</ele>
    <time>2025-08-07T12:08:44Z</time>
   </trkpt>
   <trkpt lat="25.0210560" lon="121.4231560">
    <ele>15.8</ele>
    <time>2025-08-07T12:08:45Z</time>
   </trkpt>
   <trkpt lat="25.0210450" lon="121.4231390">
    <ele>15.8</ele>
    <time>2025-08-07T12:08:46Z</time>
   </trkpt>
   <trkpt lat="25.0210390" lon="121.4231270">
    <ele>15.8</ele>
    <time>2025-08-07T12:08:47Z</time>
   </trkpt>
   <trkpt lat="25.0210360" lon="121.4231130">
    <ele>15.8</ele>
    <time>2025-08-07T12:08:48Z</time>
   </trkpt>
   <trkpt lat="25.0210310" lon="121.4230950">
    <ele>15.8</ele>
    <time>2025-08-07T12:08:49Z</time>
   </trkpt>
   <trkpt lat="25.0210260" lon="121.4231000">
    <ele>15.8</ele>
    <time>2025-08-07T12:08:50Z</time>
   </trkpt>
   <trkpt lat="25.0210290" lon="121.4230930">
    <ele>15.8</ele>
    <time>2025-08-07T12:08:51Z</time>
   </trkpt>
   <trkpt lat="25.0210270" lon="121.4230790">
    <ele>15.8</ele>
    <time>2025-08-07T12:08:52Z</time>
   </trkpt>
   <trkpt lat="25.0210280" lon="121.4230780">
    <ele>15.8</ele>
    <time>2025-08-07T12:08:53Z</time>
   </trkpt>
   <trkpt lat="25.0210230" lon="121.4230630">
    <ele>15.8</ele>
    <time>2025-08-07T12:08:54Z</time>
   </trkpt>
   <trkpt lat="25.0210210" lon="121.4230650">
    <ele>15.8</ele>
    <time>2025-08-07T12:08:55Z</time>
   </trkpt>
   <trkpt lat="25.0210170" lon="121.4230740">
    <ele>15.8</ele>
    <time>2025-08-07T12:08:56Z</time>
   </trkpt>
   <trkpt lat="25.0210130" lon="121.4230700">
    <ele>15.8</ele>
    <time>2025-08-07T12:08:57Z</time>
   </trkpt>
   <trkpt lat="25.0210140" lon="121.4230710">
    <ele>15.8</ele>
    <time>2025-08-07T12:08:58Z</time>
   </trkpt>
   <trkpt lat="25.0210110" lon="121.4230610">
    <ele>15.8</ele>
    <time>2025-08-07T12:08:59Z</time>
   </trkpt>
   <trkpt lat="25.0210100" lon="121.4230550">
    <ele>15.8</ele>
    <time>2025-08-07T12:09:00Z</time>
   </trkpt>
   <trkpt lat="25.0210050" lon="121.4230480">
    <ele>15.8</ele>
    <time>2025-08-07T12:09:01Z</time>
   </trkpt>
   <trkpt lat="25.0210050" lon="121.4230490">
    <ele>15.8</ele>
    <time>2025-08-07T12:09:02Z</time>
   </trkpt>
   <trkpt lat="25.0210070" lon="121.4230420">
    <ele>15.8</ele>
    <time>2025-08-07T12:09:03Z</time>
   </trkpt>
   <trkpt lat="25.0210160" lon="121.4230340">
    <ele>15.8</ele>
    <time>2025-08-07T12:09:04Z</time>
   </trkpt>
   <trkpt lat="25.0210280" lon="121.4230410">
    <ele>15.8</ele>
    <time>2025-08-07T12:09:05Z</time>
   </trkpt>
   <trkpt lat="25.0210310" lon="121.4230430">
    <ele>15.8</ele>
    <time>2025-08-07T12:09:06Z</time>
   </trkpt>
   <trkpt lat="25.0210300" lon="121.4230400">
    <ele>15.8</ele>
    <time>2025-08-07T12:09:07Z</time>
   </trkpt>
   <trkpt lat="25.0210250" lon="121.4230400">
    <ele>15.8</ele>
    <time>2025-08-07T12:09:08Z</time>
   </trkpt>
   <trkpt lat="25.0210370" lon="121.4230310">
    <ele>15.8</ele>
    <time>2025-08-07T12:09:09Z</time>
   </trkpt>
   <trkpt lat="25.0210460" lon="121.4230370">
    <ele>15.8</ele>
    <time>2025-08-07T12:09:10Z</time>
   </trkpt>
   <trkpt lat="25.0210510" lon="121.4230410">
    <ele>15.8</ele>
    <time>2025-08-07T12:09:11Z</time>
   </trkpt>
   <trkpt lat="25.0210520" lon="121.4230430">
    <ele>15.8</ele>
    <time>2025-08-07T12:09:12Z</time>
   </trkpt>
   <trkpt lat="25.0210530" lon="121.4230460">
    <ele>15.8</ele>
    <time>2025-08-07T12:09:13Z</time>
   </trkpt>
   <trkpt lat="25.0210580" lon="121.4230470">
    <ele>15.8</ele>
    <time>2025-08-07T12:09:14Z</time>
   </trkpt>
   <trkpt lat="25.0210590" lon="121.4230430">
    <ele>15.8</ele>
    <time>2025-08-07T12:09:15Z</time>
   </trkpt>
   <trkpt lat="25.0210590" lon="121.4230420">
    <ele>15.8</ele>
    <time>2025-08-07T12:09:16Z</time>
   </trkpt>
   <trkpt lat="25.0210580" lon="121.4230420">
    <ele>15.8</ele>
    <time>2025-08-07T12:09:17Z</time>
   </trkpt>
   <trkpt lat="25.0210580" lon="121.4230420">
    <ele>15.8</ele>
    <time>2025-08-07T12:09:18Z</time>
   </trkpt>
   <trkpt lat="25.0210560" lon="121.4230350">
    <ele>15.8</ele>
    <time>2025-08-07T12:09:19Z</time>
   </trkpt>
   <trkpt lat="25.0210560" lon="121.4230370">
    <ele>15.8</ele>
    <time>2025-08-07T12:09:20Z</time>
   </trkpt>
   <trkpt lat="25.0210620" lon="121.4230480">
    <ele>15.8</ele>
    <time>2025-08-07T12:09:21Z</time>
   </trkpt>
   <trkpt lat="25.0210600" lon="121.4230350">
    <ele>15.8</ele>
    <time>2025-08-07T12:09:22Z</time>
   </trkpt>
   <trkpt lat="25.0210590" lon="121.4230400">
    <ele>15.8</ele>
    <time>2025-08-07T12:09:23Z</time>
   </trkpt>
   <trkpt lat="25.0210590" lon="121.4230400">
    <ele>15.8</ele>
    <time>2025-08-07T12:09:24Z</time>
   </trkpt>
   <trkpt lat="25.0210590" lon="121.4230400">
    <ele>15.8</ele>
    <time>2025-08-07T12:09:25Z</time>
   </trkpt>
   <trkpt lat="25.0210590" lon="121.4230400">
    <ele>15.8</ele>
    <time>2025-08-07T12:09:26Z</time>
   </trkpt>
   <trkpt lat="25.0210590" lon="121.4230400">
    <ele>15.8</ele>
    <time>2025-08-07T12:09:27Z</time>
   </trkpt>
   <trkpt lat="25.0210570" lon="121.4230340">
    <ele>15.8</ele>
    <time>2025-08-07T12:09:28Z</time>
   </trkpt>
   <trkpt lat="25.0210570" lon="121.4230340">
    <ele>15.8</ele>
    <time>2025-08-07T12:09:29Z</time>
   </trkpt>
   <trkpt lat="25.0210570" lon="121.4230340">
    <ele>15.8</ele>
    <time>2025-08-07T12:09:30Z</time>
   </trkpt>
   <trkpt lat="25.0210570" lon="121.4230340">
    <ele>15.8</ele>
    <time>2025-08-07T12:09:31Z</time>
   </trkpt>
   <trkpt lat="25.0210480" lon="121.4230340">
    <ele>15.8</ele>
    <time>2025-08-07T12:09:32Z</time>
   </trkpt>
   <trkpt lat="25.0210450" lon="121.4230320">
    <ele>15.8</ele>
    <time>2025-08-07T12:09:33Z</time>
   </trkpt>
   <trkpt lat="25.0210420" lon="121.4230300">
    <ele>15.8</ele>
    <time>2025-08-07T12:09:34Z</time>
   </trkpt>
   <trkpt lat="25.0210430" lon="121.4230310">
    <ele>15.8</ele>
    <time>2025-08-07T12:09:35Z</time>
   </trkpt>
   <trkpt lat="25.0210460" lon="121.4230340">
    <ele>15.8</ele>
    <time>2025-08-07T12:09:36Z</time>
   </trkpt>
   <trkpt lat="25.0210460" lon="121.4230330">
    <ele>15.8</ele>
    <time>2025-08-07T12:09:37Z</time>
   </trkpt>
   <trkpt lat="25.0210410" lon="121.4230350">
    <ele>15.8</ele>
    <time>2025-08-07T12:09:38Z</time>
   </trkpt>
   <trkpt lat="25.0210450" lon="121.4230420">
    <ele>15.8</ele>
    <time>2025-08-07T12:09:39Z</time>
   </trkpt>
   <trkpt lat="25.0210450" lon="121.4230420">
    <ele>15.8</ele>
    <time>2025-08-07T12:09:40Z</time>
   </trkpt>
   <trkpt lat="25.0210510" lon="121.4230430">
    <ele>15.8</ele>
    <time>2025-08-07T12:09:41Z</time>
   </trkpt>
   <trkpt lat="25.0210520" lon="121.4230330">
    <ele>15.8</ele>
    <time>2025-08-07T12:09:42Z</time>
   </trkpt>
   <trkpt lat="25.0210520" lon="121.4230330">
    <ele>15.8</ele>
    <time>2025-08-07T12:09:43Z</time>
   </trkpt>
   <trkpt lat="25.0210480" lon="121.4230270">
    <ele>15.8</ele>
    <time>2025-08-07T12:09:44Z</time>
   </trkpt>
   <trkpt lat="25.0210470" lon="121.4230270">
    <ele>15.8</ele>
    <time>2025-08-07T12:09:46Z</time>
   </trkpt>
   <trkpt lat="25.0210570" lon="121.4230220">
    <ele>15.8</ele>
    <time>2025-08-07T12:09:47Z</time>
   </trkpt>
   <trkpt lat="25.0210620" lon="121.4230360">
    <ele>15.8</ele>
    <time>2025-08-07T12:09:48Z</time>
   </trkpt>
   <trkpt lat="25.0210610" lon="121.4230370">
    <ele>15.8</ele>
    <time>2025-08-07T12:09:49Z</time>
   </trkpt>
   <trkpt lat="25.0210610" lon="121.4230300">
    <ele>15.8</ele>
    <time>2025-08-07T12:09:50Z</time>
   </trkpt>
   <trkpt lat="25.0210600" lon="121.4230210">
    <ele>15.8</ele>
    <time>2025-08-07T12:09:51Z</time>
   </trkpt>
   <trkpt lat="25.0210440" lon="121.4230250">
    <ele>15.8</ele>
    <time>2025-08-07T12:09:52Z</time>
   </trkpt>
   <trkpt lat="25.0210500" lon="121.4230260">
    <ele>15.8</ele>
    <time>2025-08-07T12:09:53Z</time>
   </trkpt>
   <trkpt lat="25.0210530" lon="121.4230230">
    <ele>15.8</ele>
    <time>2025-08-07T12:09:54Z</time>
   </trkpt>
   <trkpt lat="25.0210520" lon="121.4230200">
    <ele>15.8</ele>
    <time>2025-08-07T12:09:55Z</time>
   </trkpt>
   <trkpt lat="25.0210570" lon="121.4230150">
    <ele>15.8</ele>
    <time>2025-08-07T12:09:56Z</time>
   </trkpt>
   <trkpt lat="25.0210560" lon="121.4230060">
    <ele>15.8</ele>
    <time>2025-08-07T12:09:57Z</time>
   </trkpt>
   <trkpt lat="25.0210590" lon="121.4230160">
    <ele>15.8</ele>
    <time>2025-08-07T12:09:58Z</time>
   </trkpt>
   <trkpt lat="25.0210650" lon="121.4230170">
    <ele>15.8</ele>
    <time>2025-08-07T12:09:59Z</time>
   </trkpt>
   <trkpt lat="25.0210730" lon="121.4230320">
    <ele>15.8</ele>
    <time>2025-08-07T12:10:00Z</time>
   </trkpt>
   <trkpt lat="25.0210730" lon="121.4230330">
    <ele>15.8</ele>
    <time>2025-08-07T12:10:01Z</time>
   </trkpt>
   <trkpt lat="25.0210770" lon="121.4230420">
    <ele>15.8</ele>
    <time>2025-08-07T12:10:02Z</time>
   </trkpt>
   <trkpt lat="25.0210810" lon="121.4230290">
    <ele>15.8</ele>
    <time>2025-08-07T12:10:03Z</time>
   </trkpt>
   <trkpt lat="25.0210820" lon="121.4230400">
    <ele>15.8</ele>
    <time>2025-08-07T12:10:04Z</time>
   </trkpt>
   <trkpt lat="25.0210820" lon="121.4230400">
    <ele>15.8</ele>
    <time>2025-08-07T12:10:05Z</time>
   </trkpt>
   <trkpt lat="25.0210820" lon="121.4230400">
    <ele>15.8</ele>
    <time>2025-08-07T12:10:06Z</time>
   </trkpt>
   <trkpt lat="25.0210820" lon="121.4230400">
    <ele>15.8</ele>
    <time>2025-08-07T12:10:07Z</time>
   </trkpt>
   <trkpt lat="25.0210820" lon="121.4230400">
    <ele>15.8</ele>
    <time>2025-08-07T12:10:08Z</time>
   </trkpt>
   <trkpt lat="25.0210860" lon="121.4230280">
    <ele>15.8</ele>
    <time>2025-08-07T12:10:09Z</time>
   </trkpt>
   <trkpt lat="25.0210860" lon="121.4230280">
    <ele>15.8</ele>
    <time>2025-08-07T12:10:10Z</time>
   </trkpt>
   <trkpt lat="25.0210830" lon="121.4230290">
    <ele>15.8</ele>
    <time>2025-08-07T12:10:11Z</time>
   </trkpt>
   <trkpt lat="25.0210800" lon="121.4230350">
    <ele>15.8</ele>
    <time>2025-08-07T12:10:12Z</time>
   </trkpt>
   <trkpt lat="25.0210830" lon="121.4230260">
    <ele>15.8</ele>
    <time>2025-08-07T12:10:13Z</time>
   </trkpt>
   <trkpt lat="25.0210920" lon="121.4230220">
    <ele>15.8</ele>
    <time>2025-08-07T12:10:14Z</time>
   </trkpt>
   <trkpt lat="25.0210970" lon="121.4230200">
    <ele>15.7</ele>
    <time>2025-08-07T12:10:15Z</time>
   </trkpt>
   <trkpt lat="25.0210990" lon="121.4230110">
    <ele>15.7</ele>
    <time>2025-08-07T12:10:16Z</time>
   </trkpt>
   <trkpt lat="25.0211010" lon="121.4230120">
    <ele>15.7</ele>
    <time>2025-08-07T12:10:17Z</time>
   </trkpt>
   <trkpt lat="25.0210970" lon="121.4230210">
    <ele>15.7</ele>
    <time>2025-08-07T12:10:18Z</time>
   </trkpt>
   <trkpt lat="25.0210880" lon="121.4230270">
    <ele>15.7</ele>
    <time>2025-08-07T12:10:19Z</time>
   </trkpt>
   <trkpt lat="25.0210740" lon="121.4230220">
    <ele>15.7</ele>
    <time>2025-08-07T12:10:20Z</time>
   </trkpt>
   <trkpt lat="25.0210610" lon="121.4230210">
    <ele>15.7</ele>
    <time>2025-08-07T12:10:21Z</time>
   </trkpt>
   <trkpt lat="25.0210510" lon="121.4230150">
    <ele>15.7</ele>
    <time>2025-08-07T12:10:22Z</time>
   </trkpt>
   <trkpt lat="25.0210430" lon="121.4230110">
    <ele>15.7</ele>
    <time>2025-08-07T12:10:23Z</time>
   </trkpt>
   <trkpt lat="25.0210430" lon="121.4230050">
    <ele>15.7</ele>
    <time>2025-08-07T12:10:24Z</time>
   </trkpt>
   <trkpt lat="25.0210360" lon="121.4230050">
    <ele>15.7</ele>
    <time>2025-08-07T12:10:25Z</time>
   </trkpt>
   <trkpt lat="25.0210290" lon="121.4230050">
    <ele>15.7</ele>
    <time>2025-08-07T12:10:26Z</time>
   </trkpt>
   <trkpt lat="25.0210220" lon="121.4230060">
    <ele>15.7</ele>
    <time>2025-08-07T12:10:27Z</time>
   </trkpt>
   <trkpt lat="25.0210150" lon="121.4230060">
    <ele>15.7</ele>
    <time>2025-08-07T12:10:28Z</time>
   </trkpt>
   <trkpt lat="25.0210080" lon="121.4230060">
    <ele>15.7</ele>
    <time>2025-08-07T12:10:29Z</time>
   </trkpt>
   <trkpt lat="25.0210010" lon="121.4230060">
    <ele>15.7</ele>
    <time>2025-08-07T12:10:30Z</time>
   </trkpt>
   <trkpt lat="25.0209940" lon="121.4230060">
    <ele>15.7</ele>
    <time>2025-08-07T12:10:31Z</time>
   </trkpt>
   <trkpt lat="25.0210010" lon="121.4230030">
    <ele>15.7</ele>
    <time>2025-08-07T12:10:32Z</time>
   </trkpt>
   <trkpt lat="25.0210020" lon="121.4230030">
    <ele>15.7</ele>
    <time>2025-08-07T12:10:33Z</time>
   </trkpt>
   <trkpt lat="25.0210020" lon="121.4230030">
    <ele>15.7</ele>
    <time>2025-08-07T12:10:34Z</time>
   </trkpt>
   <trkpt lat="25.0210020" lon="121.4230030">
    <ele>15.7</ele>
    <time>2025-08-07T12:10:35Z</time>
   </trkpt>
   <trkpt lat="25.0209910" lon="121.4230170">
    <ele>15.7</ele>
    <time>2025-08-07T12:10:36Z</time>
   </trkpt>
   <trkpt lat="25.0209880" lon="121.4230190">
    <ele>15.7</ele>
    <time>2025-08-07T12:10:37Z</time>
   </trkpt>
   <trkpt lat="25.0209860" lon="121.4230220">
    <ele>15.7</ele>
    <time>2025-08-07T12:10:38Z</time>
   </trkpt>
   <trkpt lat="25.0209880" lon="121.4230220">
    <ele>15.7</ele>
    <time>2025-08-07T12:10:39Z</time>
   </trkpt>
   <trkpt lat="25.0209880" lon="121.4230220">
    <ele>15.7</ele>
    <time>2025-08-07T12:10:40Z</time>
   </trkpt>
   <trkpt lat="25.0209880" lon="121.4230220">
    <ele>15.7</ele>
    <time>2025-08-07T12:10:41Z</time>
   </trkpt>
   <trkpt lat="25.0209880" lon="121.4230220">
    <ele>15.7</ele>
    <time>2025-08-07T12:10:42Z</time>
   </trkpt>
   <trkpt lat="25.0209880" lon="121.4230220">
    <ele>15.7</ele>
    <time>2025-08-07T12:10:43Z</time>
   </trkpt>
   <trkpt lat="25.0209880" lon="121.4230220">
    <ele>15.7</ele>
    <time>2025-08-07T12:10:44Z</time>
   </trkpt>
   <trkpt lat="25.0209680" lon="121.4230270">
    <ele>15.7</ele>
    <time>2025-08-07T12:10:45Z</time>
   </trkpt>
   <trkpt lat="25.0209680" lon="121.4230270">
    <ele>15.7</ele>
    <time>2025-08-07T12:10:46Z</time>
   </trkpt>
   <trkpt lat="25.0209600" lon="121.4230320">
    <ele>15.7</ele>
    <time>2025-08-07T12:10:47Z</time>
   </trkpt>
   <trkpt lat="25.0209590" lon="121.4230320">
    <ele>15.7</ele>
    <time>2025-08-07T12:10:48Z</time>
   </trkpt>
   <trkpt lat="25.0209550" lon="121.4230300">
    <ele>15.7</ele>
    <time>2025-08-07T12:10:49Z</time>
   </trkpt>
   <trkpt lat="25.0209550" lon="121.4230300">
    <ele>15.7</ele>
    <time>2025-08-07T12:10:50Z</time>
   </trkpt>
   <trkpt lat="25.0209550" lon="121.4230300">
    <ele>15.7</ele>
    <time>2025-08-07T12:10:51Z</time>
   </trkpt>
   <trkpt lat="25.0209550" lon="121.4230300">
    <ele>15.7</ele>
    <time>2025-08-07T12:10:52Z</time>
   </trkpt>
   <trkpt lat="25.0209550" lon="121.4230300">
    <ele>15.7</ele>
    <time>2025-08-07T12:10:53Z</time>
   </trkpt>
   <trkpt lat="25.0209520" lon="121.4230220">
    <ele>15.7</ele>
    <time>2025-08-07T12:10:54Z</time>
   </trkpt>
   <trkpt lat="25.0209490" lon="121.4230240">
    <ele>15.7</ele>
    <time>2025-08-07T12:10:55Z</time>
   </trkpt>
   <trkpt lat="25.0209490" lon="121.4230240">
    <ele>15.7</ele>
    <time>2025-08-07T12:10:56Z</time>
   </trkpt>
   <trkpt lat="25.0209530" lon="121.4230260">
    <ele>15.7</ele>
    <time>2025-08-07T12:10:57Z</time>
   </trkpt>
   <trkpt lat="25.0209610" lon="121.4230180">
    <ele>15.7</ele>
    <time>2025-08-07T12:10:58Z</time>
   </trkpt>
   <trkpt lat="25.0209630" lon="121.4230170">
    <ele>15.7</ele>
    <time>2025-08-07T12:10:59Z</time>
   </trkpt>
   <trkpt lat="25.0209630" lon="121.4230170">
    <ele>15.7</ele>
    <time>2025-08-07T12:11:00Z</time>
   </trkpt>
   <trkpt lat="25.0209630" lon="121.4230170">
    <ele>15.7</ele>
    <time>2025-08-07T12:11:01Z</time>
   </trkpt>
   <trkpt lat="25.0209770" lon="121.4230290">
    <ele>15.7</ele>
    <time>2025-08-07T12:11:02Z</time>
   </trkpt>
   <trkpt lat="25.0209710" lon="121.4230270">
    <ele>15.7</ele>
    <time>2025-08-07T12:11:03Z</time>
   </trkpt>
   <trkpt lat="25.0209750" lon="121.4230250">
    <ele>15.7</ele>
    <time>2025-08-07T12:11:04Z</time>
   </trkpt>
   <trkpt lat="25.0209760" lon="121.4230250">
    <ele>15.7</ele>
    <time>2025-08-07T12:11:05Z</time>
   </trkpt>
   <trkpt lat="25.0209810" lon="121.4230370">
    <ele>15.7</ele>
    <time>2025-08-07T12:11:06Z</time>
   </trkpt>
   <trkpt lat="25.0209840" lon="121.4230360">
    <ele>15.7</ele>
    <time>2025-08-07T12:11:07Z</time>
   </trkpt>
   <trkpt lat="25.0209900" lon="121.4230400">
    <ele>15.7</ele>
    <time>2025-08-07T12:11:08Z</time>
   </trkpt>
   <trkpt lat="25.0209950" lon="121.4230440">
    <ele>15.7</ele>
    <time>2025-08-07T12:11:09Z</time>
   </trkpt>
   <trkpt lat="25.0209970" lon="121.4230450">
    <ele>15.7</ele>
    <time>2025-08-07T12:11:10Z</time>
   </trkpt>
   <trkpt lat="25.0210010" lon="121.4230560">
    <ele>15.6</ele>
    <time>2025-08-07T12:11:11Z</time>
   </trkpt>
   <trkpt lat="25.0209900" lon="121.4230440">
    <ele>15.6</ele>
    <time>2025-08-07T12:11:12Z</time>
   </trkpt>
   <trkpt lat="25.0209720" lon="121.4230370">
    <ele>15.6</ele>
    <time>2025-08-07T12:11:13Z</time>
   </trkpt>
   <trkpt lat="25.0209680" lon="121.4230320">
    <ele>15.6</ele>
    <time>2025-08-07T12:11:14Z</time>
   </trkpt>
   <trkpt lat="25.0209680" lon="121.4230260">
    <ele>15.6</ele>
    <time>2025-08-07T12:11:15Z</time>
   </trkpt>
   <trkpt lat="25.0209680" lon="121.4230260">
    <ele>15.6</ele>
    <time>2025-08-07T12:11:16Z</time>
   </trkpt>
   <trkpt lat="25.0209680" lon="121.4230260">
    <ele>15.6</ele>
    <time>2025-08-07T12:11:17Z</time>
   </trkpt>
   <trkpt lat="25.0209650" lon="121.4230070">
    <ele>15.6</ele>
    <time>2025-08-07T12:11:18Z</time>
   </trkpt>
   <trkpt lat="25.0209490" lon="121.4229990">
    <ele>15.6</ele>
    <time>2025-08-07T12:11:19Z</time>
   </trkpt>
   <trkpt lat="25.0209520" lon="121.4229900">
    <ele>15.6</ele>
    <time>2025-08-07T12:11:20Z</time>
   </trkpt>
   <trkpt lat="25.0209510" lon="121.4229790">
    <ele>15.6</ele>
    <time>2025-08-07T12:11:21Z</time>
   </trkpt>
   <trkpt lat="25.0209510" lon="121.4229620">
    <ele>15.6</ele>
    <time>2025-08-07T12:11:22Z</time>
   </trkpt>
   <trkpt lat="25.0209510" lon="121.4229440">
    <ele>15.6</ele>
    <time>2025-08-07T12:11:23Z</time>
   </trkpt>
   <trkpt lat="25.0209570" lon="121.4229320">
    <ele>15.6</ele>
    <time>2025-08-07T12:11:24Z</time>
   </trkpt>
   <trkpt lat="25.0209650" lon="121.4229180">
    <ele>15.6</ele>
    <time>2025-08-07T12:11:25Z</time>
   </trkpt>
   <trkpt lat="25.0209690" lon="121.4229150">
    <ele>15.6</ele>
    <time>2025-08-07T12:11:26Z</time>
   </trkpt>
   <trkpt lat="25.0209750" lon="121.4229040">
    <ele>15.6</ele>
    <time>2025-08-07T12:11:27Z</time>
   </trkpt>
   <trkpt lat="25.0209800" lon="121.4228930">
    <ele>15.6</ele>
    <time>2025-08-07T12:11:28Z</time>
   </trkpt>
   <trkpt lat="25.0209840" lon="121.4228810">
    <ele>15.5</ele>
    <time>2025-08-07T12:11:29Z</time>
   </trkpt>
   <trkpt lat="25.0209910" lon="121.4228740">
    <ele>15.5</ele>
    <time>2025-08-07T12:11:30Z</time>
   </trkpt>
   <trkpt lat="25.0209930" lon="121.4228610">
    <ele>15.5</ele>
    <time>2025-08-07T12:11:31Z</time>
   </trkpt>
   <trkpt lat="25.0209900" lon="121.4228580">
    <ele>15.5</ele>
    <time>2025-08-07T12:11:32Z</time>
   </trkpt>
   <trkpt lat="25.0209890" lon="121.4228510">
    <ele>15.5</ele>
    <time>2025-08-07T12:11:33Z</time>
   </trkpt>
   <trkpt lat="25.0209850" lon="121.4228510">
    <ele>15.5</ele>
    <time>2025-08-07T12:11:34Z</time>
   </trkpt>
   <trkpt lat="25.0209750" lon="121.4228500">
    <ele>15.5</ele>
    <time>2025-08-07T12:11:35Z</time>
   </trkpt>
   <trkpt lat="25.0209780" lon="121.4228510">
    <ele>15.5</ele>
    <time>2025-08-07T12:11:36Z</time>
   </trkpt>
   <trkpt lat="25.0209870" lon="121.4228560">
    <ele>15.5</ele>
    <time>2025-08-07T12:11:37Z</time>
   </trkpt>
   <trkpt lat="25.0210070" lon="121.4228200">
    <ele>15.5</ele>
    <time>2025-08-07T12:11:38Z</time>
   </trkpt>
   <trkpt lat="25.0210120" lon="121.4228210">
    <ele>15.5</ele>
    <time>2025-08-07T12:11:39Z</time>
   </trkpt>
   <trkpt lat="25.0210160" lon="121.4228130">
    <ele>15.5</ele>
    <time>2025-08-07T12:11:40Z</time>
   </trkpt>
   <trkpt lat="25.0210140" lon="121.4228180">
    <ele>15.5</ele>
    <time>2025-08-07T12:11:41Z</time>
   </trkpt>
   <trkpt lat="25.0210160" lon="121.4228290">
    <ele>15.5</ele>
    <time>2025-08-07T12:11:42Z</time>
   </trkpt>
   <trkpt lat="25.0210110" lon="121.4228410">
    <ele>15.5</ele>
    <time>2025-08-07T12:11:43Z</time>
   </trkpt>
   <trkpt lat="25.0210090" lon="121.4228460">
    <ele>15.5</ele>
    <time>2025-08-07T12:11:44Z</time>
   </trkpt>
   <trkpt lat="25.0210140" lon="121.4228460">
    <ele>15.5</ele>
    <time>2025-08-07T12:11:45Z</time>
   </trkpt>
   <trkpt lat="25.0210140" lon="121.4228460">
    <ele>15.5</ele>
    <time>2025-08-07T12:11:46Z</time>
   </trkpt>
   <trkpt lat="25.0210140" lon="121.4228460">
    <ele>15.5</ele>
    <time>2025-08-07T12:11:47Z</time>
   </trkpt>
   <trkpt lat="25.0210190" lon="121.4228640">
    <ele>15.4</ele>
    <time>2025-08-07T12:11:48Z</time>
   </trkpt>
   <trkpt lat="25.0210070" lon="121.4228740">
    <ele>15.4</ele>
    <time>2025-08-07T12:11:49Z</time>
   </trkpt>
   <trkpt lat="25.0210070" lon="121.4228740">
    <ele>15.4</ele>
    <time>2025-08-07T12:11:50Z</time>
   </trkpt>
   <trkpt lat="25.0210070" lon="121.4228740">
    <ele>15.4</ele>
    <time>2025-08-07T12:11:51Z</time>
   </trkpt>
   <trkpt lat="25.0210070" lon="121.4228740">
    <ele>15.4</ele>
    <time>2025-08-07T12:11:52Z</time>
   </trkpt>
   <trkpt lat="25.0210170" lon="121.4228510">
    <ele>15.4</ele>
    <time>2025-08-07T12:11:53Z</time>
   </trkpt>
   <trkpt lat="25.0210170" lon="121.4228570">
    <ele>15.4</ele>
    <time>2025-08-07T12:11:54Z</time>
   </trkpt>
   <trkpt lat="25.0210160" lon="121.4228550">
    <ele>15.4</ele>
    <time>2025-08-07T12:11:55Z</time>
   </trkpt>
   <trkpt lat="25.0210210" lon="121.4228430">
    <ele>15.4</ele>
    <time>2025-08-07T12:11:57Z</time>
   </trkpt>
   <trkpt lat="25.0210280" lon="121.4228390">
    <ele>15.4</ele>
    <time>2025-08-07T12:11:58Z</time>
   </trkpt>
   <trkpt lat="25.0210350" lon="121.4228320">
    <ele>15.4</ele>
    <time>2025-08-07T12:11:59Z</time>
   </trkpt>
   <trkpt lat="25.0210370" lon="121.4228300">
    <ele>15.4</ele>
    <time>2025-08-07T12:12:00Z</time>
   </trkpt>
   <trkpt lat="25.0210470" lon="121.4228440">
    <ele>15.4</ele>
    <time>2025-08-07T12:12:01Z</time>
   </trkpt>
   <trkpt lat="25.0210460" lon="121.4228520">
    <ele>15.4</ele>
    <time>2025-08-07T12:12:02Z</time>
   </trkpt>
   <trkpt lat="25.0210440" lon="121.4228630">
    <ele>15.4</ele>
    <time>2025-08-07T12:12:03Z</time>
   </trkpt>
   <trkpt lat="25.0210520" lon="121.4228660">
    <ele>15.4</ele>
    <time>2025-08-07T12:12:04Z</time>
   </trkpt>
   <trkpt lat="25.0210520" lon="121.4228730">
    <ele>15.4</ele>
    <time>2025-08-07T12:12:05Z</time>
   </trkpt>
   <trkpt lat="25.0210410" lon="121.4228750">
    <ele>15.4</ele>
    <time>2025-08-07T12:12:06Z</time>
   </trkpt>
   <trkpt lat="25.0210360" lon="121.4228830">
    <ele>15.3</ele>
    <time>2025-08-07T12:12:07Z</time>
   </trkpt>
   <trkpt lat="25.0210320" lon="121.4228870">
    <ele>15.3</ele>
    <time>2025-08-07T12:12:08Z</time>
   </trkpt>
   <trkpt lat="25.0210300" lon="121.4228810">
    <ele>15.3</ele>
    <time>2025-08-07T12:12:09Z</time>
   </trkpt>
   <trkpt lat="25.0210250" lon="121.4228860">
    <ele>15.3</ele>
    <time>2025-08-07T12:12:10Z</time>
   </trkpt>
   <trkpt lat="25.0210250" lon="121.4228860">
    <ele>15.3</ele>
    <time>2025-08-07T12:12:11Z</time>
   </trkpt>
   <trkpt lat="25.0210250" lon="121.4228860">
    <ele>15.3</ele>
    <time>2025-08-07T12:12:12Z</time>
   </trkpt>
   <trkpt lat="25.0210340" lon="121.4229010">
    <ele>15.3</ele>
    <time>2025-08-07T12:12:13Z</time>
   </trkpt>
   <trkpt lat="25.0210320" lon="121.4229010">
    <ele>15.3</ele>
    <time>2025-08-07T12:12:14Z</time>
   </trkpt>
   <trkpt lat="25.0210320" lon="121.4229030">
    <ele>15.3</ele>
    <time>2025-08-07T12:12:15Z</time>
   </trkpt>
   <trkpt lat="25.0210350" lon="121.4228970">
    <ele>15.3</ele>
    <time>2025-08-07T12:12:16Z</time>
   </trkpt>
   <trkpt lat="25.0210340" lon="121.4228970">
    <ele>15.3</ele>
    <time>2025-08-07T12:12:17Z</time>
   </trkpt>
   <trkpt lat="25.0210340" lon="121.4228970">
    <ele>15.3</ele>
    <time>2025-08-07T12:12:18Z</time>
   </trkpt>
   <trkpt lat="25.0210460" lon="121.4228870">
    <ele>15.3</ele>
    <time>2025-08-07T12:12:19Z</time>
   </trkpt>
   <trkpt lat="25.0210590" lon="121.4228790">
    <ele>15.3</ele>
    <time>2025-08-07T12:12:20Z</time>
   </trkpt>
   <trkpt lat="25.0210590" lon="121.4228790">
    <ele>15.3</ele>
    <time>2025-08-07T12:12:21Z</time>
   </trkpt>
   <trkpt lat="25.0210540" lon="121.4228890">
    <ele>15.3</ele>
    <time>2025-08-07T12:12:22Z</time>
   </trkpt>
   <trkpt lat="25.0210570" lon="121.4228980">
    <ele>15.3</ele>
    <time>2025-08-07T12:12:23Z</time>
   </trkpt>
   <trkpt lat="25.0210550" lon="121.4229000">
    <ele>15.3</ele>
    <time>2025-08-07T12:12:24Z</time>
   </trkpt>
   <trkpt lat="25.0210550" lon="121.4229000">
    <ele>15.3</ele>
    <time>2025-08-07T12:12:25Z</time>
   </trkpt>
   <trkpt lat="25.0210550" lon="121.4229000">
    <ele>15.3</ele>
    <time>2025-08-07T12:12:26Z</time>
   </trkpt>
   <trkpt lat="25.0210550" lon="121.4229000">
    <ele>15.3</ele>
    <time>2025-08-07T12:12:27Z</time>
   </trkpt>
   <trkpt lat="25.0210630" lon="121.4229110">
    <ele>15.3</ele>
    <time>2025-08-07T12:12:28Z</time>
   </trkpt>
   <trkpt lat="25.0210640" lon="121.4229080">
    <ele>15.3</ele>
    <time>2025-08-07T12:12:29Z</time>
   </trkpt>
   <trkpt lat="25.0210670" lon="121.4229130">
    <ele>15.3</ele>
    <time>2025-08-07T12:12:30Z</time>
   </trkpt>
   <trkpt lat="25.0210610" lon="121.4229150">
    <ele>15.3</ele>
    <time>2025-08-07T12:12:31Z</time>
   </trkpt>
   <trkpt lat="25.0210610" lon="121.4229150">
    <ele>15.3</ele>
    <time>2025-08-07T12:12:32Z</time>
   </trkpt>
   <trkpt lat="25.0210640" lon="121.4229220">
    <ele>15.3</ele>
    <time>2025-08-07T12:12:33Z</time>
   </trkpt>
   <trkpt lat="25.0210630" lon="121.4229190">
    <ele>15.3</ele>
    <time>2025-08-07T12:12:34Z</time>
   </trkpt>
   <trkpt lat="25.0210630" lon="121.4229190">
    <ele>15.3</ele>
    <time>2025-08-07T12:12:35Z</time>
   </trkpt>
   <trkpt lat="25.0210630" lon="121.4229190">
    <ele>15.3</ele>
    <time>2025-08-07T12:12:36Z</time>
   </trkpt>
   <trkpt lat="25.0210630" lon="121.4229090">
    <ele>15.2</ele>
    <time>2025-08-07T12:12:37Z</time>
   </trkpt>
   <trkpt lat="25.0210510" lon="121.4229010">
    <ele>15.2</ele>
    <time>2025-08-07T12:12:38Z</time>
   </trkpt>
   <trkpt lat="25.0210500" lon="121.4229010">
    <ele>15.2</ele>
    <time>2025-08-07T12:12:39Z</time>
   </trkpt>
   <trkpt lat="25.0210440" lon="121.4229020">
    <ele>15.2</ele>
    <time>2025-08-07T12:12:40Z</time>
   </trkpt>
   <trkpt lat="25.0210500" lon="121.4228960">
    <ele>15.2</ele>
    <time>2025-08-07T12:12:41Z</time>
   </trkpt>
   <trkpt lat="25.0210470" lon="121.4229010">
    <ele>15.2</ele>
    <time>2025-08-07T12:12:42Z</time>
   </trkpt>
   <trkpt lat="25.0210410" lon="121.4228930">
    <ele>15.2</ele>
    <time>2025-08-07T12:12:43Z</time>
   </trkpt>
   <trkpt lat="25.0210370" lon="121.4228890">
    <ele>15.2</ele>
    <time>2025-08-07T12:12:44Z</time>
   </trkpt>
   <trkpt lat="25.0210400" lon="121.4228710">
    <ele>15.2</ele>
    <time>2025-08-07T12:12:45Z</time>
   </trkpt>
   <trkpt lat="25.0210360" lon="121.4228790">
    <ele>15.2</ele>
    <time>2025-08-07T12:12:46Z</time>
   </trkpt>
   <trkpt lat="25.0210340" lon="121.4228860">
    <ele>15.2</ele>
    <time>2025-08-07T12:12:47Z</time>
   </trkpt>
   <trkpt lat="25.0210220" lon="121.4228930">
    <ele>15.2</ele>
    <time>2025-08-07T12:12:48Z</time>
   </trkpt>
   <trkpt lat="25.0210220" lon="121.4228930">
    <ele>15.2</ele>
    <time>2025-08-07T12:12:49Z</time>
   </trkpt>
   <trkpt lat="25.0210310" lon="121.4228970">
    <ele>15.2</ele>
    <time>2025-08-07T12:12:50Z</time>
   </trkpt>
   <trkpt lat="25.0210310" lon="121.4228910">
    <ele>15.2</ele>
    <time>2025-08-07T12:12:51Z</time>
   </trkpt>
   <trkpt lat="25.0210380" lon="121.4228940">
    <ele>15.2</ele>
    <time>2025-08-07T12:12:52Z</time>
   </trkpt>
   <trkpt lat="25.0210450" lon="121.4228950">
    <ele>15.2</ele>
    <time>2025-08-07T12:12:53Z</time>
   </trkpt>
   <trkpt lat="25.0210460" lon="121.4228990">
    <ele>15.2</ele>
    <time>2025-08-07T12:12:54Z</time>
   </trkpt>
   <trkpt lat="25.0210400" lon="121.4228920">
    <ele>15.2</ele>
    <time>2025-08-07T12:12:55Z</time>
   </trkpt>
   <trkpt lat="25.0210370" lon="121.4228890">
    <ele>15.1</ele>
    <time>2025-08-07T12:12:56Z</time>
   </trkpt>
   <trkpt lat="25.0210340" lon="121.4228900">
    <ele>15.1</ele>
    <time>2025-08-07T12:12:57Z</time>
   </trkpt>
   <trkpt lat="25.0210360" lon="121.4228820">
    <ele>15.1</ele>
    <time>2025-08-07T12:12:58Z</time>
   </trkpt>
   <trkpt lat="25.0210410" lon="121.4228780">
    <ele>15.1</ele>
    <time>2025-08-07T12:12:59Z</time>
   </trkpt>
   <trkpt lat="25.0210430" lon="121.4228700">
    <ele>15.1</ele>
    <time>2025-08-07T12:13:00Z</time>
   </trkpt>
   <trkpt lat="25.0210560" lon="121.4228630">
    <ele>15.1</ele>
    <time>2025-08-07T12:13:01Z</time>
   </trkpt>
   <trkpt lat="25.0210800" lon="121.4228480">
    <ele>15.1</ele>
    <time>2025-08-07T12:13:02Z</time>
   </trkpt>
   <trkpt lat="25.0210880" lon="121.4228390">
    <ele>15.1</ele>
    <time>2025-08-07T12:13:03Z</time>
   </trkpt>
   <trkpt lat="25.0210920" lon="121.4228290">
    <ele>15.1</ele>
    <time>2025-08-07T12:13:04Z</time>
   </trkpt>
   <trkpt lat="25.0210960" lon="121.4228260">
    <ele>15.1</ele>
    <time>2025-08-07T12:13:05Z</time>
   </trkpt>
   <trkpt lat="25.0210980" lon="121.4228200">
    <ele>15.1</ele>
    <time>2025-08-07T12:13:06Z</time>
   </trkpt>
   <trkpt lat="25.0211050" lon="121.4228050">
    <ele>15.1</ele>
    <time>2025-08-07T12:13:07Z</time>
   </trkpt>
   <trkpt lat="25.0211110" lon="121.4228010">
    <ele>15.1</ele>
    <time>2025-08-07T12:13:08Z</time>
   </trkpt>
   <trkpt lat="25.0210950" lon="121.4227990">
    <ele>15.1</ele>
    <time>2025-08-07T12:13:09Z</time>
   </trkpt>
   <trkpt lat="25.0210960" lon="121.4227980">
    <ele>15.1</ele>
    <time>2025-08-07T12:13:10Z</time>
   </trkpt>
   <trkpt lat="25.0211040" lon="121.4227980">
    <ele>15.0</ele>
    <time>2025-08-07T12:13:11Z</time>
   </trkpt>
   <trkpt lat="25.0211120" lon="121.4228070">
    <ele>15.0</ele>
    <time>2025-08-07T12:13:12Z</time>
   </trkpt>
   <trkpt lat="25.0211180" lon="121.4228180">
    <ele>15.0</ele>
    <time>2025-08-07T12:13:13Z</time>
   </trkpt>
   <trkpt lat="25.0211110" lon="121.4228200">
    <ele>15.0</ele>
    <time>2025-08-07T12:13:14Z</time>
   </trkpt>
   <trkpt lat="25.0211070" lon="121.4228080">
    <ele>15.0</ele>
    <time>2025-08-07T12:13:15Z</time>
   </trkpt>
   <trkpt lat="25.0211070" lon="121.4227790">
    <ele>15.0</ele>
    <time>2025-08-07T12:13:16Z</time>
   </trkpt>
   <trkpt lat="25.0211080" lon="121.4227750">
    <ele>15.0</ele>
    <time>2025-08-07T12:13:17Z</time>
   </trkpt>
   <trkpt lat="25.0211130" lon="121.4227790">
    <ele>15.0</ele>
    <time>2025-08-07T12:13:18Z</time>
   </trkpt>
   <trkpt lat="25.0211240" lon="121.4227880">
    <ele>15.0</ele>
    <time>2025-08-07T12:13:19Z</time>
   </trkpt>
   <trkpt lat="25.0211300" lon="121.4227860">
    <ele>15.0</ele>
    <time>2025-08-07T12:13:20Z</time>
   </trkpt>
   <trkpt lat="25.0211390" lon="121.4227940">
    <ele>15.0</ele>
    <time>2025-08-07T12:13:21Z</time>
   </trkpt>
   <trkpt lat="25.0211410" lon="121.4227910">
    <ele>15.0</ele>
    <time>2025-08-07T12:13:22Z</time>
   </trkpt>
   <trkpt lat="25.0211420" lon="121.4227920">
    <ele>15.0</ele>
    <time>2025-08-07T12:13:23Z</time>
   </trkpt>
   <trkpt lat="25.0211440" lon="121.4227960">
    <ele>15.0</ele>
    <time>2025-08-07T12:13:24Z</time>
   </trkpt>
   <trkpt lat="25.0211390" lon="121.4227940">
    <ele>15.0</ele>
    <time>2025-08-07T12:13:25Z</time>
   </trkpt>
   <trkpt lat="25.0211340" lon="121.4227950">
    <ele>15.0</ele>
    <time>2025-08-07T12:13:26Z</time>
   </trkpt>
   <trkpt lat="25.0211350" lon="121.4227980">
    <ele>15.0</ele>
    <time>2025-08-07T12:13:27Z</time>
   </trkpt>
   <trkpt lat="25.0211410" lon="121.4227920">
    <ele>15.0</ele>
    <time>2025-08-07T12:13:28Z</time>
   </trkpt>
   <trkpt lat="25.0211320" lon="121.4228000">
    <ele>15.0</ele>
    <time>2025-08-07T12:13:29Z</time>
   </trkpt>
   <trkpt lat="25.0211310" lon="121.4227900">
    <ele>15.0</ele>
    <time>2025-08-07T12:13:30Z</time>
   </trkpt>
   <trkpt lat="25.0211370" lon="121.4227980">
    <ele>15.0</ele>
    <time>2025-08-07T12:13:31Z</time>
   </trkpt>
   <trkpt lat="25.0211320" lon="121.4228010">
    <ele>15.0</ele>
    <time>2025-08-07T12:13:32Z</time>
   </trkpt>
   <trkpt lat="25.0211290" lon="121.4228060">
    <ele>15.0</ele>
    <time>2025-08-07T12:13:33Z</time>
   </trkpt>
   <trkpt lat="25.0211530" lon="121.4227970">
    <ele>14.9</ele>
    <time>2025-08-07T12:13:34Z</time>
   </trkpt>
   <trkpt lat="25.0211630" lon="121.4227940">
    <ele>14.9</ele>
    <time>2025-08-07T12:13:35Z</time>
   </trkpt>
   <trkpt lat="25.0211710" lon="121.4227800">
    <ele>14.9</ele>
    <time>2025-08-07T12:13:36Z</time>
   </trkpt>
   <trkpt lat="25.0211620" lon="121.4227830">
    <ele>14.9</ele>
    <time>2025-08-07T12:13:37Z</time>
   </trkpt>
   <trkpt lat="25.0211620" lon="121.4227830">
    <ele>14.9</ele>
    <time>2025-08-07T12:13:38Z</time>
   </trkpt>
   <trkpt lat="25.0211650" lon="121.4227850">
    <ele>14.9</ele>
    <time>2025-08-07T12:13:39Z</time>
   </trkpt>
   <trkpt lat="25.0211630" lon="121.4227870">
    <ele>14.9</ele>
    <time>2025-08-07T12:13:40Z</time>
   </trkpt>
   <trkpt lat="25.0211600" lon="121.4227870">
    <ele>14.9</ele>
    <time>2025-08-07T12:13:41Z</time>
   </trkpt>
   <trkpt lat="25.0211570" lon="121.4227910">
    <ele>14.9</ele>
    <time>2025-08-07T12:13:42Z</time>
   </trkpt>
   <trkpt lat="25.0211510" lon="121.4227860">
    <ele>14.9</ele>
    <time>2025-08-07T12:13:43Z</time>
   </trkpt>
   <trkpt lat="25.0211420" lon="121.4227810">
    <ele>14.9</ele>
    <time>2025-08-07T12:13:44Z</time>
   </trkpt>
   <trkpt lat="25.0211450" lon="121.4227720">
    <ele>14.9</ele>
    <time>2025-08-07T12:13:45Z</time>
   </trkpt>
   <trkpt lat="25.0211450" lon="121.4227630">
    <ele>14.9</ele>
    <time>2025-08-07T12:13:46Z</time>
   </trkpt>
   <trkpt lat="25.0211450" lon="121.4227550">
    <ele>14.9</ele>
    <time>2025-08-07T12:13:47Z</time>
   </trkpt>
   <trkpt lat="25.0211450" lon="121.4227460">
    <ele>14.9</ele>
    <time>2025-08-07T12:13:48Z</time>
   </trkpt>
   <trkpt lat="25.0211450" lon="121.4227370">
    <ele>14.9</ele>
    <time>2025-08-07T12:13:49Z</time>
   </trkpt>
   <trkpt lat="25.0211450" lon="121.4227280">
    <ele>14.9</ele>
    <time>2025-08-07T12:13:50Z</time>
   </trkpt>
   <trkpt lat="25.0211830" lon="121.4226630">
    <ele>14.9</ele>
    <time>2025-08-07T12:13:51Z</time>
   </trkpt>
   <trkpt lat="25.0211870" lon="121.4226650">
    <ele>14.9</ele>
    <time>2025-08-07T12:13:52Z</time>
   </trkpt>
   <trkpt lat="25.0211840" lon="121.4226780">
    <ele>14.9</ele>
    <time>2025-08-07T12:13:53Z</time>
   </trkpt>
   <trkpt lat="25.0211790" lon="121.4226990">
    <ele>14.9</ele>
    <time>2025-08-07T12:13:54Z</time>
   </trkpt>
   <trkpt lat="25.0211630" lon="121.4227240">
    <ele>14.9</ele>
    <time>2025-08-07T12:13:55Z</time>
   </trkpt>
   <trkpt lat="25.0211670" lon="121.4227280">
    <ele>14.9</ele>
    <time>2025-08-07T12:13:56Z</time>
   </trkpt>
   <trkpt lat="25.0211390" lon="121.4227340">
    <ele>14.8</ele>
    <time>2025-08-07T12:13:57Z</time>
   </trkpt>
   <trkpt lat="25.0211420" lon="121.4227370">
    <ele>14.8</ele>
    <time>2025-08-07T12:13:58Z</time>
   </trkpt>
   <trkpt lat="25.0211270" lon="121.4227350">
    <ele>14.8</ele>
    <time>2025-08-07T12:13:59Z</time>
   </trkpt>
   <trkpt lat="25.0211440" lon="121.4227490">
    <ele>14.8</ele>
    <time>2025-08-07T12:14:00Z</time>
   </trkpt>
   <trkpt lat="25.0211320" lon="121.4227640">
    <ele>14.8</ele>
    <time>2025-08-07T12:14:01Z</time>
   </trkpt>
   <trkpt lat="25.0211640" lon="121.4227810">
    <ele>14.8</ele>
    <time>2025-08-07T12:14:02Z</time>
   </trkpt>
   <trkpt lat="25.0211770" lon="121.4227870">
    <ele>14.8</ele>
    <time>2025-08-07T12:14:03Z</time>
   </trkpt>
   <trkpt lat="25.0212080" lon="121.4227990">
    <ele>14.8</ele>
    <time>2025-08-07T12:14:04Z</time>
   </trkpt>
   <trkpt lat="25.0212210" lon="121.4228040">
    <ele>14.8</ele>
    <time>2025-08-07T12:14:05Z</time>
   </trkpt>
   <trkpt lat="25.0212300" lon="121.4228040">
    <ele>14.8</ele>
    <time>2025-08-07T12:14:06Z</time>
   </trkpt>
   <trkpt lat="25.0212380" lon="121.4227890">
    <ele>14.8</ele>
    <time>2025-08-07T12:14:07Z</time>
   </trkpt>
   <trkpt lat="25.0212340" lon="121.4228160">
    <ele>14.8</ele>
    <time>2025-08-07T12:14:08Z</time>
   </trkpt>
   <trkpt lat="25.0212340" lon="121.4228210">
    <ele>14.8</ele>
    <time>2025-08-07T12:14:09Z</time>
   </trkpt>
   <trkpt lat="25.0212330" lon="121.4228250">
    <ele>14.8</ele>
    <time>2025-08-07T12:14:10Z</time>
   </trkpt>
   <trkpt lat="25.0212330" lon="121.4228290">
    <ele>14.8</ele>
    <time>2025-08-07T12:14:11Z</time>
   </trkpt>
   <trkpt lat="25.0212320" lon="121.4228340">
    <ele>14.8</ele>
    <time>2025-08-07T12:14:12Z</time>
   </trkpt>
   <trkpt lat="25.0212290" lon="121.4228400">
    <ele>14.8</ele>
    <time>2025-08-07T12:14:13Z</time>
   </trkpt>
   <trkpt lat="25.0212540" lon="121.4228150">
    <ele>14.8</ele>
    <time>2025-08-07T12:14:14Z</time>
   </trkpt>
   <trkpt lat="25.0212550" lon="121.4228070">
    <ele>14.8</ele>
    <time>2025-08-07T12:14:15Z</time>
   </trkpt>
   <trkpt lat="25.0212600" lon="121.4228030">
    <ele>14.8</ele>
    <time>2025-08-07T12:14:16Z</time>
   </trkpt>
   <trkpt lat="25.0212620" lon="121.4228040">
    <ele>14.8</ele>
    <time>2025-08-07T12:14:17Z</time>
   </trkpt>
   <trkpt lat="25.0212640" lon="121.4228040">
    <ele>14.8</ele>
    <time>2025-08-07T12:14:18Z</time>
   </trkpt>
   <trkpt lat="25.0212660" lon="121.4228050">
    <ele>14.8</ele>
    <time>2025-08-07T12:14:19Z</time>
   </trkpt>
   <trkpt lat="25.0212680" lon="121.4228050">
    <ele>14.8</ele>
    <time>2025-08-07T12:14:20Z</time>
   </trkpt>
   <trkpt lat="25.0212700" lon="121.4228060">
    <ele>14.8</ele>
    <time>2025-08-07T12:14:21Z</time>
   </trkpt>
   <trkpt lat="25.0212720" lon="121.4228060">
    <ele>14.8</ele>
    <time>2025-08-07T12:14:22Z</time>
   </trkpt>
   <trkpt lat="25.0212740" lon="121.4228070">
    <ele>14.8</ele>
    <time>2025-08-07T12:14:23Z</time>
   </trkpt>
   <trkpt lat="25.0212760" lon="121.4228070">
    <ele>14.8</ele>
    <time>2025-08-07T12:14:24Z</time>
   </trkpt>
   <trkpt lat="25.0212770" lon="121.4228070">
    <ele>14.8</ele>
    <time>2025-08-07T12:14:25Z</time>
   </trkpt>
   <trkpt lat="25.0212790" lon="121.4228080">
    <ele>14.8</ele>
    <time>2025-08-07T12:14:26Z</time>
   </trkpt>
   <trkpt lat="25.0212810" lon="121.4228080">
    <ele>14.8</ele>
    <time>2025-08-07T12:14:27Z</time>
   </trkpt>
   <trkpt lat="25.0212830" lon="121.4228090">
    <ele>14.8</ele>
    <time>2025-08-07T12:14:28Z</time>
   </trkpt>
   <trkpt lat="25.0212850" lon="121.4228090">
    <ele>14.8</ele>
    <time>2025-08-07T12:14:29Z</time>
   </trkpt>
   <trkpt lat="25.0212870" lon="121.4228100">
    <ele>14.8</ele>
    <time>2025-08-07T12:14:30Z</time>
   </trkpt>
   <trkpt lat="25.0212890" lon="121.4228100">
    <ele>14.8</ele>
    <time>2025-08-07T12:14:31Z</time>
   </trkpt>
   <trkpt lat="25.0212910" lon="121.4228110">
    <ele>14.8</ele>
    <time>2025-08-07T12:14:32Z</time>
   </trkpt>
   <trkpt lat="25.0212930" lon="121.4228110">
    <ele>14.8</ele>
    <time>2025-08-07T12:14:33Z</time>
   </trkpt>
   <trkpt lat="25.0213040" lon="121.4228240">
    <ele>14.8</ele>
    <time>2025-08-07T12:14:34Z</time>
   </trkpt>
   <trkpt lat="25.0213180" lon="121.4228150">
    <ele>14.8</ele>
    <time>2025-08-07T12:14:35Z</time>
   </trkpt>
   <trkpt lat="25.0213210" lon="121.4228150">
    <ele>14.8</ele>
    <time>2025-08-07T12:14:36Z</time>
   </trkpt>
   <trkpt lat="25.0213210" lon="121.4228150">
    <ele>14.8</ele>
    <time>2025-08-07T12:14:37Z</time>
   </trkpt>
   <trkpt lat="25.0213210" lon="121.4228150">
    <ele>14.8</ele>
    <time>2025-08-07T12:14:38Z</time>
   </trkpt>
   <trkpt lat="25.0212940" lon="121.4227890">
    <ele>14.8</ele>
    <time>2025-08-07T12:14:39Z</time>
   </trkpt>
   <trkpt lat="25.0213020" lon="121.4227890">
    <ele>14.8</ele>
    <time>2025-08-07T12:14:40Z</time>
   </trkpt>
   <trkpt lat="25.0213100" lon="121.4227880">
    <ele>14.8</ele>
    <time>2025-08-07T12:14:41Z</time>
   </trkpt>
   <trkpt lat="25.0213180" lon="121.4227880">
    <ele>14.8</ele>
    <time>2025-08-07T12:14:42Z</time>
   </trkpt>
   <trkpt lat="25.0213260" lon="121.4227870">
    <ele>14.8</ele>
    <time>2025-08-07T12:14:43Z</time>
   </trkpt>
   <trkpt lat="25.0213340" lon="121.4227870">
    <ele>14.8</ele>
    <time>2025-08-07T12:14:44Z</time>
   </trkpt>
   <trkpt lat="25.0213420" lon="121.4227860">
    <ele>14.8</ele>
    <time>2025-08-07T12:14:45Z</time>
   </trkpt>
   <trkpt lat="25.0213410" lon="121.4227860">
    <ele>14.8</ele>
    <time>2025-08-07T12:14:46Z</time>
   </trkpt>
   <trkpt lat="25.0213700" lon="121.4227700">
    <ele>14.8</ele>
    <time>2025-08-07T12:14:47Z</time>
   </trkpt>
   <trkpt lat="25.0213710" lon="121.4227720">
    <ele>14.8</ele>
    <time>2025-08-07T12:14:48Z</time>
   </trkpt>
   <trkpt lat="25.0213780" lon="121.4227730">
    <ele>14.8</ele>
    <time>2025-08-07T12:14:49Z</time>
   </trkpt>
   <trkpt lat="25.0213860" lon="121.4227730">
    <ele>14.8</ele>
    <time>2025-08-07T12:14:50Z</time>
   </trkpt>
   <trkpt lat="25.0213930" lon="121.4227740">
    <ele>14.8</ele>
    <time>2025-08-07T12:14:51Z</time>
   </trkpt>
   <trkpt lat="25.0214010" lon="121.4227750">
    <ele>14.8</ele>
    <time>2025-08-07T12:14:52Z</time>
   </trkpt>
   <trkpt lat="25.0214080" lon="121.4227760">
    <ele>14.8</ele>
    <time>2025-08-07T12:14:53Z</time>
   </trkpt>
   <trkpt lat="25.0214140" lon="121.4227710">
    <ele>14.8</ele>
    <time>2025-08-07T12:14:54Z</time>
   </trkpt>
   <trkpt lat="25.0214210" lon="121.4227660">
    <ele>14.8</ele>
    <time>2025-08-07T12:14:55Z</time>
   </trkpt>
   <trkpt lat="25.0214280" lon="121.4227600">
    <ele>14.8</ele>
    <time>2025-08-07T12:14:56Z</time>
   </trkpt>
   <trkpt lat="25.0214340" lon="121.4227540">
    <ele>14.8</ele>
    <time>2025-08-07T12:14:57Z</time>
   </trkpt>
   <trkpt lat="25.0214410" lon="121.4227490">
    <ele>14.8</ele>
    <time>2025-08-07T12:14:58Z</time>
   </trkpt>
   <trkpt lat="25.0214480" lon="121.4227430">
    <ele>14.8</ele>
    <time>2025-08-07T12:14:59Z</time>
   </trkpt>
   <trkpt lat="25.0214400" lon="121.4227360">
    <ele>14.8</ele>
    <time>2025-08-07T12:15:00Z</time>
   </trkpt>
   <trkpt lat="25.0214240" lon="121.4227390">
    <ele>14.8</ele>
    <time>2025-08-07T12:15:01Z</time>
   </trkpt>
   <trkpt lat="25.0214070" lon="121.4227430">
    <ele>14.8</ele>
    <time>2025-08-07T12:15:02Z</time>
   </trkpt>
   <trkpt lat="25.0213910" lon="121.4227460">
    <ele>14.8</ele>
    <time>2025-08-07T12:15:03Z</time>
   </trkpt>
   <trkpt lat="25.0213740" lon="121.4227490">
    <ele>14.8</ele>
    <time>2025-08-07T12:15:04Z</time>
   </trkpt>
   <trkpt lat="25.0213720" lon="121.4227630">
    <ele>14.8</ele>
    <time>2025-08-07T12:15:05Z</time>
   </trkpt>
   <trkpt lat="25.0213690" lon="121.4227710">
    <ele>14.8</ele>
    <time>2025-08-07T12:15:06Z</time>
   </trkpt>
   <trkpt lat="25.0213670" lon="121.4227800">
    <ele>14.8</ele>
    <time>2025-08-07T12:15:07Z</time>
   </trkpt>
   <trkpt lat="25.0213640" lon="121.4227880">
    <ele>14.8</ele>
    <time>2025-08-07T12:15:08Z</time>
   </trkpt>
   <trkpt lat="25.0213660" lon="121.4227840">
    <ele>14.8</ele>
    <time>2025-08-07T12:15:09Z</time>
   </trkpt>
   <trkpt lat="25.0213560" lon="121.4228000">
    <ele>14.8</ele>
    <time>2025-08-07T12:15:10Z</time>
   </trkpt>
   <trkpt lat="25.0213620" lon="121.4227960">
    <ele>14.8</ele>
    <time>2025-08-07T12:15:11Z</time>
   </trkpt>
   <trkpt lat="25.0213430" lon="121.4227950">
    <ele>14.8</ele>
    <time>2025-08-07T12:15:12Z</time>
   </trkpt>
   <trkpt lat="25.0213300" lon="121.4227960">
    <ele>14.8</ele>
    <time>2025-08-07T12:15:13Z</time>
   </trkpt>
   <trkpt lat="25.0213240" lon="121.4228070">
    <ele>14.8</ele>
    <time>2025-08-07T12:15:14Z</time>
   </trkpt>
   <trkpt lat="25.0213080" lon="121.4228140">
    <ele>14.8</ele>
    <time>2025-08-07T12:15:15Z</time>
   </trkpt>
   <trkpt lat="25.0212990" lon="121.4228200">
    <ele>14.8</ele>
    <time>2025-08-07T12:15:16Z</time>
   </trkpt>
   <trkpt lat="25.0212920" lon="121.4228300">
    <ele>14.8</ele>
    <time>2025-08-07T12:15:17Z</time>
   </trkpt>
   <trkpt lat="25.0212780" lon="121.4228350">
    <ele>14.8</ele>
    <time>2025-08-07T12:15:18Z</time>
   </trkpt>
   <trkpt lat="25.0212480" lon="121.4228250">
    <ele>14.8</ele>
    <time>2025-08-07T12:15:19Z</time>
   </trkpt>
   <trkpt lat="25.0212320" lon="121.4228200">
    <ele>14.8</ele>
    <time>2025-08-07T12:15:20Z</time>
   </trkpt>
   <trkpt lat="25.0212160" lon="121.4228160">
    <ele>14.8</ele>
    <time>2025-08-07T12:15:21Z</time>
   </trkpt>
   <trkpt lat="25.0212000" lon="121.4227960">
    <ele>14.8</ele>
    <time>2025-08-07T12:15:22Z</time>
   </trkpt>
   <trkpt lat="25.0211910" lon="121.4227870">
    <ele>14.8</ele>
    <time>2025-08-07T12:15:23Z</time>
   </trkpt>
   <trkpt lat="25.0211760" lon="121.4227770">
    <ele>14.8</ele>
    <time>2025-08-07T12:15:24Z</time>
   </trkpt>
   <trkpt lat="25.0211660" lon="121.4227730">
    <ele>14.8</ele>
    <time>2025-08-07T12:15:25Z</time>
   </trkpt>
   <trkpt lat="25.0211570" lon="121.4227680">
    <ele>14.8</ele>
    <time>2025-08-07T12:15:26Z</time>
   </trkpt>
   <trkpt lat="25.0211350" lon="121.4227620">
    <ele>14.8</ele>
    <time>2025-08-07T12:15:27Z</time>
   </trkpt>
   <trkpt lat="25.0211220" lon="121.4227610">
    <ele>14.8</ele>
    <time>2025-08-07T12:15:28Z</time>
   </trkpt>
   <trkpt lat="25.0211250" lon="121.4227590">
    <ele>14.8</ele>
    <time>2025-08-07T12:15:29Z</time>
   </trkpt>
   <trkpt lat="25.0211330" lon="121.4227570">
    <ele>14.8</ele>
    <time>2025-08-07T12:15:30Z</time>
   </trkpt>
   <trkpt lat="25.0211420" lon="121.4227560">
    <ele>14.8</ele>
    <time>2025-08-07T12:15:31Z</time>
   </trkpt>
   <trkpt lat="25.0211500" lon="121.4227540">
    <ele>14.8</ele>
    <time>2025-08-07T12:15:32Z</time>
   </trkpt>
   <trkpt lat="25.0211590" lon="121.4227520">
    <ele>14.8</ele>
    <time>2025-08-07T12:15:33Z</time>
   </trkpt>
   <trkpt lat="25.0211660" lon="121.4227410">
    <ele>14.8</ele>
    <time>2025-08-07T12:15:34Z</time>
   </trkpt>
   <trkpt lat="25.0211610" lon="121.4227300">
    <ele>14.8</ele>
    <time>2025-08-07T12:15:35Z</time>
   </trkpt>
   <trkpt lat="25.0211590" lon="121.4227200">
    <ele>14.8</ele>
    <time>2025-08-07T12:15:36Z</time>
   </trkpt>
   <trkpt lat="25.0211560" lon="121.4227070">
    <ele>14.8</ele>
    <time>2025-08-07T12:15:37Z</time>
   </trkpt>
   <trkpt lat="25.0211560" lon="121.4226950">
    <ele>14.8</ele>
    <time>2025-08-07T12:15:38Z</time>
   </trkpt>
   <trkpt lat="25.0211550" lon="121.4226820">
    <ele>14.8</ele>
    <time>2025-08-07T12:15:39Z</time>
   </trkpt>
   <trkpt lat="25.0211560" lon="121.4226700">
    <ele>14.8</ele>
    <time>2025-08-07T12:15:40Z</time>
   </trkpt>
   <trkpt lat="25.0211570" lon="121.4226610">
    <ele>14.8</ele>
    <time>2025-08-07T12:15:41Z</time>
   </trkpt>
   <trkpt lat="25.0211580" lon="121.4226580">
    <ele>14.8</ele>
    <time>2025-08-07T12:15:42Z</time>
   </trkpt>
   <trkpt lat="25.0211650" lon="121.4226520">
    <ele>14.8</ele>
    <time>2025-08-07T12:15:43Z</time>
   </trkpt>
   <trkpt lat="25.0211710" lon="121.4226410">
    <ele>14.8</ele>
    <time>2025-08-07T12:15:44Z</time>
   </trkpt>
   <trkpt lat="25.0211690" lon="121.4226260">
    <ele>14.8</ele>
    <time>2025-08-07T12:15:45Z</time>
   </trkpt>
   <trkpt lat="25.0211680" lon="121.4226300">
    <ele>14.8</ele>
    <time>2025-08-07T12:15:46Z</time>
   </trkpt>
   <trkpt lat="25.0211670" lon="121.4226330">
    <ele>14.8</ele>
    <time>2025-08-07T12:15:47Z</time>
   </trkpt>
   <trkpt lat="25.0211710" lon="121.4226330">
    <ele>14.8</ele>
    <time>2025-08-07T12:15:48Z</time>
   </trkpt>
   <trkpt lat="25.0211620" lon="121.4226380">
    <ele>14.8</ele>
    <time>2025-08-07T12:15:49Z</time>
   </trkpt>
   <trkpt lat="25.0211530" lon="121.4226580">
    <ele>14.8</ele>
    <time>2025-08-07T12:15:50Z</time>
   </trkpt>
   <trkpt lat="25.0211530" lon="121.4226610">
    <ele>14.8</ele>
    <time>2025-08-07T12:15:51Z</time>
   </trkpt>
   <trkpt lat="25.0211530" lon="121.4226610">
    <ele>14.8</ele>
    <time>2025-08-07T12:15:52Z</time>
   </trkpt>
   <trkpt lat="25.0211530" lon="121.4226610">
    <ele>14.8</ele>
    <time>2025-08-07T12:15:53Z</time>
   </trkpt>
   <trkpt lat="25.0211530" lon="121.4226610">
    <ele>14.8</ele>
    <time>2025-08-07T12:15:54Z</time>
   </trkpt>
   <trkpt lat="25.0211530" lon="121.4226610">
    <ele>14.8</ele>
    <time>2025-08-07T12:15:55Z</time>
   </trkpt>
   <trkpt lat="25.0211450" lon="121.4226470">
    <ele>14.8</ele>
    <time>2025-08-07T12:15:56Z</time>
   </trkpt>
   <trkpt lat="25.0211500" lon="121.4226530">
    <ele>14.8</ele>
    <time>2025-08-07T12:15:57Z</time>
   </trkpt>
   <trkpt lat="25.0211520" lon="121.4226510">
    <ele>14.8</ele>
    <time>2025-08-07T12:15:58Z</time>
   </trkpt>
   <trkpt lat="25.0211450" lon="121.4226820">
    <ele>14.8</ele>
    <time>2025-08-07T12:15:59Z</time>
   </trkpt>
   <trkpt lat="25.0211790" lon="121.4226860">
    <ele>14.8</ele>
    <time>2025-08-07T12:16:00Z</time>
   </trkpt>
   <trkpt lat="25.0211710" lon="121.4226990">
    <ele>14.8</ele>
    <time>2025-08-07T12:16:01Z</time>
   </trkpt>
   <trkpt lat="25.0211910" lon="121.4227100">
    <ele>14.8</ele>
    <time>2025-08-07T12:16:02Z</time>
   </trkpt>
   <trkpt lat="25.0212100" lon="121.4226960">
    <ele>14.8</ele>
    <time>2025-08-07T12:16:03Z</time>
   </trkpt>
   <trkpt lat="25.0212100" lon="121.4227110">
    <ele>14.8</ele>
    <time>2025-08-07T12:16:04Z</time>
   </trkpt>
   <trkpt lat="25.0212130" lon="121.4227210">
    <ele>14.8</ele>
    <time>2025-08-07T12:16:05Z</time>
   </trkpt>
   <trkpt lat="25.0212150" lon="121.4227320">
    <ele>14.8</ele>
    <time>2025-08-07T12:16:06Z</time>
   </trkpt>
   <trkpt lat="25.0212180" lon="121.4227420">
    <ele>14.8</ele>
    <time>2025-08-07T12:16:07Z</time>
   </trkpt>
   <trkpt lat="25.0212200" lon="121.4227520">
    <ele>14.8</ele>
    <time>2025-08-07T12:16:08Z</time>
   </trkpt>
   <trkpt lat="25.0212180" lon="121.4227540">
    <ele>14.8</ele>
    <time>2025-08-07T12:16:09Z</time>
   </trkpt>
   <trkpt lat="25.0212150" lon="121.4227570">
    <ele>14.8</ele>
    <time>2025-08-07T12:16:10Z</time>
   </trkpt>
   <trkpt lat="25.0212150" lon="121.4227570">
    <ele>14.8</ele>
    <time>2025-08-07T12:16:11Z</time>
   </trkpt>
   <trkpt lat="25.0212150" lon="121.4227570">
    <ele>14.8</ele>
    <time>2025-08-07T12:16:12Z</time>
   </trkpt>
   <trkpt lat="25.0212240" lon="121.4227910">
    <ele>14.8</ele>
    <time>2025-08-07T12:16:13Z</time>
   </trkpt>
   <trkpt lat="25.0212220" lon="121.4227470">
    <ele>14.8</ele>
    <time>2025-08-07T12:16:14Z</time>
   </trkpt>
   <trkpt lat="25.0212170" lon="121.4227170">
    <ele>14.8</ele>
    <time>2025-08-07T12:16:15Z</time>
   </trkpt>
   <trkpt lat="25.0212180" lon="121.4227210">
    <ele>14.8</ele>
    <time>2025-08-07T12:16:16Z</time>
   </trkpt>
   <trkpt lat="25.0212200" lon="121.4227230">
    <ele>14.8</ele>
    <time>2025-08-07T12:16:17Z</time>
   </trkpt>
   <trkpt lat="25.0212220" lon="121.4227260">
    <ele>14.8</ele>
    <time>2025-08-07T12:16:18Z</time>
   </trkpt>
   <trkpt lat="25.0212240" lon="121.4227280">
    <ele>14.8</ele>
    <time>2025-08-07T12:16:19Z</time>
   </trkpt>
   <trkpt lat="25.0212260" lon="121.4227300">
    <ele>14.8</ele>
    <time>2025-08-07T12:16:20Z</time>
   </trkpt>
   <trkpt lat="25.0212280" lon="121.4227320">
    <ele>14.8</ele>
    <time>2025-08-07T12:16:21Z</time>
   </trkpt>
   <trkpt lat="25.0212300" lon="121.4227340">
    <ele>14.8</ele>
    <time>2025-08-07T12:16:22Z</time>
   </trkpt>
   <trkpt lat="25.0212310" lon="121.4227370">
    <ele>14.8</ele>
    <time>2025-08-07T12:16:23Z</time>
   </trkpt>
   <trkpt lat="25.0212330" lon="121.4227390">
    <ele>14.8</ele>
    <time>2025-08-07T12:16:24Z</time>
   </trkpt>
   <trkpt lat="25.0212350" lon="121.4227410">
    <ele>14.8</ele>
    <time>2025-08-07T12:16:25Z</time>
   </trkpt>
   <trkpt lat="25.0212370" lon="121.4227430">
    <ele>14.8</ele>
    <time>2025-08-07T12:16:26Z</time>
   </trkpt>
   <trkpt lat="25.0212390" lon="121.4227460">
    <ele>14.8</ele>
    <time>2025-08-07T12:16:27Z</time>
   </trkpt>
   <trkpt lat="25.0212410" lon="121.4227480">
    <ele>14.8</ele>
    <time>2025-08-07T12:16:28Z</time>
   </trkpt>
   <trkpt lat="25.0212430" lon="121.4227500">
    <ele>14.8</ele>
    <time>2025-08-07T12:16:29Z</time>
   </trkpt>
   <trkpt lat="25.0212440" lon="121.4227560">
    <ele>14.8</ele>
    <time>2025-08-07T12:16:30Z</time>
   </trkpt>
   <trkpt lat="25.0212530" lon="121.4227550">
    <ele>14.8</ele>
    <time>2025-08-07T12:16:31Z</time>
   </trkpt>
   <trkpt lat="25.0212540" lon="121.4227560">
    <ele>14.8</ele>
    <time>2025-08-07T12:16:32Z</time>
   </trkpt>
   <trkpt lat="25.0212530" lon="121.4227630">
    <ele>14.8</ele>
    <time>2025-08-07T12:16:33Z</time>
   </trkpt>
   <trkpt lat="25.0212530" lon="121.4227640">
    <ele>14.8</ele>
    <time>2025-08-07T12:16:34Z</time>
   </trkpt>
   <trkpt lat="25.0212530" lon="121.4227640">
    <ele>14.8</ele>
    <time>2025-08-07T12:16:35Z</time>
   </trkpt>
   <trkpt lat="25.0212530" lon="121.4227640">
    <ele>14.8</ele>
    <time>2025-08-07T12:16:36Z</time>
   </trkpt>
   <trkpt lat="25.0212530" lon="121.4227640">
    <ele>14.8</ele>
    <time>2025-08-07T12:16:37Z</time>
   </trkpt>
   <trkpt lat="25.0212530" lon="121.4227640">
    <ele>14.8</ele>
    <time>2025-08-07T12:16:38Z</time>
   </trkpt>
   <trkpt lat="25.0212490" lon="121.4227800">
    <ele>14.8</ele>
    <time>2025-08-07T12:16:39Z</time>
   </trkpt>
   <trkpt lat="25.0212490" lon="121.4227810">
    <ele>14.8</ele>
    <time>2025-08-07T12:16:40Z</time>
   </trkpt>
   <trkpt lat="25.0212490" lon="121.4227810">
    <ele>14.8</ele>
    <time>2025-08-07T12:16:41Z</time>
   </trkpt>
   <trkpt lat="25.0212500" lon="121.4227780">
    <ele>14.8</ele>
    <time>2025-08-07T12:16:42Z</time>
   </trkpt>
   <trkpt lat="25.0212490" lon="121.4227760">
    <ele>14.8</ele>
    <time>2025-08-07T12:16:43Z</time>
   </trkpt>
   <trkpt lat="25.0212580" lon="121.4227720">
    <ele>14.9</ele>
    <time>2025-08-07T12:16:44Z</time>
   </trkpt>
   <trkpt lat="25.0212510" lon="121.4227830">
    <ele>14.9</ele>
    <time>2025-08-07T12:16:45Z</time>
   </trkpt>
   <trkpt lat="25.0212460" lon="121.4227730">
    <ele>14.9</ele>
    <time>2025-08-07T12:16:46Z</time>
   </trkpt>
   <trkpt lat="25.0212470" lon="121.4227730">
    <ele>14.9</ele>
    <time>2025-08-07T12:16:47Z</time>
   </trkpt>
   <trkpt lat="25.0212410" lon="121.4227700">
    <ele>14.9</ele>
    <time>2025-08-07T12:16:48Z</time>
   </trkpt>
   <trkpt lat="25.0212350" lon="121.4227490">
    <ele>14.9</ele>
    <time>2025-08-07T12:16:49Z</time>
   </trkpt>
   <trkpt lat="25.0212300" lon="121.4227350">
    <ele>14.9</ele>
    <time>2025-08-07T12:16:50Z</time>
   </trkpt>
   <trkpt lat="25.0212080" lon="121.4227330">
    <ele>14.9</ele>
    <time>2025-08-07T12:16:51Z</time>
   </trkpt>
   <trkpt lat="25.0212150" lon="121.4227250">
    <ele>14.9</ele>
    <time>2025-08-07T12:16:52Z</time>
   </trkpt>
   <trkpt lat="25.0212170" lon="121.4227230">
    <ele>14.9</ele>
    <time>2025-08-07T12:16:53Z</time>
   </trkpt>
   <trkpt lat="25.0212120" lon="121.4227130">
    <ele>14.9</ele>
    <time>2025-08-07T12:16:54Z</time>
   </trkpt>
   <trkpt lat="25.0212140" lon="121.4226960">
    <ele>14.9</ele>
    <time>2025-08-07T12:16:55Z</time>
   </trkpt>
   <trkpt lat="25.0212110" lon="121.4226880">
    <ele>14.9</ele>
    <time>2025-08-07T12:16:56Z</time>
   </trkpt>
   <trkpt lat="25.0212130" lon="121.4227040">
    <ele>14.9</ele>
    <time>2025-08-07T12:16:57Z</time>
   </trkpt>
   <trkpt lat="25.0212040" lon="121.4226920">
    <ele>14.9</ele>
    <time>2025-08-07T12:16:58Z</time>
   </trkpt>
   <trkpt lat="25.0211940" lon="121.4226730">
    <ele>14.9</ele>
    <time>2025-08-07T12:16:59Z</time>
   </trkpt>
   <trkpt lat="25.0212070" lon="121.4226700">
    <ele>14.9</ele>
    <time>2025-08-07T12:17:00Z</time>
   </trkpt>
   <trkpt lat="25.0212050" lon="121.4226640">
    <ele>14.9</ele>
    <time>2025-08-07T12:17:01Z</time>
   </trkpt>
   <trkpt lat="25.0212080" lon="121.4226440">
    <ele>14.9</ele>
    <time>2025-08-07T12:17:02Z</time>
   </trkpt>
   <trkpt lat="25.0212050" lon="121.4226230">
    <ele>14.9</ele>
    <time>2025-08-07T12:17:03Z</time>
   </trkpt>
   <trkpt lat="25.0211990" lon="121.4226090">
    <ele>14.9</ele>
    <time>2025-08-07T12:17:04Z</time>
   </trkpt>
   <trkpt lat="25.0211960" lon="121.4226020">
    <ele>14.9</ele>
    <time>2025-08-07T12:17:05Z</time>
   </trkpt>
   <trkpt lat="25.0211930" lon="121.4225960">
    <ele>14.9</ele>
    <time>2025-08-07T12:17:06Z</time>
   </trkpt>
   <trkpt lat="25.0211880" lon="121.4225860">
    <ele>14.9</ele>
    <time>2025-08-07T12:17:07Z</time>
   </trkpt>
   <trkpt lat="25.0211910" lon="121.4225770">
    <ele>14.9</ele>
    <time>2025-08-07T12:17:08Z</time>
   </trkpt>
   <trkpt lat="25.0211890" lon="121.4225590">
    <ele>14.9</ele>
    <time>2025-08-07T12:17:09Z</time>
   </trkpt>
   <trkpt lat="25.0211910" lon="121.4225510">
    <ele>14.9</ele>
    <time>2025-08-07T12:17:10Z</time>
   </trkpt>
   <trkpt lat="25.0211930" lon="121.4225420">
    <ele>14.9</ele>
    <time>2025-08-07T12:17:11Z</time>
   </trkpt>
   <trkpt lat="25.0211950" lon="121.4225330">
    <ele>14.9</ele>
    <time>2025-08-07T12:17:12Z</time>
   </trkpt>
   <trkpt lat="25.0211980" lon="121.4225300">
    <ele>14.9</ele>
    <time>2025-08-07T12:17:13Z</time>
   </trkpt>
   <trkpt lat="25.0211970" lon="121.4225220">
    <ele>14.9</ele>
    <time>2025-08-07T12:17:14Z</time>
   </trkpt>
   <trkpt lat="25.0211960" lon="121.4225220">
    <ele>14.9</ele>
    <time>2025-08-07T12:17:15Z</time>
   </trkpt>
   <trkpt lat="25.0211940" lon="121.4225210">
    <ele>14.9</ele>
    <time>2025-08-07T12:17:16Z</time>
   </trkpt>
   <trkpt lat="25.0211920" lon="121.4225200">
    <ele>14.9</ele>
    <time>2025-08-07T12:17:17Z</time>
   </trkpt>
   <trkpt lat="25.0211950" lon="121.4225220">
    <ele>14.9</ele>
    <time>2025-08-07T12:17:18Z</time>
   </trkpt>
   <trkpt lat="25.0211940" lon="121.4225240">
    <ele>14.9</ele>
    <time>2025-08-07T12:17:19Z</time>
   </trkpt>
   <trkpt lat="25.0211960" lon="121.4225260">
    <ele>14.9</ele>
    <time>2025-08-07T12:17:20Z</time>
   </trkpt>
   <trkpt lat="25.0211910" lon="121.4225220">
    <ele>14.9</ele>
    <time>2025-08-07T12:17:21Z</time>
   </trkpt>
   <trkpt lat="25.0211940" lon="121.4225260">
    <ele>14.9</ele>
    <time>2025-08-07T12:17:22Z</time>
   </trkpt>
   <trkpt lat="25.0211960" lon="121.4225320">
    <ele>14.9</ele>
    <time>2025-08-07T12:17:23Z</time>
   </trkpt>
   <trkpt lat="25.0211980" lon="121.4225350">
    <ele>14.9</ele>
    <time>2025-08-07T12:17:24Z</time>
   </trkpt>
   <trkpt lat="25.0212020" lon="121.4225380">
    <ele>14.9</ele>
    <time>2025-08-07T12:17:25Z</time>
   </trkpt>
   <trkpt lat="25.0212020" lon="121.4225380">
    <ele>14.9</ele>
    <time>2025-08-07T12:17:26Z</time>
   </trkpt>
   <trkpt lat="25.0212020" lon="121.4225380">
    <ele>14.9</ele>
    <time>2025-08-07T12:17:27Z</time>
   </trkpt>
   <trkpt lat="25.0212020" lon="121.4225380">
    <ele>14.9</ele>
    <time>2025-08-07T12:17:28Z</time>
   </trkpt>
   <trkpt lat="25.0212020" lon="121.4225380">
    <ele>14.9</ele>
    <time>2025-08-07T12:17:29Z</time>
   </trkpt>
   <trkpt lat="25.0212020" lon="121.4225380">
    <ele>14.9</ele>
    <time>2025-08-07T12:17:30Z</time>
   </trkpt>
   <trkpt lat="25.0212020" lon="121.4225380">
    <ele>14.9</ele>
    <time>2025-08-07T12:17:31Z</time>
   </trkpt>
   <trkpt lat="25.0212020" lon="121.4225380">
    <ele>14.9</ele>
    <time>2025-08-07T12:17:32Z</time>
   </trkpt>
   <trkpt lat="25.0212070" lon="121.4225500">
    <ele>14.9</ele>
    <time>2025-08-07T12:17:33Z</time>
   </trkpt>
   <trkpt lat="25.0212060" lon="121.4225510">
    <ele>14.9</ele>
    <time>2025-08-07T12:17:34Z</time>
   </trkpt>
   <trkpt lat="25.0212100" lon="121.4225510">
    <ele>14.9</ele>
    <time>2025-08-07T12:17:35Z</time>
   </trkpt>
   <trkpt lat="25.0212100" lon="121.4225520">
    <ele>14.9</ele>
    <time>2025-08-07T12:17:36Z</time>
   </trkpt>
   <trkpt lat="25.0212100" lon="121.4225520">
    <ele>14.9</ele>
    <time>2025-08-07T12:17:37Z</time>
   </trkpt>
   <trkpt lat="25.0212100" lon="121.4225520">
    <ele>14.9</ele>
    <time>2025-08-07T12:17:38Z</time>
   </trkpt>
   <trkpt lat="25.0212170" lon="121.4225580">
    <ele>14.9</ele>
    <time>2025-08-07T12:17:39Z</time>
   </trkpt>
   <trkpt lat="25.0212150" lon="121.4225550">
    <ele>14.9</ele>
    <time>2025-08-07T12:17:40Z</time>
   </trkpt>
   <trkpt lat="25.0212150" lon="121.4225550">
    <ele>14.9</ele>
    <time>2025-08-07T12:17:41Z</time>
   </trkpt>
   <trkpt lat="25.0212150" lon="121.4225550">
    <ele>14.9</ele>
    <time>2025-08-07T12:17:42Z</time>
   </trkpt>
   <trkpt lat="25.0212150" lon="121.4225550">
    <ele>14.9</ele>
    <time>2025-08-07T12:17:43Z</time>
   </trkpt>
   <trkpt lat="25.0212150" lon="121.4225550">
    <ele>14.9</ele>
    <time>2025-08-07T12:17:44Z</time>
   </trkpt>
   <trkpt lat="25.0212150" lon="121.4225550">
    <ele>14.9</ele>
    <time>2025-08-07T12:17:45Z</time>
   </trkpt>
   <trkpt lat="25.0212210" lon="121.4225540">
    <ele>14.9</ele>
    <time>2025-08-07T12:17:46Z</time>
   </trkpt>
   <trkpt lat="25.0212240" lon="121.4225540">
    <ele>14.9</ele>
    <time>2025-08-07T12:17:47Z</time>
   </trkpt>
   <trkpt lat="25.0212240" lon="121.4225540">
    <ele>14.9</ele>
    <time>2025-08-07T12:17:48Z</time>
   </trkpt>
   <trkpt lat="25.0212240" lon="121.4225540">
    <ele>14.9</ele>
    <time>2025-08-07T12:17:49Z</time>
   </trkpt>
   <trkpt lat="25.0212240" lon="121.4225540">
    <ele>14.9</ele>
    <time>2025-08-07T12:17:50Z</time>
   </trkpt>
   <trkpt lat="25.0212320" lon="121.4225600">
    <ele>14.9</ele>
    <time>2025-08-07T12:17:51Z</time>
   </trkpt>
   <trkpt lat="25.0212350" lon="121.4225620">
    <ele>14.9</ele>
    <time>2025-08-07T12:17:52Z</time>
   </trkpt>
   <trkpt lat="25.0212360" lon="121.4225610">
    <ele>14.9</ele>
    <time>2025-08-07T12:17:53Z</time>
   </trkpt>
   <trkpt lat="25.0212360" lon="121.4225620">
    <ele>14.9</ele>
    <time>2025-08-07T12:17:54Z</time>
   </trkpt>
   <trkpt lat="25.0212360" lon="121.4225620">
    <ele>14.9</ele>
    <time>2025-08-07T12:17:55Z</time>
   </trkpt>
   <trkpt lat="25.0212360" lon="121.4225620">
    <ele>14.9</ele>
    <time>2025-08-07T12:17:56Z</time>
   </trkpt>
   <trkpt lat="25.0212390" lon="121.4225660">
    <ele>14.9</ele>
    <time>2025-08-07T12:17:57Z</time>
   </trkpt>
   <trkpt lat="25.0212390" lon="121.4225660">
    <ele>14.9</ele>
    <time>2025-08-07T12:17:58Z</time>
   </trkpt>
   <trkpt lat="25.0212390" lon="121.4225660">
    <ele>14.9</ele>
    <time>2025-08-07T12:17:59Z</time>
   </trkpt>
   <trkpt lat="25.0212390" lon="121.4225660">
    <ele>14.9</ele>
    <time>2025-08-07T12:18:00Z</time>
   </trkpt>
   <trkpt lat="25.0212390" lon="121.4225660">
    <ele>14.9</ele>
    <time>2025-08-07T12:18:01Z</time>
   </trkpt>
   <trkpt lat="25.0212420" lon="121.4225640">
    <ele>14.9</ele>
    <time>2025-08-07T12:18:02Z</time>
   </trkpt>
   <trkpt lat="25.0212510" lon="121.4225580">
    <ele>14.9</ele>
    <time>2025-08-07T12:18:03Z</time>
   </trkpt>
   <trkpt lat="25.0212500" lon="121.4225590">
    <ele>14.9</ele>
    <time>2025-08-07T12:18:04Z</time>
   </trkpt>
   <trkpt lat="25.0212450" lon="121.4225610">
    <ele>14.9</ele>
    <time>2025-08-07T12:18:05Z</time>
   </trkpt>
   <trkpt lat="25.0212430" lon="121.4225620">
    <ele>14.9</ele>
    <time>2025-08-07T12:18:06Z</time>
   </trkpt>
   <trkpt lat="25.0212410" lon="121.4225680">
    <ele>14.9</ele>
    <time>2025-08-07T12:18:07Z</time>
   </trkpt>
   <trkpt lat="25.0212380" lon="121.4225770">
    <ele>14.9</ele>
    <time>2025-08-07T12:18:08Z</time>
   </trkpt>
   <trkpt lat="25.0212280" lon="121.4225800">
    <ele>14.9</ele>
    <time>2025-08-07T12:18:09Z</time>
   </trkpt>
   <trkpt lat="25.0212240" lon="121.4225840">
    <ele>14.9</ele>
    <time>2025-08-07T12:18:10Z</time>
   </trkpt>
   <trkpt lat="25.0212240" lon="121.4225830">
    <ele>14.9</ele>
    <time>2025-08-07T12:18:11Z</time>
   </trkpt>
   <trkpt lat="25.0212310" lon="121.4225800">
    <ele>14.9</ele>
    <time>2025-08-07T12:18:12Z</time>
   </trkpt>
   <trkpt lat="25.0212390" lon="121.4225750">
    <ele>14.9</ele>
    <time>2025-08-07T12:18:13Z</time>
   </trkpt>
   <trkpt lat="25.0212350" lon="121.4225670">
    <ele>14.9</ele>
    <time>2025-08-07T12:18:14Z</time>
   </trkpt>
   <trkpt lat="25.0212350" lon="121.4225600">
    <ele>14.9</ele>
    <time>2025-08-07T12:18:15Z</time>
   </trkpt>
   <trkpt lat="25.0212350" lon="121.4225500">
    <ele>15.0</ele>
    <time>2025-08-07T12:18:16Z</time>
   </trkpt>
   <trkpt lat="25.0212320" lon="121.4225470">
    <ele>15.0</ele>
    <time>2025-08-07T12:18:17Z</time>
   </trkpt>
   <trkpt lat="25.0212260" lon="121.4225350">
    <ele>15.0</ele>
    <time>2025-08-07T12:18:18Z</time>
   </trkpt>
   <trkpt lat="25.0212140" lon="121.4225250">
    <ele>15.0</ele>
    <time>2025-08-07T12:18:19Z</time>
   </trkpt>
   <trkpt lat="25.0212040" lon="121.4225200">
    <ele>15.0</ele>
    <time>2025-08-07T12:18:20Z</time>
   </trkpt>
   <trkpt lat="25.0211980" lon="121.4225190">
    <ele>15.0</ele>
    <time>2025-08-07T12:18:21Z</time>
   </trkpt>
   <trkpt lat="25.0211930" lon="121.4225170">
    <ele>15.0</ele>
    <time>2025-08-07T12:18:22Z</time>
   </trkpt>
   <trkpt lat="25.0211870" lon="121.4225160">
    <ele>15.0</ele>
    <time>2025-08-07T12:18:23Z</time>
   </trkpt>
   <trkpt lat="25.0211820" lon="121.4225140">
    <ele>15.0</ele>
    <time>2025-08-07T12:18:24Z</time>
   </trkpt>
   <trkpt lat="25.0211770" lon="121.4225120">
    <ele>15.0</ele>
    <time>2025-08-07T12:18:25Z</time>
   </trkpt>
   <trkpt lat="25.0211710" lon="121.4225110">
    <ele>15.0</ele>
    <time>2025-08-07T12:18:26Z</time>
   </trkpt>
   <trkpt lat="25.0211660" lon="121.4225090">
    <ele>15.0</ele>
    <time>2025-08-07T12:18:27Z</time>
   </trkpt>
   <trkpt lat="25.0211600" lon="121.4225080">
    <ele>15.0</ele>
    <time>2025-08-07T12:18:28Z</time>
   </trkpt>
   <trkpt lat="25.0211550" lon="121.4225060">
    <ele>15.0</ele>
    <time>2025-08-07T12:18:29Z</time>
   </trkpt>
   <trkpt lat="25.0211580" lon="121.4225060">
    <ele>15.0</ele>
    <time>2025-08-07T12:18:30Z</time>
   </trkpt>
   <trkpt lat="25.0211590" lon="121.4225060">
    <ele>15.0</ele>
    <time>2025-08-07T12:18:31Z</time>
   </trkpt>
   <trkpt lat="25.0211600" lon="121.4225050">
    <ele>15.0</ele>
    <time>2025-08-07T12:18:32Z</time>
   </trkpt>
   <trkpt lat="25.0211610" lon="121.4225050">
    <ele>15.0</ele>
    <time>2025-08-07T12:18:33Z</time>
   </trkpt>
   <trkpt lat="25.0211620" lon="121.4225050">
    <ele>15.0</ele>
    <time>2025-08-07T12:18:34Z</time>
   </trkpt>
   <trkpt lat="25.0211630" lon="121.4225050">
    <ele>15.0</ele>
    <time>2025-08-07T12:18:35Z</time>
   </trkpt>
   <trkpt lat="25.0211640" lon="121.4225040">
    <ele>15.0</ele>
    <time>2025-08-07T12:18:36Z</time>
   </trkpt>
   <trkpt lat="25.0211650" lon="121.4225040">
    <ele>15.0</ele>
    <time>2025-08-07T12:18:37Z</time>
   </trkpt>
   <trkpt lat="25.0211660" lon="121.4225040">
    <ele>15.0</ele>
    <time>2025-08-07T12:18:38Z</time>
   </trkpt>
   <trkpt lat="25.0211670" lon="121.4225040">
    <ele>15.0</ele>
    <time>2025-08-07T12:18:39Z</time>
   </trkpt>
   <trkpt lat="25.0211670" lon="121.4225040">
    <ele>15.0</ele>
    <time>2025-08-07T12:18:40Z</time>
   </trkpt>
   <trkpt lat="25.0211680" lon="121.4225030">
    <ele>15.0</ele>
    <time>2025-08-07T12:18:41Z</time>
   </trkpt>
   <trkpt lat="25.0211690" lon="121.4225030">
    <ele>15.0</ele>
    <time>2025-08-07T12:18:42Z</time>
   </trkpt>
   <trkpt lat="25.0211700" lon="121.4225030">
    <ele>15.0</ele>
    <time>2025-08-07T12:18:43Z</time>
   </trkpt>
   <trkpt lat="25.0211710" lon="121.4225030">
    <ele>15.0</ele>
    <time>2025-08-07T12:18:44Z</time>
   </trkpt>
   <trkpt lat="25.0211720" lon="121.4225020">
    <ele>15.0</ele>
    <time>2025-08-07T12:18:45Z</time>
   </trkpt>
   <trkpt lat="25.0211730" lon="121.4225020">
    <ele>15.0</ele>
    <time>2025-08-07T12:18:46Z</time>
   </trkpt>
   <trkpt lat="25.0211740" lon="121.4225020">
    <ele>15.0</ele>
    <time>2025-08-07T12:18:47Z</time>
   </trkpt>
   <trkpt lat="25.0211750" lon="121.4225020">
    <ele>15.0</ele>
    <time>2025-08-07T12:18:48Z</time>
   </trkpt>
   <trkpt lat="25.0211760" lon="121.4225020">
    <ele>15.0</ele>
    <time>2025-08-07T12:18:49Z</time>
   </trkpt>
   <trkpt lat="25.0211770" lon="121.4225010">
    <ele>15.0</ele>
    <time>2025-08-07T12:18:50Z</time>
   </trkpt>
   <trkpt lat="25.0211780" lon="121.4225010">
    <ele>15.0</ele>
    <time>2025-08-07T12:18:51Z</time>
   </trkpt>
   <trkpt lat="25.0211790" lon="121.4225010">
    <ele>15.0</ele>
    <time>2025-08-07T12:18:52Z</time>
   </trkpt>
   <trkpt lat="25.0211800" lon="121.4225010">
    <ele>15.0</ele>
    <time>2025-08-07T12:18:53Z</time>
   </trkpt>
   <trkpt lat="25.0211810" lon="121.4225000">
    <ele>15.0</ele>
    <time>2025-08-07T12:18:54Z</time>
   </trkpt>
   <trkpt lat="25.0211820" lon="121.4225000">
    <ele>15.0</ele>
    <time>2025-08-07T12:18:55Z</time>
   </trkpt>
   <trkpt lat="25.0211830" lon="121.4225000">
    <ele>15.0</ele>
    <time>2025-08-07T12:18:56Z</time>
   </trkpt>
   <trkpt lat="25.0211840" lon="121.4225000">
    <ele>15.0</ele>
    <time>2025-08-07T12:18:57Z</time>
   </trkpt>
   <trkpt lat="25.0211850" lon="121.4224990">
    <ele>15.0</ele>
    <time>2025-08-07T12:18:58Z</time>
   </trkpt>
   <trkpt lat="25.0211860" lon="121.4224990">
    <ele>15.0</ele>
    <time>2025-08-07T12:18:59Z</time>
   </trkpt>
   <trkpt lat="25.0211860" lon="121.4224990">
    <ele>15.0</ele>
    <time>2025-08-07T12:19:00Z</time>
   </trkpt>
   <trkpt lat="25.0211870" lon="121.4224990">
    <ele>15.0</ele>
    <time>2025-08-07T12:19:01Z</time>
   </trkpt>
   <trkpt lat="25.0211880" lon="121.4224990">
    <ele>15.0</ele>
    <time>2025-08-07T12:19:02Z</time>
   </trkpt>
   <trkpt lat="25.0211890" lon="121.4224980">
    <ele>15.0</ele>
    <time>2025-08-07T12:19:03Z</time>
   </trkpt>
   <trkpt lat="25.0211900" lon="121.4224980">
    <ele>15.0</ele>
    <time>2025-08-07T12:19:04Z</time>
   </trkpt>
   <trkpt lat="25.0211910" lon="121.4224980">
    <ele>15.0</ele>
    <time>2025-08-07T12:19:05Z</time>
   </trkpt>
   <trkpt lat="25.0211920" lon="121.4224980">
    <ele>15.0</ele>
    <time>2025-08-07T12:19:06Z</time>
   </trkpt>
   <trkpt lat="25.0211930" lon="121.4224970">
    <ele>15.0</ele>
    <time>2025-08-07T12:19:07Z</time>
   </trkpt>
   <trkpt lat="25.0211940" lon="121.4224970">
    <ele>15.0</ele>
    <time>2025-08-07T12:19:08Z</time>
   </trkpt>
   <trkpt lat="25.0211950" lon="121.4224970">
    <ele>15.0</ele>
    <time>2025-08-07T12:19:09Z</time>
   </trkpt>
   <trkpt lat="25.0211960" lon="121.4224970">
    <ele>15.0</ele>
    <time>2025-08-07T12:19:10Z</time>
   </trkpt>
   <trkpt lat="25.0211950" lon="121.4225000">
    <ele>15.0</ele>
    <time>2025-08-07T12:19:11Z</time>
   </trkpt>
   <trkpt lat="25.0211880" lon="121.4225010">
    <ele>15.0</ele>
    <time>2025-08-07T12:19:12Z</time>
   </trkpt>
   <trkpt lat="25.0211880" lon="121.4224970">
    <ele>15.0</ele>
    <time>2025-08-07T12:19:13Z</time>
   </trkpt>
   <trkpt lat="25.0211950" lon="121.4224980">
    <ele>15.0</ele>
    <time>2025-08-07T12:19:14Z</time>
   </trkpt>
   <trkpt lat="25.0211860" lon="121.4224820">
    <ele>15.0</ele>
    <time>2025-08-07T12:19:15Z</time>
   </trkpt>
   <trkpt lat="25.0211830" lon="121.4224670">
    <ele>15.0</ele>
    <time>2025-08-07T12:19:16Z</time>
   </trkpt>
   <trkpt lat="25.0211950" lon="121.4224620">
    <ele>15.0</ele>
    <time>2025-08-07T12:19:17Z</time>
   </trkpt>
   <trkpt lat="25.0211960" lon="121.4224510">
    <ele>15.0</ele>
    <time>2025-08-07T12:19:18Z</time>
   </trkpt>
   <trkpt lat="25.0212020" lon="121.4224450">
    <ele>15.0</ele>
    <time>2025-08-07T12:19:19Z</time>
   </trkpt>
   <trkpt lat="25.0212050" lon="121.4224390">
    <ele>15.0</ele>
    <time>2025-08-07T12:19:20Z</time>
   </trkpt>
   <trkpt lat="25.0212070" lon="121.4224310">
    <ele>15.0</ele>
    <time>2025-08-07T12:19:21Z</time>
   </trkpt>
   <trkpt lat="25.0212110" lon="121.4224350">
    <ele>15.0</ele>
    <time>2025-08-07T12:19:22Z</time>
   </trkpt>
   <trkpt lat="25.0212150" lon="121.4224250">
    <ele>15.0</ele>
    <time>2025-08-07T12:19:23Z</time>
   </trkpt>
   <trkpt lat="25.0212120" lon="121.4224190">
    <ele>15.0</ele>
    <time>2025-08-07T12:19:24Z</time>
   </trkpt>
   <trkpt lat="25.0212180" lon="121.4224170">
    <ele>15.0</ele>
    <time>2025-08-07T12:19:25Z</time>
   </trkpt>
   <trkpt lat="25.0212110" lon="121.4224070">
    <ele>15.0</ele>
    <time>2025-08-07T12:19:26Z</time>
   </trkpt>
   <trkpt lat="25.0212130" lon="121.4224130">
    <ele>15.0</ele>
    <time>2025-08-07T12:19:27Z</time>
   </trkpt>
   <trkpt lat="25.0212150" lon="121.4224160">
    <ele>15.0</ele>
    <time>2025-08-07T12:19:28Z</time>
   </trkpt>
   <trkpt lat="25.0212170" lon="121.4224150">
    <ele>15.0</ele>
    <time>2025-08-07T12:19:29Z</time>
   </trkpt>
   <trkpt lat="25.0212170" lon="121.4224070">
    <ele>15.0</ele>
    <time>2025-08-07T12:19:30Z</time>
   </trkpt>
   <trkpt lat="25.0212160" lon="121.4224020">
    <ele>15.0</ele>
    <time>2025-08-07T12:19:31Z</time>
   </trkpt>
   <trkpt lat="25.0212190" lon="121.4224060">
    <ele>15.0</ele>
    <time>2025-08-07T12:19:32Z</time>
   </trkpt>
   <trkpt lat="25.0212200" lon="121.4224040">
    <ele>15.0</ele>
    <time>2025-08-07T12:19:33Z</time>
   </trkpt>
   <trkpt lat="25.0212260" lon="121.4224000">
    <ele>15.0</ele>
    <time>2025-08-07T12:19:34Z</time>
   </trkpt>
   <trkpt lat="25.0212250" lon="121.4224010">
    <ele>15.0</ele>
    <time>2025-08-07T12:19:35Z</time>
   </trkpt>
   <trkpt lat="25.0212260" lon="121.4224020">
    <ele>15.0</ele>
    <time>2025-08-07T12:19:36Z</time>
   </trkpt>
   <trkpt lat="25.0212260" lon="121.4224000">
    <ele>15.0</ele>
    <time>2025-08-07T12:19:37Z</time>
   </trkpt>
   <trkpt lat="25.0212260" lon="121.4224030">
    <ele>15.0</ele>
    <time>2025-08-07T12:19:38Z</time>
   </trkpt>
   <trkpt lat="25.0212240" lon="121.4224030">
    <ele>15.0</ele>
    <time>2025-08-07T12:19:39Z</time>
   </trkpt>
   <trkpt lat="25.0212210" lon="121.4224020">
    <ele>15.0</ele>
    <time>2025-08-07T12:19:40Z</time>
   </trkpt>
   <trkpt lat="25.0212230" lon="121.4224070">
    <ele>15.0</ele>
    <time>2025-08-07T12:19:41Z</time>
   </trkpt>
   <trkpt lat="25.0212390" lon="121.4224070">
    <ele>15.0</ele>
    <time>2025-08-07T12:19:42Z</time>
   </trkpt>
   <trkpt lat="25.0212390" lon="121.4224070">
    <ele>15.0</ele>
    <time>2025-08-07T12:19:43Z</time>
   </trkpt>
   <trkpt lat="25.0212510" lon="121.4224030">
    <ele>15.0</ele>
    <time>2025-08-07T12:19:44Z</time>
   </trkpt>
   <trkpt lat="25.0212650" lon="121.4224020">
    <ele>15.0</ele>
    <time>2025-08-07T12:19:45Z</time>
   </trkpt>
   <trkpt lat="25.0212710" lon="121.4224010">
    <ele>15.0</ele>
    <time>2025-08-07T12:19:46Z</time>
   </trkpt>
   <trkpt lat="25.0212710" lon="121.4224010">
    <ele>15.0</ele>
    <time>2025-08-07T12:19:47Z</time>
   </trkpt>
   <trkpt lat="25.0212710" lon="121.4224010">
    <ele>15.0</ele>
    <time>2025-08-07T12:19:48Z</time>
   </trkpt>
   <trkpt lat="25.0212750" lon="121.4223990">
    <ele>15.0</ele>
    <time>2025-08-07T12:19:49Z</time>
   </trkpt>
   <trkpt lat="25.0212730" lon="121.4224010">
    <ele>15.0</ele>
    <time>2025-08-07T12:19:50Z</time>
   </trkpt>
   <trkpt lat="25.0212720" lon="121.4224020">
    <ele>15.0</ele>
    <time>2025-08-07T12:19:51Z</time>
   </trkpt>
   <trkpt lat="25.0212700" lon="121.4224020">
    <ele>15.0</ele>
    <time>2025-08-07T12:19:52Z</time>
   </trkpt>
   <trkpt lat="25.0212700" lon="121.4224030">
    <ele>15.0</ele>
    <time>2025-08-07T12:19:53Z</time>
   </trkpt>
   <trkpt lat="25.0212740" lon="121.4223940">
    <ele>15.1</ele>
    <time>2025-08-07T12:19:54Z</time>
   </trkpt>
   <trkpt lat="25.0212780" lon="121.4223950">
    <ele>15.1</ele>
    <time>2025-08-07T12:19:55Z</time>
   </trkpt>
   <trkpt lat="25.0212790" lon="121.4223950">
    <ele>15.1</ele>
    <time>2025-08-07T12:19:56Z</time>
   </trkpt>
   <trkpt lat="25.0212790" lon="121.4223950">
    <ele>15.1</ele>
    <time>2025-08-07T12:19:57Z</time>
   </trkpt>
   <trkpt lat="25.0212790" lon="121.4223950">
    <ele>15.1</ele>
    <time>2025-08-07T12:19:58Z</time>
   </trkpt>
   <trkpt lat="25.0212890" lon="121.4224020">
    <ele>15.1</ele>
    <time>2025-08-07T12:19:59Z</time>
   </trkpt>
   <trkpt lat="25.0212890" lon="121.4224030">
    <ele>15.1</ele>
    <time>2025-08-07T12:20:00Z</time>
   </trkpt>
   <trkpt lat="25.0212920" lon="121.4224030">
    <ele>15.1</ele>
    <time>2025-08-07T12:20:01Z</time>
   </trkpt>
   <trkpt lat="25.0212910" lon="121.4224120">
    <ele>15.1</ele>
    <time>2025-08-07T12:20:02Z</time>
   </trkpt>
   <trkpt lat="25.0212910" lon="121.4224220">
    <ele>15.1</ele>
    <time>2025-08-07T12:20:03Z</time>
   </trkpt>
   <trkpt lat="25.0212880" lon="121.4224190">
    <ele>15.1</ele>
    <time>2025-08-07T12:20:04Z</time>
   </trkpt>
   <trkpt lat="25.0212950" lon="121.4224210">
    <ele>15.1</ele>
    <time>2025-08-07T12:20:05Z</time>
   </trkpt>
   <trkpt lat="25.0212940" lon="121.4224180">
    <ele>15.1</ele>
    <time>2025-08-07T12:20:06Z</time>
   </trkpt>
   <trkpt lat="25.0212970" lon="121.4224250">
    <ele>15.1</ele>
    <time>2025-08-07T12:20:07Z</time>
   </trkpt>
   <trkpt lat="25.0212950" lon="121.4224260">
    <ele>15.1</ele>
    <time>2025-08-07T12:20:08Z</time>
   </trkpt>
   <trkpt lat="25.0212900" lon="121.4224220">
    <ele>15.1</ele>
    <time>2025-08-07T12:20:09Z</time>
   </trkpt>
   <trkpt lat="25.0212900" lon="121.4224240">
    <ele>15.1</ele>
    <time>2025-08-07T12:20:10Z</time>
   </trkpt>
   <trkpt lat="25.0212900" lon="121.4224240">
    <ele>15.1</ele>
    <time>2025-08-07T12:20:11Z</time>
   </trkpt>
   <trkpt lat="25.0213000" lon="121.4224250">
    <ele>15.1</ele>
    <time>2025-08-07T12:20:12Z</time>
   </trkpt>
   <trkpt lat="25.0213070" lon="121.4224300">
    <ele>15.1</ele>
    <time>2025-08-07T12:20:13Z</time>
   </trkpt>
   <trkpt lat="25.0213120" lon="121.4224160">
    <ele>15.1</ele>
    <time>2025-08-07T12:20:14Z</time>
   </trkpt>
   <trkpt lat="25.0213180" lon="121.4224120">
    <ele>15.1</ele>
    <time>2025-08-07T12:20:15Z</time>
   </trkpt>
   <trkpt lat="25.0213190" lon="121.4224070">
    <ele>15.1</ele>
    <time>2025-08-07T12:20:16Z</time>
   </trkpt>
   <trkpt lat="25.0213200" lon="121.4223900">
    <ele>15.1</ele>
    <time>2025-08-07T12:20:17Z</time>
   </trkpt>
   <trkpt lat="25.0213230" lon="121.4223750">
    <ele>15.1</ele>
    <time>2025-08-07T12:20:18Z</time>
   </trkpt>
   <trkpt lat="25.0213210" lon="121.4223620">
    <ele>15.1</ele>
    <time>2025-08-07T12:20:19Z</time>
   </trkpt>
   <trkpt lat="25.0213190" lon="121.4223550">
    <ele>15.1</ele>
    <time>2025-08-07T12:20:20Z</time>
   </trkpt>
   <trkpt lat="25.0213170" lon="121.4223390">
    <ele>15.1</ele>
    <time>2025-08-07T12:20:21Z</time>
   </trkpt>
   <trkpt lat="25.0213140" lon="121.4223280">
    <ele>15.1</ele>
    <time>2025-08-07T12:20:22Z</time>
   </trkpt>
   <trkpt lat="25.0213110" lon="121.4223230">
    <ele>15.1</ele>
    <time>2025-08-07T12:20:23Z</time>
   </trkpt>
   <trkpt lat="25.0213060" lon="121.4223090">
    <ele>15.1</ele>
    <time>2025-08-07T12:20:24Z</time>
   </trkpt>
   <trkpt lat="25.0213030" lon="121.4223010">
    <ele>15.1</ele>
    <time>2025-08-07T12:20:25Z</time>
   </trkpt>
   <trkpt lat="25.0213000" lon="121.4222930">
    <ele>15.1</ele>
    <time>2025-08-07T12:20:26Z</time>
   </trkpt>
   <trkpt lat="25.0212920" lon="121.4222900">
    <ele>15.1</ele>
    <time>2025-08-07T12:20:27Z</time>
   </trkpt>
   <trkpt lat="25.0212820" lon="121.4222810">
    <ele>15.1</ele>
    <time>2025-08-07T12:20:28Z</time>
   </trkpt>
   <trkpt lat="25.0212610" lon="121.4222840">
    <ele>15.1</ele>
    <time>2025-08-07T12:20:29Z</time>
   </trkpt>
   <trkpt lat="25.0212530" lon="121.4222800">
    <ele>15.1</ele>
    <time>2025-08-07T12:20:30Z</time>
   </trkpt>
   <trkpt lat="25.0212440" lon="121.4222770">
    <ele>15.1</ele>
    <time>2025-08-07T12:20:31Z</time>
   </trkpt>
   <trkpt lat="25.0212330" lon="121.4222740">
    <ele>15.1</ele>
    <time>2025-08-07T12:20:32Z</time>
   </trkpt>
   <trkpt lat="25.0212220" lon="121.4222710">
    <ele>15.1</ele>
    <time>2025-08-07T12:20:33Z</time>
   </trkpt>
   <trkpt lat="25.0212120" lon="121.4222670">
    <ele>15.1</ele>
    <time>2025-08-07T12:20:34Z</time>
   </trkpt>
   <trkpt lat="25.0212010" lon="121.4222580">
    <ele>15.1</ele>
    <time>2025-08-07T12:20:35Z</time>
   </trkpt>
   <trkpt lat="25.0211930" lon="121.4222540">
    <ele>15.1</ele>
    <time>2025-08-07T12:20:36Z</time>
   </trkpt>
   <trkpt lat="25.0211860" lon="121.4222500">
    <ele>15.1</ele>
    <time>2025-08-07T12:20:37Z</time>
   </trkpt>
   <trkpt lat="25.0211780" lon="121.4222460">
    <ele>15.1</ele>
    <time>2025-08-07T12:20:38Z</time>
   </trkpt>
   <trkpt lat="25.0211580" lon="121.4222370">
    <ele>15.1</ele>
    <time>2025-08-07T12:20:39Z</time>
   </trkpt>
   <trkpt lat="25.0211520" lon="121.4222350">
    <ele>15.1</ele>
    <time>2025-08-07T12:20:40Z</time>
   </trkpt>
   <trkpt lat="25.0211460" lon="121.4222340">
    <ele>15.1</ele>
    <time>2025-08-07T12:20:41Z</time>
   </trkpt>
   <trkpt lat="25.0211400" lon="121.4222320">
    <ele>15.1</ele>
    <time>2025-08-07T12:20:42Z</time>
   </trkpt>
   <trkpt lat="25.0211240" lon="121.4222310">
    <ele>15.1</ele>
    <time>2025-08-07T12:20:43Z</time>
   </trkpt>
   <trkpt lat="25.0211170" lon="121.4222300">
    <ele>15.1</ele>
    <time>2025-08-07T12:20:44Z</time>
   </trkpt>
   <trkpt lat="25.0211090" lon="121.4222290">
    <ele>15.1</ele>
    <time>2025-08-07T12:20:45Z</time>
   </trkpt>
   <trkpt lat="25.0211020" lon="121.4222280">
    <ele>15.1</ele>
    <time>2025-08-07T12:20:46Z</time>
   </trkpt>
   <trkpt lat="25.0210950" lon="121.4222250">
    <ele>15.1</ele>
    <time>2025-08-07T12:20:47Z</time>
   </trkpt>
   <trkpt lat="25.0210850" lon="121.4222210">
    <ele>15.1</ele>
    <time>2025-08-07T12:20:48Z</time>
   </trkpt>
   <trkpt lat="25.0210740" lon="121.4222120">
    <ele>15.1</ele>
    <time>2025-08-07T12:20:49Z</time>
   </trkpt>
   <trkpt lat="25.0210630" lon="121.4222100">
    <ele>15.1</ele>
    <time>2025-08-07T12:20:50Z</time>
   </trkpt>
   <trkpt lat="25.0210470" lon="121.4222080">
    <ele>15.1</ele>
    <time>2025-08-07T12:20:51Z</time>
   </trkpt>
   <trkpt lat="25.0210400" lon="121.4222100">
    <ele>15.1</ele>
    <time>2025-08-07T12:20:52Z</time>
   </trkpt>
   <trkpt lat="25.0210360" lon="121.4222120">
    <ele>15.1</ele>
    <time>2025-08-07T12:20:53Z</time>
   </trkpt>
   <trkpt lat="25.0210290" lon="121.4222160">
    <ele>15.1</ele>
    <time>2025-08-07T12:20:54Z</time>
   </trkpt>
   <trkpt lat="25.0210200" lon="121.4222180">
    <ele>15.1</ele>
    <time>2025-08-07T12:20:55Z</time>
   </trkpt>
   <trkpt lat="25.0210200" lon="121.4222220">
    <ele>15.1</ele>
    <time>2025-08-07T12:20:56Z</time>
   </trkpt>
   <trkpt lat="25.0210230" lon="121.4222240">
    <ele>15.1</ele>
    <time>2025-08-07T12:20:57Z</time>
   </trkpt>
   <trkpt lat="25.0210150" lon="121.4222300">
    <ele>15.1</ele>
    <time>2025-08-07T12:20:58Z</time>
   </trkpt>
   <trkpt lat="25.0210120" lon="121.4222350">
    <ele>15.1</ele>
    <time>2025-08-07T12:20:59Z</time>
   </trkpt>
   <trkpt lat="25.0210090" lon="121.4222420">
    <ele>15.1</ele>
    <time>2025-08-07T12:21:00Z</time>
   </trkpt>
   <trkpt lat="25.0210100" lon="121.4222450">
    <ele>15.1</ele>
    <time>2025-08-07T12:21:01Z</time>
   </trkpt>
   <trkpt lat="25.0210090" lon="121.4222530">
    <ele>15.1</ele>
    <time>2025-08-07T12:21:02Z</time>
   </trkpt>
   <trkpt lat="25.0210090" lon="121.4222690">
    <ele>15.1</ele>
    <time>2025-08-07T12:21:03Z</time>
   </trkpt>
   <trkpt lat="25.0210110" lon="121.4222750">
    <ele>15.1</ele>
    <time>2025-08-07T12:21:04Z</time>
   </trkpt>
   <trkpt lat="25.0210140" lon="121.4222840">
    <ele>15.1</ele>
    <time>2025-08-07T12:21:05Z</time>
   </trkpt>
   <trkpt lat="25.0210190" lon="121.4222910">
    <ele>15.1</ele>
    <time>2025-08-07T12:21:06Z</time>
   </trkpt>
   <trkpt lat="25.0210250" lon="121.4222950">
    <ele>15.1</ele>
    <time>2025-08-07T12:21:07Z</time>
   </trkpt>
   <trkpt lat="25.0210370" lon="121.4222990">
    <ele>15.1</ele>
    <time>2025-08-07T12:21:08Z</time>
   </trkpt>
   <trkpt lat="25.0210420" lon="121.4223080">
    <ele>15.1</ele>
    <time>2025-08-07T12:21:09Z</time>
   </trkpt>
   <trkpt lat="25.0210410" lon="121.4223110">
    <ele>15.1</ele>
    <time>2025-08-07T12:21:10Z</time>
   </trkpt>
   <trkpt lat="25.0210380" lon="121.4223110">
    <ele>15.1</ele>
    <time>2025-08-07T12:21:11Z</time>
   </trkpt>
   <trkpt lat="25.0210400" lon="121.4223120">
    <ele>15.1</ele>
    <time>2025-08-07T12:21:12Z</time>
   </trkpt>
   <trkpt lat="25.0210380" lon="121.4223100">
    <ele>15.1</ele>
    <time>2025-08-07T12:21:13Z</time>
   </trkpt>
   <trkpt lat="25.0210360" lon="121.4223130">
    <ele>15.1</ele>
    <time>2025-08-07T12:21:14Z</time>
   </trkpt>
   <trkpt lat="25.0210320" lon="121.4223220">
    <ele>15.1</ele>
    <time>2025-08-07T12:21:15Z</time>
   </trkpt>
   <trkpt lat="25.0210300" lon="121.4223310">
    <ele>15.1</ele>
    <time>2025-08-07T12:21:16Z</time>
   </trkpt>
   <trkpt lat="25.0210350" lon="121.4223500">
    <ele>15.1</ele>
    <time>2025-08-07T12:21:17Z</time>
   </trkpt>
   <trkpt lat="25.0210300" lon="121.4223440">
    <ele>15.1</ele>
    <time>2025-08-07T12:21:18Z</time>
   </trkpt>
   <trkpt lat="25.0210300" lon="121.4223470">
    <ele>15.1</ele>
    <time>2025-08-07T12:21:19Z</time>
   </trkpt>
   <trkpt lat="25.0210330" lon="121.4223520">
    <ele>15.1</ele>
    <time>2025-08-07T12:21:20Z</time>
   </trkpt>
   <trkpt lat="25.0210400" lon="121.4223680">
    <ele>15.1</ele>
    <time>2025-08-07T12:21:21Z</time>
   </trkpt>
   <trkpt lat="25.0210420" lon="121.4223810">
    <ele>15.1</ele>
    <time>2025-08-07T12:21:22Z</time>
   </trkpt>
   <trkpt lat="25.0210470" lon="121.4223710">
    <ele>15.1</ele>
    <time>2025-08-07T12:21:23Z</time>
   </trkpt>
   <trkpt lat="25.0210540" lon="121.4223640">
    <ele>15.1</ele>
    <time>2025-08-07T12:21:24Z</time>
   </trkpt>
   <trkpt lat="25.0210540" lon="121.4223660">
    <ele>15.1</ele>
    <time>2025-08-07T12:21:25Z</time>
   </trkpt>
   <trkpt lat="25.0210520" lon="121.4223670">
    <ele>15.1</ele>
    <time>2025-08-07T12:21:26Z</time>
   </trkpt>
   <trkpt lat="25.0210540" lon="121.4223630">
    <ele>15.1</ele>
    <time>2025-08-07T12:21:27Z</time>
   </trkpt>
   <trkpt lat="25.0210500" lon="121.4223600">
    <ele>15.1</ele>
    <time>2025-08-07T12:21:28Z</time>
   </trkpt>
   <trkpt lat="25.0210500" lon="121.4223620">
    <ele>15.1</ele>
    <time>2025-08-07T12:21:29Z</time>
   </trkpt>
   <trkpt lat="25.0210540" lon="121.4223670">
    <ele>15.1</ele>
    <time>2025-08-07T12:21:30Z</time>
   </trkpt>
   <trkpt lat="25.0210640" lon="121.4223740">
    <ele>15.1</ele>
    <time>2025-08-07T12:21:31Z</time>
   </trkpt>
   <trkpt lat="25.0210640" lon="121.4223650">
    <ele>15.1</ele>
    <time>2025-08-07T12:21:32Z</time>
   </trkpt>
   <trkpt lat="25.0210630" lon="121.4223590">
    <ele>15.1</ele>
    <time>2025-08-07T12:21:33Z</time>
   </trkpt>
   <trkpt lat="25.0210630" lon="121.4223680">
    <ele>15.1</ele>
    <time>2025-08-07T12:21:34Z</time>
   </trkpt>
   <trkpt lat="25.0210680" lon="121.4223820">
    <ele>15.1</ele>
    <time>2025-08-07T12:21:35Z</time>
   </trkpt>
   <trkpt lat="25.0210730" lon="121.4223960">
    <ele>15.1</ele>
    <time>2025-08-07T12:21:36Z</time>
   </trkpt>
   <trkpt lat="25.0210730" lon="121.4223960">
    <ele>15.1</ele>
    <time>2025-08-07T12:21:37Z</time>
   </trkpt>
   <trkpt lat="25.0210730" lon="121.4223960">
    <ele>15.1</ele>
    <time>2025-08-07T12:21:38Z</time>
   </trkpt>
   <trkpt lat="25.0210790" lon="121.4224130">
    <ele>15.1</ele>
    <time>2025-08-07T12:21:39Z</time>
   </trkpt>
   <trkpt lat="25.0210790" lon="121.4224130">
    <ele>15.1</ele>
    <time>2025-08-07T12:21:40Z</time>
   </trkpt>
   <trkpt lat="25.0210790" lon="121.4224130">
    <ele>15.1</ele>
    <time>2025-08-07T12:21:41Z</time>
   </trkpt>
   <trkpt lat="25.0210710" lon="121.4224230">
    <ele>15.1</ele>
    <time>2025-08-07T12:21:42Z</time>
   </trkpt>
   <trkpt lat="25.0210670" lon="121.4224320">
    <ele>15.1</ele>
    <time>2025-08-07T12:21:43Z</time>
   </trkpt>
   <trkpt lat="25.0210670" lon="121.4224300">
    <ele>15.1</ele>
    <time>2025-08-07T12:21:44Z</time>
   </trkpt>
   <trkpt lat="25.0210620" lon="121.4224350">
    <ele>15.1</ele>
    <time>2025-08-07T12:21:45Z</time>
   </trkpt>
   <trkpt lat="25.0210600" lon="121.4224420">
    <ele>15.1</ele>
    <time>2025-08-07T12:21:46Z</time>
   </trkpt>
   <trkpt lat="25.0210580" lon="121.4224430">
    <ele>15.1</ele>
    <time>2025-08-07T12:21:47Z</time>
   </trkpt>
   <trkpt lat="25.0210610" lon="121.4224480">
    <ele>15.1</ele>
    <time>2025-08-07T12:21:48Z</time>
   </trkpt>
   <trkpt lat="25.0210650" lon="121.4224630">
    <ele>15.1</ele>
    <time>2025-08-07T12:21:49Z</time>
   </trkpt>
   <trkpt lat="25.0210680" lon="121.4224760">
    <ele>15.1</ele>
    <time>2025-08-07T12:21:50Z</time>
   </trkpt>
   <trkpt lat="25.0210650" lon="121.4224830">
    <ele>15.1</ele>
    <time>2025-08-07T12:21:51Z</time>
   </trkpt>
   <trkpt lat="25.0210630" lon="121.4224800">
    <ele>15.1</ele>
    <time>2025-08-07T12:21:52Z</time>
   </trkpt>
   <trkpt lat="25.0210610" lon="121.4224760">
    <ele>15.1</ele>
    <time>2025-08-07T12:21:53Z</time>
   </trkpt>
   <trkpt lat="25.0210590" lon="121.4224730">
    <ele>15.1</ele>
    <time>2025-08-07T12:21:54Z</time>
   </trkpt>
   <trkpt lat="25.0210560" lon="121.4224690">
    <ele>15.1</ele>
    <time>2025-08-07T12:21:55Z</time>
   </trkpt>
   <trkpt lat="25.0210540" lon="121.4224650">
    <ele>15.1</ele>
    <time>2025-08-07T12:21:56Z</time>
   </trkpt>
   <trkpt lat="25.0210520" lon="121.4224620">
    <ele>15.2</ele>
    <time>2025-08-07T12:21:57Z</time>
   </trkpt>
   <trkpt lat="25.0210500" lon="121.4224580">
    <ele>15.2</ele>
    <time>2025-08-07T12:21:58Z</time>
   </trkpt>
   <trkpt lat="25.0210480" lon="121.4224550">
    <ele>15.2</ele>
    <time>2025-08-07T12:21:59Z</time>
   </trkpt>
   <trkpt lat="25.0210460" lon="121.4224510">
    <ele>15.2</ele>
    <time>2025-08-07T12:22:00Z</time>
   </trkpt>
   <trkpt lat="25.0210440" lon="121.4224480">
    <ele>15.2</ele>
    <time>2025-08-07T12:22:01Z</time>
   </trkpt>
   <trkpt lat="25.0210420" lon="121.4224440">
    <ele>15.2</ele>
    <time>2025-08-07T12:22:02Z</time>
   </trkpt>
   <trkpt lat="25.0210390" lon="121.4224400">
    <ele>15.2</ele>
    <time>2025-08-07T12:22:03Z</time>
   </trkpt>
   <trkpt lat="25.0210370" lon="121.4224370">
    <ele>15.2</ele>
    <time>2025-08-07T12:22:04Z</time>
   </trkpt>
   <trkpt lat="25.0210350" lon="121.4224330">
    <ele>15.2</ele>
    <time>2025-08-07T12:22:05Z</time>
   </trkpt>
   <trkpt lat="25.0210330" lon="121.4224300">
    <ele>15.2</ele>
    <time>2025-08-07T12:22:06Z</time>
   </trkpt>
   <trkpt lat="25.0210310" lon="121.4224260">
    <ele>15.2</ele>
    <time>2025-08-07T12:22:07Z</time>
   </trkpt>
   <trkpt lat="25.0210290" lon="121.4224220">
    <ele>15.2</ele>
    <time>2025-08-07T12:22:08Z</time>
   </trkpt>
   <trkpt lat="25.0210270" lon="121.4224190">
    <ele>15.2</ele>
    <time>2025-08-07T12:22:09Z</time>
   </trkpt>
   <trkpt lat="25.0210250" lon="121.4224150">
    <ele>15.2</ele>
    <time>2025-08-07T12:22:10Z</time>
   </trkpt>
   <trkpt lat="25.0210220" lon="121.4224120">
    <ele>15.2</ele>
    <time>2025-08-07T12:22:11Z</time>
   </trkpt>
   <trkpt lat="25.0210200" lon="121.4224080">
    <ele>15.2</ele>
    <time>2025-08-07T12:22:12Z</time>
   </trkpt>
   <trkpt lat="25.0210180" lon="121.4224050">
    <ele>15.2</ele>
    <time>2025-08-07T12:22:13Z</time>
   </trkpt>
   <trkpt lat="25.0210160" lon="121.4224010">
    <ele>15.2</ele>
    <time>2025-08-07T12:22:14Z</time>
   </trkpt>
   <trkpt lat="25.0209990" lon="121.4224210">
    <ele>15.2</ele>
    <time>2025-08-07T12:22:15Z</time>
   </trkpt>
   <trkpt lat="25.0210070" lon="121.4224210">
    <ele>15.2</ele>
    <time>2025-08-07T12:22:16Z</time>
   </trkpt>
   <trkpt lat="25.0210270" lon="121.4224220">
    <ele>15.2</ele>
    <time>2025-08-07T12:22:17Z</time>
   </trkpt>
   <trkpt lat="25.0210370" lon="121.4224260">
    <ele>15.2</ele>
    <time>2025-08-07T12:22:18Z</time>
   </trkpt>
   <trkpt lat="25.0210330" lon="121.4224110">
    <ele>15.2</ele>
    <time>2025-08-07T12:22:19Z</time>
   </trkpt>
   <trkpt lat="25.0210320" lon="121.4224130">
    <ele>15.2</ele>
    <time>2025-08-07T12:22:20Z</time>
   </trkpt>
   <trkpt lat="25.0210350" lon="121.4224130">
    <ele>15.2</ele>
    <time>2025-08-07T12:22:21Z</time>
   </trkpt>
   <trkpt lat="25.0210390" lon="121.4224120">
    <ele>15.2</ele>
    <time>2025-08-07T12:22:22Z</time>
   </trkpt>
   <trkpt lat="25.0210430" lon="121.4224110">
    <ele>15.2</ele>
    <time>2025-08-07T12:22:23Z</time>
   </trkpt>
   <trkpt lat="25.0210520" lon="121.4224120">
    <ele>15.2</ele>
    <time>2025-08-07T12:22:24Z</time>
   </trkpt>
   <trkpt lat="25.0210620" lon="121.4224170">
    <ele>15.2</ele>
    <time>2025-08-07T12:22:25Z</time>
   </trkpt>
   <trkpt lat="25.0210630" lon="121.4224080">
    <ele>15.2</ele>
    <time>2025-08-07T12:22:26Z</time>
   </trkpt>
   <trkpt lat="25.0210560" lon="121.4224020">
    <ele>15.2</ele>
    <time>2025-08-07T12:22:27Z</time>
   </trkpt>
   <trkpt lat="25.0210500" lon="121.4223970">
    <ele>15.2</ele>
    <time>2025-08-07T12:22:28Z</time>
   </trkpt>
   <trkpt lat="25.0210440" lon="121.4223920">
    <ele>15.2</ele>
    <time>2025-08-07T12:22:29Z</time>
   </trkpt>
   <trkpt lat="25.0210390" lon="121.4223860">
    <ele>15.2</ele>
    <time>2025-08-07T12:22:30Z</time>
   </trkpt>
   <trkpt lat="25.0210330" lon="121.4223810">
    <ele>15.2</ele>
    <time>2025-08-07T12:22:31Z</time>
   </trkpt>
   <trkpt lat="25.0210270" lon="121.4223760">
    <ele>15.2</ele>
    <time>2025-08-07T12:22:32Z</time>
   </trkpt>
   <trkpt lat="25.0210210" lon="121.4223710">
    <ele>15.2</ele>
    <time>2025-08-07T12:22:33Z</time>
   </trkpt>
   <trkpt lat="25.0210150" lon="121.4223660">
    <ele>15.2</ele>
    <time>2025-08-07T12:22:34Z</time>
   </trkpt>
   <trkpt lat="25.0210090" lon="121.4223610">
    <ele>15.2</ele>
    <time>2025-08-07T12:22:35Z</time>
   </trkpt>
   <trkpt lat="25.0210040" lon="121.4223550">
    <ele>15.2</ele>
    <time>2025-08-07T12:22:36Z</time>
   </trkpt>
   <trkpt lat="25.0209980" lon="121.4223500">
    <ele>15.2</ele>
    <time>2025-08-07T12:22:37Z</time>
   </trkpt>
   <trkpt lat="25.0209920" lon="121.4223450">
    <ele>15.2</ele>
    <time>2025-08-07T12:22:38Z</time>
   </trkpt>
   <trkpt lat="25.0209860" lon="121.4223400">
    <ele>15.2</ele>
    <time>2025-08-07T12:22:39Z</time>
   </trkpt>
   <trkpt lat="25.0209770" lon="121.4223290">
    <ele>15.2</ele>
    <time>2025-08-07T12:22:40Z</time>
   </trkpt>
   <trkpt lat="25.0209670" lon="121.4223180">
    <ele>15.2</ele>
    <time>2025-08-07T12:22:41Z</time>
   </trkpt>
   <trkpt lat="25.0209580" lon="121.4223070">
    <ele>15.2</ele>
    <time>2025-08-07T12:22:42Z</time>
   </trkpt>
   <trkpt lat="25.0209480" lon="121.4222960">
    <ele>15.2</ele>
    <time>2025-08-07T12:22:43Z</time>
   </trkpt>
   <trkpt lat="25.0209390" lon="121.4222850">
    <ele>15.2</ele>
    <time>2025-08-07T12:22:44Z</time>
   </trkpt>
   <trkpt lat="25.0209420" lon="121.4222820">
    <ele>15.2</ele>
    <time>2025-08-07T12:22:45Z</time>
   </trkpt>
   <trkpt lat="25.0209490" lon="121.4222850">
    <ele>15.2</ele>
    <time>2025-08-07T12:22:46Z</time>
   </trkpt>
   <trkpt lat="25.0209570" lon="121.4222870">
    <ele>15.2</ele>
    <time>2025-08-07T12:22:47Z</time>
   </trkpt>
   <trkpt lat="25.0209640" lon="121.4222900">
    <ele>15.2</ele>
    <time>2025-08-07T12:22:48Z</time>
   </trkpt>
   <trkpt lat="25.0209710" lon="121.4222930">
    <ele>15.2</ele>
    <time>2025-08-07T12:22:49Z</time>
   </trkpt>
   <trkpt lat="25.0209780" lon="121.4222960">
    <ele>15.2</ele>
    <time>2025-08-07T12:22:50Z</time>
   </trkpt>
   <trkpt lat="25.0209950" lon="121.4223240">
    <ele>15.2</ele>
    <time>2025-08-07T12:22:51Z</time>
   </trkpt>
   <trkpt lat="25.0209900" lon="121.4223210">
    <ele>15.2</ele>
    <time>2025-08-07T12:22:52Z</time>
   </trkpt>
   <trkpt lat="25.0209740" lon="121.4223030">
    <ele>15.2</ele>
    <time>2025-08-07T12:22:53Z</time>
   </trkpt>
   <trkpt lat="25.0209710" lon="121.4222860">
    <ele>15.2</ele>
    <time>2025-08-07T12:22:54Z</time>
   </trkpt>
   <trkpt lat="25.0209690" lon="121.4222710">
    <ele>15.2</ele>
    <time>2025-08-07T12:22:55Z</time>
   </trkpt>
   <trkpt lat="25.0209670" lon="121.4222550">
    <ele>15.2</ele>
    <time>2025-08-07T12:22:56Z</time>
   </trkpt>
   <trkpt lat="25.0209640" lon="121.4222390">
    <ele>15.2</ele>
    <time>2025-08-07T12:22:57Z</time>
   </trkpt>
   <trkpt lat="25.0209620" lon="121.4222230">
    <ele>15.2</ele>
    <time>2025-08-07T12:22:58Z</time>
   </trkpt>
   <trkpt lat="25.0209600" lon="121.4222080">
    <ele>15.2</ele>
    <time>2025-08-07T12:22:59Z</time>
   </trkpt>
   <trkpt lat="25.0209580" lon="121.4221920">
    <ele>15.2</ele>
    <time>2025-08-07T12:23:00Z</time>
   </trkpt>
   <trkpt lat="25.0209560" lon="121.4221760">
    <ele>15.2</ele>
    <time>2025-08-07T12:23:01Z</time>
   </trkpt>
   <trkpt lat="25.0209540" lon="121.4221610">
    <ele>15.2</ele>
    <time>2025-08-07T12:23:02Z</time>
   </trkpt>
   <trkpt lat="25.0209520" lon="121.4221450">
    <ele>15.2</ele>
    <time>2025-08-07T12:23:03Z</time>
   </trkpt>
   <trkpt lat="25.0209490" lon="121.4221290">
    <ele>15.2</ele>
    <time>2025-08-07T12:23:04Z</time>
   </trkpt>
   <trkpt lat="25.0209470" lon="121.4221130">
    <ele>15.2</ele>
    <time>2025-08-07T12:23:05Z</time>
   </trkpt>
   <trkpt lat="25.0209450" lon="121.4220980">
    <ele>15.2</ele>
    <time>2025-08-07T12:23:06Z</time>
   </trkpt>
   <trkpt lat="25.0209430" lon="121.4220820">
    <ele>15.2</ele>
    <time>2025-08-07T12:23:07Z</time>
   </trkpt>
   <trkpt lat="25.0209410" lon="121.4220660">
    <ele>15.2</ele>
    <time>2025-08-07T12:23:08Z</time>
   </trkpt>
   <trkpt lat="25.0209290" lon="121.4220620">
    <ele>15.2</ele>
    <time>2025-08-07T12:23:09Z</time>
   </trkpt>
   <trkpt lat="25.0209270" lon="121.4220690">
    <ele>15.2</ele>
    <time>2025-08-07T12:23:10Z</time>
   </trkpt>
   <trkpt lat="25.0209270" lon="121.4220690">
    <ele>15.2</ele>
    <time>2025-08-07T12:23:11Z</time>
   </trkpt>
   <trkpt lat="25.0209270" lon="121.4220690">
    <ele>15.2</ele>
    <time>2025-08-07T12:23:12Z</time>
   </trkpt>
   <trkpt lat="25.0209280" lon="121.4221170">
    <ele>15.2</ele>
    <time>2025-08-07T12:23:13Z</time>
   </trkpt>
   <trkpt lat="25.0209020" lon="121.4221310">
    <ele>15.2</ele>
    <time>2025-08-07T12:23:14Z</time>
   </trkpt>
   <trkpt lat="25.0208950" lon="121.4221370">
    <ele>15.2</ele>
    <time>2025-08-07T12:23:15Z</time>
   </trkpt>
   <trkpt lat="25.0208870" lon="121.4221420">
    <ele>15.2</ele>
    <time>2025-08-07T12:23:16Z</time>
   </trkpt>
   <trkpt lat="25.0208800" lon="121.4221480">
    <ele>15.2</ele>
    <time>2025-08-07T12:23:17Z</time>
   </trkpt>
   <trkpt lat="25.0208600" lon="121.4221450">
    <ele>15.2</ele>
    <time>2025-08-07T12:23:18Z</time>
   </trkpt>
   <trkpt lat="25.0208540" lon="121.4221390">
    <ele>15.2</ele>
    <time>2025-08-07T12:23:19Z</time>
   </trkpt>
   <trkpt lat="25.0208470" lon="121.4221320">
    <ele>15.2</ele>
    <time>2025-08-07T12:23:20Z</time>
   </trkpt>
   <trkpt lat="25.0208410" lon="121.4221260">
    <ele>15.2</ele>
    <time>2025-08-07T12:23:21Z</time>
   </trkpt>
   <trkpt lat="25.0208180" lon="121.4221450">
    <ele>15.1</ele>
    <time>2025-08-07T12:23:22Z</time>
   </trkpt>
   <trkpt lat="25.0208160" lon="121.4221410">
    <ele>15.1</ele>
    <time>2025-08-07T12:23:23Z</time>
   </trkpt>
   <trkpt lat="25.0208010" lon="121.4221260">
    <ele>15.1</ele>
    <time>2025-08-07T12:23:24Z</time>
   </trkpt>
   <trkpt lat="25.0207870" lon="121.4221440">
    <ele>15.1</ele>
    <time>2025-08-07T12:23:25Z</time>
   </trkpt>
   <trkpt lat="25.0207590" lon="121.4221460">
    <ele>15.1</ele>
    <time>2025-08-07T12:23:26Z</time>
   </trkpt>
   <trkpt lat="25.0207710" lon="121.4221590">
    <ele>15.1</ele>
    <time>2025-08-07T12:23:27Z</time>
   </trkpt>
   <trkpt lat="25.0207690" lon="121.4221680">
    <ele>15.1</ele>
    <time>2025-08-07T12:23:28Z</time>
   </trkpt>
   <trkpt lat="25.0207760" lon="121.4221710">
    <ele>15.1</ele>
    <time>2025-08-07T12:23:29Z</time>
   </trkpt>
   <trkpt lat="25.0208080" lon="121.4222070">
    <ele>15.1</ele>
    <time>2025-08-07T12:23:30Z</time>
   </trkpt>
   <trkpt lat="25.0208470" lon="121.4222280">
    <ele>15.1</ele>
    <time>2025-08-07T12:23:31Z</time>
   </trkpt>
   <trkpt lat="25.0208860" lon="121.4222490">
    <ele>15.1</ele>
    <time>2025-08-07T12:23:32Z</time>
   </trkpt>
   <trkpt lat="25.0209060" lon="121.4222180">
    <ele>15.1</ele>
    <time>2025-08-07T12:23:33Z</time>
   </trkpt>
   <trkpt lat="25.0209190" lon="121.4221980">
    <ele>15.1</ele>
    <time>2025-08-07T12:23:34Z</time>
   </trkpt>
   <trkpt lat="25.0209220" lon="121.4222030">
    <ele>15.1</ele>
    <time>2025-08-07T12:23:35Z</time>
   </trkpt>
   <trkpt lat="25.0209180" lon="121.4222410">
    <ele>15.1</ele>
    <time>2025-08-07T12:23:36Z</time>
   </trkpt>
   <trkpt lat="25.0209070" lon="121.4222400">
    <ele>15.1</ele>
    <time>2025-08-07T12:23:37Z</time>
   </trkpt>
   <trkpt lat="25.0209200" lon="121.4222480">
    <ele>15.1</ele>
    <time>2025-08-07T12:23:38Z</time>
   </trkpt>
   <trkpt lat="25.0209270" lon="121.4222500">
    <ele>15.1</ele>
    <time>2025-08-07T12:23:39Z</time>
   </trkpt>
   <trkpt lat="25.0209320" lon="121.4222530">
    <ele>15.1</ele>
    <time>2025-08-07T12:23:40Z</time>
   </trkpt>
   <trkpt lat="25.0209360" lon="121.4222550">
    <ele>15.1</ele>
    <time>2025-08-07T12:23:41Z</time>
   </trkpt>
   <trkpt lat="25.0209410" lon="121.4222570">
    <ele>15.1</ele>
    <time>2025-08-07T12:23:42Z</time>
   </trkpt>
   <trkpt lat="25.0209450" lon="121.4222590">
    <ele>15.1</ele>
    <time>2025-08-07T12:23:43Z</time>
   </trkpt>
   <trkpt lat="25.0209500" lon="121.4222620">
    <ele>15.1</ele>
    <time>2025-08-07T12:23:44Z</time>
   </trkpt>
   <trkpt lat="25.0209540" lon="121.4222640">
    <ele>15.1</ele>
    <time>2025-08-07T12:23:45Z</time>
   </trkpt>
   <trkpt lat="25.0209590" lon="121.4222750">
    <ele>15.1</ele>
    <time>2025-08-07T12:23:46Z</time>
   </trkpt>
   <trkpt lat="25.0209580" lon="121.4222810">
    <ele>15.1</ele>
    <time>2025-08-07T12:23:47Z</time>
   </trkpt>
   <trkpt lat="25.0209570" lon="121.4222750">
    <ele>15.1</ele>
    <time>2025-08-07T12:23:48Z</time>
   </trkpt>
   <trkpt lat="25.0209660" lon="121.4222750">
    <ele>15.1</ele>
    <time>2025-08-07T12:23:49Z</time>
   </trkpt>
   <trkpt lat="25.0209620" lon="121.4222700">
    <ele>15.1</ele>
    <time>2025-08-07T12:23:50Z</time>
   </trkpt>
   <trkpt lat="25.0209630" lon="121.4222640">
    <ele>15.1</ele>
    <time>2025-08-07T12:23:51Z</time>
   </trkpt>
   <trkpt lat="25.0209590" lon="121.4222560">
    <ele>15.1</ele>
    <time>2025-08-07T12:23:52Z</time>
   </trkpt>
   <trkpt lat="25.0209560" lon="121.4222510">
    <ele>15.1</ele>
    <time>2025-08-07T12:23:53Z</time>
   </trkpt>
   <trkpt lat="25.0209580" lon="121.4222530">
    <ele>15.1</ele>
    <time>2025-08-07T12:23:54Z</time>
   </trkpt>
   <trkpt lat="25.0209600" lon="121.4222520">
    <ele>15.1</ele>
    <time>2025-08-07T12:23:55Z</time>
   </trkpt>
   <trkpt lat="25.0209640" lon="121.4222400">
    <ele>15.1</ele>
    <time>2025-08-07T12:23:56Z</time>
   </trkpt>
   <trkpt lat="25.0209670" lon="121.4222290">
    <ele>15.1</ele>
    <time>2025-08-07T12:23:57Z</time>
   </trkpt>
   <trkpt lat="25.0209790" lon="121.4222530">
    <ele>15.0</ele>
    <time>2025-08-07T12:23:58Z</time>
   </trkpt>
   <trkpt lat="25.0209800" lon="121.4222610">
    <ele>15.0</ele>
    <time>2025-08-07T12:23:59Z</time>
   </trkpt>
   <trkpt lat="25.0209810" lon="121.4222680">
    <ele>15.0</ele>
    <time>2025-08-07T12:24:00Z</time>
   </trkpt>
   <trkpt lat="25.0209810" lon="121.4222750">
    <ele>15.0</ele>
    <time>2025-08-07T12:24:01Z</time>
   </trkpt>
   <trkpt lat="25.0209820" lon="121.4222820">
    <ele>15.0</ele>
    <time>2025-08-07T12:24:02Z</time>
   </trkpt>
   <trkpt lat="25.0209830" lon="121.4222900">
    <ele>15.0</ele>
    <time>2025-08-07T12:24:03Z</time>
   </trkpt>
   <trkpt lat="25.0209840" lon="121.4222970">
    <ele>15.0</ele>
    <time>2025-08-07T12:24:04Z</time>
   </trkpt>
   <trkpt lat="25.0209670" lon="121.4223120">
    <ele>15.0</ele>
    <time>2025-08-07T12:24:05Z</time>
   </trkpt>
   <trkpt lat="25.0209600" lon="121.4223270">
    <ele>15.0</ele>
    <time>2025-08-07T12:24:06Z</time>
   </trkpt>
   <trkpt lat="25.0209510" lon="121.4223400">
    <ele>15.0</ele>
    <time>2025-08-07T12:24:07Z</time>
   </trkpt>
   <trkpt lat="25.0209420" lon="121.4223530">
    <ele>15.0</ele>
    <time>2025-08-07T12:24:08Z</time>
   </trkpt>
   <trkpt lat="25.0209460" lon="121.4223750">
    <ele>15.0</ele>
    <time>2025-08-07T12:24:09Z</time>
   </trkpt>
   <trkpt lat="25.0209530" lon="121.4223840">
    <ele>15.0</ele>
    <time>2025-08-07T12:24:10Z</time>
   </trkpt>
   <trkpt lat="25.0209590" lon="121.4223930">
    <ele>15.0</ele>
    <time>2025-08-07T12:24:11Z</time>
   </trkpt>
   <trkpt lat="25.0209670" lon="121.4224080">
    <ele>15.0</ele>
    <time>2025-08-07T12:24:12Z</time>
   </trkpt>
   <trkpt lat="25.0209740" lon="121.4224160">
    <ele>15.0</ele>
    <time>2025-08-07T12:24:13Z</time>
   </trkpt>
   <trkpt lat="25.0209810" lon="121.4224250">
    <ele>15.0</ele>
    <time>2025-08-07T12:24:14Z</time>
   </trkpt>
   <trkpt lat="25.0209920" lon="121.4224330">
    <ele>15.0</ele>
    <time>2025-08-07T12:24:15Z</time>
   </trkpt>
   <trkpt lat="25.0209910" lon="121.4224400">
    <ele>15.0</ele>
    <time>2025-08-07T12:24:16Z</time>
   </trkpt>
   <trkpt lat="25.0209830" lon="121.4224410">
    <ele>15.0</ele>
    <time>2025-08-07T12:24:17Z</time>
   </trkpt>
   <trkpt lat="25.0209720" lon="121.4224400">
    <ele>15.0</ele>
    <time>2025-08-07T12:24:18Z</time>
   </trkpt>
   <trkpt lat="25.0209740" lon="121.4224450">
    <ele>15.0</ele>
    <time>2025-08-07T12:24:19Z</time>
   </trkpt>
   <trkpt lat="25.0209860" lon="121.4224640">
    <ele>15.0</ele>
    <time>2025-08-07T12:24:20Z</time>
   </trkpt>
   <trkpt lat="25.0209480" lon="121.4224670">
    <ele>15.0</ele>
    <time>2025-08-07T12:24:21Z</time>
   </trkpt>
   <trkpt lat="25.0209340" lon="121.4224720">
    <ele>15.0</ele>
    <time>2025-08-07T12:24:22Z</time>
   </trkpt>
   <trkpt lat="25.0209610" lon="121.4224880">
    <ele>15.0</ele>
    <time>2025-08-07T12:24:23Z</time>
   </trkpt>
   <trkpt lat="25.0210060" lon="121.4225020">
    <ele>15.0</ele>
    <time>2025-08-07T12:24:24Z</time>
   </trkpt>
   <trkpt lat="25.0209950" lon="121.4225010">
    <ele>15.0</ele>
    <time>2025-08-07T12:24:25Z</time>
   </trkpt>
   <trkpt lat="25.0209920" lon="121.4225040">
    <ele>15.0</ele>
    <time>2025-08-07T12:24:26Z</time>
   </trkpt>
   <trkpt lat="25.0209960" lon="121.4224980">
    <ele>15.0</ele>
    <time>2025-08-07T12:24:27Z</time>
   </trkpt>
   <trkpt lat="25.0209930" lon="121.4224990">
    <ele>15.0</ele>
    <time>2025-08-07T12:24:28Z</time>
   </trkpt>
   <trkpt lat="25.0209930" lon="121.4224990">
    <ele>15.0</ele>
    <time>2025-08-07T12:24:29Z</time>
   </trkpt>
   <trkpt lat="25.0209900" lon="121.4224970">
    <ele>15.0</ele>
    <time>2025-08-07T12:24:30Z</time>
   </trkpt>
   <trkpt lat="25.0209790" lon="121.4224940">
    <ele>14.9</ele>
    <time>2025-08-07T12:24:31Z</time>
   </trkpt>
   <trkpt lat="25.0209690" lon="121.4224920">
    <ele>14.9</ele>
    <time>2025-08-07T12:24:32Z</time>
   </trkpt>
   <trkpt lat="25.0209670" lon="121.4224930">
    <ele>14.9</ele>
    <time>2025-08-07T12:24:33Z</time>
   </trkpt>
   <trkpt lat="25.0209660" lon="121.4224950">
    <ele>14.9</ele>
    <time>2025-08-07T12:24:34Z</time>
   </trkpt>
   <trkpt lat="25.0209640" lon="121.4224960">
    <ele>14.9</ele>
    <time>2025-08-07T12:24:35Z</time>
   </trkpt>
   <trkpt lat="25.0209630" lon="121.4224980">
    <ele>14.9</ele>
    <time>2025-08-07T12:24:36Z</time>
   </trkpt>
   <trkpt lat="25.0209610" lon="121.4224990">
    <ele>14.9</ele>
    <time>2025-08-07T12:24:37Z</time>
   </trkpt>
   <trkpt lat="25.0209600" lon="121.4225010">
    <ele>14.9</ele>
    <time>2025-08-07T12:24:38Z</time>
   </trkpt>
   <trkpt lat="25.0209590" lon="121.4225030">
    <ele>14.9</ele>
    <time>2025-08-07T12:24:39Z</time>
   </trkpt>
   <trkpt lat="25.0209570" lon="121.4225040">
    <ele>14.9</ele>
    <time>2025-08-07T12:24:40Z</time>
   </trkpt>
   <trkpt lat="25.0209560" lon="121.4225060">
    <ele>14.9</ele>
    <time>2025-08-07T12:24:41Z</time>
   </trkpt>
   <trkpt lat="25.0209540" lon="121.4225070">
    <ele>14.9</ele>
    <time>2025-08-07T12:24:42Z</time>
   </trkpt>
   <trkpt lat="25.0209530" lon="121.4225090">
    <ele>14.9</ele>
    <time>2025-08-07T12:24:43Z</time>
   </trkpt>
   <trkpt lat="25.0209510" lon="121.4225100">
    <ele>14.9</ele>
    <time>2025-08-07T12:24:44Z</time>
   </trkpt>
   <trkpt lat="25.0209500" lon="121.4225120">
    <ele>14.9</ele>
    <time>2025-08-07T12:24:45Z</time>
   </trkpt>
   <trkpt lat="25.0209480" lon="121.4225130">
    <ele>14.9</ele>
    <time>2025-08-07T12:24:46Z</time>
   </trkpt>
   <trkpt lat="25.0209470" lon="121.4225150">
    <ele>14.9</ele>
    <time>2025-08-07T12:24:47Z</time>
   </trkpt>
   <trkpt lat="25.0209650" lon="121.4225610">
    <ele>14.9</ele>
    <time>2025-08-07T12:24:48Z</time>
   </trkpt>
   <trkpt lat="25.0209870" lon="121.4226070">
    <ele>14.9</ele>
    <time>2025-08-07T12:24:49Z</time>
   </trkpt>
   <trkpt lat="25.0209890" lon="121.4226410">
    <ele>14.9</ele>
    <time>2025-08-07T12:24:50Z</time>
   </trkpt>
   <trkpt lat="25.0209860" lon="121.4226460">
    <ele>14.9</ele>
    <time>2025-08-07T12:24:51Z</time>
   </trkpt>
   <trkpt lat="25.0209950" lon="121.4226550">
    <ele>14.9</ele>
    <time>2025-08-07T12:24:52Z</time>
   </trkpt>
   <trkpt lat="25.0210030" lon="121.4226650">
    <ele>14.9</ele>
    <time>2025-08-07T12:24:53Z</time>
   </trkpt>
   <trkpt lat="25.0210110" lon="121.4226740">
    <ele>14.9</ele>
    <time>2025-08-07T12:24:54Z</time>
   </trkpt>
   <trkpt lat="25.0209840" lon="121.4226630">
    <ele>14.9</ele>
    <time>2025-08-07T12:24:55Z</time>
   </trkpt>
   <trkpt lat="25.0209470" lon="121.4226380">
    <ele>14.9</ele>
    <time>2025-08-07T12:24:56Z</time>
   </trkpt>
   <trkpt lat="25.0209380" lon="121.4226210">
    <ele>14.9</ele>
    <time>2025-08-07T12:24:57Z</time>
   </trkpt>
   <trkpt lat="25.0209300" lon="121.4226050">
    <ele>14.9</ele>
    <time>2025-08-07T12:24:58Z</time>
   </trkpt>
   <trkpt lat="25.0209220" lon="121.4225900">
    <ele>14.9</ele>
    <time>2025-08-07T12:24:59Z</time>
   </trkpt>
   <trkpt lat="25.0209140" lon="121.4225740">
    <ele>14.9</ele>
    <time>2025-08-07T12:25:00Z</time>
   </trkpt>
   <trkpt lat="25.0209050" lon="121.4225360">
    <ele>14.9</ele>
    <time>2025-08-07T12:25:01Z</time>
   </trkpt>
   <trkpt lat="25.0208900" lon="121.4224980">
    <ele>14.9</ele>
    <time>2025-08-07T12:25:02Z</time>
   </trkpt>
   <trkpt lat="25.0208920" lon="121.4224920">
    <ele>14.8</ele>
    <time>2025-08-07T12:25:03Z</time>
   </trkpt>
   <trkpt lat="25.0209010" lon="121.4224860">
    <ele>14.8</ele>
    <time>2025-08-07T12:25:04Z</time>
   </trkpt>
   <trkpt lat="25.0209230" lon="121.4224970">
    <ele>14.8</ele>
    <time>2025-08-07T12:25:05Z</time>
   </trkpt>
   <trkpt lat="25.0209380" lon="121.4224700">
    <ele>14.8</ele>
    <time>2025-08-07T12:25:06Z</time>
   </trkpt>
   <trkpt lat="25.0209500" lon="121.4224690">
    <ele>14.8</ele>
    <time>2025-08-07T12:25:07Z</time>
   </trkpt>
   <trkpt lat="25.0209620" lon="121.4224670">
    <ele>14.8</ele>
    <time>2025-08-07T12:25:08Z</time>
   </trkpt>
   <trkpt lat="25.0209620" lon="121.4224710">
    <ele>14.8</ele>
    <time>2025-08-07T12:25:09Z</time>
   </trkpt>
   <trkpt lat="25.0209630" lon="121.4224750">
    <ele>14.8</ele>
    <time>2025-08-07T12:25:10Z</time>
   </trkpt>
   <trkpt lat="25.0209650" lon="121.4224790">
    <ele>14.8</ele>
    <time>2025-08-07T12:25:11Z</time>
   </trkpt>
   <trkpt lat="25.0209660" lon="121.4224830">
    <ele>14.8</ele>
    <time>2025-08-07T12:25:12Z</time>
   </trkpt>
   <trkpt lat="25.0209670" lon="121.4224870">
    <ele>14.8</ele>
    <time>2025-08-07T12:25:13Z</time>
   </trkpt>
   <trkpt lat="25.0209680" lon="121.4224910">
    <ele>14.8</ele>
    <time>2025-08-07T12:25:14Z</time>
   </trkpt>
   <trkpt lat="25.0209700" lon="121.4224960">
    <ele>14.8</ele>
    <time>2025-08-07T12:25:15Z</time>
   </trkpt>
   <trkpt lat="25.0209710" lon="121.4225000">
    <ele>14.8</ele>
    <time>2025-08-07T12:25:16Z</time>
   </trkpt>
   <trkpt lat="25.0209720" lon="121.4225040">
    <ele>14.8</ele>
    <time>2025-08-07T12:25:17Z</time>
   </trkpt>
   <trkpt lat="25.0209730" lon="121.4225080">
    <ele>14.8</ele>
    <time>2025-08-07T12:25:18Z</time>
   </trkpt>
   <trkpt lat="25.0209750" lon="121.4225120">
    <ele>14.8</ele>
    <time>2025-08-07T12:25:19Z</time>
   </trkpt>
   <trkpt lat="25.0209760" lon="121.4225160">
    <ele>14.8</ele>
    <time>2025-08-07T12:25:20Z</time>
   </trkpt>
   <trkpt lat="25.0209770" lon="121.4225200">
    <ele>14.8</ele>
    <time>2025-08-07T12:25:21Z</time>
   </trkpt>
   <trkpt lat="25.0209590" lon="121.4225110">
    <ele>14.8</ele>
    <time>2025-08-07T12:25:22Z</time>
   </trkpt>
   <trkpt lat="25.0209570" lon="121.4225110">
    <ele>14.8</ele>
    <time>2025-08-07T12:25:23Z</time>
   </trkpt>
   <trkpt lat="25.0209550" lon="121.4225120">
    <ele>14.8</ele>
    <time>2025-08-07T12:25:24Z</time>
   </trkpt>
   <trkpt lat="25.0209550" lon="121.4225030">
    <ele>14.8</ele>
    <time>2025-08-07T12:25:25Z</time>
   </trkpt>
   <trkpt lat="25.0209770" lon="121.4225090">
    <ele>14.8</ele>
    <time>2025-08-07T12:25:26Z</time>
   </trkpt>
   <trkpt lat="25.0209970" lon="121.4225210">
    <ele>14.8</ele>
    <time>2025-08-07T12:25:27Z</time>
   </trkpt>
   <trkpt lat="25.0210100" lon="121.4225250">
    <ele>14.8</ele>
    <time>2025-08-07T12:25:28Z</time>
   </trkpt>
   <trkpt lat="25.0210100" lon="121.4225250">
    <ele>14.8</ele>
    <time>2025-08-07T12:25:29Z</time>
   </trkpt>
   <trkpt lat="25.0210140" lon="121.4225250">
    <ele>14.8</ele>
    <time>2025-08-07T12:25:30Z</time>
   </trkpt>
   <trkpt lat="25.0210090" lon="121.4225280">
    <ele>14.8</ele>
    <time>2025-08-07T12:25:31Z</time>
   </trkpt>
   <trkpt lat="25.0210070" lon="121.4225340">
    <ele>14.8</ele>
    <time>2025-08-07T12:25:32Z</time>
   </trkpt>
   <trkpt lat="25.0210030" lon="121.4225450">
    <ele>14.8</ele>
    <time>2025-08-07T12:25:33Z</time>
   </trkpt>
   <trkpt lat="25.0209980" lon="121.4225520">
    <ele>14.8</ele>
    <time>2025-08-07T12:25:34Z</time>
   </trkpt>
   <trkpt lat="25.0209980" lon="121.4225640">
    <ele>14.8</ele>
    <time>2025-08-07T12:25:35Z</time>
   </trkpt>
   <trkpt lat="25.0210080" lon="121.4225740">
    <ele>14.8</ele>
    <time>2025-08-07T12:25:36Z</time>
   </trkpt>
   <trkpt lat="25.0210120" lon="121.4225830">
    <ele>14.8</ele>
    <time>2025-08-07T12:25:37Z</time>
   </trkpt>
   <trkpt lat="25.0210150" lon="121.4225970">
    <ele>14.8</ele>
    <time>2025-08-07T12:25:38Z</time>
   </trkpt>
   <trkpt lat="25.0210230" lon="121.4226050">
    <ele>14.8</ele>
    <time>2025-08-07T12:25:39Z</time>
   </trkpt>
   <trkpt lat="25.0210210" lon="121.4226140">
    <ele>14.8</ele>
    <time>2025-08-07T12:25:40Z</time>
   </trkpt>
   <trkpt lat="25.0210270" lon="121.4226250">
    <ele>14.8</ele>
    <time>2025-08-07T12:25:41Z</time>
   </trkpt>
   <trkpt lat="25.0210180" lon="121.4226280">
    <ele>14.8</ele>
    <time>2025-08-07T12:25:42Z</time>
   </trkpt>
   <trkpt lat="25.0210050" lon="121.4226310">
    <ele>14.8</ele>
    <time>2025-08-07T12:25:43Z</time>
   </trkpt>
   <trkpt lat="25.0209900" lon="121.4226360">
    <ele>14.8</ele>
    <time>2025-08-07T12:25:44Z</time>
   </trkpt>
   <trkpt lat="25.0209740" lon="121.4226420">
    <ele>14.8</ele>
    <time>2025-08-07T12:25:45Z</time>
   </trkpt>
   <trkpt lat="25.0209690" lon="121.4226460">
    <ele>14.8</ele>
    <time>2025-08-07T12:25:46Z</time>
   </trkpt>
   <trkpt lat="25.0209630" lon="121.4226500">
    <ele>14.8</ele>
    <time>2025-08-07T12:25:47Z</time>
   </trkpt>
   <trkpt lat="25.0209570" lon="121.4226540">
    <ele>14.8</ele>
    <time>2025-08-07T12:25:48Z</time>
   </trkpt>
   <trkpt lat="25.0209540" lon="121.4226560">
    <ele>14.8</ele>
    <time>2025-08-07T12:25:49Z</time>
   </trkpt>
   <trkpt lat="25.0209530" lon="121.4226660">
    <ele>14.8</ele>
    <time>2025-08-07T12:25:50Z</time>
   </trkpt>
   <trkpt lat="25.0209550" lon="121.4226650">
    <ele>14.8</ele>
    <time>2025-08-07T12:25:51Z</time>
   </trkpt>
   <trkpt lat="25.0209570" lon="121.4226630">
    <ele>14.8</ele>
    <time>2025-08-07T12:25:52Z</time>
   </trkpt>
   <trkpt lat="25.0209540" lon="121.4226640">
    <ele>14.8</ele>
    <time>2025-08-07T12:25:53Z</time>
   </trkpt>
   <trkpt lat="25.0209530" lon="121.4226690">
    <ele>14.8</ele>
    <time>2025-08-07T12:25:54Z</time>
   </trkpt>
   <trkpt lat="25.0209550" lon="121.4226720">
    <ele>14.8</ele>
    <time>2025-08-07T12:25:55Z</time>
   </trkpt>
   <trkpt lat="25.0209580" lon="121.4226730">
    <ele>14.8</ele>
    <time>2025-08-07T12:25:56Z</time>
   </trkpt>
   <trkpt lat="25.0209590" lon="121.4226740">
    <ele>14.8</ele>
    <time>2025-08-07T12:25:57Z</time>
   </trkpt>
   <trkpt lat="25.0209580" lon="121.4226750">
    <ele>14.8</ele>
    <time>2025-08-07T12:25:58Z</time>
   </trkpt>
   <trkpt lat="25.0209620" lon="121.4226750">
    <ele>14.8</ele>
    <time>2025-08-07T12:25:59Z</time>
   </trkpt>
   <trkpt lat="25.0209640" lon="121.4226770">
    <ele>14.8</ele>
    <time>2025-08-07T12:26:00Z</time>
   </trkpt>
   <trkpt lat="25.0209610" lon="121.4226760">
    <ele>14.8</ele>
    <time>2025-08-07T12:26:01Z</time>
   </trkpt>
   <trkpt lat="25.0209620" lon="121.4226740">
    <ele>14.8</ele>
    <time>2025-08-07T12:26:02Z</time>
   </trkpt>
   <trkpt lat="25.0209660" lon="121.4226680">
    <ele>14.8</ele>
    <time>2025-08-07T12:26:03Z</time>
   </trkpt>
   <trkpt lat="25.0209580" lon="121.4226620">
    <ele>14.8</ele>
    <time>2025-08-07T12:26:04Z</time>
   </trkpt>
   <trkpt lat="25.0209230" lon="121.4226510">
    <ele>14.8</ele>
    <time>2025-08-07T12:26:05Z</time>
   </trkpt>
   <trkpt lat="25.0209220" lon="121.4226670">
    <ele>14.8</ele>
    <time>2025-08-07T12:26:06Z</time>
   </trkpt>
   <trkpt lat="25.0209270" lon="121.4226730">
    <ele>14.8</ele>
    <time>2025-08-07T12:26:07Z</time>
   </trkpt>
   <trkpt lat="25.0209310" lon="121.4226800">
    <ele>14.8</ele>
    <time>2025-08-07T12:26:08Z</time>
   </trkpt>
   <trkpt lat="25.0209360" lon="121.4226860">
    <ele>14.8</ele>
    <time>2025-08-07T12:26:09Z</time>
   </trkpt>
   <trkpt lat="25.0209400" lon="121.4226930">
    <ele>14.8</ele>
    <time>2025-08-07T12:26:10Z</time>
   </trkpt>
   <trkpt lat="25.0209140" lon="121.4226790">
    <ele>14.8</ele>
    <time>2025-08-07T12:26:11Z</time>
   </trkpt>
   <trkpt lat="25.0208780" lon="121.4226710">
    <ele>14.8</ele>
    <time>2025-08-07T12:26:12Z</time>
   </trkpt>
   <trkpt lat="25.0208830" lon="121.4226680">
    <ele>14.8</ele>
    <time>2025-08-07T12:26:13Z</time>
   </trkpt>
   <trkpt lat="25.0209050" lon="121.4226630">
    <ele>14.8</ele>
    <time>2025-08-07T12:26:14Z</time>
   </trkpt>
   <trkpt lat="25.0209170" lon="121.4226610">
    <ele>14.8</ele>
    <time>2025-08-07T12:26:15Z</time>
   </trkpt>
   <trkpt lat="25.0209250" lon="121.4226580">
    <ele>14.8</ele>
    <time>2025-08-07T12:26:16Z</time>
   </trkpt>
   <trkpt lat="25.0209290" lon="121.4226500">
    <ele>14.8</ele>
    <time>2025-08-07T12:26:17Z</time>
   </trkpt>
   <trkpt lat="25.0209290" lon="121.4226500">
    <ele>14.8</ele>
    <time>2025-08-07T12:26:18Z</time>
   </trkpt>
   <trkpt lat="25.0209290" lon="121.4226500">
    <ele>14.8</ele>
    <time>2025-08-07T12:26:19Z</time>
   </trkpt>
   <trkpt lat="25.0209290" lon="121.4226500">
    <ele>14.8</ele>
    <time>2025-08-07T12:26:20Z</time>
   </trkpt>
   <trkpt lat="25.0209160" lon="121.4226390">
    <ele>14.8</ele>
    <time>2025-08-07T12:26:21Z</time>
   </trkpt>
   <trkpt lat="25.0209220" lon="121.4226440">
    <ele>14.8</ele>
    <time>2025-08-07T12:26:22Z</time>
   </trkpt>
   <trkpt lat="25.0209290" lon="121.4226490">
    <ele>14.8</ele>
    <time>2025-08-07T12:26:23Z</time>
   </trkpt>
   <trkpt lat="25.0209230" lon="121.4226520">
    <ele>14.8</ele>
    <time>2025-08-07T12:26:24Z</time>
   </trkpt>
   <trkpt lat="25.0209230" lon="121.4226530">
    <ele>14.8</ele>
    <time>2025-08-07T12:26:25Z</time>
   </trkpt>
   <trkpt lat="25.0209160" lon="121.4226600">
    <ele>14.8</ele>
    <time>2025-08-07T12:26:26Z</time>
   </trkpt>
   <trkpt lat="25.0209160" lon="121.4226600">
    <ele>14.8</ele>
    <time>2025-08-07T12:26:27Z</time>
   </trkpt>
   <trkpt lat="25.0209030" lon="121.4226750">
    <ele>14.8</ele>
    <time>2025-08-07T12:26:28Z</time>
   </trkpt>
   <trkpt lat="25.0208870" lon="121.4226790">
    <ele>14.8</ele>
    <time>2025-08-07T12:26:29Z</time>
   </trkpt>
   <trkpt lat="25.0208850" lon="121.4226850">
    <ele>14.8</ele>
    <time>2025-08-07T12:26:30Z</time>
   </trkpt>
   <trkpt lat="25.0208850" lon="121.4226850">
    <ele>14.8</ele>
    <time>2025-08-07T12:26:31Z</time>
   </trkpt>
   <trkpt lat="25.0208700" lon="121.4226830">
    <ele>14.8</ele>
    <time>2025-08-07T12:26:32Z</time>
   </trkpt>
   <trkpt lat="25.0208650" lon="121.4226890">
    <ele>14.8</ele>
    <time>2025-08-07T12:26:33Z</time>
   </trkpt>
   <trkpt lat="25.0208660" lon="121.4226970">
    <ele>14.8</ele>
    <time>2025-08-07T12:26:34Z</time>
   </trkpt>
   <trkpt lat="25.0208660" lon="121.4227040">
    <ele>14.8</ele>
    <time>2025-08-07T12:26:35Z</time>
   </trkpt>
   <trkpt lat="25.0208660" lon="121.4227120">
    <ele>14.8</ele>
    <time>2025-08-07T12:26:36Z</time>
   </trkpt>
   <trkpt lat="25.0208670" lon="121.4227190">
    <ele>14.8</ele>
    <time>2025-08-07T12:26:37Z</time>
   </trkpt>
   <trkpt lat="25.0208670" lon="121.4227270">
    <ele>14.8</ele>
    <time>2025-08-07T12:26:38Z</time>
   </trkpt>
   <trkpt lat="25.0208670" lon="121.4227280">
    <ele>14.8</ele>
    <time>2025-08-07T12:26:39Z</time>
   </trkpt>
   <trkpt lat="25.0208670" lon="121.4227280">
    <ele>14.8</ele>
    <time>2025-08-07T12:26:40Z</time>
   </trkpt>
   <trkpt lat="25.0208670" lon="121.4227280">
    <ele>14.8</ele>
    <time>2025-08-07T12:26:41Z</time>
   </trkpt>
   <trkpt lat="25.0208670" lon="121.4227280">
    <ele>14.8</ele>
    <time>2025-08-07T12:26:42Z</time>
   </trkpt>
   <trkpt lat="25.0208520" lon="121.4227390">
    <ele>14.8</ele>
    <time>2025-08-07T12:26:43Z</time>
   </trkpt>
   <trkpt lat="25.0208430" lon="121.4227370">
    <ele>14.8</ele>
    <time>2025-08-07T12:26:44Z</time>
   </trkpt>
   <trkpt lat="25.0208450" lon="121.4227370">
    <ele>14.8</ele>
    <time>2025-08-07T12:26:45Z</time>
   </trkpt>
   <trkpt lat="25.0208370" lon="121.4227350">
    <ele>14.8</ele>
    <time>2025-08-07T12:26:46Z</time>
   </trkpt>
   <trkpt lat="25.0208260" lon="121.4227370">
    <ele>14.8</ele>
    <time>2025-08-07T12:26:47Z</time>
   </trkpt>
   <trkpt lat="25.0208160" lon="121.4227370">
    <ele>14.8</ele>
    <time>2025-08-07T12:26:48Z</time>
   </trkpt>
   <trkpt lat="25.0208140" lon="121.4227320">
    <ele>14.8</ele>
    <time>2025-08-07T12:26:49Z</time>
   </trkpt>
   <trkpt lat="25.0208140" lon="121.4227320">
    <ele>14.8</ele>
    <time>2025-08-07T12:26:50Z</time>
   </trkpt>
   <trkpt lat="25.0208140" lon="121.4227360">
    <ele>14.8</ele>
    <time>2025-08-07T12:26:51Z</time>
   </trkpt>
   <trkpt lat="25.0208140" lon="121.4227360">
    <ele>14.8</ele>
    <time>2025-08-07T12:26:52Z</time>
   </trkpt>
   <trkpt lat="25.0208110" lon="121.4227360">
    <ele>14.8</ele>
    <time>2025-08-07T12:26:53Z</time>
   </trkpt>
   <trkpt lat="25.0208110" lon="121.4227360">
    <ele>14.8</ele>
    <time>2025-08-07T12:26:54Z</time>
   </trkpt>
   <trkpt lat="25.0208110" lon="121.4227340">
    <ele>14.8</ele>
    <time>2025-08-07T12:26:55Z</time>
   </trkpt>
   <trkpt lat="25.0208570" lon="121.4227080">
    <ele>14.8</ele>
    <time>2025-08-07T12:26:56Z</time>
   </trkpt>
   <trkpt lat="25.0208900" lon="121.4227060">
    <ele>14.8</ele>
    <time>2025-08-07T12:26:57Z</time>
   </trkpt>
   <trkpt lat="25.0208830" lon="121.4227050">
    <ele>14.8</ele>
    <time>2025-08-07T12:26:58Z</time>
   </trkpt>
   <trkpt lat="25.0208750" lon="121.4227040">
    <ele>14.8</ele>
    <time>2025-08-07T12:26:59Z</time>
   </trkpt>
   <trkpt lat="25.0208670" lon="121.4227010">
    <ele>14.8</ele>
    <time>2025-08-07T12:27:00Z</time>
   </trkpt>
   <trkpt lat="25.0208790" lon="121.4226910">
    <ele>14.8</ele>
    <time>2025-08-07T12:27:01Z</time>
   </trkpt>
   <trkpt lat="25.0208730" lon="121.4226770">
    <ele>14.8</ele>
    <time>2025-08-07T12:27:02Z</time>
   </trkpt>
   <trkpt lat="25.0208670" lon="121.4226650">
    <ele>14.8</ele>
    <time>2025-08-07T12:27:03Z</time>
   </trkpt>
   <trkpt lat="25.0208540" lon="121.4226490">
    <ele>14.8</ele>
    <time>2025-08-07T12:27:04Z</time>
   </trkpt>
   <trkpt lat="25.0208860" lon="121.4226400">
    <ele>14.8</ele>
    <time>2025-08-07T12:27:05Z</time>
   </trkpt>
   <trkpt lat="25.0209140" lon="121.4226370">
    <ele>14.8</ele>
    <time>2025-08-07T12:27:06Z</time>
   </trkpt>
   <trkpt lat="25.0209260" lon="121.4226330">
    <ele>14.8</ele>
    <time>2025-08-07T12:27:07Z</time>
   </trkpt>
   <trkpt lat="25.0209200" lon="121.4226290">
    <ele>14.8</ele>
    <time>2025-08-07T12:27:08Z</time>
   </trkpt>
   <trkpt lat="25.0209150" lon="121.4226250">
    <ele>14.8</ele>
    <time>2025-08-07T12:27:09Z</time>
   </trkpt>
   <trkpt lat="25.0209100" lon="121.4226210">
    <ele>14.8</ele>
    <time>2025-08-07T12:27:10Z</time>
   </trkpt>
   <trkpt lat="25.0209040" lon="121.4226170">
    <ele>14.8</ele>
    <time>2025-08-07T12:27:11Z</time>
   </trkpt>
   <trkpt lat="25.0208990" lon="121.4226130">
    <ele>14.8</ele>
    <time>2025-08-07T12:27:12Z</time>
   </trkpt>
   <trkpt lat="25.0208930" lon="121.4226090">
    <ele>14.8</ele>
    <time>2025-08-07T12:27:13Z</time>
   </trkpt>
   <trkpt lat="25.0208880" lon="121.4226050">
    <ele>14.8</ele>
    <time>2025-08-07T12:27:14Z</time>
   </trkpt>
   <trkpt lat="25.0208830" lon="121.4226010">
    <ele>14.8</ele>
    <time>2025-08-07T12:27:15Z</time>
   </trkpt>
   <trkpt lat="25.0208770" lon="121.4225970">
    <ele>14.8</ele>
    <time>2025-08-07T12:27:16Z</time>
   </trkpt>
   <trkpt lat="25.0208720" lon="121.4225930">
    <ele>14.8</ele>
    <time>2025-08-07T12:27:17Z</time>
   </trkpt>
   <trkpt lat="25.0208670" lon="121.4225890">
    <ele>14.8</ele>
    <time>2025-08-07T12:27:18Z</time>
   </trkpt>
   <trkpt lat="25.0208610" lon="121.4225850">
    <ele>14.8</ele>
    <time>2025-08-07T12:27:19Z</time>
   </trkpt>
   <trkpt lat="25.0208560" lon="121.4225810">
    <ele>14.8</ele>
    <time>2025-08-07T12:27:20Z</time>
   </trkpt>
   <trkpt lat="25.0208500" lon="121.4225770">
    <ele>14.8</ele>
    <time>2025-08-07T12:27:21Z</time>
   </trkpt>
   <trkpt lat="25.0208450" lon="121.4225730">
    <ele>14.8</ele>
    <time>2025-08-07T12:27:22Z</time>
   </trkpt>
   <trkpt lat="25.0208450" lon="121.4225730">
    <ele>14.8</ele>
    <time>2025-08-07T12:27:23Z</time>
   </trkpt>
   <trkpt lat="25.0208450" lon="121.4225730">
    <ele>14.8</ele>
    <time>2025-08-07T12:27:24Z</time>
   </trkpt>
   <trkpt lat="25.0208450" lon="121.4225730">
    <ele>14.8</ele>
    <time>2025-08-07T12:27:25Z</time>
   </trkpt>
   <trkpt lat="25.0208450" lon="121.4225730">
    <ele>14.8</ele>
    <time>2025-08-07T12:27:26Z</time>
   </trkpt>
   <trkpt lat="25.0208450" lon="121.4225730">
    <ele>14.8</ele>
    <time>2025-08-07T12:27:27Z</time>
   </trkpt>
   <trkpt lat="25.0208450" lon="121.4225730">
    <ele>14.8</ele>
    <time>2025-08-07T12:27:28Z</time>
   </trkpt>
   <trkpt lat="25.0208450" lon="121.4225730">
    <ele>14.8</ele>
    <time>2025-08-07T12:27:29Z</time>
   </trkpt>
   <trkpt lat="25.0208450" lon="121.4225730">
    <ele>14.8</ele>
    <time>2025-08-07T12:27:30Z</time>
   </trkpt>
   <trkpt lat="25.0208450" lon="121.4225730">
    <ele>14.8</ele>
    <time>2025-08-07T12:27:31Z</time>
   </trkpt>
   <trkpt lat="25.0208430" lon="121.4225550">
    <ele>14.8</ele>
    <time>2025-08-07T12:27:32Z</time>
   </trkpt>
   <trkpt lat="25.0208430" lon="121.4225550">
    <ele>14.8</ele>
    <time>2025-08-07T12:27:33Z</time>
   </trkpt>
   <trkpt lat="25.0208430" lon="121.4225550">
    <ele>14.8</ele>
    <time>2025-08-07T12:27:34Z</time>
   </trkpt>
   <trkpt lat="25.0208430" lon="121.4225550">
    <ele>14.8</ele>
    <time>2025-08-07T12:27:35Z</time>
   </trkpt>
   <trkpt lat="25.0208430" lon="121.4225550">
    <ele>14.8</ele>
    <time>2025-08-07T12:27:36Z</time>
   </trkpt>
   <trkpt lat="25.0208430" lon="121.4225550">
    <ele>14.8</ele>
    <time>2025-08-07T12:27:37Z</time>
   </trkpt>
   <trkpt lat="25.0208430" lon="121.4225550">
    <ele>14.8</ele>
    <time>2025-08-07T12:27:38Z</time>
   </trkpt>
   <trkpt lat="25.0208290" lon="121.4225680">
    <ele>14.8</ele>
    <time>2025-08-07T12:27:39Z</time>
   </trkpt>
   <trkpt lat="25.0208320" lon="121.4225690">
    <ele>14.8</ele>
    <time>2025-08-07T12:27:40Z</time>
   </trkpt>
   <trkpt lat="25.0208340" lon="121.4225740">
    <ele>14.8</ele>
    <time>2025-08-07T12:27:41Z</time>
   </trkpt>
   <trkpt lat="25.0208250" lon="121.4225830">
    <ele>14.8</ele>
    <time>2025-08-07T12:27:42Z</time>
   </trkpt>
   <trkpt lat="25.0208250" lon="121.4225870">
    <ele>14.8</ele>
    <time>2025-08-07T12:27:43Z</time>
   </trkpt>
   <trkpt lat="25.0208310" lon="121.4225910">
    <ele>14.8</ele>
    <time>2025-08-07T12:27:44Z</time>
   </trkpt>
   <trkpt lat="25.0208340" lon="121.4225990">
    <ele>14.8</ele>
    <time>2025-08-07T12:27:45Z</time>
   </trkpt>
   <trkpt lat="25.0208360" lon="121.4226090">
    <ele>14.8</ele>
    <time>2025-08-07T12:27:46Z</time>
   </trkpt>
   <trkpt lat="25.0208430" lon="121.4226170">
    <ele>14.8</ele>
    <time>2025-08-07T12:27:47Z</time>
   </trkpt>
   <trkpt lat="25.0208580" lon="121.4226230">
    <ele>14.8</ele>
    <time>2025-08-07T12:27:48Z</time>
   </trkpt>
   <trkpt lat="25.0208660" lon="121.4226250">
    <ele>14.8</ele>
    <time>2025-08-07T12:27:49Z</time>
   </trkpt>
   <trkpt lat="25.0208610" lon="121.4226270">
    <ele>14.8</ele>
    <time>2025-08-07T12:27:50Z</time>
   </trkpt>
   <trkpt lat="25.0208520" lon="121.4226260">
    <ele>14.8</ele>
    <time>2025-08-07T12:27:51Z</time>
   </trkpt>
   <trkpt lat="25.0208640" lon="121.4226320">
    <ele>14.8</ele>
    <time>2025-08-07T12:27:52Z</time>
   </trkpt>
   <trkpt lat="25.0208650" lon="121.4226330">
    <ele>14.8</ele>
    <time>2025-08-07T12:27:53Z</time>
   </trkpt>
   <trkpt lat="25.0208620" lon="121.4226320">
    <ele>14.8</ele>
    <time>2025-08-07T12:27:54Z</time>
   </trkpt>
   <trkpt lat="25.0208600" lon="121.4226340">
    <ele>14.8</ele>
    <time>2025-08-07T12:27:55Z</time>
   </trkpt>
   <trkpt lat="25.0208610" lon="121.4226330">
    <ele>14.8</ele>
    <time>2025-08-07T12:27:56Z</time>
   </trkpt>
   <trkpt lat="25.0208710" lon="121.4226170">
    <ele>14.8</ele>
    <time>2025-08-07T12:27:57Z</time>
   </trkpt>
   <trkpt lat="25.0208810" lon="121.4226120">
    <ele>14.8</ele>
    <time>2025-08-07T12:27:58Z</time>
   </trkpt>
   <trkpt lat="25.0208880" lon="121.4226120">
    <ele>14.8</ele>
    <time>2025-08-07T12:27:59Z</time>
   </trkpt>
   <trkpt lat="25.0208800" lon="121.4226200">
    <ele>14.8</ele>
    <time>2025-08-07T12:28:00Z</time>
   </trkpt>
   <trkpt lat="25.0208810" lon="121.4226300">
    <ele>14.8</ele>
    <time>2025-08-07T12:28:01Z</time>
   </trkpt>
   <trkpt lat="25.0208830" lon="121.4226410">
    <ele>14.8</ele>
    <time>2025-08-07T12:28:02Z</time>
   </trkpt>
   <trkpt lat="25.0208770" lon="121.4226500">
    <ele>14.8</ele>
    <time>2025-08-07T12:28:03Z</time>
   </trkpt>
   <trkpt lat="25.0208720" lon="121.4226620">
    <ele>14.8</ele>
    <time>2025-08-07T12:28:04Z</time>
   </trkpt>
   <trkpt lat="25.0208700" lon="121.4226750">
    <ele>14.8</ele>
    <time>2025-08-07T12:28:05Z</time>
   </trkpt>
   <trkpt lat="25.0208720" lon="121.4226880">
    <ele>14.8</ele>
    <time>2025-08-07T12:28:06Z</time>
   </trkpt>
   <trkpt lat="25.0208510" lon="121.4226950">
    <ele>14.8</ele>
    <time>2025-08-07T12:28:07Z</time>
   </trkpt>
   <trkpt lat="25.0208480" lon="121.4227050">
    <ele>14.8</ele>
    <time>2025-08-07T12:28:08Z</time>
   </trkpt>
   <trkpt lat="25.0208500" lon="121.4227140">
    <ele>14.8</ele>
    <time>2025-08-07T12:28:09Z</time>
   </trkpt>
   <trkpt lat="25.0208490" lon="121.4227210">
    <ele>14.8</ele>
    <time>2025-08-07T12:28:10Z</time>
   </trkpt>
   <trkpt lat="25.0208560" lon="121.4227290">
    <ele>14.8</ele>
    <time>2025-08-07T12:28:11Z</time>
   </trkpt>
   <trkpt lat="25.0208580" lon="121.4227430">
    <ele>14.8</ele>
    <time>2025-08-07T12:28:12Z</time>
   </trkpt>
   <trkpt lat="25.0208590" lon="121.4227480">
    <ele>14.8</ele>
    <time>2025-08-07T12:28:13Z</time>
   </trkpt>
   <trkpt lat="25.0208590" lon="121.4227540">
    <ele>14.8</ele>
    <time>2025-08-07T12:28:14Z</time>
   </trkpt>
   <trkpt lat="25.0208600" lon="121.4227590">
    <ele>14.8</ele>
    <time>2025-08-07T12:28:15Z</time>
   </trkpt>
   <trkpt lat="25.0208610" lon="121.4227650">
    <ele>14.8</ele>
    <time>2025-08-07T12:28:16Z</time>
   </trkpt>
   <trkpt lat="25.0208620" lon="121.4227710">
    <ele>14.8</ele>
    <time>2025-08-07T12:28:17Z</time>
   </trkpt>
   <trkpt lat="25.0208630" lon="121.4227760">
    <ele>14.8</ele>
    <time>2025-08-07T12:28:18Z</time>
   </trkpt>
   <trkpt lat="25.0208630" lon="121.4227820">
    <ele>14.8</ele>
    <time>2025-08-07T12:28:19Z</time>
   </trkpt>
   <trkpt lat="25.0208640" lon="121.4227870">
    <ele>14.8</ele>
    <time>2025-08-07T12:28:20Z</time>
   </trkpt>
   <trkpt lat="25.0208650" lon="121.4227930">
    <ele>14.8</ele>
    <time>2025-08-07T12:28:21Z</time>
   </trkpt>
   <trkpt lat="25.0208660" lon="121.4227790">
    <ele>14.8</ele>
    <time>2025-08-07T12:28:22Z</time>
   </trkpt>
   <trkpt lat="25.0208650" lon="121.4227650">
    <ele>14.8</ele>
    <time>2025-08-07T12:28:23Z</time>
   </trkpt>
   <trkpt lat="25.0208650" lon="121.4227500">
    <ele>14.8</ele>
    <time>2025-08-07T12:28:24Z</time>
   </trkpt>
   <trkpt lat="25.0208640" lon="121.4227350">
    <ele>14.8</ele>
    <time>2025-08-07T12:28:25Z</time>
   </trkpt>
   <trkpt lat="25.0208640" lon="121.4227210">
    <ele>14.8</ele>
    <time>2025-08-07T12:28:26Z</time>
   </trkpt>
   <trkpt lat="25.0208630" lon="121.4227060">
    <ele>14.9</ele>
    <time>2025-08-07T12:28:27Z</time>
   </trkpt>
   <trkpt lat="25.0208810" lon="121.4226970">
    <ele>14.9</ele>
    <time>2025-08-07T12:28:28Z</time>
   </trkpt>
   <trkpt lat="25.0208970" lon="121.4226890">
    <ele>14.9</ele>
    <time>2025-08-07T12:28:29Z</time>
   </trkpt>
   <trkpt lat="25.0209140" lon="121.4226810">
    <ele>14.9</ele>
    <time>2025-08-07T12:28:30Z</time>
   </trkpt>
   <trkpt lat="25.0209310" lon="121.4226740">
    <ele>14.9</ele>
    <time>2025-08-07T12:28:31Z</time>
   </trkpt>
   <trkpt lat="25.0209480" lon="121.4226660">
    <ele>14.9</ele>
    <time>2025-08-07T12:28:32Z</time>
   </trkpt>
   <trkpt lat="25.0209640" lon="121.4226580">
    <ele>14.9</ele>
    <time>2025-08-07T12:28:33Z</time>
   </trkpt>
   <trkpt lat="25.0209810" lon="121.4226500">
    <ele>14.9</ele>
    <time>2025-08-07T12:28:34Z</time>
   </trkpt>
   <trkpt lat="25.0209650" lon="121.4226460">
    <ele>14.9</ele>
    <time>2025-08-07T12:28:35Z</time>
   </trkpt>
   <trkpt lat="25.0209520" lon="121.4226550">
    <ele>14.9</ele>
    <time>2025-08-07T12:28:36Z</time>
   </trkpt>
   <trkpt lat="25.0209380" lon="121.4226650">
    <ele>14.9</ele>
    <time>2025-08-07T12:28:37Z</time>
   </trkpt>
   <trkpt lat="25.0209250" lon="121.4226750">
    <ele>14.9</ele>
    <time>2025-08-07T12:28:38Z</time>
   </trkpt>
   <trkpt lat="25.0209110" lon="121.4226840">
    <ele>14.9</ele>
    <time>2025-08-07T12:28:39Z</time>
   </trkpt>
   <trkpt lat="25.0208970" lon="121.4226940">
    <ele>14.9</ele>
    <time>2025-08-07T12:28:41Z</time>
   </trkpt>
   <trkpt lat="25.0208840" lon="121.4227030">
    <ele>14.9</ele>
    <time>2025-08-07T12:28:58Z</time>
   </trkpt>
   <trkpt lat="25.0208700" lon="121.4227130">
    <ele>14.9</ele>
    <time>2025-08-07T12:29:13Z</time>
   </trkpt>
   <trkpt lat="25.0208560" lon="121.4227230">
    <ele>14.9</ele>
    <time>2025-08-07T12:29:21Z</time>
   </trkpt>
   <trkpt lat="25.0208430" lon="121.4227320">
    <ele>14.9</ele>
    <time>2025-08-07T12:29:22Z</time>
   </trkpt>
   <trkpt lat="25.0208290" lon="121.4227420">
    <ele>14.9</ele>
    <time>2025-08-07T12:29:23Z</time>
   </trkpt>
   <trkpt lat="25.0208160" lon="121.4227520">
    <ele>14.9</ele>
    <time>2025-08-07T12:29:24Z</time>
   </trkpt>
   <trkpt lat="25.0208020" lon="121.4227610">
    <ele>14.9</ele>
    <time>2025-08-07T12:29:26Z</time>
   </trkpt>
   <trkpt lat="25.0207880" lon="121.4227710">
    <ele>14.9</ele>
    <time>2025-08-07T12:29:30Z</time>
   </trkpt>
   <trkpt lat="25.0207750" lon="121.4227800">
    <ele>14.9</ele>
    <time>2025-08-07T12:29:36Z</time>
   </trkpt>
   <trkpt lat="25.0207610" lon="121.4227900">
    <ele>14.9</ele>
    <time>2025-08-07T12:29:37Z</time>
   </trkpt>
   <trkpt lat="25.0207600" lon="121.4227870">
    <ele>14.9</ele>
    <time>2025-08-07T12:29:38Z</time>
   </trkpt>
   <trkpt lat="25.0207580" lon="121.4227830">
    <ele>14.9</ele>
    <time>2025-08-07T12:29:39Z</time>
   </trkpt>
   <trkpt lat="25.0207580" lon="121.4227830">
    <ele>14.9</ele>
    <time>2025-08-07T12:29:40Z</time>
   </trkpt>
   <trkpt lat="25.0207580" lon="121.4227830">
    <ele>14.9</ele>
    <time>2025-08-07T12:29:41Z</time>
   </trkpt>
   <trkpt lat="25.0207590" lon="121.4227810">
    <ele>14.9</ele>
    <time>2025-08-07T12:29:42Z</time>
   </trkpt>
   <trkpt lat="25.0207260" lon="121.4227990">
    <ele>14.9</ele>
    <time>2025-08-07T12:29:43Z</time>
   </trkpt>
   <trkpt lat="25.0207300" lon="121.4228050">
    <ele>14.9</ele>
    <time>2025-08-07T12:29:44Z</time>
   </trkpt>
   <trkpt lat="25.0207260" lon="121.4227850">
    <ele>14.9</ele>
    <time>2025-08-07T12:29:45Z</time>
   </trkpt>
   <trkpt lat="25.0207290" lon="121.4227700">
    <ele>14.9</ele>
    <time>2025-08-07T12:29:46Z</time>
   </trkpt>
   <trkpt lat="25.0207360" lon="121.4227570">
    <ele>14.9</ele>
    <time>2025-08-07T12:29:47Z</time>
   </trkpt>
   <trkpt lat="25.0207330" lon="121.4227520">
    <ele>14.9</ele>
    <time>2025-08-07T12:29:48Z</time>
   </trkpt>
   <trkpt lat="25.0207390" lon="121.4227830">
    <ele>14.9</ele>
    <time>2025-08-07T12:29:49Z</time>
   </trkpt>
   <trkpt lat="25.0207490" lon="121.4227820">
    <ele>14.9</ele>
    <time>2025-08-07T12:29:50Z</time>
   </trkpt>
   <trkpt lat="25.0207560" lon="121.4227800">
    <ele>14.9</ele>
    <time>2025-08-07T12:29:51Z</time>
   </trkpt>
   <trkpt lat="25.0207510" lon="121.4227800">
    <ele>14.9</ele>
    <time>2025-08-07T12:29:52Z</time>
   </trkpt>
   <trkpt lat="25.0207550" lon="121.4227780">
    <ele>14.9</ele>
    <time>2025-08-07T12:29:53Z</time>
   </trkpt>
   <trkpt lat="25.0207540" lon="121.4227770">
    <ele>14.9</ele>
    <time>2025-08-07T12:29:54Z</time>
   </trkpt>
   <trkpt lat="25.0207490" lon="121.4227810">
    <ele>14.9</ele>
    <time>2025-08-07T12:29:55Z</time>
   </trkpt>
   <trkpt lat="25.0207460" lon="121.4227810">
    <ele>14.9</ele>
    <time>2025-08-07T12:29:56Z</time>
   </trkpt>
   <trkpt lat="25.0207430" lon="121.4228040">
    <ele>14.9</ele>
    <time>2025-08-07T12:29:57Z</time>
   </trkpt>
   <trkpt lat="25.0207410" lon="121.4228090">
    <ele>14.9</ele>
    <time>2025-08-07T12:29:58Z</time>
   </trkpt>
   <trkpt lat="25.0207390" lon="121.4228200">
    <ele>14.9</ele>
    <time>2025-08-07T12:29:59Z</time>
   </trkpt>
   <trkpt lat="25.0207330" lon="121.4228310">
    <ele>14.9</ele>
    <time>2025-08-07T12:30:00Z</time>
   </trkpt>
   <trkpt lat="25.0207340" lon="121.4228370">
    <ele>14.9</ele>
    <time>2025-08-07T12:30:01Z</time>
   </trkpt>
   <trkpt lat="25.0207280" lon="121.4228460">
    <ele>14.9</ele>
    <time>2025-08-07T12:30:02Z</time>
   </trkpt>
   <trkpt lat="25.0207170" lon="121.4228250">
    <ele>14.9</ele>
    <time>2025-08-07T12:30:03Z</time>
   </trkpt>
   <trkpt lat="25.0207180" lon="121.4228230">
    <ele>14.9</ele>
    <time>2025-08-07T12:30:04Z</time>
   </trkpt>
   <trkpt lat="25.0207180" lon="121.4228200">
    <ele>14.9</ele>
    <time>2025-08-07T12:30:05Z</time>
   </trkpt>
   <trkpt lat="25.0207190" lon="121.4228180">
    <ele>14.9</ele>
    <time>2025-08-07T12:30:06Z</time>
   </trkpt>
   <trkpt lat="25.0207190" lon="121.4228150">
    <ele>14.9</ele>
    <time>2025-08-07T12:30:07Z</time>
   </trkpt>
   <trkpt lat="25.0207200" lon="121.4228130">
    <ele>14.9</ele>
    <time>2025-08-07T12:30:08Z</time>
   </trkpt>
   <trkpt lat="25.0207200" lon="121.4228100">
    <ele>14.9</ele>
    <time>2025-08-07T12:30:09Z</time>
   </trkpt>
   <trkpt lat="25.0207210" lon="121.4228080">
    <ele>14.9</ele>
    <time>2025-08-07T12:30:10Z</time>
   </trkpt>
   <trkpt lat="25.0207210" lon="121.4228050">
    <ele>14.9</ele>
    <time>2025-08-07T12:30:11Z</time>
   </trkpt>
   <trkpt lat="25.0207210" lon="121.4228090">
    <ele>14.9</ele>
    <time>2025-08-07T12:30:12Z</time>
   </trkpt>
   <trkpt lat="25.0207200" lon="121.4228070">
    <ele>14.9</ele>
    <time>2025-08-07T12:30:13Z</time>
   </trkpt>
   <trkpt lat="25.0207160" lon="121.4228070">
    <ele>14.9</ele>
    <time>2025-08-07T12:30:14Z</time>
   </trkpt>
   <trkpt lat="25.0207110" lon="121.4228080">
    <ele>14.9</ele>
    <time>2025-08-07T12:30:15Z</time>
   </trkpt>
   <trkpt lat="25.0207160" lon="121.4228130">
    <ele>14.9</ele>
    <time>2025-08-07T12:30:16Z</time>
   </trkpt>
   <trkpt lat="25.0207180" lon="121.4228100">
    <ele>14.9</ele>
    <time>2025-08-07T12:30:17Z</time>
   </trkpt>
   <trkpt lat="25.0207190" lon="121.4228090">
    <ele>14.9</ele>
    <time>2025-08-07T12:30:18Z</time>
   </trkpt>
   <trkpt lat="25.0207220" lon="121.4228180">
    <ele>14.9</ele>
    <time>2025-08-07T12:30:19Z</time>
   </trkpt>
   <trkpt lat="25.0207230" lon="121.4228250">
    <ele>14.9</ele>
    <time>2025-08-07T12:30:20Z</time>
   </trkpt>
   <trkpt lat="25.0207310" lon="121.4228330">
    <ele>14.9</ele>
    <time>2025-08-07T12:30:21Z</time>
   </trkpt>
   <trkpt lat="25.0207350" lon="121.4228360">
    <ele>14.9</ele>
    <time>2025-08-07T12:30:22Z</time>
   </trkpt>
   <trkpt lat="25.0207300" lon="121.4228400">
    <ele>14.9</ele>
    <time>2025-08-07T12:30:23Z</time>
   </trkpt>
   <trkpt lat="25.0207320" lon="121.4228400">
    <ele>14.9</ele>
    <time>2025-08-07T12:30:24Z</time>
   </trkpt>
   <trkpt lat="25.0207290" lon="121.4228460">
    <ele>14.9</ele>
    <time>2025-08-07T12:30:25Z</time>
   </trkpt>
   <trkpt lat="25.0207390" lon="121.4228450">
    <ele>14.9</ele>
    <time>2025-08-07T12:30:26Z</time>
   </trkpt>
   <trkpt lat="25.0207390" lon="121.4228450">
    <ele>14.9</ele>
    <time>2025-08-07T12:30:27Z</time>
   </trkpt>
   <trkpt lat="25.0207390" lon="121.4228450">
    <ele>14.9</ele>
    <time>2025-08-07T12:30:28Z</time>
   </trkpt>
   <trkpt lat="25.0207390" lon="121.4228450">
    <ele>14.9</ele>
    <time>2025-08-07T12:30:29Z</time>
   </trkpt>
   <trkpt lat="25.0207390" lon="121.4228450">
    <ele>14.9</ele>
    <time>2025-08-07T12:30:30Z</time>
   </trkpt>
   <trkpt lat="25.0207220" lon="121.4228420">
    <ele>14.9</ele>
    <time>2025-08-07T12:30:31Z</time>
   </trkpt>
   <trkpt lat="25.0207120" lon="121.4228470">
    <ele>14.9</ele>
    <time>2025-08-07T12:30:32Z</time>
   </trkpt>
   <trkpt lat="25.0207170" lon="121.4228480">
    <ele>14.9</ele>
    <time>2025-08-07T12:30:33Z</time>
   </trkpt>
   <trkpt lat="25.0207230" lon="121.4228460">
    <ele>14.9</ele>
    <time>2025-08-07T12:30:34Z</time>
   </trkpt>
   <trkpt lat="25.0207190" lon="121.4228470">
    <ele>14.9</ele>
    <time>2025-08-07T12:30:35Z</time>
   </trkpt>
   <trkpt lat="25.0207190" lon="121.4228470">
    <ele>14.9</ele>
    <time>2025-08-07T12:30:36Z</time>
   </trkpt>
   <trkpt lat="25.0207190" lon="121.4228470">
    <ele>14.9</ele>
    <time>2025-08-07T12:30:37Z</time>
   </trkpt>
   <trkpt lat="25.0207190" lon="121.4228470">
    <ele>14.9</ele>
    <time>2025-08-07T12:30:38Z</time>
   </trkpt>
   <trkpt lat="25.0207210" lon="121.4228510">
    <ele>14.9</ele>
    <time>2025-08-07T12:30:39Z</time>
   </trkpt>
   <trkpt lat="25.0207220" lon="121.4228510">
    <ele>14.9</ele>
    <time>2025-08-07T12:30:40Z</time>
   </trkpt>
   <trkpt lat="25.0207220" lon="121.4228510">
    <ele>14.9</ele>
    <time>2025-08-07T12:30:41Z</time>
   </trkpt>
   <trkpt lat="25.0207300" lon="121.4228550">
    <ele>14.9</ele>
    <time>2025-08-07T12:30:42Z</time>
   </trkpt>
   <trkpt lat="25.0207330" lon="121.4228540">
    <ele>14.9</ele>
    <time>2025-08-07T12:30:43Z</time>
   </trkpt>
   <trkpt lat="25.0207330" lon="121.4228540">
    <ele>14.9</ele>
    <time>2025-08-07T12:30:44Z</time>
   </trkpt>
   <trkpt lat="25.0207330" lon="121.4228540">
    <ele>14.9</ele>
    <time>2025-08-07T12:30:45Z</time>
   </trkpt>
   <trkpt lat="25.0207360" lon="121.4228510">
    <ele>14.9</ele>
    <time>2025-08-07T12:30:46Z</time>
   </trkpt>
   <trkpt lat="25.0207370" lon="121.4228510">
    <ele>14.9</ele>
    <time>2025-08-07T12:30:47Z</time>
   </trkpt>
   <trkpt lat="25.0207370" lon="121.4228510">
    <ele>14.9</ele>
    <time>2025-08-07T12:30:48Z</time>
   </trkpt>
   <trkpt lat="25.0207420" lon="121.4228560">
    <ele>14.9</ele>
    <time>2025-08-07T12:30:50Z</time>
   </trkpt>
   <trkpt lat="25.0207430" lon="121.4228530">
    <ele>14.9</ele>
    <time>2025-08-07T12:30:51Z</time>
   </trkpt>
   <trkpt lat="25.0207430" lon="121.4228500">
    <ele>14.9</ele>
    <time>2025-08-07T12:30:52Z</time>
   </trkpt>
   <trkpt lat="25.0207440" lon="121.4228490">
    <ele>14.9</ele>
    <time>2025-08-07T12:30:53Z</time>
   </trkpt>
   <trkpt lat="25.0207400" lon="121.4228480">
    <ele>14.9</ele>
    <time>2025-08-07T12:30:54Z</time>
   </trkpt>
   <trkpt lat="25.0207400" lon="121.4228470">
    <ele>14.9</ele>
    <time>2025-08-07T12:30:55Z</time>
   </trkpt>
   <trkpt lat="25.0207400" lon="121.4228470">
    <ele>14.9</ele>
    <time>2025-08-07T12:30:56Z</time>
   </trkpt>
   <trkpt lat="25.0207400" lon="121.4228470">
    <ele>14.9</ele>
    <time>2025-08-07T12:30:57Z</time>
   </trkpt>
   <trkpt lat="25.0207400" lon="121.4228470">
    <ele>14.9</ele>
    <time>2025-08-07T12:30:58Z</time>
   </trkpt>
   <trkpt lat="25.0207400" lon="121.4228470">
    <ele>14.9</ele>
    <time>2025-08-07T12:30:59Z</time>
   </trkpt>
   <trkpt lat="25.0207400" lon="121.4228470">
    <ele>14.9</ele>
    <time>2025-08-07T12:31:00Z</time>
   </trkpt>
   <trkpt lat="25.0207420" lon="121.4228490">
    <ele>14.9</ele>
    <time>2025-08-07T12:31:01Z</time>
   </trkpt>
   <trkpt lat="25.0207430" lon="121.4228490">
    <ele>14.9</ele>
    <time>2025-08-07T12:31:02Z</time>
   </trkpt>
   <trkpt lat="25.0207430" lon="121.4228490">
    <ele>14.9</ele>
    <time>2025-08-07T12:31:03Z</time>
   </trkpt>
   <trkpt lat="25.0207430" lon="121.4228490">
    <ele>14.9</ele>
    <time>2025-08-07T12:31:04Z</time>
   </trkpt>
   <trkpt lat="25.0207430" lon="121.4228490">
    <ele>14.9</ele>
    <time>2025-08-07T12:31:05Z</time>
   </trkpt>
   <trkpt lat="25.0207430" lon="121.4228490">
    <ele>14.9</ele>
    <time>2025-08-07T12:31:06Z</time>
   </trkpt>
   <trkpt lat="25.0207400" lon="121.4228560">
    <ele>14.9</ele>
    <time>2025-08-07T12:31:07Z</time>
   </trkpt>
   <trkpt lat="25.0207410" lon="121.4228560">
    <ele>14.9</ele>
    <time>2025-08-07T12:31:08Z</time>
   </trkpt>
   <trkpt lat="25.0207410" lon="121.4228560">
    <ele>14.9</ele>
    <time>2025-08-07T12:31:09Z</time>
   </trkpt>
   <trkpt lat="25.0207410" lon="121.4228560">
    <ele>14.9</ele>
    <time>2025-08-07T12:31:10Z</time>
   </trkpt>
   <trkpt lat="25.0207410" lon="121.4228560">
    <ele>14.9</ele>
    <time>2025-08-07T12:31:11Z</time>
   </trkpt>
   <trkpt lat="25.0207410" lon="121.4228560">
    <ele>14.9</ele>
    <time>2025-08-07T12:31:12Z</time>
   </trkpt>
   <trkpt lat="25.0207410" lon="121.4228560">
    <ele>14.9</ele>
    <time>2025-08-07T12:31:13Z</time>
   </trkpt>
   <trkpt lat="25.0207380" lon="121.4228550">
    <ele>14.9</ele>
    <time>2025-08-07T12:31:14Z</time>
   </trkpt>
   <trkpt lat="25.0207400" lon="121.4228550">
    <ele>14.9</ele>
    <time>2025-08-07T12:31:15Z</time>
   </trkpt>
   <trkpt lat="25.0207400" lon="121.4228520">
    <ele>15.0</ele>
    <time>2025-08-07T12:31:16Z</time>
   </trkpt>
   <trkpt lat="25.0207380" lon="121.4228480">
    <ele>15.0</ele>
    <time>2025-08-07T12:31:17Z</time>
   </trkpt>
   <trkpt lat="25.0207370" lon="121.4228430">
    <ele>15.0</ele>
    <time>2025-08-07T12:31:18Z</time>
   </trkpt>
   <trkpt lat="25.0207290" lon="121.4228400">
    <ele>15.0</ele>
    <time>2025-08-07T12:31:19Z</time>
   </trkpt>
   <trkpt lat="25.0207290" lon="121.4228410">
    <ele>15.0</ele>
    <time>2025-08-07T12:31:20Z</time>
   </trkpt>
   <trkpt lat="25.0207360" lon="121.4228370">
    <ele>15.0</ele>
    <time>2025-08-07T12:31:21Z</time>
   </trkpt>
   <trkpt lat="25.0207430" lon="121.4228310">
    <ele>15.0</ele>
    <time>2025-08-07T12:31:22Z</time>
   </trkpt>
   <trkpt lat="25.0207470" lon="121.4228330">
    <ele>15.0</ele>
    <time>2025-08-07T12:31:23Z</time>
   </trkpt>
   <trkpt lat="25.0207490" lon="121.4228260">
    <ele>15.0</ele>
    <time>2025-08-07T12:31:24Z</time>
   </trkpt>
   <trkpt lat="25.0207550" lon="121.4228220">
    <ele>15.0</ele>
    <time>2025-08-07T12:31:25Z</time>
   </trkpt>
   <trkpt lat="25.0207520" lon="121.4228080">
    <ele>15.0</ele>
    <time>2025-08-07T12:31:26Z</time>
   </trkpt>
   <trkpt lat="25.0207540" lon="121.4228100">
    <ele>15.0</ele>
    <time>2025-08-07T12:31:27Z</time>
   </trkpt>
   <trkpt lat="25.0207500" lon="121.4228110">
    <ele>15.0</ele>
    <time>2025-08-07T12:31:28Z</time>
   </trkpt>
   <trkpt lat="25.0207570" lon="121.4228160">
    <ele>15.0</ele>
    <time>2025-08-07T12:31:29Z</time>
   </trkpt>
   <trkpt lat="25.0207620" lon="121.4228230">
    <ele>15.0</ele>
    <time>2025-08-07T12:31:30Z</time>
   </trkpt>
   <trkpt lat="25.0207690" lon="121.4228260">
    <ele>15.0</ele>
    <time>2025-08-07T12:31:31Z</time>
   </trkpt>
   <trkpt lat="25.0207690" lon="121.4228250">
    <ele>15.0</ele>
    <time>2025-08-07T12:31:32Z</time>
   </trkpt>
   <trkpt lat="25.0207730" lon="121.4228250">
    <ele>15.0</ele>
    <time>2025-08-07T12:31:33Z</time>
   </trkpt>
   <trkpt lat="25.0207790" lon="121.4228310">
    <ele>15.0</ele>
    <time>2025-08-07T12:31:34Z</time>
   </trkpt>
   <trkpt lat="25.0207810" lon="121.4228320">
    <ele>15.0</ele>
    <time>2025-08-07T12:31:35Z</time>
   </trkpt>
   <trkpt lat="25.0207810" lon="121.4228320">
    <ele>15.0</ele>
    <time>2025-08-07T12:31:36Z</time>
   </trkpt>
   <trkpt lat="25.0207760" lon="121.4228330">
    <ele>15.0</ele>
    <time>2025-08-07T12:31:37Z</time>
   </trkpt>
   <trkpt lat="25.0207720" lon="121.4228300">
    <ele>15.0</ele>
    <time>2025-08-07T12:31:38Z</time>
   </trkpt>
   <trkpt lat="25.0207700" lon="121.4228280">
    <ele>15.0</ele>
    <time>2025-08-07T12:31:39Z</time>
   </trkpt>
   <trkpt lat="25.0207700" lon="121.4228280">
    <ele>15.0</ele>
    <time>2025-08-07T12:31:40Z</time>
   </trkpt>
   <trkpt lat="25.0207700" lon="121.4228280">
    <ele>15.0</ele>
    <time>2025-08-07T12:31:41Z</time>
   </trkpt>
   <trkpt lat="25.0207700" lon="121.4228280">
    <ele>15.0</ele>
    <time>2025-08-07T12:31:42Z</time>
   </trkpt>
   <trkpt lat="25.0207700" lon="121.4228280">
    <ele>15.0</ele>
    <time>2025-08-07T12:31:43Z</time>
   </trkpt>
   <trkpt lat="25.0207670" lon="121.4228110">
    <ele>15.0</ele>
    <time>2025-08-07T12:31:44Z</time>
   </trkpt>
   <trkpt lat="25.0207670" lon="121.4228110">
    <ele>15.0</ele>
    <time>2025-08-07T12:31:45Z</time>
   </trkpt>
   <trkpt lat="25.0207580" lon="121.4228070">
    <ele>15.0</ele>
    <time>2025-08-07T12:31:46Z</time>
   </trkpt>
   <trkpt lat="25.0207580" lon="121.4228060">
    <ele>15.0</ele>
    <time>2025-08-07T12:31:47Z</time>
   </trkpt>
   <trkpt lat="25.0207580" lon="121.4228060">
    <ele>15.0</ele>
    <time>2025-08-07T12:31:48Z</time>
   </trkpt>
   <trkpt lat="25.0207580" lon="121.4228060">
    <ele>15.0</ele>
    <time>2025-08-07T12:31:49Z</time>
   </trkpt>
   <trkpt lat="25.0207660" lon="121.4228180">
    <ele>15.0</ele>
    <time>2025-08-07T12:31:50Z</time>
   </trkpt>
   <trkpt lat="25.0207620" lon="121.4228320">
    <ele>15.0</ele>
    <time>2025-08-07T12:31:51Z</time>
   </trkpt>
   <trkpt lat="25.0207620" lon="121.4228320">
    <ele>15.0</ele>
    <time>2025-08-07T12:31:52Z</time>
   </trkpt>
   <trkpt lat="25.0207630" lon="121.4228320">
    <ele>15.0</ele>
    <time>2025-08-07T12:31:53Z</time>
   </trkpt>
   <trkpt lat="25.0207630" lon="121.4228320">
    <ele>15.0</ele>
    <time>2025-08-07T12:31:54Z</time>
   </trkpt>
   <trkpt lat="25.0207630" lon="121.4228320">
    <ele>15.0</ele>
    <time>2025-08-07T12:31:55Z</time>
   </trkpt>
   <trkpt lat="25.0207630" lon="121.4228320">
    <ele>15.0</ele>
    <time>2025-08-07T12:31:56Z</time>
   </trkpt>
   <trkpt lat="25.0207630" lon="121.4228320">
    <ele>15.0</ele>
    <time>2025-08-07T12:31:57Z</time>
   </trkpt>
   <trkpt lat="25.0207630" lon="121.4228320">
    <ele>15.0</ele>
    <time>2025-08-07T12:31:58Z</time>
   </trkpt>
   <trkpt lat="25.0207630" lon="121.4228320">
    <ele>15.0</ele>
    <time>2025-08-07T12:31:59Z</time>
   </trkpt>
   <trkpt lat="25.0207630" lon="121.4228320">
    <ele>15.0</ele>
    <time>2025-08-07T12:32:00Z</time>
   </trkpt>
   <trkpt lat="25.0207630" lon="121.4228320">
    <ele>15.0</ele>
    <time>2025-08-07T12:32:01Z</time>
   </trkpt>
   <trkpt lat="25.0207500" lon="121.4228350">
    <ele>15.0</ele>
    <time>2025-08-07T12:32:02Z</time>
   </trkpt>
   <trkpt lat="25.0207310" lon="121.4228440">
    <ele>15.0</ele>
    <time>2025-08-07T12:32:03Z</time>
   </trkpt>
   <trkpt lat="25.0207240" lon="121.4228460">
    <ele>15.0</ele>
    <time>2025-08-07T12:32:04Z</time>
   </trkpt>
   <trkpt lat="25.0207170" lon="121.4228470">
    <ele>15.0</ele>
    <time>2025-08-07T12:32:05Z</time>
   </trkpt>
   <trkpt lat="25.0207110" lon="121.4228480">
    <ele>15.0</ele>
    <time>2025-08-07T12:32:06Z</time>
   </trkpt>
   <trkpt lat="25.0207040" lon="121.4228490">
    <ele>15.0</ele>
    <time>2025-08-07T12:32:07Z</time>
   </trkpt>
   <trkpt lat="25.0206970" lon="121.4228510">
    <ele>15.0</ele>
    <time>2025-08-07T12:32:08Z</time>
   </trkpt>
   <trkpt lat="25.0206900" lon="121.4228520">
    <ele>15.0</ele>
    <time>2025-08-07T12:32:09Z</time>
   </trkpt>
   <trkpt lat="25.0206970" lon="121.4228470">
    <ele>15.0</ele>
    <time>2025-08-07T12:32:10Z</time>
   </trkpt>
   <trkpt lat="25.0206990" lon="121.4228460">
    <ele>15.0</ele>
    <time>2025-08-07T12:32:11Z</time>
   </trkpt>
   <trkpt lat="25.0207020" lon="121.4228440">
    <ele>15.0</ele>
    <time>2025-08-07T12:32:12Z</time>
   </trkpt>
   <trkpt lat="25.0207040" lon="121.4228420">
    <ele>15.0</ele>
    <time>2025-08-07T12:32:13Z</time>
   </trkpt>
   <trkpt lat="25.0207070" lon="121.4228410">
    <ele>15.0</ele>
    <time>2025-08-07T12:32:14Z</time>
   </trkpt>
   <trkpt lat="25.0207090" lon="121.4228390">
    <ele>15.0</ele>
    <time>2025-08-07T12:32:15Z</time>
   </trkpt>
   <trkpt lat="25.0207120" lon="121.4228370">
    <ele>15.0</ele>
    <time>2025-08-07T12:32:16Z</time>
   </trkpt>
   <trkpt lat="25.0207140" lon="121.4228360">
    <ele>15.0</ele>
    <time>2025-08-07T12:32:17Z</time>
   </trkpt>
   <trkpt lat="25.0207170" lon="121.4228340">
    <ele>15.0</ele>
    <time>2025-08-07T12:32:18Z</time>
   </trkpt>
   <trkpt lat="25.0207190" lon="121.4228320">
    <ele>15.0</ele>
    <time>2025-08-07T12:32:19Z</time>
   </trkpt>
   <trkpt lat="25.0207220" lon="121.4228310">
    <ele>15.0</ele>
    <time>2025-08-07T12:32:20Z</time>
   </trkpt>
   <trkpt lat="25.0207240" lon="121.4228290">
    <ele>15.0</ele>
    <time>2025-08-07T12:32:21Z</time>
   </trkpt>
   <trkpt lat="25.0207270" lon="121.4228270">
    <ele>15.0</ele>
    <time>2025-08-07T12:32:22Z</time>
   </trkpt>
   <trkpt lat="25.0207290" lon="121.4228250">
    <ele>15.0</ele>
    <time>2025-08-07T12:32:32Z</time>
   </trkpt>
   <trkpt lat="25.0207320" lon="121.4228240">
    <ele>15.0</ele>
    <time>2025-08-07T12:32:44Z</time>
   </trkpt>
   <trkpt lat="25.0207340" lon="121.4228220">
    <ele>15.0</ele>
    <time>2025-08-07T12:32:50Z</time>
   </trkpt>
   <trkpt lat="25.0207370" lon="121.4228200">
    <ele>15.0</ele>
    <time>2025-08-07T12:32:52Z</time>
   </trkpt>
   <trkpt lat="25.0207390" lon="121.4228190">
    <ele>15.0</ele>
    <time>2025-08-07T12:32:56Z</time>
   </trkpt>
   <trkpt lat="25.0207420" lon="121.4228170">
    <ele>15.0</ele>
    <time>2025-08-07T12:33:02Z</time>
   </trkpt>
   <trkpt lat="25.0207440" lon="121.4228150">
    <ele>15.0</ele>
    <time>2025-08-07T12:33:04Z</time>
   </trkpt>
   <trkpt lat="25.0207470" lon="121.4228140">
    <ele>15.0</ele>
    <time>2025-08-07T12:33:10Z</time>
   </trkpt>
   <trkpt lat="25.0207490" lon="121.4228120">
    <ele>15.0</ele>
    <time>2025-08-07T12:33:11Z</time>
   </trkpt>
   <trkpt lat="25.0207280" lon="121.4228720">
    <ele>15.0</ele>
    <time>2025-08-07T12:33:12Z</time>
   </trkpt>
   <trkpt lat="25.0207430" lon="121.4228660">
    <ele>15.0</ele>
    <time>2025-08-07T12:33:13Z</time>
   </trkpt>
   <trkpt lat="25.0207550" lon="121.4228780">
    <ele>15.0</ele>
    <time>2025-08-07T12:33:14Z</time>
   </trkpt>
   <trkpt lat="25.0207100" lon="121.4228630">
    <ele>15.0</ele>
    <time>2025-08-07T12:33:15Z</time>
   </trkpt>
   <trkpt lat="25.0207130" lon="121.4228570">
    <ele>15.0</ele>
    <time>2025-08-07T12:33:16Z</time>
   </trkpt>
   <trkpt lat="25.0207120" lon="121.4228670">
    <ele>15.0</ele>
    <time>2025-08-07T12:33:17Z</time>
   </trkpt>
   <trkpt lat="25.0207040" lon="121.4228620">
    <ele>15.0</ele>
    <time>2025-08-07T12:33:18Z</time>
   </trkpt>
   <trkpt lat="25.0207010" lon="121.4228570">
    <ele>15.0</ele>
    <time>2025-08-07T12:33:19Z</time>
   </trkpt>
   <trkpt lat="25.0207020" lon="121.4228560">
    <ele>15.0</ele>
    <time>2025-08-07T12:33:20Z</time>
   </trkpt>
   <trkpt lat="25.0207000" lon="121.4228620">
    <ele>15.0</ele>
    <time>2025-08-07T12:33:21Z</time>
   </trkpt>
   <trkpt lat="25.0207060" lon="121.4228620">
    <ele>15.0</ele>
    <time>2025-08-07T12:33:22Z</time>
   </trkpt>
   <trkpt lat="25.0207060" lon="121.4228810">
    <ele>15.1</ele>
    <time>2025-08-07T12:33:23Z</time>
   </trkpt>
   <trkpt lat="25.0207060" lon="121.4228770">
    <ele>15.1</ele>
    <time>2025-08-07T12:33:24Z</time>
   </trkpt>
   <trkpt lat="25.0207050" lon="121.4228830">
    <ele>15.1</ele>
    <time>2025-08-07T12:33:25Z</time>
   </trkpt>
   <trkpt lat="25.0207060" lon="121.4228890">
    <ele>15.1</ele>
    <time>2025-08-07T12:33:26Z</time>
   </trkpt>
   <trkpt lat="25.0207040" lon="121.4228950">
    <ele>15.1</ele>
    <time>2025-08-07T12:33:27Z</time>
   </trkpt>
   <trkpt lat="25.0207040" lon="121.4229140">
    <ele>15.1</ele>
    <time>2025-08-07T12:33:28Z</time>
   </trkpt>
   <trkpt lat="25.0207040" lon="121.4229290">
    <ele>15.1</ele>
    <time>2025-08-07T12:33:29Z</time>
   </trkpt>
   <trkpt lat="25.0207020" lon="121.4229270">
    <ele>15.1</ele>
    <time>2025-08-07T12:33:30Z</time>
   </trkpt>
   <trkpt lat="25.0207030" lon="121.4229170">
    <ele>15.1</ele>
    <time>2025-08-07T12:33:31Z</time>
   </trkpt>
   <trkpt lat="25.0207120" lon="121.4229320">
    <ele>15.1</ele>
    <time>2025-08-07T12:33:32Z</time>
   </trkpt>
   <trkpt lat="25.0207150" lon="121.4229340">
    <ele>15.1</ele>
    <time>2025-08-07T12:33:33Z</time>
   </trkpt>
   <trkpt lat="25.0207180" lon="121.4229340">
    <ele>15.1</ele>
    <time>2025-08-07T12:33:34Z</time>
   </trkpt>
   <trkpt lat="25.0207220" lon="121.4229340">
    <ele>15.1</ele>
    <time>2025-08-07T12:33:35Z</time>
   </trkpt>
   <trkpt lat="25.0207270" lon="121.4229320">
    <ele>15.1</ele>
    <time>2025-08-07T12:33:36Z</time>
   </trkpt>
   <trkpt lat="25.0207270" lon="121.4229310">
    <ele>15.1</ele>
    <time>2025-08-07T12:33:37Z</time>
   </trkpt>
   <trkpt lat="25.0207300" lon="121.4229380">
    <ele>15.1</ele>
    <time>2025-08-07T12:33:38Z</time>
   </trkpt>
   <trkpt lat="25.0207280" lon="121.4229350">
    <ele>15.1</ele>
    <time>2025-08-07T12:33:39Z</time>
   </trkpt>
   <trkpt lat="25.0207280" lon="121.4229410">
    <ele>15.1</ele>
    <time>2025-08-07T12:33:40Z</time>
   </trkpt>
   <trkpt lat="25.0207330" lon="121.4229450">
    <ele>15.1</ele>
    <time>2025-08-07T12:33:41Z</time>
   </trkpt>
   <trkpt lat="25.0207430" lon="121.4229510">
    <ele>15.1</ele>
    <time>2025-08-07T12:33:42Z</time>
   </trkpt>
   <trkpt lat="25.0207490" lon="121.4229580">
    <ele>15.1</ele>
    <time>2025-08-07T12:33:43Z</time>
   </trkpt>
   <trkpt lat="25.0207540" lon="121.4229650">
    <ele>15.1</ele>
    <time>2025-08-07T12:33:44Z</time>
   </trkpt>
   <trkpt lat="25.0207590" lon="121.4229720">
    <ele>15.1</ele>
    <time>2025-08-07T12:33:45Z</time>
   </trkpt>
   <trkpt lat="25.0207640" lon="121.4229790">
    <ele>15.1</ele>
    <time>2025-08-07T12:33:46Z</time>
   </trkpt>
   <trkpt lat="25.0207700" lon="121.4229860">
    <ele>15.1</ele>
    <time>2025-08-07T12:33:47Z</time>
   </trkpt>
   <trkpt lat="25.0207750" lon="121.4229930">
    <ele>15.1</ele>
    <time>2025-08-07T12:33:48Z</time>
   </trkpt>
   <trkpt lat="25.0207850" lon="121.4230290">
    <ele>15.1</ele>
    <time>2025-08-07T12:33:49Z</time>
   </trkpt>
   <trkpt lat="25.0207640" lon="121.4230270">
    <ele>15.1</ele>
    <time>2025-08-07T12:33:50Z</time>
   </trkpt>
   <trkpt lat="25.0207460" lon="121.4230290">
    <ele>15.1</ele>
    <time>2025-08-07T12:33:51Z</time>
   </trkpt>
   <trkpt lat="25.0207330" lon="121.4230230">
    <ele>15.1</ele>
    <time>2025-08-07T12:33:52Z</time>
   </trkpt>
   <trkpt lat="25.0207300" lon="121.4230180">
    <ele>15.1</ele>
    <time>2025-08-07T12:33:53Z</time>
   </trkpt>
   <trkpt lat="25.0207270" lon="121.4230130">
    <ele>15.1</ele>
    <time>2025-08-07T12:33:54Z</time>
   </trkpt>
   <trkpt lat="25.0207230" lon="121.4230080">
    <ele>15.1</ele>
    <time>2025-08-07T12:33:55Z</time>
   </trkpt>
   <trkpt lat="25.0207200" lon="121.4230030">
    <ele>15.1</ele>
    <time>2025-08-07T12:33:56Z</time>
   </trkpt>
   <trkpt lat="25.0207170" lon="121.4229980">
    <ele>15.1</ele>
    <time>2025-08-07T12:33:57Z</time>
   </trkpt>
   <trkpt lat="25.0207110" lon="121.4229870">
    <ele>15.1</ele>
    <time>2025-08-07T12:33:58Z</time>
   </trkpt>
   <trkpt lat="25.0206820" lon="121.4230040">
    <ele>15.1</ele>
    <time>2025-08-07T12:33:59Z</time>
   </trkpt>
   <trkpt lat="25.0206990" lon="121.4230120">
    <ele>15.1</ele>
    <time>2025-08-07T12:34:00Z</time>
   </trkpt>
   <trkpt lat="25.0207020" lon="121.4230040">
    <ele>15.1</ele>
    <time>2025-08-07T12:34:01Z</time>
   </trkpt>
   <trkpt lat="25.0207040" lon="121.4229970">
    <ele>15.1</ele>
    <time>2025-08-07T12:34:02Z</time>
   </trkpt>
   <trkpt lat="25.0207060" lon="121.4229900">
    <ele>15.1</ele>
    <time>2025-08-07T12:34:03Z</time>
   </trkpt>
   <trkpt lat="25.0207090" lon="121.4229820">
    <ele>15.1</ele>
    <time>2025-08-07T12:34:04Z</time>
   </trkpt>
   <trkpt lat="25.0207110" lon="121.4229750">
    <ele>15.1</ele>
    <time>2025-08-07T12:34:05Z</time>
   </trkpt>
   <trkpt lat="25.0207130" lon="121.4229720">
    <ele>15.1</ele>
    <time>2025-08-07T12:34:06Z</time>
   </trkpt>
   <trkpt lat="25.0207130" lon="121.4229720">
    <ele>15.1</ele>
    <time>2025-08-07T12:34:07Z</time>
   </trkpt>
   <trkpt lat="25.0207270" lon="121.4229440">
    <ele>15.1</ele>
    <time>2025-08-07T12:34:08Z</time>
   </trkpt>
   <trkpt lat="25.0207290" lon="121.4229570">
    <ele>15.1</ele>
    <time>2025-08-07T12:34:09Z</time>
   </trkpt>
   <trkpt lat="25.0207320" lon="121.4229700">
    <ele>15.1</ele>
    <time>2025-08-07T12:34:10Z</time>
   </trkpt>
   <trkpt lat="25.0207340" lon="121.4229840">
    <ele>15.1</ele>
    <time>2025-08-07T12:34:11Z</time>
   </trkpt>
   <trkpt lat="25.0207270" lon="121.4229910">
    <ele>15.1</ele>
    <time>2025-08-07T12:34:12Z</time>
   </trkpt>
   <trkpt lat="25.0207270" lon="121.4229910">
    <ele>15.1</ele>
    <time>2025-08-07T12:34:13Z</time>
   </trkpt>
   <trkpt lat="25.0207270" lon="121.4229910">
    <ele>15.1</ele>
    <time>2025-08-07T12:34:14Z</time>
   </trkpt>
   <trkpt lat="25.0207270" lon="121.4229910">
    <ele>15.1</ele>
    <time>2025-08-07T12:34:15Z</time>
   </trkpt>
   <trkpt lat="25.0207270" lon="121.4229910">
    <ele>15.1</ele>
    <time>2025-08-07T12:34:16Z</time>
   </trkpt>
   <trkpt lat="25.0207270" lon="121.4229910">
    <ele>15.1</ele>
    <time>2025-08-07T12:34:17Z</time>
   </trkpt>
   <trkpt lat="25.0207270" lon="121.4229910">
    <ele>15.1</ele>
    <time>2025-08-07T12:34:18Z</time>
   </trkpt>
   <trkpt lat="25.0207270" lon="121.4229910">
    <ele>15.1</ele>
    <time>2025-08-07T12:34:19Z</time>
   </trkpt>
   <trkpt lat="25.0207230" lon="121.4229720">
    <ele>15.1</ele>
    <time>2025-08-07T12:34:20Z</time>
   </trkpt>
   <trkpt lat="25.0207270" lon="121.4229770">
    <ele>15.1</ele>
    <time>2025-08-07T12:34:21Z</time>
   </trkpt>
   <trkpt lat="25.0207140" lon="121.4229730">
    <ele>15.2</ele>
    <time>2025-08-07T12:34:22Z</time>
   </trkpt>
   <trkpt lat="25.0207170" lon="121.4229730">
    <ele>15.2</ele>
    <time>2025-08-07T12:34:23Z</time>
   </trkpt>
   <trkpt lat="25.0207230" lon="121.4229750">
    <ele>15.2</ele>
    <time>2025-08-07T12:34:24Z</time>
   </trkpt>
   <trkpt lat="25.0207210" lon="121.4229670">
    <ele>15.2</ele>
    <time>2025-08-07T12:34:25Z</time>
   </trkpt>
   <trkpt lat="25.0207030" lon="121.4229650">
    <ele>15.2</ele>
    <time>2025-08-07T12:34:26Z</time>
   </trkpt>
   <trkpt lat="25.0207090" lon="121.4229660">
    <ele>15.2</ele>
    <time>2025-08-07T12:34:27Z</time>
   </trkpt>
   <trkpt lat="25.0207090" lon="121.4229650">
    <ele>15.2</ele>
    <time>2025-08-07T12:34:28Z</time>
   </trkpt>
   <trkpt lat="25.0206970" lon="121.4229670">
    <ele>15.2</ele>
    <time>2025-08-07T12:34:29Z</time>
   </trkpt>
   <trkpt lat="25.0206850" lon="121.4229890">
    <ele>15.2</ele>
    <time>2025-08-07T12:34:30Z</time>
   </trkpt>
   <trkpt lat="25.0206760" lon="121.4229990">
    <ele>15.2</ele>
    <time>2025-08-07T12:34:31Z</time>
   </trkpt>
   <trkpt lat="25.0206510" lon="121.4229960">
    <ele>15.2</ele>
    <time>2025-08-07T12:34:32Z</time>
   </trkpt>
   <trkpt lat="25.0206450" lon="121.4229990">
    <ele>15.2</ele>
    <time>2025-08-07T12:34:33Z</time>
   </trkpt>
   <trkpt lat="25.0206510" lon="121.4230070">
    <ele>15.2</ele>
    <time>2025-08-07T12:34:34Z</time>
   </trkpt>
   <trkpt lat="25.0206580" lon="121.4230140">
    <ele>15.2</ele>
    <time>2025-08-07T12:34:35Z</time>
   </trkpt>
   <trkpt lat="25.0206640" lon="121.4230220">
    <ele>15.2</ele>
    <time>2025-08-07T12:34:36Z</time>
   </trkpt>
   <trkpt lat="25.0206700" lon="121.4230300">
    <ele>15.2</ele>
    <time>2025-08-07T12:34:37Z</time>
   </trkpt>
   <trkpt lat="25.0206780" lon="121.4230340">
    <ele>15.2</ele>
    <time>2025-08-07T12:34:38Z</time>
   </trkpt>
   <trkpt lat="25.0206720" lon="121.4230410">
    <ele>15.2</ele>
    <time>2025-08-07T12:34:39Z</time>
   </trkpt>
   <trkpt lat="25.0206820" lon="121.4230380">
    <ele>15.2</ele>
    <time>2025-08-07T12:34:40Z</time>
   </trkpt>
   <trkpt lat="25.0206780" lon="121.4230250">
    <ele>15.2</ele>
    <time>2025-08-07T12:34:41Z</time>
   </trkpt>
   <trkpt lat="25.0206750" lon="121.4230180">
    <ele>15.2</ele>
    <time>2025-08-07T12:34:42Z</time>
   </trkpt>
   <trkpt lat="25.0206830" lon="121.4230300">
    <ele>15.2</ele>
    <time>2025-08-07T12:34:43Z</time>
   </trkpt>
   <trkpt lat="25.0206860" lon="121.4230360">
    <ele>15.2</ele>
    <time>2025-08-07T12:34:44Z</time>
   </trkpt>
   <trkpt lat="25.0206810" lon="121.4230370">
    <ele>15.2</ele>
    <time>2025-08-07T12:34:45Z</time>
   </trkpt>
   <trkpt lat="25.0206770" lon="121.4230400">
    <ele>15.2</ele>
    <time>2025-08-07T12:34:46Z</time>
   </trkpt>
   <trkpt lat="25.0206830" lon="121.4230470">
    <ele>15.2</ele>
    <time>2025-08-07T12:34:47Z</time>
   </trkpt>
   <trkpt lat="25.0206890" lon="121.4230480">
    <ele>15.2</ele>
    <time>2025-08-07T12:34:48Z</time>
   </trkpt>
   <trkpt lat="25.0206890" lon="121.4230480">
    <ele>15.2</ele>
    <time>2025-08-07T12:34:49Z</time>
   </trkpt>
   <trkpt lat="25.0206930" lon="121.4230470">
    <ele>15.2</ele>
    <time>2025-08-07T12:34:50Z</time>
   </trkpt>
   <trkpt lat="25.0206820" lon="121.4230480">
    <ele>15.2</ele>
    <time>2025-08-07T12:34:51Z</time>
   </trkpt>
   <trkpt lat="25.0206760" lon="121.4230500">
    <ele>15.2</ele>
    <time>2025-08-07T12:34:52Z</time>
   </trkpt>
   <trkpt lat="25.0206820" lon="121.4230500">
    <ele>15.2</ele>
    <time>2025-08-07T12:34:53Z</time>
   </trkpt>
   <trkpt lat="25.0206900" lon="121.4230490">
    <ele>15.2</ele>
    <time>2025-08-07T12:34:54Z</time>
   </trkpt>
   <trkpt lat="25.0206980" lon="121.4230540">
    <ele>15.2</ele>
    <time>2025-08-07T12:34:55Z</time>
   </trkpt>
   <trkpt lat="25.0207020" lon="121.4230560">
    <ele>15.2</ele>
    <time>2025-08-07T12:34:56Z</time>
   </trkpt>
   <trkpt lat="25.0207060" lon="121.4230580">
    <ele>15.2</ele>
    <time>2025-08-07T12:34:57Z</time>
   </trkpt>
   <trkpt lat="25.0207120" lon="121.4230600">
    <ele>15.2</ele>
    <time>2025-08-07T12:34:58Z</time>
   </trkpt>
   <trkpt lat="25.0207120" lon="121.4230600">
    <ele>15.2</ele>
    <time>2025-08-07T12:34:59Z</time>
   </trkpt>
   <trkpt lat="25.0207120" lon="121.4230600">
    <ele>15.2</ele>
    <time>2025-08-07T12:35:00Z</time>
   </trkpt>
   <trkpt lat="25.0207230" lon="121.4230640">
    <ele>15.2</ele>
    <time>2025-08-07T12:35:01Z</time>
   </trkpt>
   <trkpt lat="25.0207320" lon="121.4230670">
    <ele>15.2</ele>
    <time>2025-08-07T12:35:02Z</time>
   </trkpt>
   <trkpt lat="25.0207390" lon="121.4230660">
    <ele>15.2</ele>
    <time>2025-08-07T12:35:03Z</time>
   </trkpt>
   <trkpt lat="25.0207380" lon="121.4230660">
    <ele>15.2</ele>
    <time>2025-08-07T12:35:04Z</time>
   </trkpt>
   <trkpt lat="25.0207320" lon="121.4230610">
    <ele>15.2</ele>
    <time>2025-08-07T12:35:05Z</time>
   </trkpt>
   <trkpt lat="25.0207290" lon="121.4230600">
    <ele>15.2</ele>
    <time>2025-08-07T12:35:06Z</time>
   </trkpt>
   <trkpt lat="25.0207300" lon="121.4230600">
    <ele>15.2</ele>
    <time>2025-08-07T12:35:07Z</time>
   </trkpt>
   <trkpt lat="25.0207180" lon="121.4230490">
    <ele>15.2</ele>
    <time>2025-08-07T12:35:08Z</time>
   </trkpt>
   <trkpt lat="25.0207130" lon="121.4230440">
    <ele>15.2</ele>
    <time>2025-08-07T12:35:09Z</time>
   </trkpt>
   <trkpt lat="25.0207100" lon="121.4230430">
    <ele>15.2</ele>
    <time>2025-08-07T12:35:10Z</time>
   </trkpt>
   <trkpt lat="25.0207100" lon="121.4230430">
    <ele>15.2</ele>
    <time>2025-08-07T12:35:11Z</time>
   </trkpt>
   <trkpt lat="25.0207100" lon="121.4230430">
    <ele>15.2</ele>
    <time>2025-08-07T12:35:12Z</time>
   </trkpt>
   <trkpt lat="25.0207100" lon="121.4230430">
    <ele>15.2</ele>
    <time>2025-08-07T12:35:13Z</time>
   </trkpt>
   <trkpt lat="25.0207030" lon="121.4230390">
    <ele>15.2</ele>
    <time>2025-08-07T12:35:14Z</time>
   </trkpt>
   <trkpt lat="25.0206980" lon="121.4230410">
    <ele>15.2</ele>
    <time>2025-08-07T12:35:15Z</time>
   </trkpt>
   <trkpt lat="25.0206940" lon="121.4230400">
    <ele>15.2</ele>
    <time>2025-08-07T12:35:16Z</time>
   </trkpt>
   <trkpt lat="25.0206950" lon="121.4230400">
    <ele>15.2</ele>
    <time>2025-08-07T12:35:17Z</time>
   </trkpt>
   <trkpt lat="25.0206950" lon="121.4230400">
    <ele>15.2</ele>
    <time>2025-08-07T12:35:18Z</time>
   </trkpt>
   <trkpt lat="25.0206950" lon="121.4230400">
    <ele>15.2</ele>
    <time>2025-08-07T12:35:19Z</time>
   </trkpt>
   <trkpt lat="25.0206930" lon="121.4230390">
    <ele>15.2</ele>
    <time>2025-08-07T12:35:20Z</time>
   </trkpt>
   <trkpt lat="25.0206930" lon="121.4230390">
    <ele>15.2</ele>
    <time>2025-08-07T12:35:21Z</time>
   </trkpt>
   <trkpt lat="25.0206930" lon="121.4230390">
    <ele>15.2</ele>
    <time>2025-08-07T12:35:22Z</time>
   </trkpt>
   <trkpt lat="25.0206850" lon="121.4230410">
    <ele>15.2</ele>
    <time>2025-08-07T12:35:23Z</time>
   </trkpt>
   <trkpt lat="25.0206850" lon="121.4230410">
    <ele>15.2</ele>
    <time>2025-08-07T12:35:24Z</time>
   </trkpt>
   <trkpt lat="25.0206800" lon="121.4230390">
    <ele>15.2</ele>
    <time>2025-08-07T12:35:25Z</time>
   </trkpt>
   <trkpt lat="25.0206760" lon="121.4230390">
    <ele>15.2</ele>
    <time>2025-08-07T12:35:26Z</time>
   </trkpt>
   <trkpt lat="25.0206760" lon="121.4230390">
    <ele>15.2</ele>
    <time>2025-08-07T12:35:27Z</time>
   </trkpt>
   <trkpt lat="25.0206760" lon="121.4230390">
    <ele>15.2</ele>
    <time>2025-08-07T12:35:28Z</time>
   </trkpt>
   <trkpt lat="25.0206760" lon="121.4230390">
    <ele>15.2</ele>
    <time>2025-08-07T12:35:29Z</time>
   </trkpt>
   <trkpt lat="25.0206870" lon="121.4230480">
    <ele>15.2</ele>
    <time>2025-08-07T12:35:30Z</time>
   </trkpt>
   <trkpt lat="25.0206870" lon="121.4230480">
    <ele>15.2</ele>
    <time>2025-08-07T12:35:31Z</time>
   </trkpt>
   <trkpt lat="25.0206870" lon="121.4230480">
    <ele>15.2</ele>
    <time>2025-08-07T12:35:32Z</time>
   </trkpt>
   <trkpt lat="25.0206870" lon="121.4230480">
    <ele>15.2</ele>
    <time>2025-08-07T12:35:33Z</time>
   </trkpt>
   <trkpt lat="25.0206870" lon="121.4230480">
    <ele>15.2</ele>
    <time>2025-08-07T12:35:35Z</time>
   </trkpt>
   <trkpt lat="25.0206870" lon="121.4230480">
    <ele>15.2</ele>
    <time>2025-08-07T12:35:36Z</time>
   </trkpt>
   <trkpt lat="25.0206870" lon="121.4230480">
    <ele>15.2</ele>
    <time>2025-08-07T12:35:37Z</time>
   </trkpt>
   <trkpt lat="25.0206870" lon="121.4230480">
    <ele>15.2</ele>
    <time>2025-08-07T12:35:38Z</time>
   </trkpt>
   <trkpt lat="25.0207000" lon="121.4230600">
    <ele>15.2</ele>
    <time>2025-08-07T12:35:39Z</time>
   </trkpt>
   <trkpt lat="25.0206940" lon="121.4230510">
    <ele>15.2</ele>
    <time>2025-08-07T12:35:40Z</time>
   </trkpt>
   <trkpt lat="25.0206940" lon="121.4230510">
    <ele>15.2</ele>
    <time>2025-08-07T12:35:41Z</time>
   </trkpt>
   <trkpt lat="25.0206940" lon="121.4230510">
    <ele>15.2</ele>
    <time>2025-08-07T12:35:42Z</time>
   </trkpt>
   <trkpt lat="25.0206960" lon="121.4230450">
    <ele>15.2</ele>
    <time>2025-08-07T12:35:43Z</time>
   </trkpt>
   <trkpt lat="25.0206950" lon="121.4230440">
    <ele>15.2</ele>
    <time>2025-08-07T12:35:44Z</time>
   </trkpt>
   <trkpt lat="25.0206980" lon="121.4230400">
    <ele>15.2</ele>
    <time>2025-08-07T12:35:45Z</time>
   </trkpt>
   <trkpt lat="25.0206980" lon="121.4230400">
    <ele>15.2</ele>
    <time>2025-08-07T12:35:46Z</time>
   </trkpt>
   <trkpt lat="25.0206980" lon="121.4230400">
    <ele>15.2</ele>
    <time>2025-08-07T12:35:47Z</time>
   </trkpt>
   <trkpt lat="25.0206940" lon="121.4230340">
    <ele>15.2</ele>
    <time>2025-08-07T12:35:48Z</time>
   </trkpt>
   <trkpt lat="25.0206910" lon="121.4230310">
    <ele>15.2</ele>
    <time>2025-08-07T12:35:49Z</time>
   </trkpt>
   <trkpt lat="25.0206910" lon="121.4230310">
    <ele>15.2</ele>
    <time>2025-08-07T12:35:50Z</time>
   </trkpt>
   <trkpt lat="25.0206910" lon="121.4230310">
    <ele>15.2</ele>
    <time>2025-08-07T12:35:51Z</time>
   </trkpt>
   <trkpt lat="25.0206910" lon="121.4230310">
    <ele>15.2</ele>
    <time>2025-08-07T12:35:52Z</time>
   </trkpt>
   <trkpt lat="25.0206830" lon="121.4230310">
    <ele>15.2</ele>
    <time>2025-08-07T12:35:53Z</time>
   </trkpt>
   <trkpt lat="25.0206830" lon="121.4230310">
    <ele>15.2</ele>
    <time>2025-08-07T12:35:54Z</time>
   </trkpt>
   <trkpt lat="25.0206870" lon="121.4230330">
    <ele>15.2</ele>
    <time>2025-08-07T12:35:55Z</time>
   </trkpt>
   <trkpt lat="25.0206870" lon="121.4230330">
    <ele>15.2</ele>
    <time>2025-08-07T12:35:56Z</time>
   </trkpt>
   <trkpt lat="25.0206870" lon="121.4230330">
    <ele>15.2</ele>
    <time>2025-08-07T12:35:57Z</time>
   </trkpt>
   <trkpt lat="25.0206870" lon="121.4230330">
    <ele>15.2</ele>
    <time>2025-08-07T12:35:58Z</time>
   </trkpt>
   <trkpt lat="25.0206850" lon="121.4230340">
    <ele>15.2</ele>
    <time>2025-08-07T12:35:59Z</time>
   </trkpt>
   <trkpt lat="25.0206850" lon="121.4230350">
    <ele>15.2</ele>
    <time>2025-08-07T12:36:00Z</time>
   </trkpt>
   <trkpt lat="25.0206840" lon="121.4230350">
    <ele>15.2</ele>
    <time>2025-08-07T12:36:01Z</time>
   </trkpt>
   <trkpt lat="25.0206850" lon="121.4230350">
    <ele>15.2</ele>
    <time>2025-08-07T12:36:02Z</time>
   </trkpt>
   <trkpt lat="25.0206860" lon="121.4230350">
    <ele>15.2</ele>
    <time>2025-08-07T12:36:03Z</time>
   </trkpt>
   <trkpt lat="25.0206860" lon="121.4230350">
    <ele>15.2</ele>
    <time>2025-08-07T12:36:04Z</time>
   </trkpt>
   <trkpt lat="25.0206860" lon="121.4230350">
    <ele>15.2</ele>
    <time>2025-08-07T12:36:05Z</time>
   </trkpt>
   <trkpt lat="25.0206860" lon="121.4230350">
    <ele>15.2</ele>
    <time>2025-08-07T12:36:06Z</time>
   </trkpt>
   <trkpt lat="25.0206680" lon="121.4230300">
    <ele>15.3</ele>
    <time>2025-08-07T12:36:07Z</time>
   </trkpt>
   <trkpt lat="25.0206690" lon="121.4230280">
    <ele>15.3</ele>
    <time>2025-08-07T12:36:08Z</time>
   </trkpt>
   <trkpt lat="25.0206730" lon="121.4230290">
    <ele>15.3</ele>
    <time>2025-08-07T12:36:09Z</time>
   </trkpt>
   <trkpt lat="25.0206780" lon="121.4230300">
    <ele>15.3</ele>
    <time>2025-08-07T12:36:10Z</time>
   </trkpt>
   <trkpt lat="25.0206820" lon="121.4230310">
    <ele>15.3</ele>
    <time>2025-08-07T12:36:11Z</time>
   </trkpt>
   <trkpt lat="25.0206870" lon="121.4230310">
    <ele>15.3</ele>
    <time>2025-08-07T12:36:12Z</time>
   </trkpt>
   <trkpt lat="25.0206910" lon="121.4230320">
    <ele>15.3</ele>
    <time>2025-08-07T12:36:13Z</time>
   </trkpt>
   <trkpt lat="25.0206960" lon="121.4230330">
    <ele>15.3</ele>
    <time>2025-08-07T12:36:14Z</time>
   </trkpt>
   <trkpt lat="25.0207000" lon="121.4230340">
    <ele>15.3</ele>
    <time>2025-08-07T12:36:15Z</time>
   </trkpt>
   <trkpt lat="25.0207050" lon="121.4230350">
    <ele>15.3</ele>
    <time>2025-08-07T12:36:16Z</time>
   </trkpt>
   <trkpt lat="25.0207070" lon="121.4230320">
    <ele>15.3</ele>
    <time>2025-08-07T12:36:17Z</time>
   </trkpt>
   <trkpt lat="25.0207100" lon="121.4230290">
    <ele>15.3</ele>
    <time>2025-08-07T12:36:18Z</time>
   </trkpt>
   <trkpt lat="25.0207060" lon="121.4230290">
    <ele>15.3</ele>
    <time>2025-08-07T12:36:19Z</time>
   </trkpt>
   <trkpt lat="25.0207060" lon="121.4230290">
    <ele>15.3</ele>
    <time>2025-08-07T12:36:20Z</time>
   </trkpt>
   <trkpt lat="25.0207040" lon="121.4230290">
    <ele>15.3</ele>
    <time>2025-08-07T12:36:21Z</time>
   </trkpt>
   <trkpt lat="25.0207030" lon="121.4230270">
    <ele>15.3</ele>
    <time>2025-08-07T12:36:22Z</time>
   </trkpt>
   <trkpt lat="25.0207000" lon="121.4230370">
    <ele>15.3</ele>
    <time>2025-08-07T12:36:23Z</time>
   </trkpt>
   <trkpt lat="25.0207040" lon="121.4230400">
    <ele>15.3</ele>
    <time>2025-08-07T12:36:24Z</time>
   </trkpt>
   <trkpt lat="25.0206990" lon="121.4230460">
    <ele>15.3</ele>
    <time>2025-08-07T12:36:25Z</time>
   </trkpt>
   <trkpt lat="25.0207000" lon="121.4230470">
    <ele>15.3</ele>
    <time>2025-08-07T12:36:26Z</time>
   </trkpt>
   <trkpt lat="25.0206990" lon="121.4230640">
    <ele>15.3</ele>
    <time>2025-08-07T12:36:27Z</time>
   </trkpt>
   <trkpt lat="25.0207030" lon="121.4230740">
    <ele>15.3</ele>
    <time>2025-08-07T12:36:28Z</time>
   </trkpt>
   <trkpt lat="25.0206980" lon="121.4230820">
    <ele>15.3</ele>
    <time>2025-08-07T12:36:29Z</time>
   </trkpt>
   <trkpt lat="25.0206970" lon="121.4230910">
    <ele>15.3</ele>
    <time>2025-08-07T12:36:30Z</time>
   </trkpt>
   <trkpt lat="25.0206950" lon="121.4231040">
    <ele>15.3</ele>
    <time>2025-08-07T12:36:31Z</time>
   </trkpt>
   <trkpt lat="25.0206890" lon="121.4231060">
    <ele>15.3</ele>
    <time>2025-08-07T12:36:32Z</time>
   </trkpt>
   <trkpt lat="25.0206810" lon="121.4231190">
    <ele>15.3</ele>
    <time>2025-08-07T12:36:33Z</time>
   </trkpt>
   <trkpt lat="25.0206780" lon="121.4231240">
    <ele>15.3</ele>
    <time>2025-08-07T12:36:34Z</time>
   </trkpt>
   <trkpt lat="25.0206720" lon="121.4231330">
    <ele>15.3</ele>
    <time>2025-08-07T12:36:35Z</time>
   </trkpt>
   <trkpt lat="25.0206660" lon="121.4231420">
    <ele>15.3</ele>
    <time>2025-08-07T12:36:36Z</time>
   </trkpt>
   <trkpt lat="25.0206690" lon="121.4231400">
    <ele>15.3</ele>
    <time>2025-08-07T12:36:37Z</time>
   </trkpt>
   <trkpt lat="25.0206690" lon="121.4231370">
    <ele>15.3</ele>
    <time>2025-08-07T12:36:38Z</time>
   </trkpt>
   <trkpt lat="25.0206630" lon="121.4231460">
    <ele>15.3</ele>
    <time>2025-08-07T12:36:39Z</time>
   </trkpt>
   <trkpt lat="25.0206600" lon="121.4231590">
    <ele>15.3</ele>
    <time>2025-08-07T12:36:40Z</time>
   </trkpt>
   <trkpt lat="25.0206590" lon="121.4231690">
    <ele>15.3</ele>
    <time>2025-08-07T12:36:41Z</time>
   </trkpt>
   <trkpt lat="25.0206600" lon="121.4231770">
    <ele>15.3</ele>
    <time>2025-08-07T12:36:42Z</time>
   </trkpt>
   <trkpt lat="25.0206640" lon="121.4231900">
    <ele>15.3</ele>
    <time>2025-08-07T12:36:43Z</time>
   </trkpt>
   <trkpt lat="25.0206660" lon="121.4231940">
    <ele>15.3</ele>
    <time>2025-08-07T12:36:44Z</time>
   </trkpt>
   <trkpt lat="25.0206620" lon="121.4231940">
    <ele>15.3</ele>
    <time>2025-08-07T12:36:45Z</time>
   </trkpt>
   <trkpt lat="25.0206650" lon="121.4231950">
    <ele>15.3</ele>
    <time>2025-08-07T12:36:46Z</time>
   </trkpt>
   <trkpt lat="25.0206620" lon="121.4232070">
    <ele>15.3</ele>
    <time>2025-08-07T12:36:47Z</time>
   </trkpt>
   <trkpt lat="25.0206580" lon="121.4232210">
    <ele>15.3</ele>
    <time>2025-08-07T12:36:48Z</time>
   </trkpt>
   <trkpt lat="25.0206530" lon="121.4232350">
    <ele>15.3</ele>
    <time>2025-08-07T12:36:49Z</time>
   </trkpt>
   <trkpt lat="25.0206430" lon="121.4232400">
    <ele>15.3</ele>
    <time>2025-08-07T12:36:50Z</time>
   </trkpt>
   <trkpt lat="25.0206380" lon="121.4232410">
    <ele>15.3</ele>
    <time>2025-08-07T12:36:51Z</time>
   </trkpt>
   <trkpt lat="25.0206340" lon="121.4232500">
    <ele>15.3</ele>
    <time>2025-08-07T12:36:52Z</time>
   </trkpt>
   <trkpt lat="25.0206330" lon="121.4232630">
    <ele>15.2</ele>
    <time>2025-08-07T12:36:53Z</time>
   </trkpt>
   <trkpt lat="25.0206320" lon="121.4232700">
    <ele>15.2</ele>
    <time>2025-08-07T12:36:54Z</time>
   </trkpt>
   <trkpt lat="25.0206370" lon="121.4232810">
    <ele>15.2</ele>
    <time>2025-08-07T12:36:55Z</time>
   </trkpt>
   <trkpt lat="25.0206410" lon="121.4232870">
    <ele>15.2</ele>
    <time>2025-08-07T12:36:56Z</time>
   </trkpt>
   <trkpt lat="25.0206440" lon="121.4232990">
    <ele>15.2</ele>
    <time>2025-08-07T12:36:57Z</time>
   </trkpt>
   <trkpt lat="25.0206460" lon="121.4233110">
    <ele>15.2</ele>
    <time>2025-08-07T12:36:58Z</time>
   </trkpt>
   <trkpt lat="25.0206520" lon="121.4233170">
    <ele>15.2</ele>
    <time>2025-08-07T12:36:59Z</time>
   </trkpt>
   <trkpt lat="25.0206560" lon="121.4233200">
    <ele>15.2</ele>
    <time>2025-08-07T12:37:00Z</time>
   </trkpt>
   <trkpt lat="25.0206510" lon="121.4233190">
    <ele>15.2</ele>
    <time>2025-08-07T12:37:01Z</time>
   </trkpt>
   <trkpt lat="25.0206410" lon="121.4233340">
    <ele>15.2</ele>
    <time>2025-08-07T12:37:02Z</time>
   </trkpt>
   <trkpt lat="25.0206420" lon="121.4233240">
    <ele>15.2</ele>
    <time>2025-08-07T12:37:03Z</time>
   </trkpt>
   <trkpt lat="25.0206410" lon="121.4233200">
    <ele>15.2</ele>
    <time>2025-08-07T12:37:04Z</time>
   </trkpt>
   <trkpt lat="25.0206420" lon="121.4233190">
    <ele>15.2</ele>
    <time>2025-08-07T12:37:05Z</time>
   </trkpt>
   <trkpt lat="25.0206440" lon="121.4233180">
    <ele>15.2</ele>
    <time>2025-08-07T12:37:06Z</time>
   </trkpt>
   <trkpt lat="25.0206440" lon="121.4233180">
    <ele>15.2</ele>
    <time>2025-08-07T12:37:07Z</time>
   </trkpt>
   <trkpt lat="25.0206440" lon="121.4233180">
    <ele>15.2</ele>
    <time>2025-08-07T12:37:08Z</time>
   </trkpt>
   <trkpt lat="25.0206170" lon="121.4233150">
    <ele>15.2</ele>
    <time>2025-08-07T12:37:09Z</time>
   </trkpt>
   <trkpt lat="25.0206240" lon="121.4233130">
    <ele>15.2</ele>
    <time>2025-08-07T12:37:10Z</time>
   </trkpt>
   <trkpt lat="25.0206250" lon="121.4233130">
    <ele>15.2</ele>
    <time>2025-08-07T12:37:11Z</time>
   </trkpt>
   <trkpt lat="25.0206260" lon="121.4233150">
    <ele>15.2</ele>
    <time>2025-08-07T12:37:12Z</time>
   </trkpt>
   <trkpt lat="25.0206260" lon="121.4233140">
    <ele>15.2</ele>
    <time>2025-08-07T12:37:13Z</time>
   </trkpt>
   <trkpt lat="25.0206260" lon="121.4233140">
    <ele>15.2</ele>
    <time>2025-08-07T12:37:14Z</time>
   </trkpt>
   <trkpt lat="25.0206260" lon="121.4233140">
    <ele>15.2</ele>
    <time>2025-08-07T12:37:15Z</time>
   </trkpt>
   <trkpt lat="25.0206310" lon="121.4233160">
    <ele>15.2</ele>
    <time>2025-08-07T12:37:16Z</time>
   </trkpt>
   <trkpt lat="25.0206310" lon="121.4233160">
    <ele>15.2</ele>
    <time>2025-08-07T12:37:17Z</time>
   </trkpt>
   <trkpt lat="25.0206310" lon="121.4233160">
    <ele>15.2</ele>
    <time>2025-08-07T12:37:18Z</time>
   </trkpt>
   <trkpt lat="25.0206270" lon="121.4233160">
    <ele>15.2</ele>
    <time>2025-08-07T12:37:19Z</time>
   </trkpt>
   <trkpt lat="25.0206230" lon="121.4233150">
    <ele>15.2</ele>
    <time>2025-08-07T12:37:20Z</time>
   </trkpt>
   <trkpt lat="25.0206240" lon="121.4233180">
    <ele>15.2</ele>
    <time>2025-08-07T12:37:21Z</time>
   </trkpt>
   <trkpt lat="25.0206260" lon="121.4233200">
    <ele>15.2</ele>
    <time>2025-08-07T12:37:22Z</time>
   </trkpt>
   <trkpt lat="25.0206260" lon="121.4233190">
    <ele>15.2</ele>
    <time>2025-08-07T12:37:23Z</time>
   </trkpt>
   <trkpt lat="25.0206260" lon="121.4233190">
    <ele>15.2</ele>
    <time>2025-08-07T12:37:24Z</time>
   </trkpt>
   <trkpt lat="25.0206260" lon="121.4233190">
    <ele>15.2</ele>
    <time>2025-08-07T12:37:25Z</time>
   </trkpt>
   <trkpt lat="25.0206260" lon="121.4233190">
    <ele>15.2</ele>
    <time>2025-08-07T12:37:26Z</time>
   </trkpt>
   <trkpt lat="25.0206260" lon="121.4233190">
    <ele>15.2</ele>
    <time>2025-08-07T12:37:27Z</time>
   </trkpt>
   <trkpt lat="25.0206260" lon="121.4233190">
    <ele>15.2</ele>
    <time>2025-08-07T12:37:28Z</time>
   </trkpt>
   <trkpt lat="25.0206260" lon="121.4233190">
    <ele>15.2</ele>
    <time>2025-08-07T12:37:29Z</time>
   </trkpt>
   <trkpt lat="25.0206260" lon="121.4233190">
    <ele>15.2</ele>
    <time>2025-08-07T12:37:30Z</time>
   </trkpt>
   <trkpt lat="25.0206260" lon="121.4233190">
    <ele>15.2</ele>
    <time>2025-08-07T12:37:31Z</time>
   </trkpt>
   <trkpt lat="25.0205910" lon="121.4233350">
    <ele>15.1</ele>
    <time>2025-08-07T12:37:32Z</time>
   </trkpt>
   <trkpt lat="25.0205820" lon="121.4233370">
    <ele>15.1</ele>
    <time>2025-08-07T12:37:33Z</time>
   </trkpt>
   <trkpt lat="25.0205810" lon="121.4233380">
    <ele>15.1</ele>
    <time>2025-08-07T12:37:34Z</time>
   </trkpt>
   <trkpt lat="25.0205800" lon="121.4233380">
    <ele>15.1</ele>
    <time>2025-08-07T12:37:35Z</time>
   </trkpt>
   <trkpt lat="25.0205790" lon="121.4233390">
    <ele>15.1</ele>
    <time>2025-08-07T12:37:36Z</time>
   </trkpt>
   <trkpt lat="25.0205790" lon="121.4233390">
    <ele>15.1</ele>
    <time>2025-08-07T12:37:37Z</time>
   </trkpt>
   <trkpt lat="25.0205780" lon="121.4233390">
    <ele>15.1</ele>
    <time>2025-08-07T12:37:38Z</time>
   </trkpt>
   <trkpt lat="25.0205770" lon="121.4233400">
    <ele>15.1</ele>
    <time>2025-08-07T12:37:39Z</time>
   </trkpt>
   <trkpt lat="25.0205760" lon="121.4233400">
    <ele>15.1</ele>
    <time>2025-08-07T12:37:40Z</time>
   </trkpt>
   <trkpt lat="25.0205750" lon="121.4233410">
    <ele>15.1</ele>
    <time>2025-08-07T12:37:41Z</time>
   </trkpt>
   <trkpt lat="25.0205740" lon="121.4233410">
    <ele>15.1</ele>
    <time>2025-08-07T12:37:42Z</time>
   </trkpt>
   <trkpt lat="25.0205730" lon="121.4233410">
    <ele>15.1</ele>
    <time>2025-08-07T12:37:43Z</time>
   </trkpt>
   <trkpt lat="25.0205720" lon="121.4233420">
    <ele>15.1</ele>
    <time>2025-08-07T12:37:44Z</time>
   </trkpt>
   <trkpt lat="25.0205710" lon="121.4233420">
    <ele>15.1</ele>
    <time>2025-08-07T12:37:45Z</time>
   </trkpt>
   <trkpt lat="25.0205710" lon="121.4233430">
    <ele>15.1</ele>
    <time>2025-08-07T12:37:46Z</time>
   </trkpt>
   <trkpt lat="25.0205700" lon="121.4233430">
    <ele>15.1</ele>
    <time>2025-08-07T12:37:47Z</time>
   </trkpt>
   <trkpt lat="25.0205690" lon="121.4233430">
    <ele>15.1</ele>
    <time>2025-08-07T12:37:48Z</time>
   </trkpt>
   <trkpt lat="25.0205680" lon="121.4233440">
    <ele>15.1</ele>
    <time>2025-08-07T12:37:49Z</time>
   </trkpt>
   <trkpt lat="25.0205670" lon="121.4233440">
    <ele>15.1</ele>
    <time>2025-08-07T12:37:50Z</time>
   </trkpt>
   <trkpt lat="25.0205660" lon="121.4233450">
    <ele>15.1</ele>
    <time>2025-08-07T12:37:51Z</time>
   </trkpt>
   <trkpt lat="25.0205650" lon="121.4233450">
    <ele>15.1</ele>
    <time>2025-08-07T12:37:52Z</time>
   </trkpt>
   <trkpt lat="25.0205640" lon="121.4233450">
    <ele>15.1</ele>
    <time>2025-08-07T12:37:53Z</time>
   </trkpt>
   <trkpt lat="25.0205640" lon="121.4233460">
    <ele>15.1</ele>
    <time>2025-08-07T12:37:54Z</time>
   </trkpt>
   <trkpt lat="25.0205630" lon="121.4233460">
    <ele>15.1</ele>
    <time>2025-08-07T12:37:55Z</time>
   </trkpt>
   <trkpt lat="25.0205620" lon="121.4233470">
    <ele>15.1</ele>
    <time>2025-08-07T12:37:56Z</time>
   </trkpt>
   <trkpt lat="25.0205610" lon="121.4233470">
    <ele>15.1</ele>
    <time>2025-08-07T12:37:57Z</time>
   </trkpt>
   <trkpt lat="25.0205600" lon="121.4233470">
    <ele>15.1</ele>
    <time>2025-08-07T12:37:58Z</time>
   </trkpt>
   <trkpt lat="25.0205590" lon="121.4233480">
    <ele>15.1</ele>
    <time>2025-08-07T12:37:59Z</time>
   </trkpt>
   <trkpt lat="25.0205580" lon="121.4233480">
    <ele>15.1</ele>
    <time>2025-08-07T12:38:00Z</time>
   </trkpt>
   <trkpt lat="25.0205570" lon="121.4233490">
    <ele>15.1</ele>
    <time>2025-08-07T12:38:01Z</time>
   </trkpt>
   <trkpt lat="25.0205560" lon="121.4233490">
    <ele>15.1</ele>
    <time>2025-08-07T12:38:02Z</time>
   </trkpt>
   <trkpt lat="25.0205560" lon="121.4233490">
    <ele>15.1</ele>
    <time>2025-08-07T12:38:03Z</time>
   </trkpt>
   <trkpt lat="25.0205550" lon="121.4233500">
    <ele>15.1</ele>
    <time>2025-08-07T12:38:04Z</time>
   </trkpt>
   <trkpt lat="25.0205540" lon="121.4233500">
    <ele>15.1</ele>
    <time>2025-08-07T12:38:05Z</time>
   </trkpt>
   <trkpt lat="25.0205530" lon="121.4233510">
    <ele>15.1</ele>
    <time>2025-08-07T12:38:06Z</time>
   </trkpt>
   <trkpt lat="25.0205520" lon="121.4233510">
    <ele>15.1</ele>
    <time>2025-08-07T12:38:07Z</time>
   </trkpt>
   <trkpt lat="25.0205660" lon="121.4233460">
    <ele>15.1</ele>
    <time>2025-08-07T12:38:08Z</time>
   </trkpt>
   <trkpt lat="25.0205700" lon="121.4233460">
    <ele>15.1</ele>
    <time>2025-08-07T12:38:09Z</time>
   </trkpt>
   <trkpt lat="25.0205750" lon="121.4233460">
    <ele>15.1</ele>
    <time>2025-08-07T12:38:10Z</time>
   </trkpt>
   <trkpt lat="25.0205820" lon="121.4233460">
    <ele>15.1</ele>
    <time>2025-08-07T12:38:11Z</time>
   </trkpt>
   <trkpt lat="25.0205910" lon="121.4233460">
    <ele>15.1</ele>
    <time>2025-08-07T12:38:12Z</time>
   </trkpt>
   <trkpt lat="25.0205940" lon="121.4233490">
    <ele>15.1</ele>
    <time>2025-08-07T12:38:13Z</time>
   </trkpt>
   <trkpt lat="25.0205970" lon="121.4233510">
    <ele>15.1</ele>
    <time>2025-08-07T12:38:14Z</time>
   </trkpt>
   <trkpt lat="25.0206000" lon="121.4233540">
    <ele>15.1</ele>
    <time>2025-08-07T12:38:15Z</time>
   </trkpt>
   <trkpt lat="25.0206020" lon="121.4233560">
    <ele>15.1</ele>
    <time>2025-08-07T12:38:16Z</time>
   </trkpt>
   <trkpt lat="25.0206050" lon="121.4233590">
    <ele>15.1</ele>
    <time>2025-08-07T12:38:17Z</time>
   </trkpt>
   <trkpt lat="25.0206080" lon="121.4233610">
    <ele>15.1</ele>
    <time>2025-08-07T12:38:18Z</time>
   </trkpt>
   <trkpt lat="25.0206110" lon="121.4233640">
    <ele>15.1</ele>
    <time>2025-08-07T12:38:19Z</time>
   </trkpt>
   <trkpt lat="25.0206140" lon="121.4233660">
    <ele>15.1</ele>
    <time>2025-08-07T12:38:20Z</time>
   </trkpt>
   <trkpt lat="25.0206170" lon="121.4233690">
    <ele>15.1</ele>
    <time>2025-08-07T12:38:21Z</time>
   </trkpt>
   <trkpt lat="25.0206200" lon="121.4233710">
    <ele>15.1</ele>
    <time>2025-08-07T12:38:22Z</time>
   </trkpt>
   <trkpt lat="25.0206230" lon="121.4233740">
    <ele>15.1</ele>
    <time>2025-08-07T12:38:23Z</time>
   </trkpt>
   <trkpt lat="25.0206260" lon="121.4233760">
    <ele>15.1</ele>
    <time>2025-08-07T12:38:24Z</time>
   </trkpt>
   <trkpt lat="25.0206280" lon="121.4233790">
    <ele>15.0</ele>
    <time>2025-08-07T12:38:25Z</time>
   </trkpt>
   <trkpt lat="25.0206310" lon="121.4233810">
    <ele>15.0</ele>
    <time>2025-08-07T12:38:26Z</time>
   </trkpt>
   <trkpt lat="25.0206340" lon="121.4233840">
    <ele>15.0</ele>
    <time>2025-08-07T12:38:27Z</time>
   </trkpt>
   <trkpt lat="25.0206370" lon="121.4233860">
    <ele>15.0</ele>
    <time>2025-08-07T12:38:38Z</time>
   </trkpt>
   <trkpt lat="25.0206400" lon="121.4233890">
    <ele>15.0</ele>
    <time>2025-08-07T12:38:39Z</time>
   </trkpt>
   <trkpt lat="25.0206300" lon="121.4233520">
    <ele>15.0</ele>
    <time>2025-08-07T12:38:40Z</time>
   </trkpt>
   <trkpt lat="25.0206290" lon="121.4233390">
    <ele>15.0</ele>
    <time>2025-08-07T12:38:41Z</time>
   </trkpt>
   <trkpt lat="25.0206250" lon="121.4233570">
    <ele>15.0</ele>
    <time>2025-08-07T12:38:42Z</time>
   </trkpt>
   <trkpt lat="25.0206050" lon="121.4233680">
    <ele>15.0</ele>
    <time>2025-08-07T12:38:43Z</time>
   </trkpt>
   <trkpt lat="25.0206190" lon="121.4233990">
    <ele>15.0</ele>
    <time>2025-08-07T12:38:44Z</time>
   </trkpt>
   <trkpt lat="25.0206240" lon="121.4234090">
    <ele>15.0</ele>
    <time>2025-08-07T12:38:45Z</time>
   </trkpt>
   <trkpt lat="25.0206260" lon="121.4234140">
    <ele>15.0</ele>
    <time>2025-08-07T12:38:46Z</time>
   </trkpt>
   <trkpt lat="25.0206420" lon="121.4234250">
    <ele>14.9</ele>
    <time>2025-08-07T12:38:47Z</time>
   </trkpt>
   <trkpt lat="25.0206330" lon="121.4234330">
    <ele>14.9</ele>
    <time>2025-08-07T12:38:48Z</time>
   </trkpt>
   <trkpt lat="25.0206340" lon="121.4234450">
    <ele>14.9</ele>
    <time>2025-08-07T12:38:49Z</time>
   </trkpt>
   <trkpt lat="25.0206370" lon="121.4234510">
    <ele>14.9</ele>
    <time>2025-08-07T12:38:50Z</time>
   </trkpt>
   <trkpt lat="25.0206290" lon="121.4234530">
    <ele>14.9</ele>
    <time>2025-08-07T12:38:51Z</time>
   </trkpt>
   <trkpt lat="25.0206200" lon="121.4234500">
    <ele>14.9</ele>
    <time>2025-08-07T12:38:52Z</time>
   </trkpt>
   <trkpt lat="25.0206200" lon="121.4234480">
    <ele>14.9</ele>
    <time>2025-08-07T12:38:53Z</time>
   </trkpt>
   <trkpt lat="25.0206240" lon="121.4234460">
    <ele>14.9</ele>
    <time>2025-08-07T12:38:54Z</time>
   </trkpt>
   <trkpt lat="25.0206360" lon="121.4234600">
    <ele>14.9</ele>
    <time>2025-08-07T12:38:55Z</time>
   </trkpt>
   <trkpt lat="25.0206380" lon="121.4234710">
    <ele>14.9</ele>
    <time>2025-08-07T12:38:56Z</time>
   </trkpt>
   <trkpt lat="25.0206340" lon="121.4234710">
    <ele>14.9</ele>
    <time>2025-08-07T12:38:57Z</time>
   </trkpt>
   <trkpt lat="25.0206240" lon="121.4234700">
    <ele>14.9</ele>
    <time>2025-08-07T12:38:58Z</time>
   </trkpt>
   <trkpt lat="25.0206110" lon="121.4234600">
    <ele>14.9</ele>
    <time>2025-08-07T12:38:59Z</time>
   </trkpt>
   <trkpt lat="25.0206040" lon="121.4234560">
    <ele>14.9</ele>
    <time>2025-08-07T12:39:00Z</time>
   </trkpt>
   <trkpt lat="25.0205970" lon="121.4234530">
    <ele>14.9</ele>
    <time>2025-08-07T12:39:01Z</time>
   </trkpt>
   <trkpt lat="25.0205870" lon="121.4234520">
    <ele>14.9</ele>
    <time>2025-08-07T12:39:02Z</time>
   </trkpt>
   <trkpt lat="25.0205830" lon="121.4234490">
    <ele>14.9</ele>
    <time>2025-08-07T12:39:03Z</time>
   </trkpt>
   <trkpt lat="25.0205780" lon="121.4234430">
    <ele>14.9</ele>
    <time>2025-08-07T12:39:04Z</time>
   </trkpt>
   <trkpt lat="25.0205790" lon="121.4234420">
    <ele>14.9</ele>
    <time>2025-08-07T12:39:05Z</time>
   </trkpt>
   <trkpt lat="25.0205820" lon="121.4234360">
    <ele>14.9</ele>
    <time>2025-08-07T12:39:06Z</time>
   </trkpt>
   <trkpt lat="25.0205780" lon="121.4234280">
    <ele>14.8</ele>
    <time>2025-08-07T12:39:07Z</time>
   </trkpt>
   <trkpt lat="25.0205750" lon="121.4234220">
    <ele>14.8</ele>
    <time>2025-08-07T12:39:08Z</time>
   </trkpt>
   <trkpt lat="25.0205720" lon="121.4234180">
    <ele>14.8</ele>
    <time>2025-08-07T12:39:09Z</time>
   </trkpt>
   <trkpt lat="25.0205670" lon="121.4234210">
    <ele>14.8</ele>
    <time>2025-08-07T12:39:10Z</time>
   </trkpt>
   <trkpt lat="25.0205600" lon="121.4234220">
    <ele>14.8</ele>
    <time>2025-08-07T12:39:11Z</time>
   </trkpt>
   <trkpt lat="25.0205550" lon="121.4234250">
    <ele>14.8</ele>
    <time>2025-08-07T12:39:12Z</time>
   </trkpt>
   <trkpt lat="25.0205510" lon="121.4234220">
    <ele>14.8</ele>
    <time>2025-08-07T12:39:13Z</time>
   </trkpt>
   <trkpt lat="25.0205510" lon="121.4234220">
    <ele>14.8</ele>
    <time>2025-08-07T12:39:14Z</time>
   </trkpt>
   <trkpt lat="25.0205430" lon="121.4234290">
    <ele>14.8</ele>
    <time>2025-08-07T12:39:15Z</time>
   </trkpt>
   <trkpt lat="25.0205430" lon="121.4234290">
    <ele>14.8</ele>
    <time>2025-08-07T12:39:16Z</time>
   </trkpt>
   <trkpt lat="25.0205400" lon="121.4234270">
    <ele>14.8</ele>
    <time>2025-08-07T12:39:17Z</time>
   </trkpt>
   <trkpt lat="25.0205390" lon="121.4234290">
    <ele>14.8</ele>
    <time>2025-08-07T12:39:18Z</time>
   </trkpt>
   <trkpt lat="25.0205360" lon="121.4234300">
    <ele>14.8</ele>
    <time>2025-08-07T12:39:19Z</time>
   </trkpt>
   <trkpt lat="25.0205350" lon="121.4234310">
    <ele>14.8</ele>
    <time>2025-08-07T12:39:20Z</time>
   </trkpt>
   <trkpt lat="25.0205330" lon="121.4234330">
    <ele>14.8</ele>
    <time>2025-08-07T12:39:21Z</time>
   </trkpt>
   <trkpt lat="25.0205360" lon="121.4234290">
    <ele>14.8</ele>
    <time>2025-08-07T12:39:22Z</time>
   </trkpt>
   <trkpt lat="25.0205350" lon="121.4234300">
    <ele>14.8</ele>
    <time>2025-08-07T12:39:23Z</time>
   </trkpt>
   <trkpt lat="25.0205350" lon="121.4234300">
    <ele>14.8</ele>
    <time>2025-08-07T12:39:24Z</time>
   </trkpt>
   <trkpt lat="25.0205350" lon="121.4234300">
    <ele>14.8</ele>
    <time>2025-08-07T12:39:25Z</time>
   </trkpt>
   <trkpt lat="25.0205280" lon="121.4234420">
    <ele>14.8</ele>
    <time>2025-08-07T12:39:26Z</time>
   </trkpt>
   <trkpt lat="25.0205270" lon="121.4234430">
    <ele>14.8</ele>
    <time>2025-08-07T12:39:27Z</time>
   </trkpt>
   <trkpt lat="25.0205290" lon="121.4234460">
    <ele>14.8</ele>
    <time>2025-08-07T12:39:28Z</time>
   </trkpt>
   <trkpt lat="25.0205260" lon="121.4234460">
    <ele>14.8</ele>
    <time>2025-08-07T12:39:29Z</time>
   </trkpt>
   <trkpt lat="25.0205260" lon="121.4234490">
    <ele>14.8</ele>
    <time>2025-08-07T12:39:30Z</time>
   </trkpt>
   <trkpt lat="25.0205240" lon="121.4234480">
    <ele>14.8</ele>
    <time>2025-08-07T12:39:31Z</time>
   </trkpt>
   <trkpt lat="25.0205250" lon="121.4234460">
    <ele>14.8</ele>
    <time>2025-08-07T12:39:32Z</time>
   </trkpt>
   <trkpt lat="25.0205250" lon="121.4234460">
    <ele>14.8</ele>
    <time>2025-08-07T12:39:33Z</time>
   </trkpt>
   <trkpt lat="25.0205280" lon="121.4234370">
    <ele>14.8</ele>
    <time>2025-08-07T12:39:34Z</time>
   </trkpt>
   <trkpt lat="25.0205280" lon="121.4234340">
    <ele>14.8</ele>
    <time>2025-08-07T12:39:35Z</time>
   </trkpt>
   <trkpt lat="25.0205300" lon="121.4234310">
    <ele>14.8</ele>
    <time>2025-08-07T12:39:36Z</time>
   </trkpt>
   <trkpt lat="25.0205330" lon="121.4234320">
    <ele>14.8</ele>
    <time>2025-08-07T12:39:37Z</time>
   </trkpt>
   <trkpt lat="25.0205310" lon="121.4234320">
    <ele>14.8</ele>
    <time>2025-08-07T12:39:38Z</time>
   </trkpt>
   <trkpt lat="25.0205240" lon="121.4234360">
    <ele>14.8</ele>
    <time>2025-08-07T12:39:39Z</time>
   </trkpt>
   <trkpt lat="25.0205240" lon="121.4234360">
    <ele>14.8</ele>
    <time>2025-08-07T12:39:40Z</time>
   </trkpt>
   <trkpt lat="25.0205250" lon="121.4234340">
    <ele>14.8</ele>
    <time>2025-08-07T12:39:41Z</time>
   </trkpt>
   <trkpt lat="25.0205270" lon="121.4234330">
    <ele>14.8</ele>
    <time>2025-08-07T12:39:42Z</time>
   </trkpt>
   <trkpt lat="25.0205370" lon="121.4234320">
    <ele>14.8</ele>
    <time>2025-08-07T12:39:43Z</time>
   </trkpt>
   <trkpt lat="25.0205400" lon="121.4234340">
    <ele>14.8</ele>
    <time>2025-08-07T12:39:44Z</time>
   </trkpt>
   <trkpt lat="25.0205440" lon="121.4234290">
    <ele>14.8</ele>
    <time>2025-08-07T12:39:45Z</time>
   </trkpt>
   <trkpt lat="25.0205440" lon="121.4234290">
    <ele>14.8</ele>
    <time>2025-08-07T12:39:46Z</time>
   </trkpt>
   <trkpt lat="25.0205570" lon="121.4234200">
    <ele>14.8</ele>
    <time>2025-08-07T12:39:47Z</time>
   </trkpt>
   <trkpt lat="25.0205570" lon="121.4234200">
    <ele>14.8</ele>
    <time>2025-08-07T12:39:48Z</time>
   </trkpt>
   <trkpt lat="25.0205650" lon="121.4234190">
    <ele>14.8</ele>
    <time>2025-08-07T12:39:49Z</time>
   </trkpt>
   <trkpt lat="25.0205670" lon="121.4234190">
    <ele>14.8</ele>
    <time>2025-08-07T12:39:50Z</time>
   </trkpt>
   <trkpt lat="25.0205660" lon="121.4234190">
    <ele>14.8</ele>
    <time>2025-08-07T12:39:51Z</time>
   </trkpt>
   <trkpt lat="25.0205670" lon="121.4234190">
    <ele>14.8</ele>
    <time>2025-08-07T12:39:52Z</time>
   </trkpt>
   <trkpt lat="25.0205700" lon="121.4234180">
    <ele>14.8</ele>
    <time>2025-08-07T12:39:53Z</time>
   </trkpt>
   <trkpt lat="25.0205670" lon="121.4234160">
    <ele>14.8</ele>
    <time>2025-08-07T12:39:54Z</time>
   </trkpt>
   <trkpt lat="25.0205670" lon="121.4234160">
    <ele>14.8</ele>
    <time>2025-08-07T12:39:55Z</time>
   </trkpt>
   <trkpt lat="25.0205670" lon="121.4234160">
    <ele>14.8</ele>
    <time>2025-08-07T12:39:56Z</time>
   </trkpt>
   <trkpt lat="25.0205670" lon="121.4234160">
    <ele>14.8</ele>
    <time>2025-08-07T12:39:57Z</time>
   </trkpt>
   <trkpt lat="25.0205670" lon="121.4234160">
    <ele>14.8</ele>
    <time>2025-08-07T12:39:58Z</time>
   </trkpt>
   <trkpt lat="25.0205670" lon="121.4234160">
    <ele>14.8</ele>
    <time>2025-08-07T12:39:59Z</time>
   </trkpt>
   <trkpt lat="25.0205630" lon="121.4234110">
    <ele>14.7</ele>
    <time>2025-08-07T12:40:00Z</time>
   </trkpt>
   <trkpt lat="25.0205630" lon="121.4234110">
    <ele>14.7</ele>
    <time>2025-08-07T12:40:01Z</time>
   </trkpt>
   <trkpt lat="25.0205630" lon="121.4234110">
    <ele>14.7</ele>
    <time>2025-08-07T12:40:02Z</time>
   </trkpt>
   <trkpt lat="25.0205650" lon="121.4234100">
    <ele>14.7</ele>
    <time>2025-08-07T12:40:03Z</time>
   </trkpt>
   <trkpt lat="25.0205650" lon="121.4234100">
    <ele>14.7</ele>
    <time>2025-08-07T12:40:04Z</time>
   </trkpt>
   <trkpt lat="25.0205640" lon="121.4234130">
    <ele>14.7</ele>
    <time>2025-08-07T12:40:05Z</time>
   </trkpt>
   <trkpt lat="25.0205640" lon="121.4234130">
    <ele>14.7</ele>
    <time>2025-08-07T12:40:06Z</time>
   </trkpt>
   <trkpt lat="25.0205640" lon="121.4234130">
    <ele>14.7</ele>
    <time>2025-08-07T12:40:07Z</time>
   </trkpt>
   <trkpt lat="25.0205640" lon="121.4234130">
    <ele>14.7</ele>
    <time>2025-08-07T12:40:08Z</time>
   </trkpt>
   <trkpt lat="25.0205640" lon="121.4234130">
    <ele>14.7</ele>
    <time>2025-08-07T12:40:09Z</time>
   </trkpt>
   <trkpt lat="25.0205640" lon="121.4234130">
    <ele>14.7</ele>
    <time>2025-08-07T12:40:10Z</time>
   </trkpt>
   <trkpt lat="25.0205640" lon="121.4234130">
    <ele>14.7</ele>
    <time>2025-08-07T12:40:11Z</time>
   </trkpt>
   <trkpt lat="25.0205730" lon="121.4234160">
    <ele>14.7</ele>
    <time>2025-08-07T12:40:12Z</time>
   </trkpt>
   <trkpt lat="25.0205710" lon="121.4234240">
    <ele>14.7</ele>
    <time>2025-08-07T12:40:13Z</time>
   </trkpt>
   <trkpt lat="25.0205700" lon="121.4234280">
    <ele>14.7</ele>
    <time>2025-08-07T12:40:14Z</time>
   </trkpt>
   <trkpt lat="25.0205710" lon="121.4234360">
    <ele>14.7</ele>
    <time>2025-08-07T12:40:15Z</time>
   </trkpt>
  </trkseg>
 </trk>
</gpx>
