<?xml version="1.0" encoding="UTF-8"?>
<gpx xmlns:xsi="http://www.w3.org/2001/XMLSchema-instance" xsi:schemaLocation="http://www.topografix.com/GPX/1/1 http://www.topografix.com/GPX/1/1/gpx.xsd" creator="StravaGPX" version="1.1" xmlns="http://www.topografix.com/GPX/1/1">
 <metadata>
  <time>2025-08-07T06:49:45Z</time>
 </metadata>
 <trk>
  <name>午後騎乘</name>
  <type>cycling</type>
  <trkseg>
   <trkpt lat="25.0155650" lon="121.4030500">
    <ele>32.7</ele>
    <time>2025-08-07T06:49:45Z</time>
   </trkpt>
   <trkpt lat="25.0155750" lon="121.4030470">
    <ele>32.6</ele>
    <time>2025-08-07T06:49:46Z</time>
   </trkpt>
   <trkpt lat="25.0155850" lon="121.4030450">
    <ele>32.6</ele>
    <time>2025-08-07T06:49:47Z</time>
   </trkpt>
   <trkpt lat="25.0155950" lon="121.4030420">
    <ele>32.5</ele>
    <time>2025-08-07T06:49:48Z</time>
   </trkpt>
   <trkpt lat="25.0156050" lon="121.4030390">
    <ele>32.4</ele>
    <time>2025-08-07T06:49:49Z</time>
   </trkpt>
   <trkpt lat="25.0156150" lon="121.4030360">
    <ele>32.4</ele>
    <time>2025-08-07T06:49:50Z</time>
   </trkpt>
   <trkpt lat="25.0156260" lon="121.4030340">
    <ele>32.3</ele>
    <time>2025-08-07T06:49:51Z</time>
   </trkpt>
   <trkpt lat="25.0156360" lon="121.4030310">
    <ele>32.2</ele>
    <time>2025-08-07T06:49:52Z</time>
   </trkpt>
   <trkpt lat="25.0156460" lon="121.4030280">
    <ele>32.2</ele>
    <time>2025-08-07T06:49:53Z</time>
   </trkpt>
   <trkpt lat="25.0156560" lon="121.4030250">
    <ele>32.1</ele>
    <time>2025-08-07T06:49:54Z</time>
   </trkpt>
   <trkpt lat="25.0156660" lon="121.4030230">
    <ele>32.0</ele>
    <time>2025-08-07T06:49:55Z</time>
   </trkpt>
   <trkpt lat="25.0156760" lon="121.4030200">
    <ele>32.0</ele>
    <time>2025-08-07T06:49:59Z</time>
   </trkpt>
   <trkpt lat="25.0156860" lon="121.4030170">
    <ele>31.9</ele>
    <time>2025-08-07T06:50:00Z</time>
   </trkpt>
   <trkpt lat="25.0157030" lon="121.4030150">
    <ele>31.8</ele>
    <time>2025-08-07T06:50:01Z</time>
   </trkpt>
   <trkpt lat="25.0157040" lon="121.4030040">
    <ele>31.7</ele>
    <time>2025-08-07T06:50:02Z</time>
   </trkpt>
   <trkpt lat="25.0157050" lon="121.4029910">
    <ele>31.6</ele>
    <time>2025-08-07T06:50:03Z</time>
   </trkpt>
   <trkpt lat="25.0156960" lon="121.4029700">
    <ele>31.5</ele>
    <time>2025-08-07T06:50:04Z</time>
   </trkpt>
   <trkpt lat="25.0156930" lon="121.4029610">
    <ele>31.5</ele>
    <time>2025-08-07T06:50:05Z</time>
   </trkpt>
   <trkpt lat="25.0156900" lon="121.4029520">
    <ele>31.4</ele>
    <time>2025-08-07T06:50:06Z</time>
   </trkpt>
   <trkpt lat="25.0156890" lon="121.4029530">
    <ele>31.4</ele>
    <time>2025-08-07T06:50:07Z</time>
   </trkpt>
   <trkpt lat="25.0156920" lon="121.4029600">
    <ele>31.3</ele>
    <time>2025-08-07T06:50:08Z</time>
   </trkpt>
   <trkpt lat="25.0156950" lon="121.4029660">
    <ele>31.3</ele>
    <time>2025-08-07T06:50:09Z</time>
   </trkpt>
   <trkpt lat="25.0156970" lon="121.4029720">
    <ele>31.3</ele>
    <time>2025-08-07T06:50:10Z</time>
   </trkpt>
   <trkpt lat="25.0157000" lon="121.4029780">
    <ele>31.2</ele>
    <time>2025-08-07T06:50:11Z</time>
   </trkpt>
   <trkpt lat="25.0157030" lon="121.4029850">
    <ele>31.2</ele>
    <time>2025-08-07T06:50:12Z</time>
   </trkpt>
   <trkpt lat="25.0157060" lon="121.4029910">
    <ele>31.1</ele>
    <time>2025-08-07T06:50:13Z</time>
   </trkpt>
   <trkpt lat="25.0157160" lon="121.4029980">
    <ele>31.1</ele>
    <time>2025-08-07T06:50:14Z</time>
   </trkpt>
   <trkpt lat="25.0157250" lon="121.4030070">
    <ele>31.0</ele>
    <time>2025-08-07T06:50:15Z</time>
   </trkpt>
   <trkpt lat="25.0157350" lon="121.4030170">
    <ele>30.9</ele>
    <time>2025-08-07T06:50:16Z</time>
   </trkpt>
   <trkpt lat="25.0157440" lon="121.4030260">
    <ele>30.8</ele>
    <time>2025-08-07T06:50:17Z</time>
   </trkpt>
   <trkpt lat="25.0157540" lon="121.4030360">
    <ele>30.7</ele>
    <time>2025-08-07T06:50:18Z</time>
   </trkpt>
   <trkpt lat="25.0157630" lon="121.4030460">
    <ele>30.7</ele>
    <time>2025-08-07T06:50:42Z</time>
   </trkpt>
   <trkpt lat="25.0157730" lon="121.4030550">
    <ele>30.6</ele>
    <time>2025-08-07T06:50:43Z</time>
   </trkpt>
   <trkpt lat="25.0157820" lon="121.4030650">
    <ele>30.5</ele>
    <time>2025-08-07T06:50:44Z</time>
   </trkpt>
   <trkpt lat="25.0157610" lon="121.4030720">
    <ele>30.4</ele>
    <time>2025-08-07T06:50:45Z</time>
   </trkpt>
   <trkpt lat="25.0157580" lon="121.4030830">
    <ele>30.3</ele>
    <time>2025-08-07T06:50:46Z</time>
   </trkpt>
   <trkpt lat="25.0157490" lon="121.4030840">
    <ele>30.2</ele>
    <time>2025-08-07T06:50:47Z</time>
   </trkpt>
   <trkpt lat="25.0157430" lon="121.4030910">
    <ele>30.2</ele>
    <time>2025-08-07T06:50:48Z</time>
   </trkpt>
   <trkpt lat="25.0157400" lon="121.4030940">
    <ele>30.1</ele>
    <time>2025-08-07T06:50:49Z</time>
   </trkpt>
   <trkpt lat="25.0157550" lon="121.4030810">
    <ele>30.0</ele>
    <time>2025-08-07T06:50:50Z</time>
   </trkpt>
   <trkpt lat="25.0157680" lon="121.4030600">
    <ele>29.9</ele>
    <time>2025-08-07T06:50:51Z</time>
   </trkpt>
   <trkpt lat="25.0157820" lon="121.4030540">
    <ele>29.8</ele>
    <time>2025-08-07T06:50:52Z</time>
   </trkpt>
   <trkpt lat="25.0157940" lon="121.4030380">
    <ele>29.7</ele>
    <time>2025-08-07T06:50:53Z</time>
   </trkpt>
   <trkpt lat="25.0158100" lon="121.4030540">
    <ele>29.5</ele>
    <time>2025-08-07T06:50:54Z</time>
   </trkpt>
   <trkpt lat="25.0158230" lon="121.4030630">
    <ele>29.4</ele>
    <time>2025-08-07T06:50:55Z</time>
   </trkpt>
   <trkpt lat="25.0158420" lon="121.4030620">
    <ele>29.3</ele>
    <time>2025-08-07T06:50:56Z</time>
   </trkpt>
   <trkpt lat="25.0158560" lon="121.4030590">
    <ele>29.2</ele>
    <time>2025-08-07T06:50:57Z</time>
   </trkpt>
   <trkpt lat="25.0158440" lon="121.4030760">
    <ele>29.1</ele>
    <time>2025-08-07T06:50:58Z</time>
   </trkpt>
   <trkpt lat="25.0158330" lon="121.4030800">
    <ele>29.0</ele>
    <time>2025-08-07T06:50:59Z</time>
   </trkpt>
   <trkpt lat="25.0158250" lon="121.4030910">
    <ele>28.9</ele>
    <time>2025-08-07T06:51:00Z</time>
   </trkpt>
   <trkpt lat="25.0158220" lon="121.4030890">
    <ele>28.9</ele>
    <time>2025-08-07T06:51:01Z</time>
   </trkpt>
   <trkpt lat="25.0158290" lon="121.4030990">
    <ele>28.8</ele>
    <time>2025-08-07T06:51:02Z</time>
   </trkpt>
   <trkpt lat="25.0158480" lon="121.4030780">
    <ele>28.7</ele>
    <time>2025-08-07T06:51:03Z</time>
   </trkpt>
   <trkpt lat="25.0158520" lon="121.4030640">
    <ele>28.6</ele>
    <time>2025-08-07T06:51:04Z</time>
   </trkpt>
   <trkpt lat="25.0158450" lon="121.4030600">
    <ele>28.5</ele>
    <time>2025-08-07T06:51:05Z</time>
   </trkpt>
   <trkpt lat="25.0158470" lon="121.4030530">
    <ele>28.5</ele>
    <time>2025-08-07T06:51:06Z</time>
   </trkpt>
   <trkpt lat="25.0158490" lon="121.4030470">
    <ele>28.5</ele>
    <time>2025-08-07T06:51:07Z</time>
   </trkpt>
   <trkpt lat="25.0158510" lon="121.4030400">
    <ele>28.4</ele>
    <time>2025-08-07T06:51:08Z</time>
   </trkpt>
   <trkpt lat="25.0158530" lon="121.4030340">
    <ele>28.4</ele>
    <time>2025-08-07T06:51:09Z</time>
   </trkpt>
   <trkpt lat="25.0158550" lon="121.4030280">
    <ele>28.4</ele>
    <time>2025-08-07T06:51:10Z</time>
   </trkpt>
   <trkpt lat="25.0158570" lon="121.4030210">
    <ele>28.3</ele>
    <time>2025-08-07T06:51:11Z</time>
   </trkpt>
   <trkpt lat="25.0158590" lon="121.4030150">
    <ele>28.3</ele>
    <time>2025-08-07T06:51:12Z</time>
   </trkpt>
   <trkpt lat="25.0158610" lon="121.4030090">
    <ele>28.2</ele>
    <time>2025-08-07T06:51:13Z</time>
   </trkpt>
   <trkpt lat="25.0158630" lon="121.4030020">
    <ele>28.2</ele>
    <time>2025-08-07T06:51:14Z</time>
   </trkpt>
   <trkpt lat="25.0158650" lon="121.4029960">
    <ele>28.2</ele>
    <time>2025-08-07T06:51:26Z</time>
   </trkpt>
   <trkpt lat="25.0158670" lon="121.4029890">
    <ele>28.1</ele>
    <time>2025-08-07T06:51:27Z</time>
   </trkpt>
   <trkpt lat="25.0158690" lon="121.4029830">
    <ele>28.1</ele>
    <time>2025-08-07T06:51:28Z</time>
   </trkpt>
   <trkpt lat="25.0158670" lon="121.4029590">
    <ele>28.0</ele>
    <time>2025-08-07T06:51:29Z</time>
   </trkpt>
   <trkpt lat="25.0158550" lon="121.4029780">
    <ele>27.8</ele>
    <time>2025-08-07T06:51:30Z</time>
   </trkpt>
   <trkpt lat="25.0158430" lon="121.4029840">
    <ele>27.7</ele>
    <time>2025-08-07T06:51:31Z</time>
   </trkpt>
   <trkpt lat="25.0158540" lon="121.4029890">
    <ele>27.7</ele>
    <time>2025-08-07T06:51:32Z</time>
   </trkpt>
   <trkpt lat="25.0158760" lon="121.4029840">
    <ele>27.4</ele>
    <time>2025-08-07T06:51:33Z</time>
   </trkpt>
   <trkpt lat="25.0158860" lon="121.4029820">
    <ele>27.4</ele>
    <time>2025-08-07T06:51:34Z</time>
   </trkpt>
   <trkpt lat="25.0158840" lon="121.4029810">
    <ele>27.4</ele>
    <time>2025-08-07T06:51:35Z</time>
   </trkpt>
   <trkpt lat="25.0158950" lon="121.4029840">
    <ele>27.4</ele>
    <time>2025-08-07T06:51:36Z</time>
   </trkpt>
   <trkpt lat="25.0158970" lon="121.4029940">
    <ele>27.4</ele>
    <time>2025-08-07T06:51:37Z</time>
   </trkpt>
   <trkpt lat="25.0159020" lon="121.4030000">
    <ele>27.4</ele>
    <time>2025-08-07T06:51:38Z</time>
   </trkpt>
   <trkpt lat="25.0159160" lon="121.4030000">
    <ele>27.4</ele>
    <time>2025-08-07T06:51:39Z</time>
   </trkpt>
   <trkpt lat="25.0159240" lon="121.4029950">
    <ele>27.4</ele>
    <time>2025-08-07T06:51:40Z</time>
   </trkpt>
   <trkpt lat="25.0159370" lon="121.4029850">
    <ele>27.4</ele>
    <time>2025-08-07T06:51:41Z</time>
   </trkpt>
   <trkpt lat="25.0159460" lon="121.4029830">
    <ele>27.4</ele>
    <time>2025-08-07T06:51:42Z</time>
   </trkpt>
   <trkpt lat="25.0159500" lon="121.4029680">
    <ele>27.4</ele>
    <time>2025-08-07T06:51:43Z</time>
   </trkpt>
   <trkpt lat="25.0159610" lon="121.4029640">
    <ele>27.4</ele>
    <time>2025-08-07T06:51:44Z</time>
   </trkpt>
   <trkpt lat="25.0159720" lon="121.4029610">
    <ele>27.3</ele>
    <time>2025-08-07T06:51:45Z</time>
   </trkpt>
   <trkpt lat="25.0159810" lon="121.4029530">
    <ele>27.3</ele>
    <time>2025-08-07T06:51:46Z</time>
   </trkpt>
   <trkpt lat="25.0159910" lon="121.4029380">
    <ele>27.3</ele>
    <time>2025-08-07T06:51:47Z</time>
   </trkpt>
   <trkpt lat="25.0160040" lon="121.4029310">
    <ele>27.3</ele>
    <time>2025-08-07T06:51:48Z</time>
   </trkpt>
   <trkpt lat="25.0160170" lon="121.4029220">
    <ele>27.3</ele>
    <time>2025-08-07T06:51:49Z</time>
   </trkpt>
   <trkpt lat="25.0160310" lon="121.4029180">
    <ele>27.3</ele>
    <time>2025-08-07T06:51:50Z</time>
   </trkpt>
   <trkpt lat="25.0160440" lon="121.4029110">
    <ele>27.3</ele>
    <time>2025-08-07T06:51:51Z</time>
   </trkpt>
   <trkpt lat="25.0160500" lon="121.4029160">
    <ele>27.3</ele>
    <time>2025-08-07T06:51:52Z</time>
   </trkpt>
   <trkpt lat="25.0160630" lon="121.4029150">
    <ele>27.3</ele>
    <time>2025-08-07T06:51:53Z</time>
   </trkpt>
   <trkpt lat="25.0160790" lon="121.4029170">
    <ele>27.3</ele>
    <time>2025-08-07T06:51:54Z</time>
   </trkpt>
   <trkpt lat="25.0160930" lon="121.4029190">
    <ele>27.3</ele>
    <time>2025-08-07T06:51:55Z</time>
   </trkpt>
   <trkpt lat="25.0161070" lon="121.4029190">
    <ele>27.3</ele>
    <time>2025-08-07T06:51:56Z</time>
   </trkpt>
   <trkpt lat="25.0161130" lon="121.4029170">
    <ele>27.2</ele>
    <time>2025-08-07T06:51:57Z</time>
   </trkpt>
   <trkpt lat="25.0161220" lon="121.4029160">
    <ele>27.2</ele>
    <time>2025-08-07T06:51:58Z</time>
   </trkpt>
   <trkpt lat="25.0161330" lon="121.4029170">
    <ele>27.2</ele>
    <time>2025-08-07T06:51:59Z</time>
   </trkpt>
   <trkpt lat="25.0161400" lon="121.4029200">
    <ele>27.2</ele>
    <time>2025-08-07T06:52:00Z</time>
   </trkpt>
   <trkpt lat="25.0161440" lon="121.4029200">
    <ele>27.2</ele>
    <time>2025-08-07T06:52:01Z</time>
   </trkpt>
   <trkpt lat="25.0161470" lon="121.4029190">
    <ele>27.2</ele>
    <time>2025-08-07T06:52:02Z</time>
   </trkpt>
   <trkpt lat="25.0161580" lon="121.4029160">
    <ele>27.2</ele>
    <time>2025-08-07T06:52:03Z</time>
   </trkpt>
   <trkpt lat="25.0161690" lon="121.4029140">
    <ele>27.2</ele>
    <time>2025-08-07T06:52:04Z</time>
   </trkpt>
   <trkpt lat="25.0161860" lon="121.4029100">
    <ele>27.2</ele>
    <time>2025-08-07T06:52:05Z</time>
   </trkpt>
   <trkpt lat="25.0161980" lon="121.4029120">
    <ele>27.2</ele>
    <time>2025-08-07T06:52:06Z</time>
   </trkpt>
   <trkpt lat="25.0162160" lon="121.4029110">
    <ele>27.2</ele>
    <time>2025-08-07T06:52:07Z</time>
   </trkpt>
   <trkpt lat="25.0162220" lon="121.4029110">
    <ele>27.2</ele>
    <time>2025-08-07T06:52:08Z</time>
   </trkpt>
   <trkpt lat="25.0162320" lon="121.4029120">
    <ele>27.2</ele>
    <time>2025-08-07T06:52:09Z</time>
   </trkpt>
   <trkpt lat="25.0162390" lon="121.4029160">
    <ele>27.2</ele>
    <time>2025-08-07T06:52:10Z</time>
   </trkpt>
   <trkpt lat="25.0162460" lon="121.4029160">
    <ele>27.2</ele>
    <time>2025-08-07T06:52:11Z</time>
   </trkpt>
   <trkpt lat="25.0162510" lon="121.4029060">
    <ele>27.2</ele>
    <time>2025-08-07T06:52:12Z</time>
   </trkpt>
   <trkpt lat="25.0162570" lon="121.4029040">
    <ele>27.2</ele>
    <time>2025-08-07T06:52:13Z</time>
   </trkpt>
   <trkpt lat="25.0162680" lon="121.4028980">
    <ele>27.2</ele>
    <time>2025-08-07T06:52:14Z</time>
   </trkpt>
   <trkpt lat="25.0162860" lon="121.4028970">
    <ele>27.2</ele>
    <time>2025-08-07T06:52:15Z</time>
   </trkpt>
   <trkpt lat="25.0162950" lon="121.4029090">
    <ele>27.2</ele>
    <time>2025-08-07T06:52:16Z</time>
   </trkpt>
   <trkpt lat="25.0163140" lon="121.4029170">
    <ele>27.2</ele>
    <time>2025-08-07T06:52:17Z</time>
   </trkpt>
   <trkpt lat="25.0163240" lon="121.4029250">
    <ele>27.2</ele>
    <time>2025-08-07T06:52:18Z</time>
   </trkpt>
   <trkpt lat="25.0163260" lon="121.4029390">
    <ele>27.2</ele>
    <time>2025-08-07T06:52:19Z</time>
   </trkpt>
   <trkpt lat="25.0163280" lon="121.4029530">
    <ele>27.2</ele>
    <time>2025-08-07T06:52:20Z</time>
   </trkpt>
   <trkpt lat="25.0163310" lon="121.4029620">
    <ele>27.2</ele>
    <time>2025-08-07T06:52:21Z</time>
   </trkpt>
   <trkpt lat="25.0163380" lon="121.4029740">
    <ele>27.2</ele>
    <time>2025-08-07T06:52:22Z</time>
   </trkpt>
   <trkpt lat="25.0163470" lon="121.4029870">
    <ele>27.2</ele>
    <time>2025-08-07T06:52:23Z</time>
   </trkpt>
   <trkpt lat="25.0163490" lon="121.4030030">
    <ele>27.2</ele>
    <time>2025-08-07T06:52:24Z</time>
   </trkpt>
   <trkpt lat="25.0163550" lon="121.4030170">
    <ele>27.2</ele>
    <time>2025-08-07T06:52:25Z</time>
   </trkpt>
   <trkpt lat="25.0163590" lon="121.4030430">
    <ele>27.2</ele>
    <time>2025-08-07T06:52:26Z</time>
   </trkpt>
   <trkpt lat="25.0163600" lon="121.4030510">
    <ele>27.1</ele>
    <time>2025-08-07T06:52:27Z</time>
   </trkpt>
   <trkpt lat="25.0163620" lon="121.4030600">
    <ele>27.1</ele>
    <time>2025-08-07T06:52:28Z</time>
   </trkpt>
   <trkpt lat="25.0163640" lon="121.4030810">
    <ele>27.1</ele>
    <time>2025-08-07T06:52:29Z</time>
   </trkpt>
   <trkpt lat="25.0163670" lon="121.4030920">
    <ele>27.1</ele>
    <time>2025-08-07T06:52:30Z</time>
   </trkpt>
   <trkpt lat="25.0163690" lon="121.4031020">
    <ele>27.1</ele>
    <time>2025-08-07T06:52:31Z</time>
   </trkpt>
   <trkpt lat="25.0163690" lon="121.4031240">
    <ele>27.1</ele>
    <time>2025-08-07T06:52:32Z</time>
   </trkpt>
   <trkpt lat="25.0163660" lon="121.4031360">
    <ele>27.1</ele>
    <time>2025-08-07T06:52:33Z</time>
   </trkpt>
   <trkpt lat="25.0163620" lon="121.4031470">
    <ele>27.1</ele>
    <time>2025-08-07T06:52:34Z</time>
   </trkpt>
   <trkpt lat="25.0163630" lon="121.4031510">
    <ele>27.1</ele>
    <time>2025-08-07T06:52:35Z</time>
   </trkpt>
   <trkpt lat="25.0163670" lon="121.4031530">
    <ele>27.1</ele>
    <time>2025-08-07T06:52:36Z</time>
   </trkpt>
   <trkpt lat="25.0163720" lon="121.4031540">
    <ele>27.1</ele>
    <time>2025-08-07T06:52:37Z</time>
   </trkpt>
   <trkpt lat="25.0163760" lon="121.4031550">
    <ele>27.1</ele>
    <time>2025-08-07T06:52:38Z</time>
   </trkpt>
   <trkpt lat="25.0163800" lon="121.4031570">
    <ele>27.1</ele>
    <time>2025-08-07T06:52:39Z</time>
   </trkpt>
   <trkpt lat="25.0163840" lon="121.4031580">
    <ele>27.1</ele>
    <time>2025-08-07T06:52:40Z</time>
   </trkpt>
   <trkpt lat="25.0163890" lon="121.4031590">
    <ele>27.1</ele>
    <time>2025-08-07T06:52:41Z</time>
   </trkpt>
   <trkpt lat="25.0163930" lon="121.4031600">
    <ele>27.1</ele>
    <time>2025-08-07T06:52:42Z</time>
   </trkpt>
   <trkpt lat="25.0163970" lon="121.4031620">
    <ele>27.1</ele>
    <time>2025-08-07T06:52:43Z</time>
   </trkpt>
   <trkpt lat="25.0164010" lon="121.4031630">
    <ele>27.1</ele>
    <time>2025-08-07T06:52:44Z</time>
   </trkpt>
   <trkpt lat="25.0164060" lon="121.4031640">
    <ele>27.1</ele>
    <time>2025-08-07T06:52:45Z</time>
   </trkpt>
   <trkpt lat="25.0164100" lon="121.4031660">
    <ele>27.1</ele>
    <time>2025-08-07T06:53:13Z</time>
   </trkpt>
   <trkpt lat="25.0164140" lon="121.4031670">
    <ele>27.1</ele>
    <time>2025-08-07T06:53:14Z</time>
   </trkpt>
   <trkpt lat="25.0163980" lon="121.4031760">
    <ele>27.1</ele>
    <time>2025-08-07T06:53:15Z</time>
   </trkpt>
   <trkpt lat="25.0163890" lon="121.4031800">
    <ele>27.1</ele>
    <time>2025-08-07T06:53:16Z</time>
   </trkpt>
   <trkpt lat="25.0163860" lon="121.4031870">
    <ele>27.1</ele>
    <time>2025-08-07T06:53:17Z</time>
   </trkpt>
   <trkpt lat="25.0163830" lon="121.4031920">
    <ele>27.1</ele>
    <time>2025-08-07T06:53:18Z</time>
   </trkpt>
   <trkpt lat="25.0163730" lon="121.4031930">
    <ele>27.1</ele>
    <time>2025-08-07T06:53:19Z</time>
   </trkpt>
   <trkpt lat="25.0163740" lon="121.4032040">
    <ele>27.1</ele>
    <time>2025-08-07T06:53:20Z</time>
   </trkpt>
   <trkpt lat="25.0163790" lon="121.4032090">
    <ele>27.1</ele>
    <time>2025-08-07T06:53:21Z</time>
   </trkpt>
   <trkpt lat="25.0163830" lon="121.4032120">
    <ele>27.1</ele>
    <time>2025-08-07T06:53:22Z</time>
   </trkpt>
   <trkpt lat="25.0163810" lon="121.4032110">
    <ele>27.1</ele>
    <time>2025-08-07T06:53:23Z</time>
   </trkpt>
   <trkpt lat="25.0164060" lon="121.4032180">
    <ele>27.1</ele>
    <time>2025-08-07T06:53:24Z</time>
   </trkpt>
   <trkpt lat="25.0164090" lon="121.4032180">
    <ele>27.1</ele>
    <time>2025-08-07T06:53:25Z</time>
   </trkpt>
   <trkpt lat="25.0165410" lon="121.4032220">
    <ele>27.0</ele>
    <time>2025-08-07T06:53:44Z</time>
   </trkpt>
   <trkpt lat="25.0165250" lon="121.4031940">
    <ele>27.0</ele>
    <time>2025-08-07T06:53:45Z</time>
   </trkpt>
   <trkpt lat="25.0165140" lon="121.4031900">
    <ele>27.0</ele>
    <time>2025-08-07T06:53:46Z</time>
   </trkpt>
   <trkpt lat="25.0165270" lon="121.4031990">
    <ele>27.0</ele>
    <time>2025-08-07T06:53:47Z</time>
   </trkpt>
   <trkpt lat="25.0165380" lon="121.4032060">
    <ele>27.0</ele>
    <time>2025-08-07T06:53:48Z</time>
   </trkpt>
   <trkpt lat="25.0165250" lon="121.4032240">
    <ele>27.0</ele>
    <time>2025-08-07T06:53:49Z</time>
   </trkpt>
   <trkpt lat="25.0165050" lon="121.4032470">
    <ele>27.0</ele>
    <time>2025-08-07T06:53:50Z</time>
   </trkpt>
   <trkpt lat="25.0164930" lon="121.4032630">
    <ele>27.0</ele>
    <time>2025-08-07T06:53:51Z</time>
   </trkpt>
   <trkpt lat="25.0164820" lon="121.4032680">
    <ele>27.0</ele>
    <time>2025-08-07T06:53:52Z</time>
   </trkpt>
   <trkpt lat="25.0164750" lon="121.4032760">
    <ele>27.0</ele>
    <time>2025-08-07T06:53:53Z</time>
   </trkpt>
   <trkpt lat="25.0164730" lon="121.4032820">
    <ele>27.0</ele>
    <time>2025-08-07T06:53:54Z</time>
   </trkpt>
   <trkpt lat="25.0164720" lon="121.4032880">
    <ele>27.0</ele>
    <time>2025-08-07T06:53:55Z</time>
   </trkpt>
   <trkpt lat="25.0164700" lon="121.4032930">
    <ele>27.0</ele>
    <time>2025-08-07T06:53:56Z</time>
   </trkpt>
   <trkpt lat="25.0164690" lon="121.4032990">
    <ele>27.0</ele>
    <time>2025-08-07T06:53:57Z</time>
   </trkpt>
   <trkpt lat="25.0164670" lon="121.4033050">
    <ele>27.0</ele>
    <time>2025-08-07T06:53:58Z</time>
   </trkpt>
   <trkpt lat="25.0164650" lon="121.4033280">
    <ele>26.9</ele>
    <time>2025-08-07T06:53:59Z</time>
   </trkpt>
   <trkpt lat="25.0164680" lon="121.4033410">
    <ele>26.9</ele>
    <time>2025-08-07T06:54:00Z</time>
   </trkpt>
   <trkpt lat="25.0164720" lon="121.4033530">
    <ele>26.9</ele>
    <time>2025-08-07T06:54:01Z</time>
   </trkpt>
   <trkpt lat="25.0164820" lon="121.4033650">
    <ele>26.9</ele>
    <time>2025-08-07T06:54:02Z</time>
   </trkpt>
   <trkpt lat="25.0164760" lon="121.4033680">
    <ele>26.9</ele>
    <time>2025-08-07T06:54:03Z</time>
   </trkpt>
   <trkpt lat="25.0164690" lon="121.4033670">
    <ele>26.9</ele>
    <time>2025-08-07T06:54:04Z</time>
   </trkpt>
   <trkpt lat="25.0164710" lon="121.4033650">
    <ele>26.9</ele>
    <time>2025-08-07T06:54:05Z</time>
   </trkpt>
   <trkpt lat="25.0164760" lon="121.4033700">
    <ele>26.9</ele>
    <time>2025-08-07T06:54:06Z</time>
   </trkpt>
   <trkpt lat="25.0164830" lon="121.4033750">
    <ele>26.9</ele>
    <time>2025-08-07T06:54:07Z</time>
   </trkpt>
   <trkpt lat="25.0164800" lon="121.4033910">
    <ele>26.9</ele>
    <time>2025-08-07T06:54:08Z</time>
   </trkpt>
   <trkpt lat="25.0164790" lon="121.4034000">
    <ele>26.9</ele>
    <time>2025-08-07T06:54:09Z</time>
   </trkpt>
   <trkpt lat="25.0164850" lon="121.4034110">
    <ele>26.9</ele>
    <time>2025-08-07T06:54:10Z</time>
   </trkpt>
   <trkpt lat="25.0164900" lon="121.4034210">
    <ele>26.9</ele>
    <time>2025-08-07T06:54:11Z</time>
   </trkpt>
   <trkpt lat="25.0164950" lon="121.4034310">
    <ele>26.9</ele>
    <time>2025-08-07T06:54:12Z</time>
   </trkpt>
   <trkpt lat="25.0165000" lon="121.4034420">
    <ele>26.9</ele>
    <time>2025-08-07T06:54:13Z</time>
   </trkpt>
   <trkpt lat="25.0165060" lon="121.4034520">
    <ele>26.9</ele>
    <time>2025-08-07T06:54:19Z</time>
   </trkpt>
   <trkpt lat="25.0165110" lon="121.4034630">
    <ele>26.9</ele>
    <time>2025-08-07T06:54:20Z</time>
   </trkpt>
   <trkpt lat="25.0165160" lon="121.4034730">
    <ele>26.9</ele>
    <time>2025-08-07T06:54:21Z</time>
   </trkpt>
   <trkpt lat="25.0165550" lon="121.4034770">
    <ele>26.9</ele>
    <time>2025-08-07T06:54:22Z</time>
   </trkpt>
   <trkpt lat="25.0165850" lon="121.4034590">
    <ele>26.9</ele>
    <time>2025-08-07T06:54:23Z</time>
   </trkpt>
   <trkpt lat="25.0166120" lon="121.4034550">
    <ele>26.9</ele>
    <time>2025-08-07T06:54:24Z</time>
   </trkpt>
   <trkpt lat="25.0166050" lon="121.4034360">
    <ele>26.9</ele>
    <time>2025-08-07T06:54:25Z</time>
   </trkpt>
   <trkpt lat="25.0165950" lon="121.4034260">
    <ele>26.9</ele>
    <time>2025-08-07T06:54:26Z</time>
   </trkpt>
   <trkpt lat="25.0165840" lon="121.4034160">
    <ele>26.9</ele>
    <time>2025-08-07T06:54:27Z</time>
   </trkpt>
   <trkpt lat="25.0165470" lon="121.4034460">
    <ele>26.9</ele>
    <time>2025-08-07T06:54:28Z</time>
   </trkpt>
   <trkpt lat="25.0165220" lon="121.4034920">
    <ele>26.9</ele>
    <time>2025-08-07T06:54:29Z</time>
   </trkpt>
   <trkpt lat="25.0164960" lon="121.4035380">
    <ele>26.9</ele>
    <time>2025-08-07T06:54:30Z</time>
   </trkpt>
   <trkpt lat="25.0164710" lon="121.4035840">
    <ele>26.8</ele>
    <time>2025-08-07T06:54:31Z</time>
   </trkpt>
   <trkpt lat="25.0164450" lon="121.4036310">
    <ele>26.8</ele>
    <time>2025-08-07T06:54:32Z</time>
   </trkpt>
   <trkpt lat="25.0164190" lon="121.4036770">
    <ele>26.8</ele>
    <time>2025-08-07T06:54:33Z</time>
   </trkpt>
   <trkpt lat="25.0163940" lon="121.4037230">
    <ele>26.8</ele>
    <time>2025-08-07T06:54:34Z</time>
   </trkpt>
   <trkpt lat="25.0163680" lon="121.4037690">
    <ele>26.8</ele>
    <time>2025-08-07T06:54:35Z</time>
   </trkpt>
   <trkpt lat="25.0163430" lon="121.4038150">
    <ele>26.8</ele>
    <time>2025-08-07T06:54:36Z</time>
   </trkpt>
   <trkpt lat="25.0163170" lon="121.4038610">
    <ele>26.8</ele>
    <time>2025-08-07T06:54:37Z</time>
   </trkpt>
   <trkpt lat="25.0163660" lon="121.4037830">
    <ele>26.8</ele>
    <time>2025-08-07T06:54:38Z</time>
   </trkpt>
   <trkpt lat="25.0164170" lon="121.4037110">
    <ele>26.8</ele>
    <time>2025-08-07T06:54:39Z</time>
   </trkpt>
   <trkpt lat="25.0164690" lon="121.4036400">
    <ele>26.8</ele>
    <time>2025-08-07T06:54:40Z</time>
   </trkpt>
   <trkpt lat="25.0165200" lon="121.4035680">
    <ele>26.8</ele>
    <time>2025-08-07T06:54:41Z</time>
   </trkpt>
   <trkpt lat="25.0165710" lon="121.4034970">
    <ele>26.7</ele>
    <time>2025-08-07T06:54:42Z</time>
   </trkpt>
   <trkpt lat="25.0165660" lon="121.4034680">
    <ele>26.7</ele>
    <time>2025-08-07T06:54:43Z</time>
   </trkpt>
   <trkpt lat="25.0165620" lon="121.4034490">
    <ele>26.7</ele>
    <time>2025-08-07T06:54:45Z</time>
   </trkpt>
   <trkpt lat="25.0165570" lon="121.4034290">
    <ele>26.7</ele>
    <time>2025-08-07T06:54:46Z</time>
   </trkpt>
   <trkpt lat="25.0165530" lon="121.4034100">
    <ele>26.7</ele>
    <time>2025-08-07T06:54:47Z</time>
   </trkpt>
   <trkpt lat="25.0165570" lon="121.4034090">
    <ele>26.7</ele>
    <time>2025-08-07T06:54:48Z</time>
   </trkpt>
   <trkpt lat="25.0165330" lon="121.4034100">
    <ele>26.7</ele>
    <time>2025-08-07T06:54:49Z</time>
   </trkpt>
   <trkpt lat="25.0162880" lon="121.4035750">
    <ele>26.6</ele>
    <time>2025-08-07T06:54:55Z</time>
   </trkpt>
   <trkpt lat="25.0163510" lon="121.4035560">
    <ele>26.6</ele>
    <time>2025-08-07T06:54:56Z</time>
   </trkpt>
   <trkpt lat="25.0164050" lon="121.4036090">
    <ele>26.6</ele>
    <time>2025-08-07T06:54:57Z</time>
   </trkpt>
   <trkpt lat="25.0164020" lon="121.4036520">
    <ele>26.6</ele>
    <time>2025-08-07T06:54:58Z</time>
   </trkpt>
   <trkpt lat="25.0164420" lon="121.4036260">
    <ele>26.6</ele>
    <time>2025-08-07T06:54:59Z</time>
   </trkpt>
   <trkpt lat="25.0164760" lon="121.4035640">
    <ele>26.6</ele>
    <time>2025-08-07T06:55:00Z</time>
   </trkpt>
   <trkpt lat="25.0164960" lon="121.4035350">
    <ele>26.6</ele>
    <time>2025-08-07T06:55:01Z</time>
   </trkpt>
   <trkpt lat="25.0165010" lon="121.4035250">
    <ele>26.6</ele>
    <time>2025-08-07T06:55:02Z</time>
   </trkpt>
   <trkpt lat="25.0165000" lon="121.4035370">
    <ele>26.6</ele>
    <time>2025-08-07T06:55:03Z</time>
   </trkpt>
   <trkpt lat="25.0164950" lon="121.4035480">
    <ele>26.6</ele>
    <time>2025-08-07T06:55:04Z</time>
   </trkpt>
   <trkpt lat="25.0164910" lon="121.4035590">
    <ele>26.6</ele>
    <time>2025-08-07T06:55:05Z</time>
   </trkpt>
   <trkpt lat="25.0164860" lon="121.4035700">
    <ele>26.5</ele>
    <time>2025-08-07T06:55:06Z</time>
   </trkpt>
   <trkpt lat="25.0164910" lon="121.4035700">
    <ele>26.5</ele>
    <time>2025-08-07T06:55:07Z</time>
   </trkpt>
   <trkpt lat="25.0164820" lon="121.4035740">
    <ele>26.5</ele>
    <time>2025-08-07T06:55:08Z</time>
   </trkpt>
   <trkpt lat="25.0164820" lon="121.4035910">
    <ele>26.5</ele>
    <time>2025-08-07T06:55:09Z</time>
   </trkpt>
   <trkpt lat="25.0164890" lon="121.4036060">
    <ele>26.5</ele>
    <time>2025-08-07T06:55:10Z</time>
   </trkpt>
   <trkpt lat="25.0164870" lon="121.4036150">
    <ele>26.5</ele>
    <time>2025-08-07T06:55:11Z</time>
   </trkpt>
   <trkpt lat="25.0164880" lon="121.4036210">
    <ele>26.5</ele>
    <time>2025-08-07T06:55:12Z</time>
   </trkpt>
   <trkpt lat="25.0164880" lon="121.4036430">
    <ele>26.5</ele>
    <time>2025-08-07T06:55:13Z</time>
   </trkpt>
   <trkpt lat="25.0164860" lon="121.4036770">
    <ele>26.5</ele>
    <time>2025-08-07T06:55:14Z</time>
   </trkpt>
   <trkpt lat="25.0164860" lon="121.4036870">
    <ele>26.5</ele>
    <time>2025-08-07T06:55:15Z</time>
   </trkpt>
   <trkpt lat="25.0165010" lon="121.4037140">
    <ele>26.5</ele>
    <time>2025-08-07T06:55:16Z</time>
   </trkpt>
   <trkpt lat="25.0165060" lon="121.4037300">
    <ele>26.5</ele>
    <time>2025-08-07T06:55:17Z</time>
   </trkpt>
   <trkpt lat="25.0165070" lon="121.4037490">
    <ele>26.5</ele>
    <time>2025-08-07T06:55:18Z</time>
   </trkpt>
   <trkpt lat="25.0165280" lon="121.4037670">
    <ele>26.5</ele>
    <time>2025-08-07T06:55:19Z</time>
   </trkpt>
   <trkpt lat="25.0165360" lon="121.4037590">
    <ele>26.5</ele>
    <time>2025-08-07T06:55:20Z</time>
   </trkpt>
   <trkpt lat="25.0165250" lon="121.4037420">
    <ele>26.5</ele>
    <time>2025-08-07T06:55:21Z</time>
   </trkpt>
   <trkpt lat="25.0165170" lon="121.4037320">
    <ele>26.5</ele>
    <time>2025-08-07T06:55:22Z</time>
   </trkpt>
   <trkpt lat="25.0165200" lon="121.4037350">
    <ele>26.5</ele>
    <time>2025-08-07T06:55:23Z</time>
   </trkpt>
   <trkpt lat="25.0165240" lon="121.4037370">
    <ele>26.5</ele>
    <time>2025-08-07T06:55:24Z</time>
   </trkpt>
   <trkpt lat="25.0165290" lon="121.4037390">
    <ele>26.5</ele>
    <time>2025-08-07T06:55:25Z</time>
   </trkpt>
   <trkpt lat="25.0165330" lon="121.4037400">
    <ele>26.5</ele>
    <time>2025-08-07T06:55:26Z</time>
   </trkpt>
   <trkpt lat="25.0165370" lon="121.4037420">
    <ele>26.5</ele>
    <time>2025-08-07T06:55:27Z</time>
   </trkpt>
   <trkpt lat="25.0165410" lon="121.4037440">
    <ele>26.5</ele>
    <time>2025-08-07T06:55:28Z</time>
   </trkpt>
   <trkpt lat="25.0165460" lon="121.4037460">
    <ele>26.5</ele>
    <time>2025-08-07T06:55:29Z</time>
   </trkpt>
   <trkpt lat="25.0165500" lon="121.4037480">
    <ele>26.5</ele>
    <time>2025-08-07T06:55:32Z</time>
   </trkpt>
   <trkpt lat="25.0165540" lon="121.4037500">
    <ele>26.5</ele>
    <time>2025-08-07T06:55:33Z</time>
   </trkpt>
   <trkpt lat="25.0165580" lon="121.4037510">
    <ele>26.5</ele>
    <time>2025-08-07T06:55:34Z</time>
   </trkpt>
   <trkpt lat="25.0165630" lon="121.4037530">
    <ele>26.5</ele>
    <time>2025-08-07T06:55:35Z</time>
   </trkpt>
   <trkpt lat="25.0165670" lon="121.4037550">
    <ele>26.5</ele>
    <time>2025-08-07T06:55:36Z</time>
   </trkpt>
   <trkpt lat="25.0165710" lon="121.4037570">
    <ele>26.5</ele>
    <time>2025-08-07T06:55:37Z</time>
   </trkpt>
   <trkpt lat="25.0165740" lon="121.4037890">
    <ele>26.5</ele>
    <time>2025-08-07T06:55:38Z</time>
   </trkpt>
   <trkpt lat="25.0165680" lon="121.4038070">
    <ele>26.5</ele>
    <time>2025-08-07T06:55:39Z</time>
   </trkpt>
   <trkpt lat="25.0165720" lon="121.4038340">
    <ele>26.5</ele>
    <time>2025-08-07T06:55:40Z</time>
   </trkpt>
   <trkpt lat="25.0165750" lon="121.4038400">
    <ele>26.5</ele>
    <time>2025-08-07T06:55:41Z</time>
   </trkpt>
   <trkpt lat="25.0165770" lon="121.4038470">
    <ele>26.5</ele>
    <time>2025-08-07T06:55:42Z</time>
   </trkpt>
   <trkpt lat="25.0165800" lon="121.4038530">
    <ele>26.5</ele>
    <time>2025-08-07T06:55:43Z</time>
   </trkpt>
   <trkpt lat="25.0165830" lon="121.4038680">
    <ele>26.5</ele>
    <time>2025-08-07T06:55:44Z</time>
   </trkpt>
   <trkpt lat="25.0165890" lon="121.4038820">
    <ele>26.5</ele>
    <time>2025-08-07T06:55:45Z</time>
   </trkpt>
   <trkpt lat="25.0165990" lon="121.4038900">
    <ele>26.5</ele>
    <time>2025-08-07T06:55:47Z</time>
   </trkpt>
   <trkpt lat="25.0166220" lon="121.4039210">
    <ele>26.4</ele>
    <time>2025-08-07T06:55:48Z</time>
   </trkpt>
   <trkpt lat="25.0166250" lon="121.4039410">
    <ele>26.4</ele>
    <time>2025-08-07T06:55:49Z</time>
   </trkpt>
   <trkpt lat="25.0166320" lon="121.4039540">
    <ele>26.4</ele>
    <time>2025-08-07T06:55:50Z</time>
   </trkpt>
   <trkpt lat="25.0166340" lon="121.4039710">
    <ele>26.4</ele>
    <time>2025-08-07T06:55:51Z</time>
   </trkpt>
   <trkpt lat="25.0166320" lon="121.4039800">
    <ele>26.4</ele>
    <time>2025-08-07T06:55:52Z</time>
   </trkpt>
   <trkpt lat="25.0166240" lon="121.4039690">
    <ele>26.4</ele>
    <time>2025-08-07T06:55:53Z</time>
   </trkpt>
   <trkpt lat="25.0166180" lon="121.4039570">
    <ele>26.4</ele>
    <time>2025-08-07T06:55:54Z</time>
   </trkpt>
   <trkpt lat="25.0166170" lon="121.4039510">
    <ele>26.4</ele>
    <time>2025-08-07T06:55:55Z</time>
   </trkpt>
   <trkpt lat="25.0166180" lon="121.4039500">
    <ele>26.4</ele>
    <time>2025-08-07T06:55:56Z</time>
   </trkpt>
   <trkpt lat="25.0166170" lon="121.4039550">
    <ele>26.4</ele>
    <time>2025-08-07T06:55:57Z</time>
   </trkpt>
   <trkpt lat="25.0166190" lon="121.4039630">
    <ele>26.4</ele>
    <time>2025-08-07T06:55:58Z</time>
   </trkpt>
   <trkpt lat="25.0166190" lon="121.4039610">
    <ele>26.4</ele>
    <time>2025-08-07T06:55:59Z</time>
   </trkpt>
   <trkpt lat="25.0166200" lon="121.4039450">
    <ele>26.4</ele>
    <time>2025-08-07T06:56:00Z</time>
   </trkpt>
   <trkpt lat="25.0166220" lon="121.4039460">
    <ele>26.4</ele>
    <time>2025-08-07T06:56:01Z</time>
   </trkpt>
   <trkpt lat="25.0166260" lon="121.4039470">
    <ele>26.4</ele>
    <time>2025-08-07T06:56:02Z</time>
   </trkpt>
   <trkpt lat="25.0166290" lon="121.4039490">
    <ele>26.4</ele>
    <time>2025-08-07T06:56:03Z</time>
   </trkpt>
   <trkpt lat="25.0166330" lon="121.4039500">
    <ele>26.4</ele>
    <time>2025-08-07T06:56:04Z</time>
   </trkpt>
   <trkpt lat="25.0166360" lon="121.4039510">
    <ele>26.4</ele>
    <time>2025-08-07T06:56:05Z</time>
   </trkpt>
   <trkpt lat="25.0166400" lon="121.4039520">
    <ele>26.4</ele>
    <time>2025-08-07T06:56:06Z</time>
   </trkpt>
   <trkpt lat="25.0166430" lon="121.4039530">
    <ele>26.4</ele>
    <time>2025-08-07T06:56:07Z</time>
   </trkpt>
   <trkpt lat="25.0166460" lon="121.4039540">
    <ele>26.4</ele>
    <time>2025-08-07T06:56:08Z</time>
   </trkpt>
   <trkpt lat="25.0166500" lon="121.4039560">
    <ele>26.4</ele>
    <time>2025-08-07T06:57:51Z</time>
   </trkpt>
   <trkpt lat="25.0166530" lon="121.4039570">
    <ele>26.4</ele>
    <time>2025-08-07T06:57:52Z</time>
   </trkpt>
   <trkpt lat="25.0166570" lon="121.4039580">
    <ele>26.4</ele>
    <time>2025-08-07T06:57:53Z</time>
   </trkpt>
   <trkpt lat="25.0166600" lon="121.4039590">
    <ele>26.4</ele>
    <time>2025-08-07T06:57:54Z</time>
   </trkpt>
   <trkpt lat="25.0166640" lon="121.4039600">
    <ele>26.4</ele>
    <time>2025-08-07T06:57:55Z</time>
   </trkpt>
   <trkpt lat="25.0166670" lon="121.4039610">
    <ele>26.4</ele>
    <time>2025-08-07T06:57:56Z</time>
   </trkpt>
   <trkpt lat="25.0166710" lon="121.4039630">
    <ele>26.4</ele>
    <time>2025-08-07T06:57:57Z</time>
   </trkpt>
   <trkpt lat="25.0166740" lon="121.4039640">
    <ele>26.4</ele>
    <time>2025-08-07T06:57:58Z</time>
   </trkpt>
   <trkpt lat="25.0166770" lon="121.4039650">
    <ele>26.4</ele>
    <time>2025-08-07T06:57:59Z</time>
   </trkpt>
   <trkpt lat="25.0166810" lon="121.4039660">
    <ele>26.4</ele>
    <time>2025-08-07T06:58:00Z</time>
   </trkpt>
   <trkpt lat="25.0166840" lon="121.4039670">
    <ele>26.4</ele>
    <time>2025-08-07T06:58:01Z</time>
   </trkpt>
   <trkpt lat="25.0166880" lon="121.4039680">
    <ele>26.4</ele>
    <time>2025-08-07T06:58:02Z</time>
   </trkpt>
   <trkpt lat="25.0166910" lon="121.4039700">
    <ele>26.4</ele>
    <time>2025-08-07T06:58:03Z</time>
   </trkpt>
   <trkpt lat="25.0166950" lon="121.4039710">
    <ele>26.4</ele>
    <time>2025-08-07T06:58:04Z</time>
   </trkpt>
   <trkpt lat="25.0166980" lon="121.4039720">
    <ele>26.4</ele>
    <time>2025-08-07T06:58:05Z</time>
   </trkpt>
   <trkpt lat="25.0165970" lon="121.4039530">
    <ele>26.4</ele>
    <time>2025-08-07T06:58:06Z</time>
   </trkpt>
   <trkpt lat="25.0165960" lon="121.4039490">
    <ele>26.4</ele>
    <time>2025-08-07T06:58:07Z</time>
   </trkpt>
   <trkpt lat="25.0166090" lon="121.4039610">
    <ele>26.4</ele>
    <time>2025-08-07T06:58:08Z</time>
   </trkpt>
   <trkpt lat="25.0166190" lon="121.4039820">
    <ele>26.4</ele>
    <time>2025-08-07T06:58:09Z</time>
   </trkpt>
   <trkpt lat="25.0166390" lon="121.4039930">
    <ele>26.4</ele>
    <time>2025-08-07T06:58:10Z</time>
   </trkpt>
   <trkpt lat="25.0166600" lon="121.4040050">
    <ele>26.4</ele>
    <time>2025-08-07T06:58:11Z</time>
   </trkpt>
   <trkpt lat="25.0166800" lon="121.4040160">
    <ele>26.4</ele>
    <time>2025-08-07T06:58:12Z</time>
   </trkpt>
   <trkpt lat="25.0166560" lon="121.4040200">
    <ele>26.4</ele>
    <time>2025-08-07T06:58:13Z</time>
   </trkpt>
   <trkpt lat="25.0166350" lon="121.4040260">
    <ele>26.4</ele>
    <time>2025-08-07T06:58:14Z</time>
   </trkpt>
   <trkpt lat="25.0166140" lon="121.4040310">
    <ele>26.4</ele>
    <time>2025-08-07T06:58:15Z</time>
   </trkpt>
   <trkpt lat="25.0165930" lon="121.4040370">
    <ele>26.4</ele>
    <time>2025-08-07T06:58:16Z</time>
   </trkpt>
   <trkpt lat="25.0165560" lon="121.4039770">
    <ele>26.3</ele>
    <time>2025-08-07T06:58:17Z</time>
   </trkpt>
   <trkpt lat="25.0165520" lon="121.4039590">
    <ele>26.3</ele>
    <time>2025-08-07T06:58:18Z</time>
   </trkpt>
   <trkpt lat="25.0165500" lon="121.4039450">
    <ele>26.3</ele>
    <time>2025-08-07T06:58:19Z</time>
   </trkpt>
   <trkpt lat="25.0165640" lon="121.4039410">
    <ele>26.3</ele>
    <time>2025-08-07T06:58:20Z</time>
   </trkpt>
   <trkpt lat="25.0165580" lon="121.4039410">
    <ele>26.3</ele>
    <time>2025-08-07T06:58:21Z</time>
   </trkpt>
   <trkpt lat="25.0165690" lon="121.4039210">
    <ele>26.3</ele>
    <time>2025-08-07T06:58:22Z</time>
   </trkpt>
   <trkpt lat="25.0165750" lon="121.4039280">
    <ele>26.3</ele>
    <time>2025-08-07T06:58:23Z</time>
   </trkpt>
   <trkpt lat="25.0165770" lon="121.4039320">
    <ele>26.3</ele>
    <time>2025-08-07T06:58:24Z</time>
   </trkpt>
   <trkpt lat="25.0165790" lon="121.4039360">
    <ele>26.3</ele>
    <time>2025-08-07T06:58:25Z</time>
   </trkpt>
   <trkpt lat="25.0165800" lon="121.4039410">
    <ele>26.3</ele>
    <time>2025-08-07T06:58:26Z</time>
   </trkpt>
   <trkpt lat="25.0165820" lon="121.4039450">
    <ele>26.3</ele>
    <time>2025-08-07T06:58:27Z</time>
   </trkpt>
   <trkpt lat="25.0165840" lon="121.4039490">
    <ele>26.3</ele>
    <time>2025-08-07T06:58:28Z</time>
   </trkpt>
   <trkpt lat="25.0165860" lon="121.4039530">
    <ele>26.3</ele>
    <time>2025-08-07T06:58:29Z</time>
   </trkpt>
   <trkpt lat="25.0165880" lon="121.4039570">
    <ele>26.3</ele>
    <time>2025-08-07T06:58:30Z</time>
   </trkpt>
   <trkpt lat="25.0165900" lon="121.4039610">
    <ele>26.3</ele>
    <time>2025-08-07T06:58:31Z</time>
   </trkpt>
   <trkpt lat="25.0165910" lon="121.4039660">
    <ele>26.3</ele>
    <time>2025-08-07T06:58:32Z</time>
   </trkpt>
   <trkpt lat="25.0165930" lon="121.4039700">
    <ele>26.3</ele>
    <time>2025-08-07T06:58:35Z</time>
   </trkpt>
   <trkpt lat="25.0165950" lon="121.4039740">
    <ele>26.3</ele>
    <time>2025-08-07T06:58:36Z</time>
   </trkpt>
   <trkpt lat="25.0166070" lon="121.4039740">
    <ele>26.3</ele>
    <time>2025-08-07T06:58:37Z</time>
   </trkpt>
   <trkpt lat="25.0166110" lon="121.4039730">
    <ele>26.3</ele>
    <time>2025-08-07T06:58:38Z</time>
   </trkpt>
   <trkpt lat="25.0166140" lon="121.4039690">
    <ele>26.3</ele>
    <time>2025-08-07T06:58:39Z</time>
   </trkpt>
   <trkpt lat="25.0166120" lon="121.4039690">
    <ele>26.3</ele>
    <time>2025-08-07T06:58:40Z</time>
   </trkpt>
   <trkpt lat="25.0166180" lon="121.4039710">
    <ele>26.3</ele>
    <time>2025-08-07T06:58:41Z</time>
   </trkpt>
   <trkpt lat="25.0166310" lon="121.4039710">
    <ele>26.3</ele>
    <time>2025-08-07T06:58:42Z</time>
   </trkpt>
   <trkpt lat="25.0166470" lon="121.4039960">
    <ele>26.3</ele>
    <time>2025-08-07T06:58:43Z</time>
   </trkpt>
   <trkpt lat="25.0166530" lon="121.4040070">
    <ele>26.3</ele>
    <time>2025-08-07T06:58:44Z</time>
   </trkpt>
   <trkpt lat="25.0166600" lon="121.4040190">
    <ele>26.3</ele>
    <time>2025-08-07T06:58:45Z</time>
   </trkpt>
   <trkpt lat="25.0166660" lon="121.4040300">
    <ele>26.3</ele>
    <time>2025-08-07T06:58:46Z</time>
   </trkpt>
   <trkpt lat="25.0166730" lon="121.4040420">
    <ele>26.3</ele>
    <time>2025-08-07T06:58:47Z</time>
   </trkpt>
   <trkpt lat="25.0166790" lon="121.4040540">
    <ele>26.3</ele>
    <time>2025-08-07T06:59:01Z</time>
   </trkpt>
   <trkpt lat="25.0166860" lon="121.4040650">
    <ele>26.3</ele>
    <time>2025-08-07T06:59:02Z</time>
   </trkpt>
   <trkpt lat="25.0166920" lon="121.4040770">
    <ele>26.3</ele>
    <time>2025-08-07T06:59:03Z</time>
   </trkpt>
   <trkpt lat="25.0166840" lon="121.4040820">
    <ele>26.3</ele>
    <time>2025-08-07T06:59:04Z</time>
   </trkpt>
   <trkpt lat="25.0166770" lon="121.4040900">
    <ele>26.3</ele>
    <time>2025-08-07T06:59:05Z</time>
   </trkpt>
   <trkpt lat="25.0166850" lon="121.4041070">
    <ele>26.3</ele>
    <time>2025-08-07T06:59:06Z</time>
   </trkpt>
   <trkpt lat="25.0167000" lon="121.4041180">
    <ele>26.3</ele>
    <time>2025-08-07T06:59:07Z</time>
   </trkpt>
   <trkpt lat="25.0167040" lon="121.4041240">
    <ele>26.3</ele>
    <time>2025-08-07T06:59:08Z</time>
   </trkpt>
   <trkpt lat="25.0167060" lon="121.4041360">
    <ele>26.3</ele>
    <time>2025-08-07T06:59:09Z</time>
   </trkpt>
   <trkpt lat="25.0167090" lon="121.4041550">
    <ele>26.3</ele>
    <time>2025-08-07T06:59:10Z</time>
   </trkpt>
   <trkpt lat="25.0167090" lon="121.4041660">
    <ele>26.3</ele>
    <time>2025-08-07T06:59:11Z</time>
   </trkpt>
   <trkpt lat="25.0167100" lon="121.4041760">
    <ele>26.3</ele>
    <time>2025-08-07T06:59:12Z</time>
   </trkpt>
   <trkpt lat="25.0167070" lon="121.4041940">
    <ele>26.3</ele>
    <time>2025-08-07T06:59:13Z</time>
   </trkpt>
   <trkpt lat="25.0167020" lon="121.4042100">
    <ele>26.3</ele>
    <time>2025-08-07T06:59:14Z</time>
   </trkpt>
   <trkpt lat="25.0166960" lon="121.4042230">
    <ele>26.3</ele>
    <time>2025-08-07T06:59:15Z</time>
   </trkpt>
   <trkpt lat="25.0166910" lon="121.4042330">
    <ele>26.3</ele>
    <time>2025-08-07T06:59:16Z</time>
   </trkpt>
   <trkpt lat="25.0167020" lon="121.4042390">
    <ele>26.3</ele>
    <time>2025-08-07T06:59:17Z</time>
   </trkpt>
   <trkpt lat="25.0167060" lon="121.4042450">
    <ele>26.3</ele>
    <time>2025-08-07T06:59:18Z</time>
   </trkpt>
   <trkpt lat="25.0167140" lon="121.4042500">
    <ele>26.3</ele>
    <time>2025-08-07T06:59:19Z</time>
   </trkpt>
   <trkpt lat="25.0167220" lon="121.4042590">
    <ele>26.3</ele>
    <time>2025-08-07T06:59:20Z</time>
   </trkpt>
   <trkpt lat="25.0167320" lon="121.4042650">
    <ele>26.3</ele>
    <time>2025-08-07T06:59:21Z</time>
   </trkpt>
   <trkpt lat="25.0167410" lon="121.4042700">
    <ele>26.3</ele>
    <time>2025-08-07T06:59:22Z</time>
   </trkpt>
   <trkpt lat="25.0167490" lon="121.4042740">
    <ele>26.2</ele>
    <time>2025-08-07T06:59:23Z</time>
   </trkpt>
   <trkpt lat="25.0167580" lon="121.4042760">
    <ele>26.2</ele>
    <time>2025-08-07T06:59:24Z</time>
   </trkpt>
   <trkpt lat="25.0167680" lon="121.4042790">
    <ele>26.2</ele>
    <time>2025-08-07T06:59:25Z</time>
   </trkpt>
   <trkpt lat="25.0167780" lon="121.4042790">
    <ele>26.2</ele>
    <time>2025-08-07T06:59:26Z</time>
   </trkpt>
   <trkpt lat="25.0167870" lon="121.4042810">
    <ele>26.2</ele>
    <time>2025-08-07T06:59:27Z</time>
   </trkpt>
   <trkpt lat="25.0167970" lon="121.4042850">
    <ele>26.2</ele>
    <time>2025-08-07T06:59:28Z</time>
   </trkpt>
   <trkpt lat="25.0168060" lon="121.4042890">
    <ele>26.1</ele>
    <time>2025-08-07T06:59:29Z</time>
   </trkpt>
   <trkpt lat="25.0168160" lon="121.4042920">
    <ele>26.1</ele>
    <time>2025-08-07T06:59:30Z</time>
   </trkpt>
   <trkpt lat="25.0168350" lon="121.4042970">
    <ele>26.1</ele>
    <time>2025-08-07T06:59:31Z</time>
   </trkpt>
   <trkpt lat="25.0168430" lon="121.4043000">
    <ele>26.1</ele>
    <time>2025-08-07T06:59:32Z</time>
   </trkpt>
   <trkpt lat="25.0168520" lon="121.4043020">
    <ele>26.1</ele>
    <time>2025-08-07T06:59:33Z</time>
   </trkpt>
   <trkpt lat="25.0168660" lon="121.4043030">
    <ele>26.0</ele>
    <time>2025-08-07T06:59:34Z</time>
   </trkpt>
   <trkpt lat="25.0168800" lon="121.4043130">
    <ele>26.0</ele>
    <time>2025-08-07T06:59:35Z</time>
   </trkpt>
   <trkpt lat="25.0168910" lon="121.4043120">
    <ele>26.0</ele>
    <time>2025-08-07T06:59:36Z</time>
   </trkpt>
   <trkpt lat="25.0169030" lon="121.4043110">
    <ele>26.0</ele>
    <time>2025-08-07T06:59:37Z</time>
   </trkpt>
   <trkpt lat="25.0169160" lon="121.4043150">
    <ele>25.9</ele>
    <time>2025-08-07T06:59:38Z</time>
   </trkpt>
   <trkpt lat="25.0169260" lon="121.4043250">
    <ele>25.9</ele>
    <time>2025-08-07T06:59:39Z</time>
   </trkpt>
   <trkpt lat="25.0169410" lon="121.4043110">
    <ele>25.9</ele>
    <time>2025-08-07T06:59:40Z</time>
   </trkpt>
   <trkpt lat="25.0169470" lon="121.4043100">
    <ele>25.9</ele>
    <time>2025-08-07T06:59:41Z</time>
   </trkpt>
   <trkpt lat="25.0169120" lon="121.4043090">
    <ele>25.9</ele>
    <time>2025-08-07T06:59:42Z</time>
   </trkpt>
   <trkpt lat="25.0168790" lon="121.4043060">
    <ele>26.0</ele>
    <time>2025-08-07T06:59:43Z</time>
   </trkpt>
   <trkpt lat="25.0168460" lon="121.4043030">
    <ele>26.1</ele>
    <time>2025-08-07T06:59:44Z</time>
   </trkpt>
   <trkpt lat="25.0168120" lon="121.4043000">
    <ele>26.1</ele>
    <time>2025-08-07T06:59:45Z</time>
   </trkpt>
   <trkpt lat="25.0167790" lon="121.4042970">
    <ele>26.2</ele>
    <time>2025-08-07T06:59:46Z</time>
   </trkpt>
   <trkpt lat="25.0167460" lon="121.4042940">
    <ele>26.2</ele>
    <time>2025-08-07T06:59:47Z</time>
   </trkpt>
   <trkpt lat="25.0167130" lon="121.4042910">
    <ele>26.3</ele>
    <time>2025-08-07T06:59:48Z</time>
   </trkpt>
   <trkpt lat="25.0166800" lon="121.4042880">
    <ele>26.3</ele>
    <time>2025-08-07T06:59:49Z</time>
   </trkpt>
   <trkpt lat="25.0166470" lon="121.4042850">
    <ele>26.3</ele>
    <time>2025-08-07T06:59:50Z</time>
   </trkpt>
   <trkpt lat="25.0166130" lon="121.4042820">
    <ele>26.4</ele>
    <time>2025-08-07T07:01:11Z</time>
   </trkpt>
   <trkpt lat="25.0165800" lon="121.4042790">
    <ele>26.4</ele>
    <time>2025-08-07T07:01:12Z</time>
   </trkpt>
   <trkpt lat="25.0165470" lon="121.4042760">
    <ele>26.4</ele>
    <time>2025-08-07T07:01:13Z</time>
   </trkpt>
   <trkpt lat="25.0165140" lon="121.4042730">
    <ele>26.4</ele>
    <time>2025-08-07T07:01:14Z</time>
   </trkpt>
   <trkpt lat="25.0165000" lon="121.4042690">
    <ele>26.5</ele>
    <time>2025-08-07T07:01:15Z</time>
   </trkpt>
   <trkpt lat="25.0164860" lon="121.4042670">
    <ele>26.5</ele>
    <time>2025-08-07T07:01:16Z</time>
   </trkpt>
   <trkpt lat="25.0164630" lon="121.4042650">
    <ele>26.5</ele>
    <time>2025-08-07T07:01:17Z</time>
   </trkpt>
   <trkpt lat="25.0164550" lon="121.4042630">
    <ele>26.5</ele>
    <time>2025-08-07T07:01:18Z</time>
   </trkpt>
   <trkpt lat="25.0164460" lon="121.4042610">
    <ele>26.5</ele>
    <time>2025-08-07T07:01:19Z</time>
   </trkpt>
   <trkpt lat="25.0164240" lon="121.4042570">
    <ele>26.5</ele>
    <time>2025-08-07T07:01:20Z</time>
   </trkpt>
   <trkpt lat="25.0164160" lon="121.4042570">
    <ele>26.5</ele>
    <time>2025-08-07T07:01:21Z</time>
   </trkpt>
   <trkpt lat="25.0164090" lon="121.4042580">
    <ele>26.5</ele>
    <time>2025-08-07T07:01:22Z</time>
   </trkpt>
   <trkpt lat="25.0163950" lon="121.4042540">
    <ele>26.5</ele>
    <time>2025-08-07T07:01:23Z</time>
   </trkpt>
   <trkpt lat="25.0163810" lon="121.4042480">
    <ele>26.5</ele>
    <time>2025-08-07T07:01:24Z</time>
   </trkpt>
   <trkpt lat="25.0163680" lon="121.4042460">
    <ele>26.5</ele>
    <time>2025-08-07T07:01:25Z</time>
   </trkpt>
   <trkpt lat="25.0163540" lon="121.4042390">
    <ele>26.5</ele>
    <time>2025-08-07T07:01:26Z</time>
   </trkpt>
   <trkpt lat="25.0163340" lon="121.4042380">
    <ele>26.5</ele>
    <time>2025-08-07T07:01:27Z</time>
   </trkpt>
   <trkpt lat="25.0163250" lon="121.4042390">
    <ele>26.5</ele>
    <time>2025-08-07T07:01:28Z</time>
   </trkpt>
   <trkpt lat="25.0163160" lon="121.4042390">
    <ele>26.5</ele>
    <time>2025-08-07T07:01:29Z</time>
   </trkpt>
   <trkpt lat="25.0163080" lon="121.4042520">
    <ele>26.5</ele>
    <time>2025-08-07T07:01:30Z</time>
   </trkpt>
   <trkpt lat="25.0163050" lon="121.4042700">
    <ele>26.4</ele>
    <time>2025-08-07T07:01:31Z</time>
   </trkpt>
   <trkpt lat="25.0163010" lon="121.4042960">
    <ele>26.4</ele>
    <time>2025-08-07T07:01:32Z</time>
   </trkpt>
   <trkpt lat="25.0162950" lon="121.4043030">
    <ele>26.4</ele>
    <time>2025-08-07T07:01:33Z</time>
   </trkpt>
   <trkpt lat="25.0162890" lon="121.4043380">
    <ele>26.3</ele>
    <time>2025-08-07T07:01:34Z</time>
   </trkpt>
   <trkpt lat="25.0162810" lon="121.4043520">
    <ele>26.3</ele>
    <time>2025-08-07T07:01:35Z</time>
   </trkpt>
   <trkpt lat="25.0162760" lon="121.4043600">
    <ele>26.2</ele>
    <time>2025-08-07T07:01:36Z</time>
   </trkpt>
   <trkpt lat="25.0162690" lon="121.4043640">
    <ele>26.2</ele>
    <time>2025-08-07T07:01:37Z</time>
   </trkpt>
   <trkpt lat="25.0162620" lon="121.4043870">
    <ele>26.2</ele>
    <time>2025-08-07T07:01:38Z</time>
   </trkpt>
   <trkpt lat="25.0162640" lon="121.4044020">
    <ele>26.1</ele>
    <time>2025-08-07T07:01:39Z</time>
   </trkpt>
   <trkpt lat="25.0162650" lon="121.4044230">
    <ele>26.1</ele>
    <time>2025-08-07T07:01:40Z</time>
   </trkpt>
   <trkpt lat="25.0162650" lon="121.4044300">
    <ele>26.1</ele>
    <time>2025-08-07T07:01:41Z</time>
   </trkpt>
   <trkpt lat="25.0162660" lon="121.4044370">
    <ele>26.1</ele>
    <time>2025-08-07T07:01:42Z</time>
   </trkpt>
   <trkpt lat="25.0162660" lon="121.4044440">
    <ele>26.0</ele>
    <time>2025-08-07T07:01:43Z</time>
   </trkpt>
   <trkpt lat="25.0162670" lon="121.4044540">
    <ele>26.0</ele>
    <time>2025-08-07T07:01:44Z</time>
   </trkpt>
   <trkpt lat="25.0162680" lon="121.4044670">
    <ele>26.0</ele>
    <time>2025-08-07T07:01:45Z</time>
   </trkpt>
   <trkpt lat="25.0162720" lon="121.4044800">
    <ele>26.0</ele>
    <time>2025-08-07T07:01:46Z</time>
   </trkpt>
   <trkpt lat="25.0162740" lon="121.4044980">
    <ele>25.9</ele>
    <time>2025-08-07T07:01:47Z</time>
   </trkpt>
   <trkpt lat="25.0162710" lon="121.4045160">
    <ele>25.9</ele>
    <time>2025-08-07T07:01:48Z</time>
   </trkpt>
   <trkpt lat="25.0162690" lon="121.4045280">
    <ele>25.9</ele>
    <time>2025-08-07T07:01:49Z</time>
   </trkpt>
   <trkpt lat="25.0162660" lon="121.4045470">
    <ele>25.9</ele>
    <time>2025-08-07T07:01:50Z</time>
   </trkpt>
   <trkpt lat="25.0162640" lon="121.4045710">
    <ele>25.8</ele>
    <time>2025-08-07T07:01:51Z</time>
   </trkpt>
   <trkpt lat="25.0162650" lon="121.4045790">
    <ele>25.8</ele>
    <time>2025-08-07T07:01:52Z</time>
   </trkpt>
   <trkpt lat="25.0162650" lon="121.4045880">
    <ele>25.8</ele>
    <time>2025-08-07T07:01:53Z</time>
   </trkpt>
   <trkpt lat="25.0162560" lon="121.4046100">
    <ele>25.7</ele>
    <time>2025-08-07T07:01:54Z</time>
   </trkpt>
   <trkpt lat="25.0162560" lon="121.4046220">
    <ele>25.7</ele>
    <time>2025-08-07T07:01:55Z</time>
   </trkpt>
   <trkpt lat="25.0162560" lon="121.4046340">
    <ele>25.7</ele>
    <time>2025-08-07T07:01:56Z</time>
   </trkpt>
   <trkpt lat="25.0162560" lon="121.4046460">
    <ele>25.7</ele>
    <time>2025-08-07T07:01:57Z</time>
   </trkpt>
   <trkpt lat="25.0162540" lon="121.4046580">
    <ele>25.6</ele>
    <time>2025-08-07T07:01:58Z</time>
   </trkpt>
   <trkpt lat="25.0162500" lon="121.4046730">
    <ele>25.6</ele>
    <time>2025-08-07T07:01:59Z</time>
   </trkpt>
   <trkpt lat="25.0162480" lon="121.4046910">
    <ele>25.6</ele>
    <time>2025-08-07T07:02:00Z</time>
   </trkpt>
   <trkpt lat="25.0162490" lon="121.4047080">
    <ele>25.6</ele>
    <time>2025-08-07T07:02:01Z</time>
   </trkpt>
   <trkpt lat="25.0162520" lon="121.4047230">
    <ele>25.5</ele>
    <time>2025-08-07T07:02:02Z</time>
   </trkpt>
   <trkpt lat="25.0162520" lon="121.4047340">
    <ele>25.5</ele>
    <time>2025-08-07T07:02:03Z</time>
   </trkpt>
   <trkpt lat="25.0162500" lon="121.4047480">
    <ele>25.5</ele>
    <time>2025-08-07T07:02:04Z</time>
   </trkpt>
   <trkpt lat="25.0162540" lon="121.4047830">
    <ele>25.4</ele>
    <time>2025-08-07T07:02:05Z</time>
   </trkpt>
   <trkpt lat="25.0162540" lon="121.4047890">
    <ele>25.4</ele>
    <time>2025-08-07T07:02:06Z</time>
   </trkpt>
   <trkpt lat="25.0162550" lon="121.4048060">
    <ele>25.4</ele>
    <time>2025-08-07T07:02:07Z</time>
   </trkpt>
   <trkpt lat="25.0162520" lon="121.4048190">
    <ele>25.4</ele>
    <time>2025-08-07T07:02:08Z</time>
   </trkpt>
   <trkpt lat="25.0162580" lon="121.4048330">
    <ele>25.4</ele>
    <time>2025-08-07T07:02:09Z</time>
   </trkpt>
   <trkpt lat="25.0162630" lon="121.4048400">
    <ele>25.4</ele>
    <time>2025-08-07T07:02:10Z</time>
   </trkpt>
   <trkpt lat="25.0162680" lon="121.4048460">
    <ele>25.3</ele>
    <time>2025-08-07T07:02:11Z</time>
   </trkpt>
   <trkpt lat="25.0162730" lon="121.4048530">
    <ele>25.3</ele>
    <time>2025-08-07T07:02:12Z</time>
   </trkpt>
   <trkpt lat="25.0162790" lon="121.4048630">
    <ele>25.3</ele>
    <time>2025-08-07T07:02:13Z</time>
   </trkpt>
   <trkpt lat="25.0162810" lon="121.4048750">
    <ele>25.3</ele>
    <time>2025-08-07T07:02:14Z</time>
   </trkpt>
   <trkpt lat="25.0162830" lon="121.4048790">
    <ele>25.3</ele>
    <time>2025-08-07T07:02:15Z</time>
   </trkpt>
   <trkpt lat="25.0162870" lon="121.4048770">
    <ele>25.3</ele>
    <time>2025-08-07T07:02:16Z</time>
   </trkpt>
   <trkpt lat="25.0162880" lon="121.4048740">
    <ele>25.3</ele>
    <time>2025-08-07T07:02:17Z</time>
   </trkpt>
   <trkpt lat="25.0162950" lon="121.4048820">
    <ele>25.3</ele>
    <time>2025-08-07T07:02:18Z</time>
   </trkpt>
   <trkpt lat="25.0163120" lon="121.4048960">
    <ele>25.3</ele>
    <time>2025-08-07T07:02:19Z</time>
   </trkpt>
   <trkpt lat="25.0163210" lon="121.4049010">
    <ele>25.3</ele>
    <time>2025-08-07T07:02:20Z</time>
   </trkpt>
   <trkpt lat="25.0163300" lon="121.4049050">
    <ele>25.3</ele>
    <time>2025-08-07T07:02:21Z</time>
   </trkpt>
   <trkpt lat="25.0163440" lon="121.4049140">
    <ele>25.3</ele>
    <time>2025-08-07T07:02:22Z</time>
   </trkpt>
   <trkpt lat="25.0163530" lon="121.4049240">
    <ele>25.3</ele>
    <time>2025-08-07T07:02:23Z</time>
   </trkpt>
   <trkpt lat="25.0163630" lon="121.4049330">
    <ele>25.3</ele>
    <time>2025-08-07T07:02:24Z</time>
   </trkpt>
   <trkpt lat="25.0163740" lon="121.4049360">
    <ele>25.3</ele>
    <time>2025-08-07T07:02:25Z</time>
   </trkpt>
   <trkpt lat="25.0163830" lon="121.4049380">
    <ele>25.3</ele>
    <time>2025-08-07T07:02:26Z</time>
   </trkpt>
   <trkpt lat="25.0163970" lon="121.4049340">
    <ele>25.3</ele>
    <time>2025-08-07T07:02:27Z</time>
   </trkpt>
   <trkpt lat="25.0164160" lon="121.4049250">
    <ele>25.3</ele>
    <time>2025-08-07T07:02:28Z</time>
   </trkpt>
   <trkpt lat="25.0164430" lon="121.4049050">
    <ele>25.3</ele>
    <time>2025-08-07T07:02:29Z</time>
   </trkpt>
   <trkpt lat="25.0164520" lon="121.4048980">
    <ele>25.3</ele>
    <time>2025-08-07T07:02:30Z</time>
   </trkpt>
   <trkpt lat="25.0164650" lon="121.4048880">
    <ele>25.3</ele>
    <time>2025-08-07T07:02:31Z</time>
   </trkpt>
   <trkpt lat="25.0164750" lon="121.4048900">
    <ele>25.3</ele>
    <time>2025-08-07T07:02:32Z</time>
   </trkpt>
   <trkpt lat="25.0164860" lon="121.4048890">
    <ele>25.3</ele>
    <time>2025-08-07T07:02:33Z</time>
   </trkpt>
   <trkpt lat="25.0164980" lon="121.4048870">
    <ele>25.3</ele>
    <time>2025-08-07T07:02:34Z</time>
   </trkpt>
   <trkpt lat="25.0165130" lon="121.4048840">
    <ele>25.3</ele>
    <time>2025-08-07T07:02:35Z</time>
   </trkpt>
   <trkpt lat="25.0165250" lon="121.4048830">
    <ele>25.3</ele>
    <time>2025-08-07T07:02:36Z</time>
   </trkpt>
   <trkpt lat="25.0165360" lon="121.4048890">
    <ele>25.3</ele>
    <time>2025-08-07T07:02:37Z</time>
   </trkpt>
   <trkpt lat="25.0165480" lon="121.4048880">
    <ele>25.3</ele>
    <time>2025-08-07T07:02:38Z</time>
   </trkpt>
   <trkpt lat="25.0165610" lon="121.4048930">
    <ele>25.3</ele>
    <time>2025-08-07T07:02:39Z</time>
   </trkpt>
   <trkpt lat="25.0165790" lon="121.4048870">
    <ele>25.3</ele>
    <time>2025-08-07T07:02:40Z</time>
   </trkpt>
   <trkpt lat="25.0166020" lon="121.4048890">
    <ele>25.3</ele>
    <time>2025-08-07T07:02:41Z</time>
   </trkpt>
   <trkpt lat="25.0166110" lon="121.4048900">
    <ele>25.3</ele>
    <time>2025-08-07T07:02:42Z</time>
   </trkpt>
   <trkpt lat="25.0166190" lon="121.4048910">
    <ele>25.3</ele>
    <time>2025-08-07T07:02:43Z</time>
   </trkpt>
   <trkpt lat="25.0166330" lon="121.4048950">
    <ele>25.3</ele>
    <time>2025-08-07T07:02:44Z</time>
   </trkpt>
   <trkpt lat="25.0166490" lon="121.4048990">
    <ele>25.3</ele>
    <time>2025-08-07T07:02:45Z</time>
   </trkpt>
   <trkpt lat="25.0166600" lon="121.4049010">
    <ele>25.4</ele>
    <time>2025-08-07T07:02:46Z</time>
   </trkpt>
   <trkpt lat="25.0166720" lon="121.4048980">
    <ele>25.4</ele>
    <time>2025-08-07T07:02:47Z</time>
   </trkpt>
   <trkpt lat="25.0166840" lon="121.4048990">
    <ele>25.4</ele>
    <time>2025-08-07T07:02:48Z</time>
   </trkpt>
   <trkpt lat="25.0166960" lon="121.4049000">
    <ele>25.4</ele>
    <time>2025-08-07T07:02:49Z</time>
   </trkpt>
   <trkpt lat="25.0166960" lon="121.4049040">
    <ele>25.4</ele>
    <time>2025-08-07T07:02:50Z</time>
   </trkpt>
   <trkpt lat="25.0167010" lon="121.4049000">
    <ele>25.4</ele>
    <time>2025-08-07T07:02:51Z</time>
   </trkpt>
   <trkpt lat="25.0167120" lon="121.4048950">
    <ele>25.4</ele>
    <time>2025-08-07T07:02:52Z</time>
   </trkpt>
   <trkpt lat="25.0167240" lon="121.4049110">
    <ele>25.4</ele>
    <time>2025-08-07T07:02:53Z</time>
   </trkpt>
   <trkpt lat="25.0167290" lon="121.4049260">
    <ele>25.4</ele>
    <time>2025-08-07T07:02:54Z</time>
   </trkpt>
   <trkpt lat="25.0167350" lon="121.4049410">
    <ele>25.4</ele>
    <time>2025-08-07T07:02:55Z</time>
   </trkpt>
   <trkpt lat="25.0167420" lon="121.4049400">
    <ele>25.4</ele>
    <time>2025-08-07T07:02:56Z</time>
   </trkpt>
   <trkpt lat="25.0167460" lon="121.4049390">
    <ele>25.4</ele>
    <time>2025-08-07T07:02:57Z</time>
   </trkpt>
   <trkpt lat="25.0167540" lon="121.4049400">
    <ele>25.4</ele>
    <time>2025-08-07T07:02:58Z</time>
   </trkpt>
   <trkpt lat="25.0167580" lon="121.4049430">
    <ele>25.4</ele>
    <time>2025-08-07T07:02:59Z</time>
   </trkpt>
   <trkpt lat="25.0167640" lon="121.4049450">
    <ele>25.4</ele>
    <time>2025-08-07T07:03:00Z</time>
   </trkpt>
   <trkpt lat="25.0167640" lon="121.4049460">
    <ele>25.4</ele>
    <time>2025-08-07T07:03:01Z</time>
   </trkpt>
   <trkpt lat="25.0167570" lon="121.4049460">
    <ele>25.4</ele>
    <time>2025-08-07T07:03:03Z</time>
   </trkpt>
   <trkpt lat="25.0167500" lon="121.4049470">
    <ele>25.4</ele>
    <time>2025-08-07T07:03:04Z</time>
   </trkpt>
   <trkpt lat="25.0167430" lon="121.4049470">
    <ele>25.4</ele>
    <time>2025-08-07T07:03:05Z</time>
   </trkpt>
   <trkpt lat="25.0167360" lon="121.4049470">
    <ele>25.4</ele>
    <time>2025-08-07T07:03:06Z</time>
   </trkpt>
   <trkpt lat="25.0167290" lon="121.4049470">
    <ele>25.4</ele>
    <time>2025-08-07T07:03:07Z</time>
   </trkpt>
   <trkpt lat="25.0167220" lon="121.4049480">
    <ele>25.4</ele>
    <time>2025-08-07T07:03:08Z</time>
   </trkpt>
   <trkpt lat="25.0167150" lon="121.4049480">
    <ele>25.4</ele>
    <time>2025-08-07T07:03:09Z</time>
   </trkpt>
   <trkpt lat="25.0167090" lon="121.4049480">
    <ele>25.4</ele>
    <time>2025-08-07T07:03:10Z</time>
   </trkpt>
   <trkpt lat="25.0167020" lon="121.4049480">
    <ele>25.4</ele>
    <time>2025-08-07T07:03:11Z</time>
   </trkpt>
   <trkpt lat="25.0166950" lon="121.4049490">
    <ele>25.4</ele>
    <time>2025-08-07T07:03:12Z</time>
   </trkpt>
   <trkpt lat="25.0166880" lon="121.4049490">
    <ele>25.4</ele>
    <time>2025-08-07T07:03:22Z</time>
   </trkpt>
   <trkpt lat="25.0166810" lon="121.4049490">
    <ele>25.4</ele>
    <time>2025-08-07T07:03:23Z</time>
   </trkpt>
   <trkpt lat="25.0166740" lon="121.4049490">
    <ele>25.4</ele>
    <time>2025-08-07T07:03:24Z</time>
   </trkpt>
   <trkpt lat="25.0166670" lon="121.4049500">
    <ele>25.4</ele>
    <time>2025-08-07T07:03:25Z</time>
   </trkpt>
   <trkpt lat="25.0166600" lon="121.4049500">
    <ele>25.4</ele>
    <time>2025-08-07T07:03:26Z</time>
   </trkpt>
   <trkpt lat="25.0166530" lon="121.4049500">
    <ele>25.4</ele>
    <time>2025-08-07T07:03:27Z</time>
   </trkpt>
   <trkpt lat="25.0166200" lon="121.4048790">
    <ele>25.4</ele>
    <time>2025-08-07T07:03:28Z</time>
   </trkpt>
   <trkpt lat="25.0166000" lon="121.4048250">
    <ele>25.4</ele>
    <time>2025-08-07T07:03:29Z</time>
   </trkpt>
   <trkpt lat="25.0165790" lon="121.4047700">
    <ele>25.4</ele>
    <time>2025-08-07T07:03:30Z</time>
   </trkpt>
   <trkpt lat="25.0165880" lon="121.4047980">
    <ele>25.4</ele>
    <time>2025-08-07T07:03:31Z</time>
   </trkpt>
   <trkpt lat="25.0165930" lon="121.4048200">
    <ele>25.4</ele>
    <time>2025-08-07T07:03:32Z</time>
   </trkpt>
   <trkpt lat="25.0165930" lon="121.4048320">
    <ele>25.4</ele>
    <time>2025-08-07T07:03:33Z</time>
   </trkpt>
   <trkpt lat="25.0166170" lon="121.4048910">
    <ele>25.4</ele>
    <time>2025-08-07T07:03:34Z</time>
   </trkpt>
   <trkpt lat="25.0166370" lon="121.4049340">
    <ele>25.4</ele>
    <time>2025-08-07T07:03:35Z</time>
   </trkpt>
   <trkpt lat="25.0166370" lon="121.4049300">
    <ele>25.4</ele>
    <time>2025-08-07T07:03:36Z</time>
   </trkpt>
   <trkpt lat="25.0166310" lon="121.4049320">
    <ele>25.4</ele>
    <time>2025-08-07T07:03:37Z</time>
   </trkpt>
   <trkpt lat="25.0166290" lon="121.4049250">
    <ele>25.4</ele>
    <time>2025-08-07T07:03:38Z</time>
   </trkpt>
   <trkpt lat="25.0166170" lon="121.4049260">
    <ele>25.4</ele>
    <time>2025-08-07T07:03:39Z</time>
   </trkpt>
   <trkpt lat="25.0166080" lon="121.4049250">
    <ele>25.4</ele>
    <time>2025-08-07T07:03:40Z</time>
   </trkpt>
   <trkpt lat="25.0165910" lon="121.4049310">
    <ele>25.4</ele>
    <time>2025-08-07T07:03:41Z</time>
   </trkpt>
   <trkpt lat="25.0165810" lon="121.4049290">
    <ele>25.4</ele>
    <time>2025-08-07T07:03:42Z</time>
   </trkpt>
   <trkpt lat="25.0165720" lon="121.4049270">
    <ele>25.4</ele>
    <time>2025-08-07T07:03:43Z</time>
   </trkpt>
   <trkpt lat="25.0165620" lon="121.4049260">
    <ele>25.4</ele>
    <time>2025-08-07T07:03:44Z</time>
   </trkpt>
   <trkpt lat="25.0165530" lon="121.4049240">
    <ele>25.4</ele>
    <time>2025-08-07T07:03:45Z</time>
   </trkpt>
   <trkpt lat="25.0165430" lon="121.4049220">
    <ele>25.4</ele>
    <time>2025-08-07T07:03:46Z</time>
   </trkpt>
   <trkpt lat="25.0165340" lon="121.4049200">
    <ele>25.4</ele>
    <time>2025-08-07T07:03:47Z</time>
   </trkpt>
   <trkpt lat="25.0165240" lon="121.4049180">
    <ele>25.4</ele>
    <time>2025-08-07T07:03:48Z</time>
   </trkpt>
   <trkpt lat="25.0165150" lon="121.4049160">
    <ele>25.4</ele>
    <time>2025-08-07T07:03:49Z</time>
   </trkpt>
   <trkpt lat="25.0165050" lon="121.4049150">
    <ele>25.4</ele>
    <time>2025-08-07T07:03:50Z</time>
   </trkpt>
   <trkpt lat="25.0164960" lon="121.4049130">
    <ele>25.4</ele>
    <time>2025-08-07T07:04:09Z</time>
   </trkpt>
   <trkpt lat="25.0164860" lon="121.4049110">
    <ele>25.4</ele>
    <time>2025-08-07T07:04:10Z</time>
   </trkpt>
   <trkpt lat="25.0164770" lon="121.4049090">
    <ele>25.4</ele>
    <time>2025-08-07T07:04:11Z</time>
   </trkpt>
   <trkpt lat="25.0164720" lon="121.4049340">
    <ele>25.4</ele>
    <time>2025-08-07T07:04:12Z</time>
   </trkpt>
   <trkpt lat="25.0164990" lon="121.4049160">
    <ele>25.4</ele>
    <time>2025-08-07T07:04:13Z</time>
   </trkpt>
   <trkpt lat="25.0164500" lon="121.4048370">
    <ele>25.4</ele>
    <time>2025-08-07T07:04:14Z</time>
   </trkpt>
   <trkpt lat="25.0164800" lon="121.4048320">
    <ele>25.4</ele>
    <time>2025-08-07T07:04:15Z</time>
   </trkpt>
   <trkpt lat="25.0164890" lon="121.4048210">
    <ele>25.3</ele>
    <time>2025-08-07T07:04:16Z</time>
   </trkpt>
   <trkpt lat="25.0165090" lon="121.4048500">
    <ele>25.3</ele>
    <time>2025-08-07T07:04:17Z</time>
   </trkpt>
   <trkpt lat="25.0165090" lon="121.4048500">
    <ele>25.3</ele>
    <time>2025-08-07T07:04:18Z</time>
   </trkpt>
   <trkpt lat="25.0165090" lon="121.4048450">
    <ele>25.3</ele>
    <time>2025-08-07T07:04:19Z</time>
   </trkpt>
   <trkpt lat="25.0165060" lon="121.4048360">
    <ele>25.3</ele>
    <time>2025-08-07T07:04:20Z</time>
   </trkpt>
   <trkpt lat="25.0165080" lon="121.4048290">
    <ele>25.3</ele>
    <time>2025-08-07T07:04:21Z</time>
   </trkpt>
   <trkpt lat="25.0164970" lon="121.4048180">
    <ele>25.3</ele>
    <time>2025-08-07T07:04:22Z</time>
   </trkpt>
   <trkpt lat="25.0165050" lon="121.4047710">
    <ele>25.3</ele>
    <time>2025-08-07T07:04:23Z</time>
   </trkpt>
   <trkpt lat="25.0165090" lon="121.4047630">
    <ele>25.3</ele>
    <time>2025-08-07T07:04:24Z</time>
   </trkpt>
   <trkpt lat="25.0165350" lon="121.4047670">
    <ele>25.3</ele>
    <time>2025-08-07T07:04:25Z</time>
   </trkpt>
   <trkpt lat="25.0165190" lon="121.4048120">
    <ele>25.3</ele>
    <time>2025-08-07T07:04:26Z</time>
   </trkpt>
   <trkpt lat="25.0165120" lon="121.4048290">
    <ele>25.3</ele>
    <time>2025-08-07T07:04:27Z</time>
   </trkpt>
   <trkpt lat="25.0164930" lon="121.4048300">
    <ele>25.3</ele>
    <time>2025-08-07T07:04:28Z</time>
   </trkpt>
   <trkpt lat="25.0165000" lon="121.4048700">
    <ele>25.3</ele>
    <time>2025-08-07T07:04:29Z</time>
   </trkpt>
   <trkpt lat="25.0164960" lon="121.4048760">
    <ele>25.3</ele>
    <time>2025-08-07T07:04:30Z</time>
   </trkpt>
   <trkpt lat="25.0164920" lon="121.4048740">
    <ele>25.3</ele>
    <time>2025-08-07T07:04:31Z</time>
   </trkpt>
   <trkpt lat="25.0164820" lon="121.4048730">
    <ele>25.3</ele>
    <time>2025-08-07T07:04:32Z</time>
   </trkpt>
   <trkpt lat="25.0164830" lon="121.4048770">
    <ele>25.3</ele>
    <time>2025-08-07T07:04:33Z</time>
   </trkpt>
   <trkpt lat="25.0164790" lon="121.4048790">
    <ele>25.3</ele>
    <time>2025-08-07T07:04:34Z</time>
   </trkpt>
   <trkpt lat="25.0164770" lon="121.4048770">
    <ele>25.3</ele>
    <time>2025-08-07T07:04:35Z</time>
   </trkpt>
   <trkpt lat="25.0164700" lon="121.4048900">
    <ele>25.3</ele>
    <time>2025-08-07T07:04:36Z</time>
   </trkpt>
   <trkpt lat="25.0164670" lon="121.4048980">
    <ele>25.3</ele>
    <time>2025-08-07T07:04:37Z</time>
   </trkpt>
   <trkpt lat="25.0164560" lon="121.4049010">
    <ele>25.3</ele>
    <time>2025-08-07T07:04:38Z</time>
   </trkpt>
   <trkpt lat="25.0164470" lon="121.4049120">
    <ele>25.3</ele>
    <time>2025-08-07T07:04:39Z</time>
   </trkpt>
   <trkpt lat="25.0164420" lon="121.4048910">
    <ele>25.3</ele>
    <time>2025-08-07T07:04:40Z</time>
   </trkpt>
   <trkpt lat="25.0164400" lon="121.4048820">
    <ele>25.3</ele>
    <time>2025-08-07T07:04:41Z</time>
   </trkpt>
   <trkpt lat="25.0164390" lon="121.4048730">
    <ele>25.3</ele>
    <time>2025-08-07T07:04:42Z</time>
   </trkpt>
   <trkpt lat="25.0164370" lon="121.4048630">
    <ele>25.3</ele>
    <time>2025-08-07T07:04:43Z</time>
   </trkpt>
   <trkpt lat="25.0164350" lon="121.4048540">
    <ele>25.3</ele>
    <time>2025-08-07T07:04:44Z</time>
   </trkpt>
   <trkpt lat="25.0164330" lon="121.4048450">
    <ele>25.3</ele>
    <time>2025-08-07T07:04:45Z</time>
   </trkpt>
   <trkpt lat="25.0164320" lon="121.4048360">
    <ele>25.3</ele>
    <time>2025-08-07T07:04:46Z</time>
   </trkpt>
   <trkpt lat="25.0164300" lon="121.4048270">
    <ele>25.3</ele>
    <time>2025-08-07T07:04:47Z</time>
   </trkpt>
   <trkpt lat="25.0164280" lon="121.4048180">
    <ele>25.3</ele>
    <time>2025-08-07T07:04:48Z</time>
   </trkpt>
   <trkpt lat="25.0164260" lon="121.4048090">
    <ele>25.3</ele>
    <time>2025-08-07T07:04:49Z</time>
   </trkpt>
   <trkpt lat="25.0164240" lon="121.4047990">
    <ele>25.3</ele>
    <time>2025-08-07T07:05:08Z</time>
   </trkpt>
   <trkpt lat="25.0164230" lon="121.4047900">
    <ele>25.3</ele>
    <time>2025-08-07T07:05:09Z</time>
   </trkpt>
   <trkpt lat="25.0164210" lon="121.4047810">
    <ele>25.3</ele>
    <time>2025-08-07T07:05:10Z</time>
   </trkpt>
   <trkpt lat="25.0164190" lon="121.4047720">
    <ele>25.3</ele>
    <time>2025-08-07T07:05:11Z</time>
   </trkpt>
   <trkpt lat="25.0164160" lon="121.4046890">
    <ele>25.3</ele>
    <time>2025-08-07T07:05:12Z</time>
   </trkpt>
   <trkpt lat="25.0164020" lon="121.4045980">
    <ele>25.3</ele>
    <time>2025-08-07T07:05:13Z</time>
   </trkpt>
   <trkpt lat="25.0163870" lon="121.4045070">
    <ele>25.3</ele>
    <time>2025-08-07T07:05:14Z</time>
   </trkpt>
   <trkpt lat="25.0163750" lon="121.4045390">
    <ele>25.3</ele>
    <time>2025-08-07T07:05:15Z</time>
   </trkpt>
   <trkpt lat="25.0163750" lon="121.4045790">
    <ele>25.3</ele>
    <time>2025-08-07T07:05:16Z</time>
   </trkpt>
   <trkpt lat="25.0163740" lon="121.4046180">
    <ele>25.3</ele>
    <time>2025-08-07T07:05:17Z</time>
   </trkpt>
   <trkpt lat="25.0163730" lon="121.4046110">
    <ele>25.3</ele>
    <time>2025-08-07T07:05:18Z</time>
   </trkpt>
   <trkpt lat="25.0163700" lon="121.4046320">
    <ele>25.3</ele>
    <time>2025-08-07T07:05:19Z</time>
   </trkpt>
   <trkpt lat="25.0163680" lon="121.4046530">
    <ele>25.3</ele>
    <time>2025-08-07T07:05:20Z</time>
   </trkpt>
   <trkpt lat="25.0163650" lon="121.4046740">
    <ele>25.3</ele>
    <time>2025-08-07T07:05:21Z</time>
   </trkpt>
   <trkpt lat="25.0163590" lon="121.4047440">
    <ele>25.3</ele>
    <time>2025-08-07T07:05:22Z</time>
   </trkpt>
   <trkpt lat="25.0163270" lon="121.4047770">
    <ele>25.3</ele>
    <time>2025-08-07T07:05:23Z</time>
   </trkpt>
   <trkpt lat="25.0162890" lon="121.4047960">
    <ele>25.3</ele>
    <time>2025-08-07T07:05:24Z</time>
   </trkpt>
   <trkpt lat="25.0162840" lon="121.4048430">
    <ele>25.3</ele>
    <time>2025-08-07T07:05:25Z</time>
   </trkpt>
   <trkpt lat="25.0162560" lon="121.4048570">
    <ele>25.3</ele>
    <time>2025-08-07T07:05:26Z</time>
   </trkpt>
   <trkpt lat="25.0162480" lon="121.4048600">
    <ele>25.3</ele>
    <time>2025-08-07T07:05:27Z</time>
   </trkpt>
   <trkpt lat="25.0162400" lon="121.4048910">
    <ele>25.2</ele>
    <time>2025-08-07T07:05:28Z</time>
   </trkpt>
   <trkpt lat="25.0162360" lon="121.4049000">
    <ele>25.2</ele>
    <time>2025-08-07T07:05:29Z</time>
   </trkpt>
   <trkpt lat="25.0162300" lon="121.4049220">
    <ele>25.2</ele>
    <time>2025-08-07T07:05:30Z</time>
   </trkpt>
   <trkpt lat="25.0162220" lon="121.4049300">
    <ele>25.2</ele>
    <time>2025-08-07T07:05:31Z</time>
   </trkpt>
   <trkpt lat="25.0162210" lon="121.4049550">
    <ele>25.1</ele>
    <time>2025-08-07T07:05:32Z</time>
   </trkpt>
   <trkpt lat="25.0162220" lon="121.4049760">
    <ele>25.1</ele>
    <time>2025-08-07T07:05:33Z</time>
   </trkpt>
   <trkpt lat="25.0162230" lon="121.4049980">
    <ele>25.1</ele>
    <time>2025-08-07T07:05:34Z</time>
   </trkpt>
   <trkpt lat="25.0162240" lon="121.4050190">
    <ele>25.1</ele>
    <time>2025-08-07T07:05:35Z</time>
   </trkpt>
   <trkpt lat="25.0162250" lon="121.4050410">
    <ele>25.0</ele>
    <time>2025-08-07T07:05:36Z</time>
   </trkpt>
   <trkpt lat="25.0162260" lon="121.4050620">
    <ele>25.0</ele>
    <time>2025-08-07T07:05:39Z</time>
   </trkpt>
   <trkpt lat="25.0162270" lon="121.4050840">
    <ele>25.0</ele>
    <time>2025-08-07T07:05:40Z</time>
   </trkpt>
   <trkpt lat="25.0162280" lon="121.4051050">
    <ele>25.0</ele>
    <time>2025-08-07T07:05:41Z</time>
   </trkpt>
   <trkpt lat="25.0162290" lon="121.4051270">
    <ele>24.9</ele>
    <time>2025-08-07T07:05:42Z</time>
   </trkpt>
   <trkpt lat="25.0162360" lon="121.4051400">
    <ele>24.9</ele>
    <time>2025-08-07T07:05:43Z</time>
   </trkpt>
   <trkpt lat="25.0162340" lon="121.4051420">
    <ele>24.9</ele>
    <time>2025-08-07T07:05:44Z</time>
   </trkpt>
   <trkpt lat="25.0162340" lon="121.4051400">
    <ele>24.9</ele>
    <time>2025-08-07T07:05:45Z</time>
   </trkpt>
   <trkpt lat="25.0162400" lon="121.4051620">
    <ele>24.9</ele>
    <time>2025-08-07T07:05:46Z</time>
   </trkpt>
   <trkpt lat="25.0162400" lon="121.4051610">
    <ele>24.9</ele>
    <time>2025-08-07T07:05:47Z</time>
   </trkpt>
   <trkpt lat="25.0162400" lon="121.4051610">
    <ele>24.9</ele>
    <time>2025-08-07T07:05:48Z</time>
   </trkpt>
   <trkpt lat="25.0162490" lon="121.4051800">
    <ele>24.9</ele>
    <time>2025-08-07T07:05:49Z</time>
   </trkpt>
   <trkpt lat="25.0162500" lon="121.4051780">
    <ele>24.9</ele>
    <time>2025-08-07T07:05:50Z</time>
   </trkpt>
   <trkpt lat="25.0162390" lon="121.4052010">
    <ele>24.9</ele>
    <time>2025-08-07T07:05:51Z</time>
   </trkpt>
   <trkpt lat="25.0162400" lon="121.4052120">
    <ele>24.9</ele>
    <time>2025-08-07T07:05:52Z</time>
   </trkpt>
   <trkpt lat="25.0162230" lon="121.4052340">
    <ele>24.8</ele>
    <time>2025-08-07T07:05:53Z</time>
   </trkpt>
   <trkpt lat="25.0162300" lon="121.4052390">
    <ele>24.8</ele>
    <time>2025-08-07T07:05:54Z</time>
   </trkpt>
   <trkpt lat="25.0162180" lon="121.4052550">
    <ele>24.8</ele>
    <time>2025-08-07T07:05:55Z</time>
   </trkpt>
   <trkpt lat="25.0162210" lon="121.4052590">
    <ele>24.8</ele>
    <time>2025-08-07T07:05:56Z</time>
   </trkpt>
   <trkpt lat="25.0162210" lon="121.4052650">
    <ele>24.8</ele>
    <time>2025-08-07T07:05:57Z</time>
   </trkpt>
   <trkpt lat="25.0162410" lon="121.4052500">
    <ele>24.8</ele>
    <time>2025-08-07T07:05:58Z</time>
   </trkpt>
   <trkpt lat="25.0162430" lon="121.4052410">
    <ele>24.8</ele>
    <time>2025-08-07T07:05:59Z</time>
   </trkpt>
   <trkpt lat="25.0162460" lon="121.4052330">
    <ele>24.8</ele>
    <time>2025-08-07T07:06:00Z</time>
   </trkpt>
   <trkpt lat="25.0162480" lon="121.4052240">
    <ele>24.8</ele>
    <time>2025-08-07T07:06:01Z</time>
   </trkpt>
   <trkpt lat="25.0162500" lon="121.4052150">
    <ele>24.7</ele>
    <time>2025-08-07T07:06:02Z</time>
   </trkpt>
   <trkpt lat="25.0162520" lon="121.4052060">
    <ele>24.7</ele>
    <time>2025-08-07T07:06:03Z</time>
   </trkpt>
   <trkpt lat="25.0162310" lon="121.4052360">
    <ele>24.7</ele>
    <time>2025-08-07T07:06:04Z</time>
   </trkpt>
   <trkpt lat="25.0162080" lon="121.4052450">
    <ele>24.7</ele>
    <time>2025-08-07T07:06:05Z</time>
   </trkpt>
   <trkpt lat="25.0161970" lon="121.4052530">
    <ele>24.7</ele>
    <time>2025-08-07T07:06:06Z</time>
   </trkpt>
   <trkpt lat="25.0161860" lon="121.4052620">
    <ele>24.7</ele>
    <time>2025-08-07T07:06:07Z</time>
   </trkpt>
   <trkpt lat="25.0161740" lon="121.4052740">
    <ele>24.6</ele>
    <time>2025-08-07T07:06:08Z</time>
   </trkpt>
   <trkpt lat="25.0161810" lon="121.4052680">
    <ele>24.6</ele>
    <time>2025-08-07T07:06:09Z</time>
   </trkpt>
   <trkpt lat="25.0162150" lon="121.4052840">
    <ele>24.6</ele>
    <time>2025-08-07T07:06:10Z</time>
   </trkpt>
   <trkpt lat="25.0161490" lon="121.4053500">
    <ele>24.5</ele>
    <time>2025-08-07T07:06:11Z</time>
   </trkpt>
   <trkpt lat="25.0161680" lon="121.4053650">
    <ele>24.5</ele>
    <time>2025-08-07T07:06:12Z</time>
   </trkpt>
   <trkpt lat="25.0161610" lon="121.4053860">
    <ele>24.4</ele>
    <time>2025-08-07T07:06:13Z</time>
   </trkpt>
   <trkpt lat="25.0161650" lon="121.4054000">
    <ele>24.4</ele>
    <time>2025-08-07T07:06:14Z</time>
   </trkpt>
   <trkpt lat="25.0161800" lon="121.4054180">
    <ele>24.4</ele>
    <time>2025-08-07T07:06:15Z</time>
   </trkpt>
   <trkpt lat="25.0161940" lon="121.4054360">
    <ele>24.4</ele>
    <time>2025-08-07T07:06:16Z</time>
   </trkpt>
   <trkpt lat="25.0162020" lon="121.4054510">
    <ele>24.4</ele>
    <time>2025-08-07T07:06:17Z</time>
   </trkpt>
   <trkpt lat="25.0162100" lon="121.4054540">
    <ele>24.4</ele>
    <time>2025-08-07T07:06:18Z</time>
   </trkpt>
   <trkpt lat="25.0162140" lon="121.4054610">
    <ele>24.4</ele>
    <time>2025-08-07T07:06:19Z</time>
   </trkpt>
   <trkpt lat="25.0162180" lon="121.4054720">
    <ele>24.4</ele>
    <time>2025-08-07T07:06:20Z</time>
   </trkpt>
   <trkpt lat="25.0162260" lon="121.4054780">
    <ele>24.4</ele>
    <time>2025-08-07T07:06:21Z</time>
   </trkpt>
   <trkpt lat="25.0162280" lon="121.4054700">
    <ele>24.4</ele>
    <time>2025-08-07T07:06:22Z</time>
   </trkpt>
   <trkpt lat="25.0162420" lon="121.4054570">
    <ele>24.3</ele>
    <time>2025-08-07T07:06:23Z</time>
   </trkpt>
   <trkpt lat="25.0162840" lon="121.4054420">
    <ele>24.4</ele>
    <time>2025-08-07T07:06:24Z</time>
   </trkpt>
   <trkpt lat="25.0162750" lon="121.4054560">
    <ele>24.4</ele>
    <time>2025-08-07T07:06:25Z</time>
   </trkpt>
   <trkpt lat="25.0162690" lon="121.4054600">
    <ele>24.4</ele>
    <time>2025-08-07T07:06:26Z</time>
   </trkpt>
   <trkpt lat="25.0162620" lon="121.4054640">
    <ele>24.4</ele>
    <time>2025-08-07T07:06:27Z</time>
   </trkpt>
   <trkpt lat="25.0162560" lon="121.4054680">
    <ele>24.4</ele>
    <time>2025-08-07T07:06:28Z</time>
   </trkpt>
   <trkpt lat="25.0162490" lon="121.4054720">
    <ele>24.4</ele>
    <time>2025-08-07T07:06:29Z</time>
   </trkpt>
   <trkpt lat="25.0162470" lon="121.4054710">
    <ele>24.4</ele>
    <time>2025-08-07T07:06:30Z</time>
   </trkpt>
   <trkpt lat="25.0162430" lon="121.4054590">
    <ele>24.4</ele>
    <time>2025-08-07T07:06:31Z</time>
   </trkpt>
   <trkpt lat="25.0162380" lon="121.4054540">
    <ele>24.4</ele>
    <time>2025-08-07T07:06:32Z</time>
   </trkpt>
   <trkpt lat="25.0162280" lon="121.4054510">
    <ele>24.4</ele>
    <time>2025-08-07T07:06:33Z</time>
   </trkpt>
   <trkpt lat="25.0162190" lon="121.4054200">
    <ele>24.4</ele>
    <time>2025-08-07T07:06:34Z</time>
   </trkpt>
   <trkpt lat="25.0162170" lon="121.4054120">
    <ele>24.4</ele>
    <time>2025-08-07T07:06:35Z</time>
   </trkpt>
   <trkpt lat="25.0162280" lon="121.4053850">
    <ele>24.4</ele>
    <time>2025-08-07T07:06:36Z</time>
   </trkpt>
   <trkpt lat="25.0162240" lon="121.4053690">
    <ele>24.4</ele>
    <time>2025-08-07T07:06:37Z</time>
   </trkpt>
   <trkpt lat="25.0162200" lon="121.4053520">
    <ele>24.4</ele>
    <time>2025-08-07T07:06:38Z</time>
   </trkpt>
   <trkpt lat="25.0162160" lon="121.4053360">
    <ele>24.5</ele>
    <time>2025-08-07T07:06:39Z</time>
   </trkpt>
   <trkpt lat="25.0162120" lon="121.4053200">
    <ele>24.5</ele>
    <time>2025-08-07T07:06:40Z</time>
   </trkpt>
   <trkpt lat="25.0161790" lon="121.4053200">
    <ele>24.5</ele>
    <time>2025-08-07T07:06:41Z</time>
   </trkpt>
   <trkpt lat="25.0161760" lon="121.4053240">
    <ele>24.5</ele>
    <time>2025-08-07T07:06:42Z</time>
   </trkpt>
   <trkpt lat="25.0161620" lon="121.4053140">
    <ele>24.5</ele>
    <time>2025-08-07T07:06:43Z</time>
   </trkpt>
   <trkpt lat="25.0161490" lon="121.4053070">
    <ele>24.5</ele>
    <time>2025-08-07T07:06:44Z</time>
   </trkpt>
   <trkpt lat="25.0161620" lon="121.4053120">
    <ele>24.5</ele>
    <time>2025-08-07T07:06:45Z</time>
   </trkpt>
   <trkpt lat="25.0161890" lon="121.4053220">
    <ele>24.5</ele>
    <time>2025-08-07T07:06:46Z</time>
   </trkpt>
   <trkpt lat="25.0162150" lon="121.4053330">
    <ele>24.5</ele>
    <time>2025-08-07T07:06:47Z</time>
   </trkpt>
   <trkpt lat="25.0162410" lon="121.4053430">
    <ele>24.5</ele>
    <time>2025-08-07T07:06:48Z</time>
   </trkpt>
   <trkpt lat="25.0162740" lon="121.4053050">
    <ele>24.5</ele>
    <time>2025-08-07T07:06:49Z</time>
   </trkpt>
   <trkpt lat="25.0163000" lon="121.4053310">
    <ele>24.5</ele>
    <time>2025-08-07T07:06:50Z</time>
   </trkpt>
   <trkpt lat="25.0163180" lon="121.4053230">
    <ele>24.5</ele>
    <time>2025-08-07T07:06:51Z</time>
   </trkpt>
   <trkpt lat="25.0163310" lon="121.4053390">
    <ele>24.5</ele>
    <time>2025-08-07T07:06:52Z</time>
   </trkpt>
   <trkpt lat="25.0163400" lon="121.4053480">
    <ele>24.5</ele>
    <time>2025-08-07T07:06:53Z</time>
   </trkpt>
   <trkpt lat="25.0163510" lon="121.4053550">
    <ele>24.5</ele>
    <time>2025-08-07T07:06:54Z</time>
   </trkpt>
   <trkpt lat="25.0163620" lon="121.4053620">
    <ele>24.5</ele>
    <time>2025-08-07T07:06:55Z</time>
   </trkpt>
   <trkpt lat="25.0163520" lon="121.4053380">
    <ele>24.5</ele>
    <time>2025-08-07T07:06:56Z</time>
   </trkpt>
   <trkpt lat="25.0163470" lon="121.4053550">
    <ele>24.5</ele>
    <time>2025-08-07T07:06:57Z</time>
   </trkpt>
   <trkpt lat="25.0163660" lon="121.4053580">
    <ele>24.5</ele>
    <time>2025-08-07T07:06:58Z</time>
   </trkpt>
   <trkpt lat="25.0163780" lon="121.4053700">
    <ele>24.5</ele>
    <time>2025-08-07T07:06:59Z</time>
   </trkpt>
   <trkpt lat="25.0163840" lon="121.4053740">
    <ele>24.5</ele>
    <time>2025-08-07T07:07:00Z</time>
   </trkpt>
   <trkpt lat="25.0163920" lon="121.4053490">
    <ele>24.5</ele>
    <time>2025-08-07T07:07:01Z</time>
   </trkpt>
   <trkpt lat="25.0163900" lon="121.4053130">
    <ele>24.5</ele>
    <time>2025-08-07T07:07:02Z</time>
   </trkpt>
   <trkpt lat="25.0163870" lon="121.4053140">
    <ele>24.5</ele>
    <time>2025-08-07T07:07:03Z</time>
   </trkpt>
   <trkpt lat="25.0163890" lon="121.4053230">
    <ele>24.5</ele>
    <time>2025-08-07T07:07:04Z</time>
   </trkpt>
   <trkpt lat="25.0163910" lon="121.4053310">
    <ele>24.5</ele>
    <time>2025-08-07T07:07:05Z</time>
   </trkpt>
   <trkpt lat="25.0163930" lon="121.4053400">
    <ele>24.5</ele>
    <time>2025-08-07T07:07:06Z</time>
   </trkpt>
   <trkpt lat="25.0163950" lon="121.4053480">
    <ele>24.5</ele>
    <time>2025-08-07T07:07:07Z</time>
   </trkpt>
   <trkpt lat="25.0163970" lon="121.4053570">
    <ele>24.5</ele>
    <time>2025-08-07T07:07:08Z</time>
   </trkpt>
   <trkpt lat="25.0164050" lon="121.4053580">
    <ele>24.5</ele>
    <time>2025-08-07T07:07:09Z</time>
   </trkpt>
   <trkpt lat="25.0164130" lon="121.4053590">
    <ele>24.5</ele>
    <time>2025-08-07T07:07:10Z</time>
   </trkpt>
   <trkpt lat="25.0164200" lon="121.4053600">
    <ele>24.5</ele>
    <time>2025-08-07T07:07:11Z</time>
   </trkpt>
   <trkpt lat="25.0164280" lon="121.4053610">
    <ele>24.5</ele>
    <time>2025-08-07T07:07:12Z</time>
   </trkpt>
   <trkpt lat="25.0164360" lon="121.4053630">
    <ele>24.5</ele>
    <time>2025-08-07T07:07:13Z</time>
   </trkpt>
   <trkpt lat="25.0164440" lon="121.4053640">
    <ele>24.5</ele>
    <time>2025-08-07T07:07:26Z</time>
   </trkpt>
   <trkpt lat="25.0164510" lon="121.4053650">
    <ele>24.5</ele>
    <time>2025-08-07T07:07:27Z</time>
   </trkpt>
   <trkpt lat="25.0164590" lon="121.4053660">
    <ele>24.5</ele>
    <time>2025-08-07T07:07:28Z</time>
   </trkpt>
   <trkpt lat="25.0164760" lon="121.4054170">
    <ele>24.5</ele>
    <time>2025-08-07T07:07:29Z</time>
   </trkpt>
   <trkpt lat="25.0165070" lon="121.4054280">
    <ele>24.6</ele>
    <time>2025-08-07T07:07:30Z</time>
   </trkpt>
   <trkpt lat="25.0165270" lon="121.4054360">
    <ele>24.6</ele>
    <time>2025-08-07T07:07:31Z</time>
   </trkpt>
   <trkpt lat="25.0165330" lon="121.4054440">
    <ele>24.6</ele>
    <time>2025-08-07T07:07:32Z</time>
   </trkpt>
   <trkpt lat="25.0165440" lon="121.4054300">
    <ele>24.6</ele>
    <time>2025-08-07T07:07:33Z</time>
   </trkpt>
   <trkpt lat="25.0165570" lon="121.4054220">
    <ele>24.6</ele>
    <time>2025-08-07T07:07:34Z</time>
   </trkpt>
   <trkpt lat="25.0165700" lon="121.4054160">
    <ele>24.6</ele>
    <time>2025-08-07T07:07:35Z</time>
   </trkpt>
   <trkpt lat="25.0165770" lon="121.4053930">
    <ele>24.6</ele>
    <time>2025-08-07T07:07:36Z</time>
   </trkpt>
   <trkpt lat="25.0165900" lon="121.4053990">
    <ele>24.6</ele>
    <time>2025-08-07T07:07:37Z</time>
   </trkpt>
   <trkpt lat="25.0165980" lon="121.4054030">
    <ele>24.6</ele>
    <time>2025-08-07T07:07:38Z</time>
   </trkpt>
   <trkpt lat="25.0166050" lon="121.4054060">
    <ele>24.6</ele>
    <time>2025-08-07T07:07:39Z</time>
   </trkpt>
   <trkpt lat="25.0166130" lon="121.4054100">
    <ele>24.6</ele>
    <time>2025-08-07T07:07:40Z</time>
   </trkpt>
   <trkpt lat="25.0166210" lon="121.4054140">
    <ele>24.6</ele>
    <time>2025-08-07T07:07:41Z</time>
   </trkpt>
   <trkpt lat="25.0166290" lon="121.4054180">
    <ele>24.6</ele>
    <time>2025-08-07T07:07:42Z</time>
   </trkpt>
   <trkpt lat="25.0166370" lon="121.4054220">
    <ele>24.6</ele>
    <time>2025-08-07T07:07:43Z</time>
   </trkpt>
   <trkpt lat="25.0166450" lon="121.4054260">
    <ele>24.6</ele>
    <time>2025-08-07T07:07:44Z</time>
   </trkpt>
   <trkpt lat="25.0166520" lon="121.4054290">
    <ele>24.6</ele>
    <time>2025-08-07T07:07:45Z</time>
   </trkpt>
   <trkpt lat="25.0166600" lon="121.4054330">
    <ele>24.7</ele>
    <time>2025-08-07T07:08:00Z</time>
   </trkpt>
   <trkpt lat="25.0166680" lon="121.4054370">
    <ele>24.7</ele>
    <time>2025-08-07T07:08:01Z</time>
   </trkpt>
   <trkpt lat="25.0166750" lon="121.4054460">
    <ele>24.7</ele>
    <time>2025-08-07T07:08:02Z</time>
   </trkpt>
   <trkpt lat="25.0166690" lon="121.4054550">
    <ele>24.7</ele>
    <time>2025-08-07T07:08:03Z</time>
   </trkpt>
   <trkpt lat="25.0166770" lon="121.4054520">
    <ele>24.7</ele>
    <time>2025-08-07T07:08:04Z</time>
   </trkpt>
   <trkpt lat="25.0166830" lon="121.4054470">
    <ele>24.7</ele>
    <time>2025-08-07T07:08:05Z</time>
   </trkpt>
   <trkpt lat="25.0166900" lon="121.4054400">
    <ele>24.7</ele>
    <time>2025-08-07T07:08:06Z</time>
   </trkpt>
   <trkpt lat="25.0166980" lon="121.4054380">
    <ele>24.7</ele>
    <time>2025-08-07T07:08:07Z</time>
   </trkpt>
   <trkpt lat="25.0167000" lon="121.4054340">
    <ele>24.7</ele>
    <time>2025-08-07T07:08:08Z</time>
   </trkpt>
   <trkpt lat="25.0167000" lon="121.4054320">
    <ele>24.7</ele>
    <time>2025-08-07T07:08:09Z</time>
   </trkpt>
   <trkpt lat="25.0167020" lon="121.4054280">
    <ele>24.7</ele>
    <time>2025-08-07T07:08:10Z</time>
   </trkpt>
   <trkpt lat="25.0167000" lon="121.4054280">
    <ele>24.7</ele>
    <time>2025-08-07T07:08:11Z</time>
   </trkpt>
   <trkpt lat="25.0166950" lon="121.4054230">
    <ele>24.7</ele>
    <time>2025-08-07T07:08:12Z</time>
   </trkpt>
   <trkpt lat="25.0166970" lon="121.4054090">
    <ele>24.7</ele>
    <time>2025-08-07T07:08:13Z</time>
   </trkpt>
   <trkpt lat="25.0167040" lon="121.4054080">
    <ele>24.7</ele>
    <time>2025-08-07T07:08:14Z</time>
   </trkpt>
   <trkpt lat="25.0167210" lon="121.4053920">
    <ele>24.7</ele>
    <time>2025-08-07T07:08:15Z</time>
   </trkpt>
   <trkpt lat="25.0167260" lon="121.4053830">
    <ele>24.7</ele>
    <time>2025-08-07T07:08:16Z</time>
   </trkpt>
   <trkpt lat="25.0167320" lon="121.4053750">
    <ele>24.7</ele>
    <time>2025-08-07T07:08:17Z</time>
   </trkpt>
   <trkpt lat="25.0166950" lon="121.4054040">
    <ele>24.7</ele>
    <time>2025-08-07T07:08:18Z</time>
   </trkpt>
   <trkpt lat="25.0166950" lon="121.4054060">
    <ele>24.7</ele>
    <time>2025-08-07T07:08:19Z</time>
   </trkpt>
   <trkpt lat="25.0166860" lon="121.4053950">
    <ele>24.7</ele>
    <time>2025-08-07T07:08:20Z</time>
   </trkpt>
   <trkpt lat="25.0166830" lon="121.4053920">
    <ele>24.7</ele>
    <time>2025-08-07T07:08:21Z</time>
   </trkpt>
   <trkpt lat="25.0166870" lon="121.4053890">
    <ele>24.7</ele>
    <time>2025-08-07T07:08:22Z</time>
   </trkpt>
   <trkpt lat="25.0167000" lon="121.4053930">
    <ele>24.7</ele>
    <time>2025-08-07T07:08:23Z</time>
   </trkpt>
   <trkpt lat="25.0166980" lon="121.4053910">
    <ele>24.7</ele>
    <time>2025-08-07T07:08:24Z</time>
   </trkpt>
   <trkpt lat="25.0167080" lon="121.4053810">
    <ele>24.7</ele>
    <time>2025-08-07T07:08:25Z</time>
   </trkpt>
   <trkpt lat="25.0167100" lon="121.4053820">
    <ele>24.7</ele>
    <time>2025-08-07T07:08:26Z</time>
   </trkpt>
   <trkpt lat="25.0167030" lon="121.4053770">
    <ele>24.7</ele>
    <time>2025-08-07T07:08:27Z</time>
   </trkpt>
   <trkpt lat="25.0166960" lon="121.4053730">
    <ele>24.7</ele>
    <time>2025-08-07T07:08:28Z</time>
   </trkpt>
   <trkpt lat="25.0166940" lon="121.4053600">
    <ele>24.7</ele>
    <time>2025-08-07T07:08:29Z</time>
   </trkpt>
   <trkpt lat="25.0167030" lon="121.4053520">
    <ele>24.7</ele>
    <time>2025-08-07T07:08:30Z</time>
   </trkpt>
   <trkpt lat="25.0166940" lon="121.4053510">
    <ele>24.7</ele>
    <time>2025-08-07T07:08:31Z</time>
   </trkpt>
   <trkpt lat="25.0167110" lon="121.4053770">
    <ele>24.6</ele>
    <time>2025-08-07T07:08:32Z</time>
   </trkpt>
   <trkpt lat="25.0167180" lon="121.4053660">
    <ele>24.6</ele>
    <time>2025-08-07T07:08:33Z</time>
   </trkpt>
   <trkpt lat="25.0167090" lon="121.4053550">
    <ele>24.6</ele>
    <time>2025-08-07T07:08:34Z</time>
   </trkpt>
   <trkpt lat="25.0166910" lon="121.4053420">
    <ele>24.6</ele>
    <time>2025-08-07T07:08:35Z</time>
   </trkpt>
   <trkpt lat="25.0166900" lon="121.4053490">
    <ele>24.6</ele>
    <time>2025-08-07T07:08:36Z</time>
   </trkpt>
   <trkpt lat="25.0166800" lon="121.4053740">
    <ele>24.6</ele>
    <time>2025-08-07T07:08:37Z</time>
   </trkpt>
   <trkpt lat="25.0166740" lon="121.4053250">
    <ele>24.6</ele>
    <time>2025-08-07T07:08:38Z</time>
   </trkpt>
   <trkpt lat="25.0166540" lon="121.4053260">
    <ele>24.5</ele>
    <time>2025-08-07T07:08:39Z</time>
   </trkpt>
   <trkpt lat="25.0166450" lon="121.4053220">
    <ele>24.5</ele>
    <time>2025-08-07T07:08:40Z</time>
   </trkpt>
   <trkpt lat="25.0166370" lon="121.4053170">
    <ele>24.5</ele>
    <time>2025-08-07T07:08:41Z</time>
   </trkpt>
   <trkpt lat="25.0166150" lon="121.4053150">
    <ele>24.5</ele>
    <time>2025-08-07T07:08:42Z</time>
   </trkpt>
   <trkpt lat="25.0166080" lon="121.4053140">
    <ele>24.5</ele>
    <time>2025-08-07T07:08:43Z</time>
   </trkpt>
   <trkpt lat="25.0166000" lon="121.4053140">
    <ele>24.5</ele>
    <time>2025-08-07T07:08:44Z</time>
   </trkpt>
   <trkpt lat="25.0165880" lon="121.4053080">
    <ele>24.5</ele>
    <time>2025-08-07T07:08:45Z</time>
   </trkpt>
   <trkpt lat="25.0165810" lon="121.4053060">
    <ele>24.5</ele>
    <time>2025-08-07T07:08:46Z</time>
   </trkpt>
   <trkpt lat="25.0165740" lon="121.4052990">
    <ele>24.5</ele>
    <time>2025-08-07T07:08:47Z</time>
   </trkpt>
   <trkpt lat="25.0165550" lon="121.4053030">
    <ele>24.5</ele>
    <time>2025-08-07T07:08:48Z</time>
   </trkpt>
   <trkpt lat="25.0165450" lon="121.4053050">
    <ele>24.5</ele>
    <time>2025-08-07T07:08:49Z</time>
   </trkpt>
   <trkpt lat="25.0165360" lon="121.4053070">
    <ele>24.5</ele>
    <time>2025-08-07T07:08:50Z</time>
   </trkpt>
   <trkpt lat="25.0165130" lon="121.4053070">
    <ele>24.5</ele>
    <time>2025-08-07T07:08:51Z</time>
   </trkpt>
   <trkpt lat="25.0165050" lon="121.4053070">
    <ele>24.5</ele>
    <time>2025-08-07T07:08:52Z</time>
   </trkpt>
   <trkpt lat="25.0164970" lon="121.4053070">
    <ele>24.5</ele>
    <time>2025-08-07T07:08:53Z</time>
   </trkpt>
   <trkpt lat="25.0164830" lon="121.4053120">
    <ele>24.5</ele>
    <time>2025-08-07T07:08:54Z</time>
   </trkpt>
   <trkpt lat="25.0164690" lon="121.4053050">
    <ele>24.5</ele>
    <time>2025-08-07T07:08:55Z</time>
   </trkpt>
   <trkpt lat="25.0164460" lon="121.4053040">
    <ele>24.5</ele>
    <time>2025-08-07T07:08:56Z</time>
   </trkpt>
   <trkpt lat="25.0164370" lon="121.4053060">
    <ele>24.5</ele>
    <time>2025-08-07T07:08:57Z</time>
   </trkpt>
   <trkpt lat="25.0164280" lon="121.4053070">
    <ele>24.5</ele>
    <time>2025-08-07T07:08:58Z</time>
   </trkpt>
   <trkpt lat="25.0164110" lon="121.4053260">
    <ele>24.5</ele>
    <time>2025-08-07T07:08:59Z</time>
   </trkpt>
   <trkpt lat="25.0164060" lon="121.4053330">
    <ele>24.5</ele>
    <time>2025-08-07T07:09:00Z</time>
   </trkpt>
   <trkpt lat="25.0164010" lon="121.4053400">
    <ele>24.5</ele>
    <time>2025-08-07T07:09:01Z</time>
   </trkpt>
   <trkpt lat="25.0163890" lon="121.4053670">
    <ele>24.5</ele>
    <time>2025-08-07T07:09:02Z</time>
   </trkpt>
   <trkpt lat="25.0163850" lon="121.4053770">
    <ele>24.5</ele>
    <time>2025-08-07T07:09:03Z</time>
   </trkpt>
   <trkpt lat="25.0163730" lon="121.4053920">
    <ele>24.5</ele>
    <time>2025-08-07T07:09:04Z</time>
   </trkpt>
   <trkpt lat="25.0163650" lon="121.4053990">
    <ele>24.5</ele>
    <time>2025-08-07T07:09:05Z</time>
   </trkpt>
   <trkpt lat="25.0163580" lon="121.4054050">
    <ele>24.5</ele>
    <time>2025-08-07T07:09:06Z</time>
   </trkpt>
   <trkpt lat="25.0163500" lon="121.4054130">
    <ele>24.4</ele>
    <time>2025-08-07T07:09:07Z</time>
   </trkpt>
   <trkpt lat="25.0163470" lon="121.4054230">
    <ele>24.4</ele>
    <time>2025-08-07T07:09:08Z</time>
   </trkpt>
   <trkpt lat="25.0163430" lon="121.4054300">
    <ele>24.4</ele>
    <time>2025-08-07T07:09:09Z</time>
   </trkpt>
   <trkpt lat="25.0163430" lon="121.4054640">
    <ele>24.4</ele>
    <time>2025-08-07T07:09:10Z</time>
   </trkpt>
   <trkpt lat="25.0163430" lon="121.4054800">
    <ele>24.4</ele>
    <time>2025-08-07T07:09:11Z</time>
   </trkpt>
   <trkpt lat="25.0163440" lon="121.4054980">
    <ele>24.3</ele>
    <time>2025-08-07T07:09:12Z</time>
   </trkpt>
   <trkpt lat="25.0163430" lon="121.4055160">
    <ele>24.3</ele>
    <time>2025-08-07T07:09:13Z</time>
   </trkpt>
   <trkpt lat="25.0163390" lon="121.4055370">
    <ele>24.3</ele>
    <time>2025-08-07T07:09:14Z</time>
   </trkpt>
   <trkpt lat="25.0163370" lon="121.4055450">
    <ele>24.3</ele>
    <time>2025-08-07T07:09:15Z</time>
   </trkpt>
   <trkpt lat="25.0163340" lon="121.4055600">
    <ele>24.3</ele>
    <time>2025-08-07T07:09:16Z</time>
   </trkpt>
   <trkpt lat="25.0163250" lon="121.4055810">
    <ele>24.2</ele>
    <time>2025-08-07T07:09:17Z</time>
   </trkpt>
   <trkpt lat="25.0163270" lon="121.4055980">
    <ele>24.2</ele>
    <time>2025-08-07T07:09:18Z</time>
   </trkpt>
   <trkpt lat="25.0163260" lon="121.4056130">
    <ele>24.2</ele>
    <time>2025-08-07T07:09:19Z</time>
   </trkpt>
   <trkpt lat="25.0163080" lon="121.4056480">
    <ele>24.1</ele>
    <time>2025-08-07T07:09:21Z</time>
   </trkpt>
   <trkpt lat="25.0163100" lon="121.4056590">
    <ele>24.1</ele>
    <time>2025-08-07T07:09:22Z</time>
   </trkpt>
   <trkpt lat="25.0163020" lon="121.4056770">
    <ele>24.1</ele>
    <time>2025-08-07T07:09:23Z</time>
   </trkpt>
   <trkpt lat="25.0162970" lon="121.4056900">
    <ele>24.1</ele>
    <time>2025-08-07T07:09:24Z</time>
   </trkpt>
   <trkpt lat="25.0162970" lon="121.4057000">
    <ele>24.1</ele>
    <time>2025-08-07T07:09:25Z</time>
   </trkpt>
   <trkpt lat="25.0162990" lon="121.4057150">
    <ele>24.1</ele>
    <time>2025-08-07T07:09:26Z</time>
   </trkpt>
   <trkpt lat="25.0162990" lon="121.4057390">
    <ele>24.0</ele>
    <time>2025-08-07T07:09:27Z</time>
   </trkpt>
   <trkpt lat="25.0162960" lon="121.4057480">
    <ele>24.0</ele>
    <time>2025-08-07T07:09:28Z</time>
   </trkpt>
   <trkpt lat="25.0162940" lon="121.4057580">
    <ele>24.0</ele>
    <time>2025-08-07T07:09:29Z</time>
   </trkpt>
   <trkpt lat="25.0162910" lon="121.4057700">
    <ele>24.0</ele>
    <time>2025-08-07T07:09:30Z</time>
   </trkpt>
   <trkpt lat="25.0162920" lon="121.4057810">
    <ele>24.0</ele>
    <time>2025-08-07T07:09:31Z</time>
   </trkpt>
   <trkpt lat="25.0162940" lon="121.4057940">
    <ele>24.0</ele>
    <time>2025-08-07T07:09:32Z</time>
   </trkpt>
   <trkpt lat="25.0162910" lon="121.4058100">
    <ele>24.0</ele>
    <time>2025-08-07T07:09:33Z</time>
   </trkpt>
   <trkpt lat="25.0162900" lon="121.4058290">
    <ele>24.0</ele>
    <time>2025-08-07T07:09:34Z</time>
   </trkpt>
   <trkpt lat="25.0162890" lon="121.4058500">
    <ele>23.9</ele>
    <time>2025-08-07T07:09:35Z</time>
   </trkpt>
   <trkpt lat="25.0162910" lon="121.4058590">
    <ele>23.9</ele>
    <time>2025-08-07T07:09:36Z</time>
   </trkpt>
   <trkpt lat="25.0162920" lon="121.4058740">
    <ele>23.9</ele>
    <time>2025-08-07T07:09:37Z</time>
   </trkpt>
   <trkpt lat="25.0162860" lon="121.4058900">
    <ele>23.9</ele>
    <time>2025-08-07T07:09:38Z</time>
   </trkpt>
   <trkpt lat="25.0162900" lon="121.4059260">
    <ele>23.8</ele>
    <time>2025-08-07T07:09:39Z</time>
   </trkpt>
   <trkpt lat="25.0162950" lon="121.4059430">
    <ele>23.8</ele>
    <time>2025-08-07T07:09:40Z</time>
   </trkpt>
   <trkpt lat="25.0163000" lon="121.4059810">
    <ele>23.8</ele>
    <time>2025-08-07T07:09:41Z</time>
   </trkpt>
   <trkpt lat="25.0162990" lon="121.4059920">
    <ele>23.8</ele>
    <time>2025-08-07T07:09:42Z</time>
   </trkpt>
   <trkpt lat="25.0163020" lon="121.4060040">
    <ele>23.8</ele>
    <time>2025-08-07T07:09:43Z</time>
   </trkpt>
   <trkpt lat="25.0163030" lon="121.4060160">
    <ele>23.7</ele>
    <time>2025-08-07T07:09:44Z</time>
   </trkpt>
   <trkpt lat="25.0163030" lon="121.4060280">
    <ele>23.7</ele>
    <time>2025-08-07T07:09:45Z</time>
   </trkpt>
   <trkpt lat="25.0163040" lon="121.4060510">
    <ele>23.7</ele>
    <time>2025-08-07T07:09:46Z</time>
   </trkpt>
   <trkpt lat="25.0163030" lon="121.4060600">
    <ele>23.7</ele>
    <time>2025-08-07T07:09:47Z</time>
   </trkpt>
   <trkpt lat="25.0163020" lon="121.4060700">
    <ele>23.7</ele>
    <time>2025-08-07T07:09:48Z</time>
   </trkpt>
   <trkpt lat="25.0162990" lon="121.4060850">
    <ele>23.7</ele>
    <time>2025-08-07T07:09:49Z</time>
   </trkpt>
   <trkpt lat="25.0162980" lon="121.4060970">
    <ele>23.7</ele>
    <time>2025-08-07T07:09:50Z</time>
   </trkpt>
   <trkpt lat="25.0163010" lon="121.4061070">
    <ele>23.6</ele>
    <time>2025-08-07T07:09:51Z</time>
   </trkpt>
   <trkpt lat="25.0163020" lon="121.4061170">
    <ele>23.6</ele>
    <time>2025-08-07T07:09:52Z</time>
   </trkpt>
   <trkpt lat="25.0163030" lon="121.4061250">
    <ele>23.6</ele>
    <time>2025-08-07T07:09:53Z</time>
   </trkpt>
   <trkpt lat="25.0163070" lon="121.4061370">
    <ele>23.6</ele>
    <time>2025-08-07T07:09:54Z</time>
   </trkpt>
   <trkpt lat="25.0163070" lon="121.4061580">
    <ele>23.6</ele>
    <time>2025-08-07T07:09:55Z</time>
   </trkpt>
   <trkpt lat="25.0163060" lon="121.4061720">
    <ele>23.6</ele>
    <time>2025-08-07T07:09:56Z</time>
   </trkpt>
   <trkpt lat="25.0163180" lon="121.4061830">
    <ele>23.5</ele>
    <time>2025-08-07T07:09:57Z</time>
   </trkpt>
   <trkpt lat="25.0163210" lon="121.4062000">
    <ele>23.5</ele>
    <time>2025-08-07T07:09:58Z</time>
   </trkpt>
   <trkpt lat="25.0163210" lon="121.4062230">
    <ele>23.5</ele>
    <time>2025-08-07T07:09:59Z</time>
   </trkpt>
   <trkpt lat="25.0163190" lon="121.4062320">
    <ele>23.5</ele>
    <time>2025-08-07T07:10:00Z</time>
   </trkpt>
   <trkpt lat="25.0163180" lon="121.4062410">
    <ele>23.5</ele>
    <time>2025-08-07T07:10:01Z</time>
   </trkpt>
   <trkpt lat="25.0163090" lon="121.4062580">
    <ele>23.4</ele>
    <time>2025-08-07T07:10:02Z</time>
   </trkpt>
   <trkpt lat="25.0163100" lon="121.4062720">
    <ele>23.4</ele>
    <time>2025-08-07T07:10:03Z</time>
   </trkpt>
   <trkpt lat="25.0163160" lon="121.4062830">
    <ele>23.4</ele>
    <time>2025-08-07T07:10:04Z</time>
   </trkpt>
   <trkpt lat="25.0163230" lon="121.4062930">
    <ele>23.4</ele>
    <time>2025-08-07T07:10:05Z</time>
   </trkpt>
   <trkpt lat="25.0163240" lon="121.4063050">
    <ele>23.4</ele>
    <time>2025-08-07T07:10:06Z</time>
   </trkpt>
   <trkpt lat="25.0163190" lon="121.4063200">
    <ele>23.3</ele>
    <time>2025-08-07T07:10:07Z</time>
   </trkpt>
   <trkpt lat="25.0163190" lon="121.4063350">
    <ele>23.3</ele>
    <time>2025-08-07T07:10:08Z</time>
   </trkpt>
   <trkpt lat="25.0163250" lon="121.4063470">
    <ele>23.3</ele>
    <time>2025-08-07T07:10:09Z</time>
   </trkpt>
   <trkpt lat="25.0163240" lon="121.4063650">
    <ele>23.2</ele>
    <time>2025-08-07T07:10:10Z</time>
   </trkpt>
   <trkpt lat="25.0163230" lon="121.4063790">
    <ele>23.2</ele>
    <time>2025-08-07T07:10:11Z</time>
   </trkpt>
   <trkpt lat="25.0163240" lon="121.4063960">
    <ele>23.2</ele>
    <time>2025-08-07T07:10:12Z</time>
   </trkpt>
   <trkpt lat="25.0163190" lon="121.4064130">
    <ele>23.1</ele>
    <time>2025-08-07T07:10:13Z</time>
   </trkpt>
   <trkpt lat="25.0163150" lon="121.4064330">
    <ele>23.1</ele>
    <time>2025-08-07T07:10:14Z</time>
   </trkpt>
   <trkpt lat="25.0163260" lon="121.4064540">
    <ele>23.0</ele>
    <time>2025-08-07T07:10:15Z</time>
   </trkpt>
   <trkpt lat="25.0163280" lon="121.4064630">
    <ele>23.0</ele>
    <time>2025-08-07T07:10:16Z</time>
   </trkpt>
   <trkpt lat="25.0163300" lon="121.4064720">
    <ele>23.0</ele>
    <time>2025-08-07T07:10:17Z</time>
   </trkpt>
   <trkpt lat="25.0163310" lon="121.4064850">
    <ele>23.0</ele>
    <time>2025-08-07T07:10:18Z</time>
   </trkpt>
   <trkpt lat="25.0163270" lon="121.4064970">
    <ele>23.0</ele>
    <time>2025-08-07T07:10:19Z</time>
   </trkpt>
   <trkpt lat="25.0163190" lon="121.4065030">
    <ele>22.9</ele>
    <time>2025-08-07T07:10:20Z</time>
   </trkpt>
   <trkpt lat="25.0163110" lon="121.4065020">
    <ele>22.9</ele>
    <time>2025-08-07T07:10:21Z</time>
   </trkpt>
   <trkpt lat="25.0163090" lon="121.4065150">
    <ele>22.9</ele>
    <time>2025-08-07T07:10:22Z</time>
   </trkpt>
   <trkpt lat="25.0163060" lon="121.4065150">
    <ele>22.9</ele>
    <time>2025-08-07T07:10:23Z</time>
   </trkpt>
   <trkpt lat="25.0162920" lon="121.4065230">
    <ele>22.9</ele>
    <time>2025-08-07T07:10:24Z</time>
   </trkpt>
   <trkpt lat="25.0162870" lon="121.4065280">
    <ele>22.9</ele>
    <time>2025-08-07T07:10:25Z</time>
   </trkpt>
   <trkpt lat="25.0162850" lon="121.4065330">
    <ele>22.9</ele>
    <time>2025-08-07T07:10:26Z</time>
   </trkpt>
   <trkpt lat="25.0162760" lon="121.4065370">
    <ele>22.9</ele>
    <time>2025-08-07T07:10:27Z</time>
   </trkpt>
   <trkpt lat="25.0162740" lon="121.4065440">
    <ele>22.9</ele>
    <time>2025-08-07T07:10:28Z</time>
   </trkpt>
   <trkpt lat="25.0162450" lon="121.4065460">
    <ele>22.9</ele>
    <time>2025-08-07T07:10:29Z</time>
   </trkpt>
   <trkpt lat="25.0162220" lon="121.4065430">
    <ele>22.9</ele>
    <time>2025-08-07T07:10:30Z</time>
   </trkpt>
   <trkpt lat="25.0162060" lon="121.4065440">
    <ele>22.9</ele>
    <time>2025-08-07T07:10:31Z</time>
   </trkpt>
   <trkpt lat="25.0161940" lon="121.4065410">
    <ele>22.9</ele>
    <time>2025-08-07T07:10:32Z</time>
   </trkpt>
   <trkpt lat="25.0161820" lon="121.4065380">
    <ele>22.9</ele>
    <time>2025-08-07T07:10:33Z</time>
   </trkpt>
   <trkpt lat="25.0161750" lon="121.4065370">
    <ele>22.9</ele>
    <time>2025-08-07T07:10:34Z</time>
   </trkpt>
   <trkpt lat="25.0161740" lon="121.4065420">
    <ele>22.9</ele>
    <time>2025-08-07T07:10:35Z</time>
   </trkpt>
   <trkpt lat="25.0161670" lon="121.4065420">
    <ele>22.9</ele>
    <time>2025-08-07T07:10:36Z</time>
   </trkpt>
   <trkpt lat="25.0161590" lon="121.4065350">
    <ele>22.9</ele>
    <time>2025-08-07T07:10:37Z</time>
   </trkpt>
   <trkpt lat="25.0161530" lon="121.4065330">
    <ele>22.8</ele>
    <time>2025-08-07T07:10:38Z</time>
   </trkpt>
   <trkpt lat="25.0161460" lon="121.4065310">
    <ele>22.8</ele>
    <time>2025-08-07T07:10:39Z</time>
   </trkpt>
   <trkpt lat="25.0161400" lon="121.4065290">
    <ele>22.8</ele>
    <time>2025-08-07T07:10:40Z</time>
   </trkpt>
   <trkpt lat="25.0161330" lon="121.4065270">
    <ele>22.8</ele>
    <time>2025-08-07T07:10:41Z</time>
   </trkpt>
   <trkpt lat="25.0161240" lon="121.4065340">
    <ele>22.8</ele>
    <time>2025-08-07T07:10:42Z</time>
   </trkpt>
   <trkpt lat="25.0161150" lon="121.4065320">
    <ele>22.8</ele>
    <time>2025-08-07T07:10:43Z</time>
   </trkpt>
   <trkpt lat="25.0161050" lon="121.4065300">
    <ele>22.8</ele>
    <time>2025-08-07T07:10:44Z</time>
   </trkpt>
   <trkpt lat="25.0160940" lon="121.4065260">
    <ele>22.8</ele>
    <time>2025-08-07T07:10:45Z</time>
   </trkpt>
   <trkpt lat="25.0160820" lon="121.4065290">
    <ele>22.8</ele>
    <time>2025-08-07T07:10:46Z</time>
   </trkpt>
   <trkpt lat="25.0160720" lon="121.4065290">
    <ele>22.8</ele>
    <time>2025-08-07T07:10:47Z</time>
   </trkpt>
   <trkpt lat="25.0160550" lon="121.4065330">
    <ele>22.8</ele>
    <time>2025-08-07T07:10:48Z</time>
   </trkpt>
   <trkpt lat="25.0160510" lon="121.4065370">
    <ele>22.8</ele>
    <time>2025-08-07T07:10:49Z</time>
   </trkpt>
   <trkpt lat="25.0160470" lon="121.4065420">
    <ele>22.8</ele>
    <time>2025-08-07T07:10:50Z</time>
   </trkpt>
   <trkpt lat="25.0160440" lon="121.4065460">
    <ele>22.8</ele>
    <time>2025-08-07T07:10:51Z</time>
   </trkpt>
   <trkpt lat="25.0160400" lon="121.4065510">
    <ele>22.8</ele>
    <time>2025-08-07T07:10:52Z</time>
   </trkpt>
   <trkpt lat="25.0160360" lon="121.4065550">
    <ele>22.8</ele>
    <time>2025-08-07T07:10:53Z</time>
   </trkpt>
   <trkpt lat="25.0160320" lon="121.4065600">
    <ele>22.8</ele>
    <time>2025-08-07T07:10:54Z</time>
   </trkpt>
   <trkpt lat="25.0160370" lon="121.4065810">
    <ele>22.8</ele>
    <time>2025-08-07T07:10:55Z</time>
   </trkpt>
   <trkpt lat="25.0160380" lon="121.4065920">
    <ele>22.8</ele>
    <time>2025-08-07T07:10:56Z</time>
   </trkpt>
   <trkpt lat="25.0160380" lon="121.4066040">
    <ele>22.8</ele>
    <time>2025-08-07T07:10:57Z</time>
   </trkpt>
   <trkpt lat="25.0160080" lon="121.4065820">
    <ele>22.8</ele>
    <time>2025-08-07T07:10:58Z</time>
   </trkpt>
   <trkpt lat="25.0159920" lon="121.4065780">
    <ele>22.8</ele>
    <time>2025-08-07T07:10:59Z</time>
   </trkpt>
   <trkpt lat="25.0159690" lon="121.4065950">
    <ele>22.8</ele>
    <time>2025-08-07T07:11:00Z</time>
   </trkpt>
   <trkpt lat="25.0159460" lon="121.4066130">
    <ele>22.7</ele>
    <time>2025-08-07T07:11:01Z</time>
   </trkpt>
   <trkpt lat="25.0159170" lon="121.4066320">
    <ele>22.7</ele>
    <time>2025-08-07T07:11:02Z</time>
   </trkpt>
   <trkpt lat="25.0158890" lon="121.4066530">
    <ele>22.7</ele>
    <time>2025-08-07T07:11:03Z</time>
   </trkpt>
   <trkpt lat="25.0158790" lon="121.4066540">
    <ele>22.7</ele>
    <time>2025-08-07T07:11:04Z</time>
   </trkpt>
   <trkpt lat="25.0158680" lon="121.4066550">
    <ele>22.7</ele>
    <time>2025-08-07T07:11:05Z</time>
   </trkpt>
   <trkpt lat="25.0158550" lon="121.4066620">
    <ele>22.7</ele>
    <time>2025-08-07T07:11:06Z</time>
   </trkpt>
   <trkpt lat="25.0158460" lon="121.4066560">
    <ele>22.7</ele>
    <time>2025-08-07T07:11:07Z</time>
   </trkpt>
   <trkpt lat="25.0158360" lon="121.4066680">
    <ele>22.7</ele>
    <time>2025-08-07T07:11:08Z</time>
   </trkpt>
   <trkpt lat="25.0158280" lon="121.4066730">
    <ele>22.7</ele>
    <time>2025-08-07T07:11:09Z</time>
   </trkpt>
   <trkpt lat="25.0158360" lon="121.4066620">
    <ele>22.7</ele>
    <time>2025-08-07T07:11:10Z</time>
   </trkpt>
   <trkpt lat="25.0158420" lon="121.4066590">
    <ele>22.7</ele>
    <time>2025-08-07T07:11:11Z</time>
   </trkpt>
   <trkpt lat="25.0158450" lon="121.4066610">
    <ele>22.7</ele>
    <time>2025-08-07T07:11:12Z</time>
   </trkpt>
   <trkpt lat="25.0158480" lon="121.4066650">
    <ele>22.7</ele>
    <time>2025-08-07T07:11:13Z</time>
   </trkpt>
   <trkpt lat="25.0158360" lon="121.4066640">
    <ele>22.7</ele>
    <time>2025-08-07T07:11:14Z</time>
   </trkpt>
   <trkpt lat="25.0158170" lon="121.4066800">
    <ele>22.7</ele>
    <time>2025-08-07T07:11:15Z</time>
   </trkpt>
   <trkpt lat="25.0158350" lon="121.4066760">
    <ele>22.7</ele>
    <time>2025-08-07T07:11:16Z</time>
   </trkpt>
   <trkpt lat="25.0158340" lon="121.4066710">
    <ele>22.7</ele>
    <time>2025-08-07T07:11:17Z</time>
   </trkpt>
   <trkpt lat="25.0158370" lon="121.4066580">
    <ele>22.7</ele>
    <time>2025-08-07T07:11:18Z</time>
   </trkpt>
   <trkpt lat="25.0158280" lon="121.4066610">
    <ele>22.7</ele>
    <time>2025-08-07T07:11:20Z</time>
   </trkpt>
   <trkpt lat="25.0158240" lon="121.4066560">
    <ele>22.7</ele>
    <time>2025-08-07T07:11:21Z</time>
   </trkpt>
   <trkpt lat="25.0158200" lon="121.4066520">
    <ele>22.7</ele>
    <time>2025-08-07T07:11:22Z</time>
   </trkpt>
   <trkpt lat="25.0158160" lon="121.4066470">
    <ele>22.7</ele>
    <time>2025-08-07T07:11:23Z</time>
   </trkpt>
   <trkpt lat="25.0158120" lon="121.4066420">
    <ele>22.7</ele>
    <time>2025-08-07T07:11:24Z</time>
   </trkpt>
   <trkpt lat="25.0158070" lon="121.4066370">
    <ele>22.6</ele>
    <time>2025-08-07T07:11:25Z</time>
   </trkpt>
   <trkpt lat="25.0158030" lon="121.4066320">
    <ele>22.6</ele>
    <time>2025-08-07T07:11:26Z</time>
   </trkpt>
   <trkpt lat="25.0157990" lon="121.4066270">
    <ele>22.6</ele>
    <time>2025-08-07T07:11:27Z</time>
   </trkpt>
   <trkpt lat="25.0157950" lon="121.4066230">
    <ele>22.6</ele>
    <time>2025-08-07T07:11:41Z</time>
   </trkpt>
   <trkpt lat="25.0157910" lon="121.4066180">
    <ele>22.6</ele>
    <time>2025-08-07T07:11:42Z</time>
   </trkpt>
   <trkpt lat="25.0157870" lon="121.4066130">
    <ele>22.6</ele>
    <time>2025-08-07T07:11:43Z</time>
   </trkpt>
   <trkpt lat="25.0157910" lon="121.4066200">
    <ele>22.6</ele>
    <time>2025-08-07T07:11:44Z</time>
   </trkpt>
   <trkpt lat="25.0157990" lon="121.4066120">
    <ele>22.6</ele>
    <time>2025-08-07T07:11:45Z</time>
   </trkpt>
   <trkpt lat="25.0158020" lon="121.4066050">
    <ele>22.6</ele>
    <time>2025-08-07T07:11:46Z</time>
   </trkpt>
   <trkpt lat="25.0158060" lon="121.4066030">
    <ele>22.6</ele>
    <time>2025-08-07T07:11:47Z</time>
   </trkpt>
   <trkpt lat="25.0158010" lon="121.4066000">
    <ele>22.6</ele>
    <time>2025-08-07T07:11:48Z</time>
   </trkpt>
   <trkpt lat="25.0158100" lon="121.4065880">
    <ele>22.6</ele>
    <time>2025-08-07T07:11:49Z</time>
   </trkpt>
   <trkpt lat="25.0158110" lon="121.4065900">
    <ele>22.6</ele>
    <time>2025-08-07T07:11:50Z</time>
   </trkpt>
   <trkpt lat="25.0158140" lon="121.4065760">
    <ele>22.6</ele>
    <time>2025-08-07T07:11:51Z</time>
   </trkpt>
   <trkpt lat="25.0158190" lon="121.4065620">
    <ele>22.6</ele>
    <time>2025-08-07T07:11:52Z</time>
   </trkpt>
   <trkpt lat="25.0158220" lon="121.4065550">
    <ele>22.6</ele>
    <time>2025-08-07T07:11:53Z</time>
   </trkpt>
   <trkpt lat="25.0158220" lon="121.4065550">
    <ele>22.6</ele>
    <time>2025-08-07T07:11:54Z</time>
   </trkpt>
   <trkpt lat="25.0158270" lon="121.4065360">
    <ele>22.6</ele>
    <time>2025-08-07T07:11:55Z</time>
   </trkpt>
   <trkpt lat="25.0158270" lon="121.4065360">
    <ele>22.6</ele>
    <time>2025-08-07T07:11:56Z</time>
   </trkpt>
   <trkpt lat="25.0158360" lon="121.4065230">
    <ele>22.6</ele>
    <time>2025-08-07T07:11:57Z</time>
   </trkpt>
   <trkpt lat="25.0158030" lon="121.4065090">
    <ele>22.6</ele>
    <time>2025-08-07T07:12:16Z</time>
   </trkpt>
   <trkpt lat="25.0157900" lon="121.4065170">
    <ele>22.6</ele>
    <time>2025-08-07T07:12:17Z</time>
   </trkpt>
   <trkpt lat="25.0157760" lon="121.4065240">
    <ele>22.6</ele>
    <time>2025-08-07T07:12:18Z</time>
   </trkpt>
   <trkpt lat="25.0157520" lon="121.4065440">
    <ele>22.6</ele>
    <time>2025-08-07T07:12:19Z</time>
   </trkpt>
   <trkpt lat="25.0157440" lon="121.4065600">
    <ele>22.6</ele>
    <time>2025-08-07T07:12:20Z</time>
   </trkpt>
   <trkpt lat="25.0157380" lon="121.4065720">
    <ele>22.6</ele>
    <time>2025-08-07T07:12:21Z</time>
   </trkpt>
   <trkpt lat="25.0157310" lon="121.4065770">
    <ele>22.6</ele>
    <time>2025-08-07T07:12:22Z</time>
   </trkpt>
   <trkpt lat="25.0157150" lon="121.4065820">
    <ele>22.6</ele>
    <time>2025-08-07T07:12:23Z</time>
   </trkpt>
   <trkpt lat="25.0156920" lon="121.4065860">
    <ele>22.6</ele>
    <time>2025-08-07T07:12:24Z</time>
   </trkpt>
   <trkpt lat="25.0156850" lon="121.4065890">
    <ele>22.6</ele>
    <time>2025-08-07T07:12:25Z</time>
   </trkpt>
   <trkpt lat="25.0156790" lon="121.4065910">
    <ele>22.6</ele>
    <time>2025-08-07T07:12:26Z</time>
   </trkpt>
   <trkpt lat="25.0156700" lon="121.4065910">
    <ele>22.6</ele>
    <time>2025-08-07T07:12:27Z</time>
   </trkpt>
   <trkpt lat="25.0156660" lon="121.4065930">
    <ele>22.6</ele>
    <time>2025-08-07T07:12:28Z</time>
   </trkpt>
   <trkpt lat="25.0156630" lon="121.4065960">
    <ele>22.6</ele>
    <time>2025-08-07T07:12:29Z</time>
   </trkpt>
   <trkpt lat="25.0156600" lon="121.4065990">
    <ele>22.6</ele>
    <time>2025-08-07T07:12:30Z</time>
   </trkpt>
   <trkpt lat="25.0156570" lon="121.4066010">
    <ele>22.6</ele>
    <time>2025-08-07T07:12:31Z</time>
   </trkpt>
   <trkpt lat="25.0156530" lon="121.4066040">
    <ele>22.6</ele>
    <time>2025-08-07T07:12:32Z</time>
   </trkpt>
   <trkpt lat="25.0156500" lon="121.4066070">
    <ele>22.6</ele>
    <time>2025-08-07T07:12:33Z</time>
   </trkpt>
   <trkpt lat="25.0156470" lon="121.4066090">
    <ele>22.6</ele>
    <time>2025-08-07T07:12:34Z</time>
   </trkpt>
   <trkpt lat="25.0156440" lon="121.4066120">
    <ele>22.6</ele>
    <time>2025-08-07T07:12:46Z</time>
   </trkpt>
   <trkpt lat="25.0156400" lon="121.4066150">
    <ele>22.6</ele>
    <time>2025-08-07T07:12:47Z</time>
   </trkpt>
   <trkpt lat="25.0156370" lon="121.4066180">
    <ele>22.6</ele>
    <time>2025-08-07T07:12:48Z</time>
   </trkpt>
   <trkpt lat="25.0156340" lon="121.4066200">
    <ele>22.6</ele>
    <time>2025-08-07T07:12:49Z</time>
   </trkpt>
   <trkpt lat="25.0156300" lon="121.4066230">
    <ele>22.6</ele>
    <time>2025-08-07T07:12:50Z</time>
   </trkpt>
   <trkpt lat="25.0156270" lon="121.4066260">
    <ele>22.6</ele>
    <time>2025-08-07T07:12:51Z</time>
   </trkpt>
   <trkpt lat="25.0156240" lon="121.4066280">
    <ele>22.6</ele>
    <time>2025-08-07T07:12:52Z</time>
   </trkpt>
   <trkpt lat="25.0156210" lon="121.4066310">
    <ele>22.6</ele>
    <time>2025-08-07T07:12:53Z</time>
   </trkpt>
   <trkpt lat="25.0156170" lon="121.4066340">
    <ele>22.6</ele>
    <time>2025-08-07T07:12:54Z</time>
   </trkpt>
   <trkpt lat="25.0156140" lon="121.4066360">
    <ele>22.6</ele>
    <time>2025-08-07T07:12:55Z</time>
   </trkpt>
   <trkpt lat="25.0156110" lon="121.4066390">
    <ele>22.6</ele>
    <time>2025-08-07T07:12:56Z</time>
   </trkpt>
   <trkpt lat="25.0156080" lon="121.4066420">
    <ele>22.6</ele>
    <time>2025-08-07T07:12:57Z</time>
   </trkpt>
   <trkpt lat="25.0156040" lon="121.4066440">
    <ele>22.6</ele>
    <time>2025-08-07T07:13:07Z</time>
   </trkpt>
   <trkpt lat="25.0156010" lon="121.4066470">
    <ele>22.6</ele>
    <time>2025-08-07T07:13:08Z</time>
   </trkpt>
   <trkpt lat="25.0155940" lon="121.4066580">
    <ele>22.6</ele>
    <time>2025-08-07T07:13:09Z</time>
   </trkpt>
   <trkpt lat="25.0155740" lon="121.4066420">
    <ele>22.6</ele>
    <time>2025-08-07T07:13:10Z</time>
   </trkpt>
   <trkpt lat="25.0155580" lon="121.4066550">
    <ele>22.6</ele>
    <time>2025-08-07T07:13:11Z</time>
   </trkpt>
   <trkpt lat="25.0155540" lon="121.4066380">
    <ele>22.6</ele>
    <time>2025-08-07T07:13:12Z</time>
   </trkpt>
   <trkpt lat="25.0155470" lon="121.4066360">
    <ele>22.6</ele>
    <time>2025-08-07T07:13:13Z</time>
   </trkpt>
   <trkpt lat="25.0155440" lon="121.4066510">
    <ele>22.6</ele>
    <time>2025-08-07T07:13:14Z</time>
   </trkpt>
   <trkpt lat="25.0155360" lon="121.4066650">
    <ele>22.6</ele>
    <time>2025-08-07T07:13:15Z</time>
   </trkpt>
   <trkpt lat="25.0155380" lon="121.4066990">
    <ele>22.6</ele>
    <time>2025-08-07T07:13:16Z</time>
   </trkpt>
   <trkpt lat="25.0155370" lon="121.4067220">
    <ele>22.6</ele>
    <time>2025-08-07T07:13:17Z</time>
   </trkpt>
   <trkpt lat="25.0155340" lon="121.4067320">
    <ele>22.6</ele>
    <time>2025-08-07T07:13:18Z</time>
   </trkpt>
   <trkpt lat="25.0155310" lon="121.4067420">
    <ele>22.6</ele>
    <time>2025-08-07T07:13:19Z</time>
   </trkpt>
   <trkpt lat="25.0155280" lon="121.4067440">
    <ele>22.6</ele>
    <time>2025-08-07T07:13:20Z</time>
   </trkpt>
   <trkpt lat="25.0155300" lon="121.4067410">
    <ele>22.6</ele>
    <time>2025-08-07T07:13:21Z</time>
   </trkpt>
   <trkpt lat="25.0155310" lon="121.4067520">
    <ele>22.6</ele>
    <time>2025-08-07T07:13:22Z</time>
   </trkpt>
   <trkpt lat="25.0155340" lon="121.4067580">
    <ele>22.6</ele>
    <time>2025-08-07T07:13:23Z</time>
   </trkpt>
   <trkpt lat="25.0155450" lon="121.4067670">
    <ele>22.6</ele>
    <time>2025-08-07T07:13:24Z</time>
   </trkpt>
   <trkpt lat="25.0155650" lon="121.4067720">
    <ele>22.6</ele>
    <time>2025-08-07T07:13:26Z</time>
   </trkpt>
   <trkpt lat="25.0155600" lon="121.4067770">
    <ele>22.6</ele>
    <time>2025-08-07T07:13:27Z</time>
   </trkpt>
   <trkpt lat="25.0155540" lon="121.4067770">
    <ele>22.6</ele>
    <time>2025-08-07T07:13:28Z</time>
   </trkpt>
   <trkpt lat="25.0155550" lon="121.4067850">
    <ele>22.6</ele>
    <time>2025-08-07T07:13:29Z</time>
   </trkpt>
   <trkpt lat="25.0155560" lon="121.4067840">
    <ele>22.6</ele>
    <time>2025-08-07T07:13:30Z</time>
   </trkpt>
   <trkpt lat="25.0155590" lon="121.4067880">
    <ele>22.6</ele>
    <time>2025-08-07T07:13:31Z</time>
   </trkpt>
   <trkpt lat="25.0155550" lon="121.4067960">
    <ele>22.6</ele>
    <time>2025-08-07T07:13:32Z</time>
   </trkpt>
   <trkpt lat="25.0155490" lon="121.4067990">
    <ele>22.6</ele>
    <time>2025-08-07T07:13:33Z</time>
   </trkpt>
   <trkpt lat="25.0155540" lon="121.4067940">
    <ele>22.6</ele>
    <time>2025-08-07T07:13:34Z</time>
   </trkpt>
   <trkpt lat="25.0155560" lon="121.4067940">
    <ele>22.6</ele>
    <time>2025-08-07T07:13:35Z</time>
   </trkpt>
   <trkpt lat="25.0155580" lon="121.4067940">
    <ele>22.6</ele>
    <time>2025-08-07T07:13:36Z</time>
   </trkpt>
   <trkpt lat="25.0155610" lon="121.4067930">
    <ele>22.6</ele>
    <time>2025-08-07T07:13:37Z</time>
   </trkpt>
   <trkpt lat="25.0155630" lon="121.4067930">
    <ele>22.6</ele>
    <time>2025-08-07T07:13:38Z</time>
   </trkpt>
   <trkpt lat="25.0155650" lon="121.4067930">
    <ele>22.6</ele>
    <time>2025-08-07T07:13:39Z</time>
   </trkpt>
   <trkpt lat="25.0155670" lon="121.4067930">
    <ele>22.6</ele>
    <time>2025-08-07T07:13:40Z</time>
   </trkpt>
   <trkpt lat="25.0155690" lon="121.4067930">
    <ele>22.6</ele>
    <time>2025-08-07T07:13:41Z</time>
   </trkpt>
   <trkpt lat="25.0155710" lon="121.4067930">
    <ele>22.6</ele>
    <time>2025-08-07T07:13:42Z</time>
   </trkpt>
   <trkpt lat="25.0155740" lon="121.4067920">
    <ele>22.6</ele>
    <time>2025-08-07T07:13:54Z</time>
   </trkpt>
   <trkpt lat="25.0155760" lon="121.4067920">
    <ele>22.6</ele>
    <time>2025-08-07T07:13:55Z</time>
   </trkpt>
   <trkpt lat="25.0155780" lon="121.4067920">
    <ele>22.6</ele>
    <time>2025-08-07T07:13:56Z</time>
   </trkpt>
   <trkpt lat="25.0155800" lon="121.4067920">
    <ele>22.6</ele>
    <time>2025-08-07T07:13:57Z</time>
   </trkpt>
   <trkpt lat="25.0155820" lon="121.4067920">
    <ele>22.6</ele>
    <time>2025-08-07T07:13:58Z</time>
   </trkpt>
   <trkpt lat="25.0155840" lon="121.4067920">
    <ele>22.6</ele>
    <time>2025-08-07T07:13:59Z</time>
   </trkpt>
   <trkpt lat="25.0155870" lon="121.4067910">
    <ele>22.6</ele>
    <time>2025-08-07T07:14:00Z</time>
   </trkpt>
   <trkpt lat="25.0155890" lon="121.4067910">
    <ele>22.6</ele>
    <time>2025-08-07T07:14:01Z</time>
   </trkpt>
   <trkpt lat="25.0155910" lon="121.4067910">
    <ele>22.6</ele>
    <time>2025-08-07T07:14:02Z</time>
   </trkpt>
   <trkpt lat="25.0155930" lon="121.4067910">
    <ele>22.6</ele>
    <time>2025-08-07T07:14:03Z</time>
   </trkpt>
   <trkpt lat="25.0156130" lon="121.4067670">
    <ele>22.6</ele>
    <time>2025-08-07T07:14:04Z</time>
   </trkpt>
   <trkpt lat="25.0156260" lon="121.4067640">
    <ele>22.6</ele>
    <time>2025-08-07T07:14:05Z</time>
   </trkpt>
   <trkpt lat="25.0156290" lon="121.4067510">
    <ele>22.6</ele>
    <time>2025-08-07T07:14:06Z</time>
   </trkpt>
   <trkpt lat="25.0156230" lon="121.4067410">
    <ele>22.6</ele>
    <time>2025-08-07T07:14:07Z</time>
   </trkpt>
   <trkpt lat="25.0156170" lon="121.4067320">
    <ele>22.6</ele>
    <time>2025-08-07T07:14:08Z</time>
   </trkpt>
   <trkpt lat="25.0156110" lon="121.4067220">
    <ele>22.6</ele>
    <time>2025-08-07T07:14:09Z</time>
   </trkpt>
   <trkpt lat="25.0156140" lon="121.4066910">
    <ele>22.6</ele>
    <time>2025-08-07T07:14:10Z</time>
   </trkpt>
   <trkpt lat="25.0156130" lon="121.4066790">
    <ele>22.6</ele>
    <time>2025-08-07T07:14:11Z</time>
   </trkpt>
   <trkpt lat="25.0156170" lon="121.4066760">
    <ele>22.6</ele>
    <time>2025-08-07T07:14:12Z</time>
   </trkpt>
   <trkpt lat="25.0156080" lon="121.4066650">
    <ele>22.6</ele>
    <time>2025-08-07T07:14:13Z</time>
   </trkpt>
   <trkpt lat="25.0155920" lon="121.4066540">
    <ele>22.6</ele>
    <time>2025-08-07T07:14:14Z</time>
   </trkpt>
   <trkpt lat="25.0155610" lon="121.4066480">
    <ele>22.6</ele>
    <time>2025-08-07T07:14:15Z</time>
   </trkpt>
   <trkpt lat="25.0155510" lon="121.4066440">
    <ele>22.6</ele>
    <time>2025-08-07T07:14:16Z</time>
   </trkpt>
   <trkpt lat="25.0154490" lon="121.4065310">
    <ele>22.8</ele>
    <time>2025-08-07T07:14:27Z</time>
   </trkpt>
   <trkpt lat="25.0154480" lon="121.4065230">
    <ele>22.8</ele>
    <time>2025-08-07T07:14:28Z</time>
   </trkpt>
   <trkpt lat="25.0154470" lon="121.4065150">
    <ele>22.8</ele>
    <time>2025-08-07T07:14:29Z</time>
   </trkpt>
   <trkpt lat="25.0154460" lon="121.4065070">
    <ele>22.8</ele>
    <time>2025-08-07T07:14:30Z</time>
   </trkpt>
   <trkpt lat="25.0154440" lon="121.4064970">
    <ele>22.8</ele>
    <time>2025-08-07T07:14:31Z</time>
   </trkpt>
   <trkpt lat="25.0154370" lon="121.4064900">
    <ele>22.8</ele>
    <time>2025-08-07T07:14:32Z</time>
   </trkpt>
   <trkpt lat="25.0154280" lon="121.4064750">
    <ele>22.8</ele>
    <time>2025-08-07T07:14:33Z</time>
   </trkpt>
   <trkpt lat="25.0154200" lon="121.4064700">
    <ele>22.9</ele>
    <time>2025-08-07T07:14:34Z</time>
   </trkpt>
   <trkpt lat="25.0154190" lon="121.4064650">
    <ele>22.9</ele>
    <time>2025-08-07T07:14:35Z</time>
   </trkpt>
   <trkpt lat="25.0154170" lon="121.4064610">
    <ele>22.9</ele>
    <time>2025-08-07T07:14:36Z</time>
   </trkpt>
   <trkpt lat="25.0154160" lon="121.4064560">
    <ele>22.9</ele>
    <time>2025-08-07T07:14:37Z</time>
   </trkpt>
   <trkpt lat="25.0154140" lon="121.4064510">
    <ele>22.9</ele>
    <time>2025-08-07T07:14:38Z</time>
   </trkpt>
   <trkpt lat="25.0154130" lon="121.4064460">
    <ele>22.9</ele>
    <time>2025-08-07T07:14:39Z</time>
   </trkpt>
   <trkpt lat="25.0154110" lon="121.4064420">
    <ele>22.9</ele>
    <time>2025-08-07T07:14:40Z</time>
   </trkpt>
   <trkpt lat="25.0154100" lon="121.4064370">
    <ele>22.9</ele>
    <time>2025-08-07T07:14:41Z</time>
   </trkpt>
   <trkpt lat="25.0154080" lon="121.4064320">
    <ele>22.9</ele>
    <time>2025-08-07T07:14:42Z</time>
   </trkpt>
   <trkpt lat="25.0154070" lon="121.4064270">
    <ele>22.9</ele>
    <time>2025-08-07T07:14:43Z</time>
   </trkpt>
   <trkpt lat="25.0154050" lon="121.4064230">
    <ele>22.9</ele>
    <time>2025-08-07T07:14:44Z</time>
   </trkpt>
   <trkpt lat="25.0154040" lon="121.4064180">
    <ele>22.9</ele>
    <time>2025-08-07T07:14:52Z</time>
   </trkpt>
   <trkpt lat="25.0154020" lon="121.4064130">
    <ele>22.9</ele>
    <time>2025-08-07T07:14:53Z</time>
   </trkpt>
   <trkpt lat="25.0154280" lon="121.4064020">
    <ele>23.0</ele>
    <time>2025-08-07T07:14:54Z</time>
   </trkpt>
   <trkpt lat="25.0154260" lon="121.4063910">
    <ele>23.0</ele>
    <time>2025-08-07T07:14:55Z</time>
   </trkpt>
   <trkpt lat="25.0154200" lon="121.4063820">
    <ele>23.0</ele>
    <time>2025-08-07T07:14:56Z</time>
   </trkpt>
   <trkpt lat="25.0154150" lon="121.4063740">
    <ele>23.0</ele>
    <time>2025-08-07T07:14:57Z</time>
   </trkpt>
   <trkpt lat="25.0154090" lon="121.4063660">
    <ele>23.0</ele>
    <time>2025-08-07T07:14:58Z</time>
   </trkpt>
   <trkpt lat="25.0153960" lon="121.4063670">
    <ele>23.1</ele>
    <time>2025-08-07T07:14:59Z</time>
   </trkpt>
   <trkpt lat="25.0153770" lon="121.4063670">
    <ele>23.1</ele>
    <time>2025-08-07T07:15:00Z</time>
   </trkpt>
   <trkpt lat="25.0153600" lon="121.4063470">
    <ele>23.1</ele>
    <time>2025-08-07T07:15:01Z</time>
   </trkpt>
   <trkpt lat="25.0153590" lon="121.4063430">
    <ele>23.1</ele>
    <time>2025-08-07T07:15:02Z</time>
   </trkpt>
   <trkpt lat="25.0153510" lon="121.4063160">
    <ele>23.2</ele>
    <time>2025-08-07T07:15:03Z</time>
   </trkpt>
   <trkpt lat="25.0153390" lon="121.4063020">
    <ele>23.2</ele>
    <time>2025-08-07T07:15:04Z</time>
   </trkpt>
   <trkpt lat="25.0153270" lon="121.4062710">
    <ele>23.3</ele>
    <time>2025-08-07T07:15:05Z</time>
   </trkpt>
   <trkpt lat="25.0153310" lon="121.4062780">
    <ele>23.3</ele>
    <time>2025-08-07T07:15:06Z</time>
   </trkpt>
   <trkpt lat="25.0153580" lon="121.4062770">
    <ele>23.3</ele>
    <time>2025-08-07T07:15:07Z</time>
   </trkpt>
   <trkpt lat="25.0153730" lon="121.4062570">
    <ele>23.4</ele>
    <time>2025-08-07T07:15:08Z</time>
   </trkpt>
   <trkpt lat="25.0153750" lon="121.4062470">
    <ele>23.4</ele>
    <time>2025-08-07T07:15:09Z</time>
   </trkpt>
   <trkpt lat="25.0153770" lon="121.4062360">
    <ele>23.4</ele>
    <time>2025-08-07T07:15:10Z</time>
   </trkpt>
   <trkpt lat="25.0153800" lon="121.4062170">
    <ele>23.4</ele>
    <time>2025-08-07T07:15:11Z</time>
   </trkpt>
   <trkpt lat="25.0153940" lon="121.4062050">
    <ele>23.5</ele>
    <time>2025-08-07T07:15:12Z</time>
   </trkpt>
   <trkpt lat="25.0154000" lon="121.4061710">
    <ele>23.5</ele>
    <time>2025-08-07T07:15:13Z</time>
   </trkpt>
   <trkpt lat="25.0154050" lon="121.4061590">
    <ele>23.6</ele>
    <time>2025-08-07T07:15:14Z</time>
   </trkpt>
   <trkpt lat="25.0154170" lon="121.4061560">
    <ele>23.6</ele>
    <time>2025-08-07T07:15:15Z</time>
   </trkpt>
   <trkpt lat="25.0154260" lon="121.4061490">
    <ele>23.6</ele>
    <time>2025-08-07T07:15:16Z</time>
   </trkpt>
   <trkpt lat="25.0154340" lon="121.4061440">
    <ele>23.6</ele>
    <time>2025-08-07T07:15:18Z</time>
   </trkpt>
   <trkpt lat="25.0154430" lon="121.4061380">
    <ele>23.6</ele>
    <time>2025-08-07T07:15:19Z</time>
   </trkpt>
   <trkpt lat="25.0154480" lon="121.4061410">
    <ele>23.6</ele>
    <time>2025-08-07T07:15:20Z</time>
   </trkpt>
   <trkpt lat="25.0154540" lon="121.4061360">
    <ele>23.7</ele>
    <time>2025-08-07T07:15:21Z</time>
   </trkpt>
   <trkpt lat="25.0154610" lon="121.4061290">
    <ele>23.7</ele>
    <time>2025-08-07T07:15:22Z</time>
   </trkpt>
   <trkpt lat="25.0154700" lon="121.4061260">
    <ele>23.7</ele>
    <time>2025-08-07T07:15:23Z</time>
   </trkpt>
   <trkpt lat="25.0154850" lon="121.4061210">
    <ele>23.7</ele>
    <time>2025-08-07T07:15:24Z</time>
   </trkpt>
   <trkpt lat="25.0154940" lon="121.4061170">
    <ele>23.7</ele>
    <time>2025-08-07T07:15:25Z</time>
   </trkpt>
   <trkpt lat="25.0154960" lon="121.4061160">
    <ele>23.7</ele>
    <time>2025-08-07T07:15:26Z</time>
   </trkpt>
   <trkpt lat="25.0155020" lon="121.4061160">
    <ele>23.7</ele>
    <time>2025-08-07T07:15:27Z</time>
   </trkpt>
   <trkpt lat="25.0155120" lon="121.4061150">
    <ele>23.8</ele>
    <time>2025-08-07T07:15:28Z</time>
   </trkpt>
   <trkpt lat="25.0155150" lon="121.4061120">
    <ele>23.8</ele>
    <time>2025-08-07T07:15:29Z</time>
   </trkpt>
   <trkpt lat="25.0155310" lon="121.4061060">
    <ele>23.8</ele>
    <time>2025-08-07T07:15:30Z</time>
   </trkpt>
   <trkpt lat="25.0155400" lon="121.4061070">
    <ele>23.8</ele>
    <time>2025-08-07T07:15:31Z</time>
   </trkpt>
   <trkpt lat="25.0155560" lon="121.4060930">
    <ele>23.8</ele>
    <time>2025-08-07T07:15:32Z</time>
   </trkpt>
   <trkpt lat="25.0155640" lon="121.4060880">
    <ele>23.8</ele>
    <time>2025-08-07T07:15:33Z</time>
   </trkpt>
   <trkpt lat="25.0155730" lon="121.4060830">
    <ele>23.8</ele>
    <time>2025-08-07T07:15:34Z</time>
   </trkpt>
   <trkpt lat="25.0155900" lon="121.4060770">
    <ele>23.9</ele>
    <time>2025-08-07T07:15:35Z</time>
   </trkpt>
   <trkpt lat="25.0156070" lon="121.4060720">
    <ele>23.9</ele>
    <time>2025-08-07T07:15:36Z</time>
   </trkpt>
   <trkpt lat="25.0156170" lon="121.4060740">
    <ele>23.9</ele>
    <time>2025-08-07T07:15:37Z</time>
   </trkpt>
   <trkpt lat="25.0156230" lon="121.4060800">
    <ele>23.9</ele>
    <time>2025-08-07T07:15:38Z</time>
   </trkpt>
   <trkpt lat="25.0156320" lon="121.4060770">
    <ele>23.9</ele>
    <time>2025-08-07T07:15:39Z</time>
   </trkpt>
   <trkpt lat="25.0156420" lon="121.4060760">
    <ele>23.9</ele>
    <time>2025-08-07T07:15:40Z</time>
   </trkpt>
   <trkpt lat="25.0156520" lon="121.4060740">
    <ele>23.9</ele>
    <time>2025-08-07T07:15:41Z</time>
   </trkpt>
   <trkpt lat="25.0156620" lon="121.4060700">
    <ele>23.9</ele>
    <time>2025-08-07T07:15:42Z</time>
   </trkpt>
   <trkpt lat="25.0156730" lon="121.4060660">
    <ele>23.9</ele>
    <time>2025-08-07T07:15:43Z</time>
   </trkpt>
   <trkpt lat="25.0156820" lon="121.4060620">
    <ele>23.9</ele>
    <time>2025-08-07T07:15:44Z</time>
   </trkpt>
   <trkpt lat="25.0156940" lon="121.4060600">
    <ele>23.9</ele>
    <time>2025-08-07T07:15:45Z</time>
   </trkpt>
   <trkpt lat="25.0157030" lon="121.4060570">
    <ele>24.0</ele>
    <time>2025-08-07T07:15:46Z</time>
   </trkpt>
   <trkpt lat="25.0157250" lon="121.4060590">
    <ele>24.0</ele>
    <time>2025-08-07T07:15:47Z</time>
   </trkpt>
   <trkpt lat="25.0157370" lon="121.4060620">
    <ele>24.0</ele>
    <time>2025-08-07T07:15:48Z</time>
   </trkpt>
   <trkpt lat="25.0157480" lon="121.4060640">
    <ele>24.0</ele>
    <time>2025-08-07T07:15:49Z</time>
   </trkpt>
   <trkpt lat="25.0157590" lon="121.4060670">
    <ele>24.0</ele>
    <time>2025-08-07T07:15:50Z</time>
   </trkpt>
   <trkpt lat="25.0157730" lon="121.4060670">
    <ele>24.0</ele>
    <time>2025-08-07T07:15:51Z</time>
   </trkpt>
   <trkpt lat="25.0157830" lon="121.4060670">
    <ele>24.0</ele>
    <time>2025-08-07T07:15:52Z</time>
   </trkpt>
   <trkpt lat="25.0157950" lon="121.4060660">
    <ele>24.0</ele>
    <time>2025-08-07T07:15:53Z</time>
   </trkpt>
   <trkpt lat="25.0158150" lon="121.4060680">
    <ele>24.0</ele>
    <time>2025-08-07T07:15:54Z</time>
   </trkpt>
   <trkpt lat="25.0158310" lon="121.4060720">
    <ele>24.1</ele>
    <time>2025-08-07T07:15:55Z</time>
   </trkpt>
   <trkpt lat="25.0158480" lon="121.4060770">
    <ele>24.1</ele>
    <time>2025-08-07T07:15:56Z</time>
   </trkpt>
   <trkpt lat="25.0158550" lon="121.4060790">
    <ele>24.1</ele>
    <time>2025-08-07T07:15:57Z</time>
   </trkpt>
   <trkpt lat="25.0158610" lon="121.4060800">
    <ele>24.1</ele>
    <time>2025-08-07T07:15:58Z</time>
   </trkpt>
   <trkpt lat="25.0158670" lon="121.4060820">
    <ele>24.1</ele>
    <time>2025-08-07T07:15:59Z</time>
   </trkpt>
   <trkpt lat="25.0158720" lon="121.4060870">
    <ele>24.1</ele>
    <time>2025-08-07T07:16:00Z</time>
   </trkpt>
   <trkpt lat="25.0158810" lon="121.4061000">
    <ele>24.1</ele>
    <time>2025-08-07T07:16:01Z</time>
   </trkpt>
   <trkpt lat="25.0158920" lon="121.4061060">
    <ele>24.1</ele>
    <time>2025-08-07T07:16:02Z</time>
   </trkpt>
   <trkpt lat="25.0159130" lon="121.4060930">
    <ele>24.2</ele>
    <time>2025-08-07T07:16:03Z</time>
   </trkpt>
   <trkpt lat="25.0159200" lon="121.4060970">
    <ele>24.2</ele>
    <time>2025-08-07T07:16:04Z</time>
   </trkpt>
   <trkpt lat="25.0159140" lon="121.4061090">
    <ele>24.2</ele>
    <time>2025-08-07T07:16:05Z</time>
   </trkpt>
   <trkpt lat="25.0159100" lon="121.4061220">
    <ele>24.2</ele>
    <time>2025-08-07T07:16:06Z</time>
   </trkpt>
   <trkpt lat="25.0159080" lon="121.4061180">
    <ele>24.2</ele>
    <time>2025-08-07T07:16:07Z</time>
   </trkpt>
   <trkpt lat="25.0159210" lon="121.4061130">
    <ele>24.2</ele>
    <time>2025-08-07T07:16:08Z</time>
   </trkpt>
   <trkpt lat="25.0159360" lon="121.4061190">
    <ele>24.2</ele>
    <time>2025-08-07T07:16:09Z</time>
   </trkpt>
   <trkpt lat="25.0159440" lon="121.4061200">
    <ele>24.3</ele>
    <time>2025-08-07T07:16:10Z</time>
   </trkpt>
   <trkpt lat="25.0159490" lon="121.4061110">
    <ele>24.3</ele>
    <time>2025-08-07T07:16:11Z</time>
   </trkpt>
   <trkpt lat="25.0159560" lon="121.4061000">
    <ele>24.3</ele>
    <time>2025-08-07T07:16:12Z</time>
   </trkpt>
   <trkpt lat="25.0159620" lon="121.4060900">
    <ele>24.3</ele>
    <time>2025-08-07T07:16:19Z</time>
   </trkpt>
   <trkpt lat="25.0159690" lon="121.4060790">
    <ele>24.3</ele>
    <time>2025-08-07T07:16:20Z</time>
   </trkpt>
   <trkpt lat="25.0159750" lon="121.4060690">
    <ele>24.3</ele>
    <time>2025-08-07T07:16:21Z</time>
   </trkpt>
   <trkpt lat="25.0159810" lon="121.4060580">
    <ele>24.3</ele>
    <time>2025-08-07T07:16:22Z</time>
   </trkpt>
   <trkpt lat="25.0159880" lon="121.4060480">
    <ele>24.4</ele>
    <time>2025-08-07T07:16:23Z</time>
   </trkpt>
   <trkpt lat="25.0159940" lon="121.4060370">
    <ele>24.4</ele>
    <time>2025-08-07T07:16:24Z</time>
   </trkpt>
   <trkpt lat="25.0160140" lon="121.4060230">
    <ele>24.4</ele>
    <time>2025-08-07T07:16:25Z</time>
   </trkpt>
   <trkpt lat="25.0160160" lon="121.4060170">
    <ele>24.4</ele>
    <time>2025-08-07T07:16:26Z</time>
   </trkpt>
   <trkpt lat="25.0160180" lon="121.4060120">
    <ele>24.4</ele>
    <time>2025-08-07T07:16:27Z</time>
   </trkpt>
   <trkpt lat="25.0160200" lon="121.4060060">
    <ele>24.4</ele>
    <time>2025-08-07T07:16:28Z</time>
   </trkpt>
   <trkpt lat="25.0160100" lon="121.4059980">
    <ele>24.4</ele>
    <time>2025-08-07T07:16:29Z</time>
   </trkpt>
   <trkpt lat="25.0160120" lon="121.4059960">
    <ele>24.4</ele>
    <time>2025-08-07T07:16:30Z</time>
   </trkpt>
   <trkpt lat="25.0159970" lon="121.4060210">
    <ele>24.4</ele>
    <time>2025-08-07T07:16:31Z</time>
   </trkpt>
   <trkpt lat="25.0160000" lon="121.4060310">
    <ele>24.4</ele>
    <time>2025-08-07T07:16:32Z</time>
   </trkpt>
   <trkpt lat="25.0159990" lon="121.4060160">
    <ele>24.5</ele>
    <time>2025-08-07T07:16:33Z</time>
   </trkpt>
   <trkpt lat="25.0159900" lon="121.4060010">
    <ele>24.5</ele>
    <time>2025-08-07T07:16:34Z</time>
   </trkpt>
   <trkpt lat="25.0159820" lon="121.4059850">
    <ele>24.5</ele>
    <time>2025-08-07T07:16:35Z</time>
   </trkpt>
   <trkpt lat="25.0159890" lon="121.4059750">
    <ele>24.5</ele>
    <time>2025-08-07T07:16:36Z</time>
   </trkpt>
   <trkpt lat="25.0159920" lon="121.4059750">
    <ele>24.5</ele>
    <time>2025-08-07T07:16:37Z</time>
   </trkpt>
   <trkpt lat="25.0159940" lon="121.4059770">
    <ele>24.5</ele>
    <time>2025-08-07T07:16:38Z</time>
   </trkpt>
   <trkpt lat="25.0159940" lon="121.4059780">
    <ele>24.5</ele>
    <time>2025-08-07T07:16:39Z</time>
   </trkpt>
   <trkpt lat="25.0159940" lon="121.4059790">
    <ele>24.5</ele>
    <time>2025-08-07T07:16:40Z</time>
   </trkpt>
   <trkpt lat="25.0159960" lon="121.4059700">
    <ele>24.5</ele>
    <time>2025-08-07T07:16:41Z</time>
   </trkpt>
   <trkpt lat="25.0159950" lon="121.4059630">
    <ele>24.5</ele>
    <time>2025-08-07T07:16:42Z</time>
   </trkpt>
   <trkpt lat="25.0159950" lon="121.4059570">
    <ele>24.5</ele>
    <time>2025-08-07T07:16:43Z</time>
   </trkpt>
   <trkpt lat="25.0159880" lon="121.4059650">
    <ele>24.5</ele>
    <time>2025-08-07T07:16:44Z</time>
   </trkpt>
   <trkpt lat="25.0159880" lon="121.4059610">
    <ele>24.5</ele>
    <time>2025-08-07T07:16:45Z</time>
   </trkpt>
   <trkpt lat="25.0159880" lon="121.4059580">
    <ele>24.5</ele>
    <time>2025-08-07T07:16:46Z</time>
   </trkpt>
   <trkpt lat="25.0159880" lon="121.4059540">
    <ele>24.5</ele>
    <time>2025-08-07T07:16:47Z</time>
   </trkpt>
   <trkpt lat="25.0159880" lon="121.4059500">
    <ele>24.5</ele>
    <time>2025-08-07T07:16:48Z</time>
   </trkpt>
   <trkpt lat="25.0159880" lon="121.4059460">
    <ele>24.5</ele>
    <time>2025-08-07T07:16:49Z</time>
   </trkpt>
   <trkpt lat="25.0159880" lon="121.4059430">
    <ele>24.5</ele>
    <time>2025-08-07T07:16:50Z</time>
   </trkpt>
   <trkpt lat="25.0159880" lon="121.4059390">
    <ele>24.5</ele>
    <time>2025-08-07T07:16:51Z</time>
   </trkpt>
   <trkpt lat="25.0159880" lon="121.4059350">
    <ele>24.5</ele>
    <time>2025-08-07T07:16:52Z</time>
   </trkpt>
   <trkpt lat="25.0159880" lon="121.4059310">
    <ele>24.5</ele>
    <time>2025-08-07T07:16:53Z</time>
   </trkpt>
   <trkpt lat="25.0159870" lon="121.4059280">
    <ele>24.5</ele>
    <time>2025-08-07T07:16:54Z</time>
   </trkpt>
   <trkpt lat="25.0159870" lon="121.4059240">
    <ele>24.5</ele>
    <time>2025-08-07T07:16:55Z</time>
   </trkpt>
   <trkpt lat="25.0159870" lon="121.4059200">
    <ele>24.5</ele>
    <time>2025-08-07T07:16:56Z</time>
   </trkpt>
   <trkpt lat="25.0159870" lon="121.4059160">
    <ele>24.5</ele>
    <time>2025-08-07T07:16:57Z</time>
   </trkpt>
   <trkpt lat="25.0159870" lon="121.4059130">
    <ele>24.5</ele>
    <time>2025-08-07T07:16:58Z</time>
   </trkpt>
   <trkpt lat="25.0159870" lon="121.4059090">
    <ele>24.5</ele>
    <time>2025-08-07T07:16:59Z</time>
   </trkpt>
   <trkpt lat="25.0159870" lon="121.4059050">
    <ele>24.5</ele>
    <time>2025-08-07T07:17:00Z</time>
   </trkpt>
   <trkpt lat="25.0159870" lon="121.4059010">
    <ele>24.5</ele>
    <time>2025-08-07T07:17:07Z</time>
   </trkpt>
   <trkpt lat="25.0159870" lon="121.4058980">
    <ele>24.5</ele>
    <time>2025-08-07T07:17:08Z</time>
   </trkpt>
   <trkpt lat="25.0159870" lon="121.4058940">
    <ele>24.5</ele>
    <time>2025-08-07T07:17:09Z</time>
   </trkpt>
   <trkpt lat="25.0160000" lon="121.4059140">
    <ele>24.5</ele>
    <time>2025-08-07T07:17:10Z</time>
   </trkpt>
   <trkpt lat="25.0160060" lon="121.4059100">
    <ele>24.5</ele>
    <time>2025-08-07T07:17:11Z</time>
   </trkpt>
   <trkpt lat="25.0160050" lon="121.4059050">
    <ele>24.5</ele>
    <time>2025-08-07T07:17:12Z</time>
   </trkpt>
   <trkpt lat="25.0160060" lon="121.4058900">
    <ele>24.5</ele>
    <time>2025-08-07T07:17:13Z</time>
   </trkpt>
   <trkpt lat="25.0159990" lon="121.4058820">
    <ele>24.5</ele>
    <time>2025-08-07T07:17:14Z</time>
   </trkpt>
   <trkpt lat="25.0160050" lon="121.4058860">
    <ele>24.5</ele>
    <time>2025-08-07T07:17:15Z</time>
   </trkpt>
   <trkpt lat="25.0160150" lon="121.4058710">
    <ele>24.5</ele>
    <time>2025-08-07T07:17:16Z</time>
   </trkpt>
   <trkpt lat="25.0159890" lon="121.4058500">
    <ele>24.6</ele>
    <time>2025-08-07T07:17:17Z</time>
   </trkpt>
   <trkpt lat="25.0159850" lon="121.4058400">
    <ele>24.6</ele>
    <time>2025-08-07T07:17:18Z</time>
   </trkpt>
   <trkpt lat="25.0159810" lon="121.4058400">
    <ele>24.6</ele>
    <time>2025-08-07T07:17:19Z</time>
   </trkpt>
   <trkpt lat="25.0159830" lon="121.4058220">
    <ele>24.6</ele>
    <time>2025-08-07T07:17:20Z</time>
   </trkpt>
   <trkpt lat="25.0159790" lon="121.4058020">
    <ele>24.6</ele>
    <time>2025-08-07T07:17:21Z</time>
   </trkpt>
   <trkpt lat="25.0159790" lon="121.4057920">
    <ele>24.6</ele>
    <time>2025-08-07T07:17:22Z</time>
   </trkpt>
   <trkpt lat="25.0159770" lon="121.4057850">
    <ele>24.6</ele>
    <time>2025-08-07T07:17:23Z</time>
   </trkpt>
   <trkpt lat="25.0159760" lon="121.4057790">
    <ele>24.6</ele>
    <time>2025-08-07T07:17:24Z</time>
   </trkpt>
   <trkpt lat="25.0159740" lon="121.4057730">
    <ele>24.6</ele>
    <time>2025-08-07T07:17:25Z</time>
   </trkpt>
   <trkpt lat="25.0159720" lon="121.4057660">
    <ele>24.6</ele>
    <time>2025-08-07T07:17:26Z</time>
   </trkpt>
   <trkpt lat="25.0159700" lon="121.4057600">
    <ele>24.6</ele>
    <time>2025-08-07T07:17:27Z</time>
   </trkpt>
   <trkpt lat="25.0159670" lon="121.4057380">
    <ele>24.6</ele>
    <time>2025-08-07T07:17:28Z</time>
   </trkpt>
   <trkpt lat="25.0159670" lon="121.4057260">
    <ele>24.6</ele>
    <time>2025-08-07T07:17:29Z</time>
   </trkpt>
   <trkpt lat="25.0159670" lon="121.4057140">
    <ele>24.6</ele>
    <time>2025-08-07T07:17:30Z</time>
   </trkpt>
   <trkpt lat="25.0159670" lon="121.4057020">
    <ele>24.6</ele>
    <time>2025-08-07T07:17:31Z</time>
   </trkpt>
   <trkpt lat="25.0159680" lon="121.4056900">
    <ele>24.6</ele>
    <time>2025-08-07T07:17:32Z</time>
   </trkpt>
   <trkpt lat="25.0159680" lon="121.4056770">
    <ele>24.6</ele>
    <time>2025-08-07T07:17:33Z</time>
   </trkpt>
   <trkpt lat="25.0159680" lon="121.4056650">
    <ele>24.6</ele>
    <time>2025-08-07T07:17:34Z</time>
   </trkpt>
   <trkpt lat="25.0159680" lon="121.4056530">
    <ele>24.7</ele>
    <time>2025-08-07T07:17:49Z</time>
   </trkpt>
   <trkpt lat="25.0159680" lon="121.4056410">
    <ele>24.7</ele>
    <time>2025-08-07T07:17:50Z</time>
   </trkpt>
   <trkpt lat="25.0159680" lon="121.4056290">
    <ele>24.7</ele>
    <time>2025-08-07T07:17:51Z</time>
   </trkpt>
   <trkpt lat="25.0159690" lon="121.4056410">
    <ele>24.7</ele>
    <time>2025-08-07T07:17:52Z</time>
   </trkpt>
   <trkpt lat="25.0159760" lon="121.4056180">
    <ele>24.7</ele>
    <time>2025-08-07T07:17:53Z</time>
   </trkpt>
   <trkpt lat="25.0159760" lon="121.4055990">
    <ele>24.7</ele>
    <time>2025-08-07T07:17:54Z</time>
   </trkpt>
   <trkpt lat="25.0159810" lon="121.4055800">
    <ele>24.7</ele>
    <time>2025-08-07T07:17:55Z</time>
   </trkpt>
   <trkpt lat="25.0159840" lon="121.4055690">
    <ele>24.7</ele>
    <time>2025-08-07T07:17:56Z</time>
   </trkpt>
   <trkpt lat="25.0159840" lon="121.4055580">
    <ele>24.7</ele>
    <time>2025-08-07T07:17:57Z</time>
   </trkpt>
   <trkpt lat="25.0159690" lon="121.4055400">
    <ele>24.7</ele>
    <time>2025-08-07T07:17:58Z</time>
   </trkpt>
   <trkpt lat="25.0159720" lon="121.4055220">
    <ele>24.7</ele>
    <time>2025-08-07T07:17:59Z</time>
   </trkpt>
   <trkpt lat="25.0159730" lon="121.4055050">
    <ele>24.8</ele>
    <time>2025-08-07T07:18:00Z</time>
   </trkpt>
   <trkpt lat="25.0159800" lon="121.4054920">
    <ele>24.8</ele>
    <time>2025-08-07T07:18:01Z</time>
   </trkpt>
   <trkpt lat="25.0159850" lon="121.4054820">
    <ele>24.8</ele>
    <time>2025-08-07T07:18:02Z</time>
   </trkpt>
   <trkpt lat="25.0159870" lon="121.4054730">
    <ele>24.8</ele>
    <time>2025-08-07T07:18:03Z</time>
   </trkpt>
   <trkpt lat="25.0159870" lon="121.4054640">
    <ele>24.8</ele>
    <time>2025-08-07T07:18:04Z</time>
   </trkpt>
   <trkpt lat="25.0159860" lon="121.4054520">
    <ele>24.8</ele>
    <time>2025-08-07T07:18:05Z</time>
   </trkpt>
   <trkpt lat="25.0159850" lon="121.4054410">
    <ele>24.8</ele>
    <time>2025-08-07T07:18:06Z</time>
   </trkpt>
   <trkpt lat="25.0159870" lon="121.4054320">
    <ele>24.8</ele>
    <time>2025-08-07T07:18:07Z</time>
   </trkpt>
   <trkpt lat="25.0159840" lon="121.4054220">
    <ele>24.8</ele>
    <time>2025-08-07T07:18:08Z</time>
   </trkpt>
   <trkpt lat="25.0159830" lon="121.4054110">
    <ele>24.8</ele>
    <time>2025-08-07T07:18:09Z</time>
   </trkpt>
   <trkpt lat="25.0159790" lon="121.4053960">
    <ele>24.8</ele>
    <time>2025-08-07T07:18:10Z</time>
   </trkpt>
   <trkpt lat="25.0159790" lon="121.4053860">
    <ele>24.8</ele>
    <time>2025-08-07T07:18:11Z</time>
   </trkpt>
   <trkpt lat="25.0159790" lon="121.4053770">
    <ele>24.8</ele>
    <time>2025-08-07T07:18:12Z</time>
   </trkpt>
   <trkpt lat="25.0159790" lon="121.4053680">
    <ele>24.8</ele>
    <time>2025-08-07T07:18:13Z</time>
   </trkpt>
   <trkpt lat="25.0159790" lon="121.4053580">
    <ele>24.8</ele>
    <time>2025-08-07T07:18:14Z</time>
   </trkpt>
   <trkpt lat="25.0159780" lon="121.4053490">
    <ele>24.8</ele>
    <time>2025-08-07T07:18:15Z</time>
   </trkpt>
   <trkpt lat="25.0159780" lon="121.4053400">
    <ele>24.9</ele>
    <time>2025-08-07T07:18:16Z</time>
   </trkpt>
   <trkpt lat="25.0159780" lon="121.4053310">
    <ele>24.9</ele>
    <time>2025-08-07T07:18:17Z</time>
   </trkpt>
   <trkpt lat="25.0159780" lon="121.4053210">
    <ele>24.9</ele>
    <time>2025-08-07T07:18:28Z</time>
   </trkpt>
   <trkpt lat="25.0159780" lon="121.4053120">
    <ele>24.9</ele>
    <time>2025-08-07T07:18:29Z</time>
   </trkpt>
   <trkpt lat="25.0159800" lon="121.4052400">
    <ele>24.9</ele>
    <time>2025-08-07T07:18:30Z</time>
   </trkpt>
   <trkpt lat="25.0159450" lon="121.4052170">
    <ele>25.0</ele>
    <time>2025-08-07T07:18:31Z</time>
   </trkpt>
   <trkpt lat="25.0159550" lon="121.4052150">
    <ele>25.0</ele>
    <time>2025-08-07T07:18:32Z</time>
   </trkpt>
   <trkpt lat="25.0159790" lon="121.4052150">
    <ele>25.0</ele>
    <time>2025-08-07T07:18:33Z</time>
   </trkpt>
   <trkpt lat="25.0159980" lon="121.4052110">
    <ele>25.0</ele>
    <time>2025-08-07T07:18:34Z</time>
   </trkpt>
   <trkpt lat="25.0159880" lon="121.4052190">
    <ele>25.0</ele>
    <time>2025-08-07T07:18:35Z</time>
   </trkpt>
   <trkpt lat="25.0159870" lon="121.4052080">
    <ele>25.0</ele>
    <time>2025-08-07T07:18:36Z</time>
   </trkpt>
   <trkpt lat="25.0159920" lon="121.4052080">
    <ele>25.0</ele>
    <time>2025-08-07T07:18:37Z</time>
   </trkpt>
   <trkpt lat="25.0160000" lon="121.4051970">
    <ele>25.0</ele>
    <time>2025-08-07T07:18:38Z</time>
   </trkpt>
   <trkpt lat="25.0160070" lon="121.4052010">
    <ele>25.0</ele>
    <time>2025-08-07T07:18:39Z</time>
   </trkpt>
   <trkpt lat="25.0160050" lon="121.4052020">
    <ele>25.0</ele>
    <time>2025-08-07T07:18:40Z</time>
   </trkpt>
   <trkpt lat="25.0160030" lon="121.4052160">
    <ele>25.0</ele>
    <time>2025-08-07T07:18:41Z</time>
   </trkpt>
   <trkpt lat="25.0160000" lon="121.4052290">
    <ele>25.0</ele>
    <time>2025-08-07T07:18:42Z</time>
   </trkpt>
   <trkpt lat="25.0159970" lon="121.4052420">
    <ele>25.0</ele>
    <time>2025-08-07T07:18:43Z</time>
   </trkpt>
   <trkpt lat="25.0159790" lon="121.4052830">
    <ele>24.9</ele>
    <time>2025-08-07T07:18:44Z</time>
   </trkpt>
   <trkpt lat="25.0159680" lon="121.4052960">
    <ele>24.9</ele>
    <time>2025-08-07T07:18:45Z</time>
   </trkpt>
   <trkpt lat="25.0159600" lon="121.4053130">
    <ele>24.9</ele>
    <time>2025-08-07T07:18:46Z</time>
   </trkpt>
   <trkpt lat="25.0159510" lon="121.4053280">
    <ele>24.9</ele>
    <time>2025-08-07T07:18:47Z</time>
   </trkpt>
   <trkpt lat="25.0159460" lon="121.4053470">
    <ele>24.9</ele>
    <time>2025-08-07T07:18:48Z</time>
   </trkpt>
   <trkpt lat="25.0159450" lon="121.4053610">
    <ele>24.9</ele>
    <time>2025-08-07T07:18:49Z</time>
   </trkpt>
   <trkpt lat="25.0159810" lon="121.4053840">
    <ele>24.8</ele>
    <time>2025-08-07T07:18:50Z</time>
   </trkpt>
   <trkpt lat="25.0160170" lon="121.4053970">
    <ele>24.8</ele>
    <time>2025-08-07T07:19:08Z</time>
   </trkpt>
   <trkpt lat="25.0160530" lon="121.4054100">
    <ele>24.8</ele>
    <time>2025-08-07T07:19:09Z</time>
   </trkpt>
   <trkpt lat="25.0160850" lon="121.4053720">
    <ele>24.8</ele>
    <time>2025-08-07T07:19:10Z</time>
   </trkpt>
   <trkpt lat="25.0161010" lon="121.4053570">
    <ele>24.7</ele>
    <time>2025-08-07T07:19:11Z</time>
   </trkpt>
   <trkpt lat="25.0161130" lon="121.4053470">
    <ele>24.7</ele>
    <time>2025-08-07T07:19:12Z</time>
   </trkpt>
   <trkpt lat="25.0161190" lon="121.4053420">
    <ele>24.7</ele>
    <time>2025-08-07T07:19:13Z</time>
   </trkpt>
   <trkpt lat="25.0161240" lon="121.4053360">
    <ele>24.7</ele>
    <time>2025-08-07T07:19:14Z</time>
   </trkpt>
   <trkpt lat="25.0161290" lon="121.4053310">
    <ele>24.7</ele>
    <time>2025-08-07T07:19:15Z</time>
   </trkpt>
   <trkpt lat="25.0161350" lon="121.4053130">
    <ele>24.7</ele>
    <time>2025-08-07T07:19:16Z</time>
   </trkpt>
   <trkpt lat="25.0161480" lon="121.4053020">
    <ele>24.7</ele>
    <time>2025-08-07T07:19:17Z</time>
   </trkpt>
   <trkpt lat="25.0161450" lon="121.4052870">
    <ele>24.6</ele>
    <time>2025-08-07T07:19:19Z</time>
   </trkpt>
   <trkpt lat="25.0161480" lon="121.4052790">
    <ele>24.6</ele>
    <time>2025-08-07T07:19:20Z</time>
   </trkpt>
   <trkpt lat="25.0161600" lon="121.4052720">
    <ele>24.6</ele>
    <time>2025-08-07T07:19:21Z</time>
   </trkpt>
   <trkpt lat="25.0161700" lon="121.4052550">
    <ele>24.6</ele>
    <time>2025-08-07T07:19:22Z</time>
   </trkpt>
   <trkpt lat="25.0161750" lon="121.4052460">
    <ele>24.6</ele>
    <time>2025-08-07T07:19:23Z</time>
   </trkpt>
   <trkpt lat="25.0161900" lon="121.4052210">
    <ele>24.6</ele>
    <time>2025-08-07T07:19:24Z</time>
   </trkpt>
   <trkpt lat="25.0161950" lon="121.4052110">
    <ele>24.6</ele>
    <time>2025-08-07T07:19:25Z</time>
   </trkpt>
   <trkpt lat="25.0161930" lon="121.4051920">
    <ele>24.6</ele>
    <time>2025-08-07T07:19:26Z</time>
   </trkpt>
   <trkpt lat="25.0161890" lon="121.4051800">
    <ele>24.7</ele>
    <time>2025-08-07T07:19:27Z</time>
   </trkpt>
   <trkpt lat="25.0162020" lon="121.4051620">
    <ele>24.7</ele>
    <time>2025-08-07T07:19:28Z</time>
   </trkpt>
   <trkpt lat="25.0162070" lon="121.4051540">
    <ele>24.7</ele>
    <time>2025-08-07T07:19:29Z</time>
   </trkpt>
   <trkpt lat="25.0162130" lon="121.4051460">
    <ele>24.7</ele>
    <time>2025-08-07T07:19:30Z</time>
   </trkpt>
   <trkpt lat="25.0162160" lon="121.4051320">
    <ele>24.7</ele>
    <time>2025-08-07T07:19:31Z</time>
   </trkpt>
   <trkpt lat="25.0162210" lon="121.4051140">
    <ele>24.8</ele>
    <time>2025-08-07T07:19:32Z</time>
   </trkpt>
   <trkpt lat="25.0162280" lon="121.4050970">
    <ele>24.8</ele>
    <time>2025-08-07T07:19:33Z</time>
   </trkpt>
   <trkpt lat="25.0162380" lon="121.4050800">
    <ele>24.8</ele>
    <time>2025-08-07T07:19:34Z</time>
   </trkpt>
   <trkpt lat="25.0162530" lon="121.4050510">
    <ele>24.9</ele>
    <time>2025-08-07T07:19:35Z</time>
   </trkpt>
   <trkpt lat="25.0162550" lon="121.4050420">
    <ele>24.9</ele>
    <time>2025-08-07T07:19:36Z</time>
   </trkpt>
   <trkpt lat="25.0162570" lon="121.4050190">
    <ele>24.9</ele>
    <time>2025-08-07T07:19:37Z</time>
   </trkpt>
   <trkpt lat="25.0162570" lon="121.4050100">
    <ele>24.9</ele>
    <time>2025-08-07T07:19:38Z</time>
   </trkpt>
   <trkpt lat="25.0162560" lon="121.4050000">
    <ele>25.0</ele>
    <time>2025-08-07T07:19:39Z</time>
   </trkpt>
   <trkpt lat="25.0162490" lon="121.4049670">
    <ele>25.0</ele>
    <time>2025-08-07T07:19:40Z</time>
   </trkpt>
   <trkpt lat="25.0162480" lon="121.4049600">
    <ele>25.1</ele>
    <time>2025-08-07T07:19:41Z</time>
   </trkpt>
   <trkpt lat="25.0162540" lon="121.4049500">
    <ele>25.1</ele>
    <time>2025-08-07T07:19:42Z</time>
   </trkpt>
   <trkpt lat="25.0162500" lon="121.4049360">
    <ele>25.1</ele>
    <time>2025-08-07T07:19:43Z</time>
   </trkpt>
   <trkpt lat="25.0162480" lon="121.4049250">
    <ele>25.1</ele>
    <time>2025-08-07T07:19:44Z</time>
   </trkpt>
   <trkpt lat="25.0162440" lon="121.4049120">
    <ele>25.2</ele>
    <time>2025-08-07T07:19:45Z</time>
   </trkpt>
   <trkpt lat="25.0162400" lon="121.4048950">
    <ele>25.2</ele>
    <time>2025-08-07T07:19:46Z</time>
   </trkpt>
   <trkpt lat="25.0162350" lon="121.4048770">
    <ele>25.2</ele>
    <time>2025-08-07T07:19:47Z</time>
   </trkpt>
   <trkpt lat="25.0162290" lon="121.4048620">
    <ele>25.3</ele>
    <time>2025-08-07T07:19:48Z</time>
   </trkpt>
   <trkpt lat="25.0162250" lon="121.4048380">
    <ele>25.3</ele>
    <time>2025-08-07T07:19:49Z</time>
   </trkpt>
   <trkpt lat="25.0162210" lon="121.4048270">
    <ele>25.3</ele>
    <time>2025-08-07T07:19:50Z</time>
   </trkpt>
   <trkpt lat="25.0162180" lon="121.4048150">
    <ele>25.3</ele>
    <time>2025-08-07T07:19:51Z</time>
   </trkpt>
   <trkpt lat="25.0162150" lon="121.4047980">
    <ele>25.4</ele>
    <time>2025-08-07T07:19:52Z</time>
   </trkpt>
   <trkpt lat="25.0162110" lon="121.4047790">
    <ele>25.4</ele>
    <time>2025-08-07T07:19:53Z</time>
   </trkpt>
   <trkpt lat="25.0162120" lon="121.4047630">
    <ele>25.4</ele>
    <time>2025-08-07T07:19:54Z</time>
   </trkpt>
   <trkpt lat="25.0162070" lon="121.4047490">
    <ele>25.5</ele>
    <time>2025-08-07T07:19:55Z</time>
   </trkpt>
   <trkpt lat="25.0161970" lon="121.4047380">
    <ele>25.5</ele>
    <time>2025-08-07T07:19:56Z</time>
   </trkpt>
   <trkpt lat="25.0161890" lon="121.4047240">
    <ele>25.5</ele>
    <time>2025-08-07T07:19:57Z</time>
   </trkpt>
   <trkpt lat="25.0161820" lon="121.4047070">
    <ele>25.5</ele>
    <time>2025-08-07T07:19:58Z</time>
   </trkpt>
   <trkpt lat="25.0161770" lon="121.4046900">
    <ele>25.6</ele>
    <time>2025-08-07T07:19:59Z</time>
   </trkpt>
   <trkpt lat="25.0161750" lon="121.4046670">
    <ele>25.6</ele>
    <time>2025-08-07T07:20:00Z</time>
   </trkpt>
   <trkpt lat="25.0161750" lon="121.4046580">
    <ele>25.6</ele>
    <time>2025-08-07T07:20:01Z</time>
   </trkpt>
   <trkpt lat="25.0161740" lon="121.4046480">
    <ele>25.6</ele>
    <time>2025-08-07T07:20:02Z</time>
   </trkpt>
   <trkpt lat="25.0161730" lon="121.4046400">
    <ele>25.7</ele>
    <time>2025-08-07T07:20:03Z</time>
   </trkpt>
   <trkpt lat="25.0161710" lon="121.4046320">
    <ele>25.7</ele>
    <time>2025-08-07T07:20:04Z</time>
   </trkpt>
   <trkpt lat="25.0161710" lon="121.4046210">
    <ele>25.7</ele>
    <time>2025-08-07T07:20:05Z</time>
   </trkpt>
   <trkpt lat="25.0161720" lon="121.4046080">
    <ele>25.7</ele>
    <time>2025-08-07T07:20:06Z</time>
   </trkpt>
   <trkpt lat="25.0161740" lon="121.4045790">
    <ele>25.8</ele>
    <time>2025-08-07T07:20:07Z</time>
   </trkpt>
   <trkpt lat="25.0161750" lon="121.4045680">
    <ele>25.8</ele>
    <time>2025-08-07T07:20:08Z</time>
   </trkpt>
   <trkpt lat="25.0161780" lon="121.4045520">
    <ele>25.8</ele>
    <time>2025-08-07T07:20:09Z</time>
   </trkpt>
   <trkpt lat="25.0161750" lon="121.4045330">
    <ele>25.9</ele>
    <time>2025-08-07T07:20:10Z</time>
   </trkpt>
   <trkpt lat="25.0161780" lon="121.4045010">
    <ele>25.9</ele>
    <time>2025-08-07T07:20:11Z</time>
   </trkpt>
   <trkpt lat="25.0161790" lon="121.4044870">
    <ele>26.0</ele>
    <time>2025-08-07T07:20:12Z</time>
   </trkpt>
   <trkpt lat="25.0161810" lon="121.4044690">
    <ele>26.0</ele>
    <time>2025-08-07T07:20:13Z</time>
   </trkpt>
   <trkpt lat="25.0161860" lon="121.4044470">
    <ele>26.0</ele>
    <time>2025-08-07T07:20:14Z</time>
   </trkpt>
   <trkpt lat="25.0161880" lon="121.4044350">
    <ele>26.1</ele>
    <time>2025-08-07T07:20:15Z</time>
   </trkpt>
   <trkpt lat="25.0161900" lon="121.4044230">
    <ele>26.1</ele>
    <time>2025-08-07T07:20:16Z</time>
   </trkpt>
   <trkpt lat="25.0161950" lon="121.4044030">
    <ele>26.1</ele>
    <time>2025-08-07T07:20:17Z</time>
   </trkpt>
   <trkpt lat="25.0161950" lon="121.4043910">
    <ele>26.1</ele>
    <time>2025-08-07T07:20:18Z</time>
   </trkpt>
   <trkpt lat="25.0161900" lon="121.4043760">
    <ele>26.2</ele>
    <time>2025-08-07T07:20:19Z</time>
   </trkpt>
   <trkpt lat="25.0161850" lon="121.4043610">
    <ele>26.2</ele>
    <time>2025-08-07T07:20:20Z</time>
   </trkpt>
   <trkpt lat="25.0161830" lon="121.4043370">
    <ele>26.2</ele>
    <time>2025-08-07T07:20:21Z</time>
   </trkpt>
   <trkpt lat="25.0161810" lon="121.4043280">
    <ele>26.3</ele>
    <time>2025-08-07T07:20:22Z</time>
   </trkpt>
   <trkpt lat="25.0161790" lon="121.4043200">
    <ele>26.3</ele>
    <time>2025-08-07T07:20:23Z</time>
   </trkpt>
   <trkpt lat="25.0161810" lon="121.4042980">
    <ele>26.3</ele>
    <time>2025-08-07T07:20:24Z</time>
   </trkpt>
   <trkpt lat="25.0161810" lon="121.4042880">
    <ele>26.3</ele>
    <time>2025-08-07T07:20:25Z</time>
   </trkpt>
   <trkpt lat="25.0161810" lon="121.4042790">
    <ele>26.4</ele>
    <time>2025-08-07T07:20:26Z</time>
   </trkpt>
   <trkpt lat="25.0161780" lon="121.4042660">
    <ele>26.4</ele>
    <time>2025-08-07T07:20:27Z</time>
   </trkpt>
   <trkpt lat="25.0161740" lon="121.4042510">
    <ele>26.4</ele>
    <time>2025-08-07T07:20:28Z</time>
   </trkpt>
   <trkpt lat="25.0161690" lon="121.4042280">
    <ele>26.4</ele>
    <time>2025-08-07T07:20:29Z</time>
   </trkpt>
   <trkpt lat="25.0161670" lon="121.4042170">
    <ele>26.5</ele>
    <time>2025-08-07T07:20:30Z</time>
   </trkpt>
   <trkpt lat="25.0161650" lon="121.4042060">
    <ele>26.5</ele>
    <time>2025-08-07T07:20:31Z</time>
   </trkpt>
   <trkpt lat="25.0161650" lon="121.4041930">
    <ele>26.5</ele>
    <time>2025-08-07T07:20:32Z</time>
   </trkpt>
   <trkpt lat="25.0161650" lon="121.4041820">
    <ele>26.5</ele>
    <time>2025-08-07T07:20:33Z</time>
   </trkpt>
   <trkpt lat="25.0161650" lon="121.4041690">
    <ele>26.5</ele>
    <time>2025-08-07T07:20:34Z</time>
   </trkpt>
   <trkpt lat="25.0161600" lon="121.4041540">
    <ele>26.5</ele>
    <time>2025-08-07T07:20:35Z</time>
   </trkpt>
   <trkpt lat="25.0161550" lon="121.4041370">
    <ele>26.6</ele>
    <time>2025-08-07T07:20:36Z</time>
   </trkpt>
   <trkpt lat="25.0161500" lon="121.4041240">
    <ele>26.6</ele>
    <time>2025-08-07T07:20:37Z</time>
   </trkpt>
   <trkpt lat="25.0161510" lon="121.4041160">
    <ele>26.6</ele>
    <time>2025-08-07T07:20:38Z</time>
   </trkpt>
   <trkpt lat="25.0161530" lon="121.4041010">
    <ele>26.6</ele>
    <time>2025-08-07T07:20:39Z</time>
   </trkpt>
   <trkpt lat="25.0161530" lon="121.4040830">
    <ele>26.6</ele>
    <time>2025-08-07T07:20:40Z</time>
   </trkpt>
   <trkpt lat="25.0161540" lon="121.4040670">
    <ele>26.6</ele>
    <time>2025-08-07T07:20:41Z</time>
   </trkpt>
   <trkpt lat="25.0161550" lon="121.4040530">
    <ele>26.6</ele>
    <time>2025-08-07T07:20:42Z</time>
   </trkpt>
   <trkpt lat="25.0161570" lon="121.4040410">
    <ele>26.6</ele>
    <time>2025-08-07T07:20:43Z</time>
   </trkpt>
   <trkpt lat="25.0161600" lon="121.4040370">
    <ele>26.6</ele>
    <time>2025-08-07T07:20:44Z</time>
   </trkpt>
   <trkpt lat="25.0161590" lon="121.4040220">
    <ele>26.6</ele>
    <time>2025-08-07T07:20:45Z</time>
   </trkpt>
   <trkpt lat="25.0161580" lon="121.4040100">
    <ele>26.6</ele>
    <time>2025-08-07T07:20:46Z</time>
   </trkpt>
   <trkpt lat="25.0161560" lon="121.4039990">
    <ele>26.7</ele>
    <time>2025-08-07T07:20:47Z</time>
   </trkpt>
   <trkpt lat="25.0161550" lon="121.4039870">
    <ele>26.7</ele>
    <time>2025-08-07T07:20:48Z</time>
   </trkpt>
   <trkpt lat="25.0161540" lon="121.4039690">
    <ele>26.7</ele>
    <time>2025-08-07T07:20:49Z</time>
   </trkpt>
   <trkpt lat="25.0161520" lon="121.4039600">
    <ele>26.7</ele>
    <time>2025-08-07T07:20:50Z</time>
   </trkpt>
   <trkpt lat="25.0161500" lon="121.4039530">
    <ele>26.7</ele>
    <time>2025-08-07T07:20:51Z</time>
   </trkpt>
   <trkpt lat="25.0161440" lon="121.4039300">
    <ele>26.7</ele>
    <time>2025-08-07T07:20:52Z</time>
   </trkpt>
   <trkpt lat="25.0161410" lon="121.4039230">
    <ele>26.7</ele>
    <time>2025-08-07T07:20:53Z</time>
   </trkpt>
   <trkpt lat="25.0161380" lon="121.4039150">
    <ele>26.7</ele>
    <time>2025-08-07T07:20:54Z</time>
   </trkpt>
   <trkpt lat="25.0161360" lon="121.4039020">
    <ele>26.7</ele>
    <time>2025-08-07T07:20:55Z</time>
   </trkpt>
   <trkpt lat="25.0161320" lon="121.4038900">
    <ele>26.7</ele>
    <time>2025-08-07T07:20:56Z</time>
   </trkpt>
   <trkpt lat="25.0161300" lon="121.4038820">
    <ele>26.7</ele>
    <time>2025-08-07T07:20:57Z</time>
   </trkpt>
   <trkpt lat="25.0161290" lon="121.4038730">
    <ele>26.7</ele>
    <time>2025-08-07T07:20:58Z</time>
   </trkpt>
   <trkpt lat="25.0161290" lon="121.4038580">
    <ele>26.8</ele>
    <time>2025-08-07T07:20:59Z</time>
   </trkpt>
   <trkpt lat="25.0161270" lon="121.4038470">
    <ele>26.8</ele>
    <time>2025-08-07T07:21:00Z</time>
   </trkpt>
   <trkpt lat="25.0161260" lon="121.4038380">
    <ele>26.8</ele>
    <time>2025-08-07T07:21:01Z</time>
   </trkpt>
   <trkpt lat="25.0161210" lon="121.4038300">
    <ele>26.8</ele>
    <time>2025-08-07T07:21:02Z</time>
   </trkpt>
   <trkpt lat="25.0161220" lon="121.4038310">
    <ele>26.8</ele>
    <time>2025-08-07T07:21:03Z</time>
   </trkpt>
   <trkpt lat="25.0161240" lon="121.4038230">
    <ele>26.8</ele>
    <time>2025-08-07T07:21:04Z</time>
   </trkpt>
   <trkpt lat="25.0161300" lon="121.4038170">
    <ele>26.8</ele>
    <time>2025-08-07T07:21:05Z</time>
   </trkpt>
   <trkpt lat="25.0161310" lon="121.4038150">
    <ele>26.8</ele>
    <time>2025-08-07T07:21:06Z</time>
   </trkpt>
   <trkpt lat="25.0161310" lon="121.4038090">
    <ele>26.8</ele>
    <time>2025-08-07T07:21:07Z</time>
   </trkpt>
   <trkpt lat="25.0161290" lon="121.4038010">
    <ele>26.8</ele>
    <time>2025-08-07T07:21:08Z</time>
   </trkpt>
   <trkpt lat="25.0161280" lon="121.4037920">
    <ele>26.8</ele>
    <time>2025-08-07T07:21:09Z</time>
   </trkpt>
   <trkpt lat="25.0161260" lon="121.4037840">
    <ele>26.8</ele>
    <time>2025-08-07T07:21:10Z</time>
   </trkpt>
   <trkpt lat="25.0161250" lon="121.4037750">
    <ele>26.8</ele>
    <time>2025-08-07T07:21:11Z</time>
   </trkpt>
   <trkpt lat="25.0161230" lon="121.4037670">
    <ele>26.8</ele>
    <time>2025-08-07T07:21:12Z</time>
   </trkpt>
   <trkpt lat="25.0161220" lon="121.4037580">
    <ele>26.8</ele>
    <time>2025-08-07T07:21:13Z</time>
   </trkpt>
   <trkpt lat="25.0161200" lon="121.4037500">
    <ele>26.8</ele>
    <time>2025-08-07T07:21:14Z</time>
   </trkpt>
   <trkpt lat="25.0161190" lon="121.4037410">
    <ele>26.8</ele>
    <time>2025-08-07T07:21:15Z</time>
   </trkpt>
   <trkpt lat="25.0161170" lon="121.4037330">
    <ele>26.8</ele>
    <time>2025-08-07T07:21:16Z</time>
   </trkpt>
   <trkpt lat="25.0161160" lon="121.4037240">
    <ele>26.8</ele>
    <time>2025-08-07T07:21:18Z</time>
   </trkpt>
   <trkpt lat="25.0161140" lon="121.4037160">
    <ele>26.8</ele>
    <time>2025-08-07T07:21:27Z</time>
   </trkpt>
   <trkpt lat="25.0161130" lon="121.4037070">
    <ele>26.8</ele>
    <time>2025-08-07T07:21:28Z</time>
   </trkpt>
   <trkpt lat="25.0161110" lon="121.4036990">
    <ele>26.8</ele>
    <time>2025-08-07T07:21:29Z</time>
   </trkpt>
   <trkpt lat="25.0161130" lon="121.4036900">
    <ele>26.8</ele>
    <time>2025-08-07T07:21:30Z</time>
   </trkpt>
   <trkpt lat="25.0161150" lon="121.4036630">
    <ele>26.9</ele>
    <time>2025-08-07T07:21:31Z</time>
   </trkpt>
   <trkpt lat="25.0161170" lon="121.4036290">
    <ele>26.9</ele>
    <time>2025-08-07T07:21:32Z</time>
   </trkpt>
   <trkpt lat="25.0161160" lon="121.4036150">
    <ele>26.9</ele>
    <time>2025-08-07T07:21:33Z</time>
   </trkpt>
   <trkpt lat="25.0160960" lon="121.4036200">
    <ele>26.9</ele>
    <time>2025-08-07T07:21:34Z</time>
   </trkpt>
   <trkpt lat="25.0160850" lon="121.4036360">
    <ele>26.9</ele>
    <time>2025-08-07T07:21:35Z</time>
   </trkpt>
   <trkpt lat="25.0160800" lon="121.4036390">
    <ele>26.9</ele>
    <time>2025-08-07T07:21:36Z</time>
   </trkpt>
   <trkpt lat="25.0160830" lon="121.4036380">
    <ele>26.9</ele>
    <time>2025-08-07T07:21:37Z</time>
   </trkpt>
   <trkpt lat="25.0160800" lon="121.4036510">
    <ele>26.9</ele>
    <time>2025-08-07T07:21:38Z</time>
   </trkpt>
   <trkpt lat="25.0160770" lon="121.4036490">
    <ele>26.9</ele>
    <time>2025-08-07T07:21:39Z</time>
   </trkpt>
   <trkpt lat="25.0160710" lon="121.4036390">
    <ele>26.9</ele>
    <time>2025-08-07T07:21:40Z</time>
   </trkpt>
   <trkpt lat="25.0160690" lon="121.4036330">
    <ele>26.9</ele>
    <time>2025-08-07T07:21:41Z</time>
   </trkpt>
   <trkpt lat="25.0160710" lon="121.4036370">
    <ele>26.9</ele>
    <time>2025-08-07T07:21:42Z</time>
   </trkpt>
   <trkpt lat="25.0160700" lon="121.4036290">
    <ele>26.9</ele>
    <time>2025-08-07T07:21:43Z</time>
   </trkpt>
   <trkpt lat="25.0160650" lon="121.4036210">
    <ele>26.9</ele>
    <time>2025-08-07T07:21:44Z</time>
   </trkpt>
   <trkpt lat="25.0160640" lon="121.4036090">
    <ele>26.9</ele>
    <time>2025-08-07T07:21:45Z</time>
   </trkpt>
   <trkpt lat="25.0160660" lon="121.4035990">
    <ele>26.9</ele>
    <time>2025-08-07T07:21:46Z</time>
   </trkpt>
   <trkpt lat="25.0160630" lon="121.4035880">
    <ele>27.0</ele>
    <time>2025-08-07T07:21:47Z</time>
   </trkpt>
   <trkpt lat="25.0160590" lon="121.4035770">
    <ele>27.0</ele>
    <time>2025-08-07T07:21:48Z</time>
   </trkpt>
   <trkpt lat="25.0160550" lon="121.4035650">
    <ele>27.0</ele>
    <time>2025-08-07T07:21:49Z</time>
   </trkpt>
   <trkpt lat="25.0160480" lon="121.4035570">
    <ele>27.0</ele>
    <time>2025-08-07T07:21:50Z</time>
   </trkpt>
   <trkpt lat="25.0160410" lon="121.4035520">
    <ele>27.0</ele>
    <time>2025-08-07T07:21:51Z</time>
   </trkpt>
   <trkpt lat="25.0160370" lon="121.4035510">
    <ele>27.0</ele>
    <time>2025-08-07T07:21:52Z</time>
   </trkpt>
   <trkpt lat="25.0160320" lon="121.4035460">
    <ele>27.0</ele>
    <time>2025-08-07T07:21:53Z</time>
   </trkpt>
   <trkpt lat="25.0160350" lon="121.4035390">
    <ele>27.0</ele>
    <time>2025-08-07T07:21:54Z</time>
   </trkpt>
   <trkpt lat="25.0160420" lon="121.4035410">
    <ele>27.0</ele>
    <time>2025-08-07T07:21:55Z</time>
   </trkpt>
   <trkpt lat="25.0160380" lon="121.4035360">
    <ele>27.0</ele>
    <time>2025-08-07T07:21:56Z</time>
   </trkpt>
   <trkpt lat="25.0160340" lon="121.4035350">
    <ele>27.0</ele>
    <time>2025-08-07T07:21:57Z</time>
   </trkpt>
   <trkpt lat="25.0160280" lon="121.4035370">
    <ele>27.0</ele>
    <time>2025-08-07T07:21:58Z</time>
   </trkpt>
   <trkpt lat="25.0160170" lon="121.4035300">
    <ele>27.0</ele>
    <time>2025-08-07T07:21:59Z</time>
   </trkpt>
   <trkpt lat="25.0160110" lon="121.4035210">
    <ele>27.0</ele>
    <time>2025-08-07T07:22:00Z</time>
   </trkpt>
   <trkpt lat="25.0160110" lon="121.4035040">
    <ele>27.0</ele>
    <time>2025-08-07T07:22:01Z</time>
   </trkpt>
   <trkpt lat="25.0160130" lon="121.4034990">
    <ele>27.0</ele>
    <time>2025-08-07T07:22:02Z</time>
   </trkpt>
   <trkpt lat="25.0160100" lon="121.4034990">
    <ele>27.0</ele>
    <time>2025-08-07T07:22:03Z</time>
   </trkpt>
   <trkpt lat="25.0160020" lon="121.4034850">
    <ele>27.0</ele>
    <time>2025-08-07T07:22:04Z</time>
   </trkpt>
   <trkpt lat="25.0159990" lon="121.4034790">
    <ele>27.0</ele>
    <time>2025-08-07T07:22:05Z</time>
   </trkpt>
   <trkpt lat="25.0160020" lon="121.4034700">
    <ele>27.0</ele>
    <time>2025-08-07T07:22:06Z</time>
   </trkpt>
   <trkpt lat="25.0159930" lon="121.4034580">
    <ele>27.0</ele>
    <time>2025-08-07T07:22:07Z</time>
   </trkpt>
   <trkpt lat="25.0159910" lon="121.4034450">
    <ele>27.0</ele>
    <time>2025-08-07T07:22:08Z</time>
   </trkpt>
   <trkpt lat="25.0159880" lon="121.4034330">
    <ele>27.1</ele>
    <time>2025-08-07T07:22:09Z</time>
   </trkpt>
   <trkpt lat="25.0159830" lon="121.4034170">
    <ele>27.1</ele>
    <time>2025-08-07T07:22:10Z</time>
   </trkpt>
   <trkpt lat="25.0159840" lon="121.4034020">
    <ele>27.1</ele>
    <time>2025-08-07T07:22:11Z</time>
   </trkpt>
   <trkpt lat="25.0159830" lon="121.4033940">
    <ele>27.1</ele>
    <time>2025-08-07T07:22:12Z</time>
   </trkpt>
   <trkpt lat="25.0159870" lon="121.4033950">
    <ele>27.1</ele>
    <time>2025-08-07T07:22:13Z</time>
   </trkpt>
   <trkpt lat="25.0159900" lon="121.4033970">
    <ele>27.1</ele>
    <time>2025-08-07T07:22:14Z</time>
   </trkpt>
   <trkpt lat="25.0159930" lon="121.4033990">
    <ele>27.1</ele>
    <time>2025-08-07T07:22:15Z</time>
   </trkpt>
   <trkpt lat="25.0159970" lon="121.4034010">
    <ele>27.1</ele>
    <time>2025-08-07T07:22:16Z</time>
   </trkpt>
   <trkpt lat="25.0160000" lon="121.4034020">
    <ele>27.1</ele>
    <time>2025-08-07T07:22:17Z</time>
   </trkpt>
   <trkpt lat="25.0160040" lon="121.4034040">
    <ele>27.1</ele>
    <time>2025-08-07T07:22:18Z</time>
   </trkpt>
   <trkpt lat="25.0160070" lon="121.4034060">
    <ele>27.1</ele>
    <time>2025-08-07T07:22:19Z</time>
   </trkpt>
   <trkpt lat="25.0160100" lon="121.4034070">
    <ele>27.1</ele>
    <time>2025-08-07T07:22:20Z</time>
   </trkpt>
   <trkpt lat="25.0160140" lon="121.4034090">
    <ele>27.1</ele>
    <time>2025-08-07T07:22:21Z</time>
   </trkpt>
   <trkpt lat="25.0160170" lon="121.4034110">
    <ele>27.1</ele>
    <time>2025-08-07T07:22:36Z</time>
   </trkpt>
   <trkpt lat="25.0160200" lon="121.4034130">
    <ele>27.1</ele>
    <time>2025-08-07T07:22:38Z</time>
   </trkpt>
   <trkpt lat="25.0160240" lon="121.4034140">
    <ele>27.1</ele>
    <time>2025-08-07T07:22:39Z</time>
   </trkpt>
   <trkpt lat="25.0160270" lon="121.4034160">
    <ele>27.1</ele>
    <time>2025-08-07T07:22:40Z</time>
   </trkpt>
   <trkpt lat="25.0160270" lon="121.4034130">
    <ele>27.1</ele>
    <time>2025-08-07T07:22:41Z</time>
   </trkpt>
   <trkpt lat="25.0160300" lon="121.4034120">
    <ele>27.1</ele>
    <time>2025-08-07T07:22:42Z</time>
   </trkpt>
   <trkpt lat="25.0160370" lon="121.4033880">
    <ele>27.1</ele>
    <time>2025-08-07T07:22:43Z</time>
   </trkpt>
   <trkpt lat="25.0160330" lon="121.4033720">
    <ele>27.1</ele>
    <time>2025-08-07T07:22:44Z</time>
   </trkpt>
   <trkpt lat="25.0160330" lon="121.4033630">
    <ele>27.1</ele>
    <time>2025-08-07T07:22:45Z</time>
   </trkpt>
   <trkpt lat="25.0160320" lon="121.4033550">
    <ele>27.1</ele>
    <time>2025-08-07T07:22:46Z</time>
   </trkpt>
   <trkpt lat="25.0160320" lon="121.4033460">
    <ele>27.1</ele>
    <time>2025-08-07T07:22:47Z</time>
   </trkpt>
   <trkpt lat="25.0160320" lon="121.4033370">
    <ele>27.1</ele>
    <time>2025-08-07T07:22:48Z</time>
   </trkpt>
   <trkpt lat="25.0160320" lon="121.4033280">
    <ele>27.1</ele>
    <time>2025-08-07T07:22:49Z</time>
   </trkpt>
   <trkpt lat="25.0160310" lon="121.4033190">
    <ele>27.1</ele>
    <time>2025-08-07T07:22:50Z</time>
   </trkpt>
   <trkpt lat="25.0160310" lon="121.4033110">
    <ele>27.1</ele>
    <time>2025-08-07T07:22:52Z</time>
   </trkpt>
   <trkpt lat="25.0160310" lon="121.4033020">
    <ele>27.1</ele>
    <time>2025-08-07T07:22:53Z</time>
   </trkpt>
   <trkpt lat="25.0160310" lon="121.4032930">
    <ele>27.1</ele>
    <time>2025-08-07T07:22:54Z</time>
   </trkpt>
   <trkpt lat="25.0160300" lon="121.4032840">
    <ele>27.1</ele>
    <time>2025-08-07T07:22:55Z</time>
   </trkpt>
   <trkpt lat="25.0160300" lon="121.4032750">
    <ele>27.1</ele>
    <time>2025-08-07T07:22:56Z</time>
   </trkpt>
   <trkpt lat="25.0160300" lon="121.4032670">
    <ele>27.1</ele>
    <time>2025-08-07T07:22:57Z</time>
   </trkpt>
   <trkpt lat="25.0160300" lon="121.4032580">
    <ele>27.1</ele>
    <time>2025-08-07T07:22:58Z</time>
   </trkpt>
   <trkpt lat="25.0160290" lon="121.4032490">
    <ele>27.1</ele>
    <time>2025-08-07T07:22:59Z</time>
   </trkpt>
   <trkpt lat="25.0160290" lon="121.4032400">
    <ele>27.1</ele>
    <time>2025-08-07T07:23:00Z</time>
   </trkpt>
   <trkpt lat="25.0160290" lon="121.4032310">
    <ele>27.1</ele>
    <time>2025-08-07T07:23:01Z</time>
   </trkpt>
   <trkpt lat="25.0160290" lon="121.4032230">
    <ele>27.1</ele>
    <time>2025-08-07T07:23:13Z</time>
   </trkpt>
   <trkpt lat="25.0160280" lon="121.4032140">
    <ele>27.1</ele>
    <time>2025-08-07T07:23:14Z</time>
   </trkpt>
   <trkpt lat="25.0160280" lon="121.4032050">
    <ele>27.1</ele>
    <time>2025-08-07T07:23:15Z</time>
   </trkpt>
   <trkpt lat="25.0160260" lon="121.4033100">
    <ele>27.2</ele>
    <time>2025-08-07T07:23:16Z</time>
   </trkpt>
   <trkpt lat="25.0160200" lon="121.4033090">
    <ele>27.2</ele>
    <time>2025-08-07T07:23:18Z</time>
   </trkpt>
   <trkpt lat="25.0160130" lon="121.4033070">
    <ele>27.2</ele>
    <time>2025-08-07T07:23:22Z</time>
   </trkpt>
   <trkpt lat="25.0160070" lon="121.4033060">
    <ele>27.2</ele>
    <time>2025-08-07T07:23:23Z</time>
   </trkpt>
   <trkpt lat="25.0160000" lon="121.4033050">
    <ele>27.2</ele>
    <time>2025-08-07T07:23:24Z</time>
   </trkpt>
   <trkpt lat="25.0159930" lon="121.4033030">
    <ele>27.2</ele>
    <time>2025-08-07T07:23:38Z</time>
   </trkpt>
   <trkpt lat="25.0159860" lon="121.4033020">
    <ele>27.2</ele>
    <time>2025-08-07T07:23:39Z</time>
   </trkpt>
   <trkpt lat="25.0159780" lon="121.4032860">
    <ele>27.2</ele>
    <time>2025-08-07T07:23:40Z</time>
   </trkpt>
   <trkpt lat="25.0159710" lon="121.4032820">
    <ele>27.2</ele>
    <time>2025-08-07T07:23:41Z</time>
   </trkpt>
   <trkpt lat="25.0159640" lon="121.4032770">
    <ele>27.2</ele>
    <time>2025-08-07T07:23:42Z</time>
   </trkpt>
   <trkpt lat="25.0159570" lon="121.4032730">
    <ele>27.2</ele>
    <time>2025-08-07T07:23:43Z</time>
   </trkpt>
   <trkpt lat="25.0159540" lon="121.4032730">
    <ele>27.2</ele>
    <time>2025-08-07T07:23:45Z</time>
   </trkpt>
   <trkpt lat="25.0159510" lon="121.4032700">
    <ele>27.2</ele>
    <time>2025-08-07T07:23:46Z</time>
   </trkpt>
   <trkpt lat="25.0159490" lon="121.4032680">
    <ele>27.2</ele>
    <time>2025-08-07T07:23:47Z</time>
   </trkpt>
   <trkpt lat="25.0159460" lon="121.4032660">
    <ele>27.2</ele>
    <time>2025-08-07T07:23:48Z</time>
   </trkpt>
   <trkpt lat="25.0159430" lon="121.4032630">
    <ele>27.2</ele>
    <time>2025-08-07T07:23:49Z</time>
   </trkpt>
   <trkpt lat="25.0159400" lon="121.4032610">
    <ele>27.2</ele>
    <time>2025-08-07T07:23:50Z</time>
   </trkpt>
   <trkpt lat="25.0159370" lon="121.4032580">
    <ele>27.2</ele>
    <time>2025-08-07T07:23:51Z</time>
   </trkpt>
   <trkpt lat="25.0159340" lon="121.4032560">
    <ele>27.2</ele>
    <time>2025-08-07T07:23:52Z</time>
   </trkpt>
   <trkpt lat="25.0159320" lon="121.4032540">
    <ele>27.2</ele>
    <time>2025-08-07T07:23:53Z</time>
   </trkpt>
   <trkpt lat="25.0159290" lon="121.4032510">
    <ele>27.2</ele>
    <time>2025-08-07T07:23:54Z</time>
   </trkpt>
   <trkpt lat="25.0159260" lon="121.4032490">
    <ele>27.2</ele>
    <time>2025-08-07T07:23:55Z</time>
   </trkpt>
   <trkpt lat="25.0159340" lon="121.4032390">
    <ele>27.2</ele>
    <time>2025-08-07T07:23:56Z</time>
   </trkpt>
   <trkpt lat="25.0159310" lon="121.4032320">
    <ele>27.2</ele>
    <time>2025-08-07T07:23:57Z</time>
   </trkpt>
   <trkpt lat="25.0159320" lon="121.4032360">
    <ele>27.2</ele>
    <time>2025-08-07T07:23:58Z</time>
   </trkpt>
   <trkpt lat="25.0159310" lon="121.4032500">
    <ele>27.2</ele>
    <time>2025-08-07T07:23:59Z</time>
   </trkpt>
   <trkpt lat="25.0159310" lon="121.4032490">
    <ele>27.2</ele>
    <time>2025-08-07T07:24:00Z</time>
   </trkpt>
   <trkpt lat="25.0159260" lon="121.4032530">
    <ele>27.2</ele>
    <time>2025-08-07T07:24:01Z</time>
   </trkpt>
   <trkpt lat="25.0159340" lon="121.4032610">
    <ele>27.2</ele>
    <time>2025-08-07T07:24:02Z</time>
   </trkpt>
   <trkpt lat="25.0159340" lon="121.4032610">
    <ele>27.2</ele>
    <time>2025-08-07T07:24:03Z</time>
   </trkpt>
   <trkpt lat="25.0159340" lon="121.4032610">
    <ele>27.2</ele>
    <time>2025-08-07T07:24:04Z</time>
   </trkpt>
   <trkpt lat="25.0159340" lon="121.4032610">
    <ele>27.2</ele>
    <time>2025-08-07T07:24:05Z</time>
   </trkpt>
   <trkpt lat="25.0159300" lon="121.4032710">
    <ele>27.2</ele>
    <time>2025-08-07T07:24:06Z</time>
   </trkpt>
   <trkpt lat="25.0159220" lon="121.4032190">
    <ele>27.2</ele>
    <time>2025-08-07T07:24:34Z</time>
   </trkpt>
   <trkpt lat="25.0159360" lon="121.4032000">
    <ele>27.2</ele>
    <time>2025-08-07T07:24:35Z</time>
   </trkpt>
   <trkpt lat="25.0159280" lon="121.4032440">
    <ele>27.2</ele>
    <time>2025-08-07T07:24:36Z</time>
   </trkpt>
   <trkpt lat="25.0159280" lon="121.4032440">
    <ele>27.2</ele>
    <time>2025-08-07T07:24:37Z</time>
   </trkpt>
   <trkpt lat="25.0159280" lon="121.4032440">
    <ele>27.2</ele>
    <time>2025-08-07T07:24:38Z</time>
   </trkpt>
   <trkpt lat="25.0159180" lon="121.4032590">
    <ele>27.2</ele>
    <time>2025-08-07T07:24:39Z</time>
   </trkpt>
   <trkpt lat="25.0159200" lon="121.4032660">
    <ele>27.2</ele>
    <time>2025-08-07T07:24:40Z</time>
   </trkpt>
   <trkpt lat="25.0159210" lon="121.4032720">
    <ele>27.2</ele>
    <time>2025-08-07T07:24:41Z</time>
   </trkpt>
   <trkpt lat="25.0159210" lon="121.4032770">
    <ele>27.2</ele>
    <time>2025-08-07T07:24:42Z</time>
   </trkpt>
   <trkpt lat="25.0159190" lon="121.4032800">
    <ele>27.2</ele>
    <time>2025-08-07T07:24:43Z</time>
   </trkpt>
   <trkpt lat="25.0159190" lon="121.4032850">
    <ele>27.2</ele>
    <time>2025-08-07T07:24:44Z</time>
   </trkpt>
   <trkpt lat="25.0159090" lon="121.4032640">
    <ele>27.2</ele>
    <time>2025-08-07T07:24:45Z</time>
   </trkpt>
   <trkpt lat="25.0159150" lon="121.4032770">
    <ele>27.2</ele>
    <time>2025-08-07T07:24:46Z</time>
   </trkpt>
   <trkpt lat="25.0159140" lon="121.4032780">
    <ele>27.2</ele>
    <time>2025-08-07T07:24:47Z</time>
   </trkpt>
   <trkpt lat="25.0159140" lon="121.4032780">
    <ele>27.2</ele>
    <time>2025-08-07T07:24:48Z</time>
   </trkpt>
   <trkpt lat="25.0159140" lon="121.4032780">
    <ele>27.2</ele>
    <time>2025-08-07T07:24:49Z</time>
   </trkpt>
   <trkpt lat="25.0159140" lon="121.4032780">
    <ele>27.2</ele>
    <time>2025-08-07T07:24:50Z</time>
   </trkpt>
   <trkpt lat="25.0159140" lon="121.4032780">
    <ele>27.2</ele>
    <time>2025-08-07T07:24:51Z</time>
   </trkpt>
   <trkpt lat="25.0159140" lon="121.4032780">
    <ele>27.2</ele>
    <time>2025-08-07T07:24:52Z</time>
   </trkpt>
   <trkpt lat="25.0159140" lon="121.4032780">
    <ele>27.2</ele>
    <time>2025-08-07T07:24:53Z</time>
   </trkpt>
   <trkpt lat="25.0159130" lon="121.4032890">
    <ele>27.2</ele>
    <time>2025-08-07T07:24:54Z</time>
   </trkpt>
   <trkpt lat="25.0158790" lon="121.4032720">
    <ele>27.3</ele>
    <time>2025-08-07T07:24:59Z</time>
   </trkpt>
   <trkpt lat="25.0158800" lon="121.4032660">
    <ele>27.3</ele>
    <time>2025-08-07T07:25:00Z</time>
   </trkpt>
   <trkpt lat="25.0158840" lon="121.4032690">
    <ele>27.3</ele>
    <time>2025-08-07T07:25:01Z</time>
   </trkpt>
   <trkpt lat="25.0158900" lon="121.4032790">
    <ele>27.3</ele>
    <time>2025-08-07T07:25:02Z</time>
   </trkpt>
   <trkpt lat="25.0158920" lon="121.4032820">
    <ele>27.3</ele>
    <time>2025-08-07T07:25:03Z</time>
   </trkpt>
   <trkpt lat="25.0158930" lon="121.4032820">
    <ele>27.3</ele>
    <time>2025-08-07T07:25:04Z</time>
   </trkpt>
   <trkpt lat="25.0158930" lon="121.4032820">
    <ele>27.3</ele>
    <time>2025-08-07T07:25:05Z</time>
   </trkpt>
   <trkpt lat="25.0158930" lon="121.4032820">
    <ele>27.3</ele>
    <time>2025-08-07T07:25:06Z</time>
   </trkpt>
   <trkpt lat="25.0158930" lon="121.4032820">
    <ele>27.3</ele>
    <time>2025-08-07T07:25:07Z</time>
   </trkpt>
   <trkpt lat="25.0158930" lon="121.4032820">
    <ele>27.3</ele>
    <time>2025-08-07T07:25:08Z</time>
   </trkpt>
   <trkpt lat="25.0158930" lon="121.4032820">
    <ele>27.3</ele>
    <time>2025-08-07T07:25:09Z</time>
   </trkpt>
   <trkpt lat="25.0159060" lon="121.4032730">
    <ele>27.3</ele>
    <time>2025-08-07T07:25:30Z</time>
   </trkpt>
   <trkpt lat="25.0158940" lon="121.4032630">
    <ele>27.3</ele>
    <time>2025-08-07T07:25:31Z</time>
   </trkpt>
   <trkpt lat="25.0158860" lon="121.4032530">
    <ele>27.3</ele>
    <time>2025-08-07T07:25:32Z</time>
   </trkpt>
   <trkpt lat="25.0158850" lon="121.4032440">
    <ele>27.3</ele>
    <time>2025-08-07T07:25:33Z</time>
   </trkpt>
   <trkpt lat="25.0158820" lon="121.4032400">
    <ele>27.3</ele>
    <time>2025-08-07T07:25:34Z</time>
   </trkpt>
   <trkpt lat="25.0158820" lon="121.4032400">
    <ele>27.3</ele>
    <time>2025-08-07T07:25:35Z</time>
   </trkpt>
   <trkpt lat="25.0158800" lon="121.4032380">
    <ele>27.3</ele>
    <time>2025-08-07T07:25:36Z</time>
   </trkpt>
   <trkpt lat="25.0158830" lon="121.4032400">
    <ele>27.3</ele>
    <time>2025-08-07T07:25:37Z</time>
   </trkpt>
   <trkpt lat="25.0158910" lon="121.4032290">
    <ele>27.3</ele>
    <time>2025-08-07T07:25:38Z</time>
   </trkpt>
   <trkpt lat="25.0158980" lon="121.4032180">
    <ele>27.3</ele>
    <time>2025-08-07T07:25:39Z</time>
   </trkpt>
   <trkpt lat="25.0158960" lon="121.4032120">
    <ele>27.3</ele>
    <time>2025-08-07T07:25:40Z</time>
   </trkpt>
   <trkpt lat="25.0158950" lon="121.4031970">
    <ele>27.3</ele>
    <time>2025-08-07T07:25:41Z</time>
   </trkpt>
   <trkpt lat="25.0159070" lon="121.4031570">
    <ele>27.3</ele>
    <time>2025-08-07T07:25:42Z</time>
   </trkpt>
   <trkpt lat="25.0159190" lon="121.4031270">
    <ele>27.3</ele>
    <time>2025-08-07T07:25:43Z</time>
   </trkpt>
   <trkpt lat="25.0159200" lon="121.4030950">
    <ele>27.3</ele>
    <time>2025-08-07T07:25:44Z</time>
   </trkpt>
   <trkpt lat="25.0159190" lon="121.4030780">
    <ele>27.3</ele>
    <time>2025-08-07T07:25:45Z</time>
   </trkpt>
   <trkpt lat="25.0159240" lon="121.4030590">
    <ele>27.4</ele>
    <time>2025-08-07T07:25:47Z</time>
   </trkpt>
   <trkpt lat="25.0159310" lon="121.4030480">
    <ele>27.4</ele>
    <time>2025-08-07T07:25:48Z</time>
   </trkpt>
   <trkpt lat="25.0159370" lon="121.4030400">
    <ele>27.4</ele>
    <time>2025-08-07T07:25:49Z</time>
   </trkpt>
   <trkpt lat="25.0159530" lon="121.4030490">
    <ele>27.4</ele>
    <time>2025-08-07T07:25:50Z</time>
   </trkpt>
   <trkpt lat="25.0159210" lon="121.4030440">
    <ele>27.4</ele>
    <time>2025-08-07T07:25:51Z</time>
   </trkpt>
   <trkpt lat="25.0159230" lon="121.4030290">
    <ele>27.4</ele>
    <time>2025-08-07T07:25:52Z</time>
   </trkpt>
   <trkpt lat="25.0159330" lon="121.4030210">
    <ele>27.4</ele>
    <time>2025-08-07T07:25:53Z</time>
   </trkpt>
   <trkpt lat="25.0159420" lon="121.4030120">
    <ele>27.4</ele>
    <time>2025-08-07T07:25:54Z</time>
   </trkpt>
   <trkpt lat="25.0159520" lon="121.4030040">
    <ele>27.4</ele>
    <time>2025-08-07T07:25:55Z</time>
   </trkpt>
   <trkpt lat="25.0159620" lon="121.4029950">
    <ele>27.4</ele>
    <time>2025-08-07T07:25:56Z</time>
   </trkpt>
   <trkpt lat="25.0159720" lon="121.4029860">
    <ele>27.4</ele>
    <time>2025-08-07T07:25:59Z</time>
   </trkpt>
   <trkpt lat="25.0159810" lon="121.4029780">
    <ele>27.4</ele>
    <time>2025-08-07T07:26:00Z</time>
   </trkpt>
   <trkpt lat="25.0159910" lon="121.4029690">
    <ele>27.4</ele>
    <time>2025-08-07T07:26:01Z</time>
   </trkpt>
   <trkpt lat="25.0160060" lon="121.4029430">
    <ele>27.4</ele>
    <time>2025-08-07T07:26:02Z</time>
   </trkpt>
   <trkpt lat="25.0160110" lon="121.4029260">
    <ele>27.4</ele>
    <time>2025-08-07T07:26:03Z</time>
   </trkpt>
   <trkpt lat="25.0160220" lon="121.4029240">
    <ele>27.4</ele>
    <time>2025-08-07T07:26:04Z</time>
   </trkpt>
   <trkpt lat="25.0160310" lon="121.4029220">
    <ele>27.4</ele>
    <time>2025-08-07T07:26:05Z</time>
   </trkpt>
   <trkpt lat="25.0160410" lon="121.4029160">
    <ele>27.3</ele>
    <time>2025-08-07T07:26:06Z</time>
   </trkpt>
   <trkpt lat="25.0160530" lon="121.4029020">
    <ele>27.3</ele>
    <time>2025-08-07T07:26:07Z</time>
   </trkpt>
   <trkpt lat="25.0160630" lon="121.4028970">
    <ele>27.3</ele>
    <time>2025-08-07T07:26:08Z</time>
   </trkpt>
   <trkpt lat="25.0160870" lon="121.4029170">
    <ele>27.3</ele>
    <time>2025-08-07T07:26:09Z</time>
   </trkpt>
   <trkpt lat="25.0160930" lon="121.4029230">
    <ele>27.3</ele>
    <time>2025-08-07T07:26:10Z</time>
   </trkpt>
   <trkpt lat="25.0161000" lon="121.4029300">
    <ele>27.3</ele>
    <time>2025-08-07T07:26:11Z</time>
   </trkpt>
   <trkpt lat="25.0161170" lon="121.4029470">
    <ele>27.3</ele>
    <time>2025-08-07T07:26:12Z</time>
   </trkpt>
   <trkpt lat="25.0161510" lon="121.4029610">
    <ele>27.3</ele>
    <time>2025-08-07T07:26:13Z</time>
   </trkpt>
   <trkpt lat="25.0161630" lon="121.4029640">
    <ele>27.3</ele>
    <time>2025-08-07T07:26:14Z</time>
   </trkpt>
   <trkpt lat="25.0161760" lon="121.4029540">
    <ele>27.3</ele>
    <time>2025-08-07T07:26:15Z</time>
   </trkpt>
   <trkpt lat="25.0161640" lon="121.4029390">
    <ele>27.2</ele>
    <time>2025-08-07T07:26:16Z</time>
   </trkpt>
   <trkpt lat="25.0161520" lon="121.4029260">
    <ele>27.2</ele>
    <time>2025-08-07T07:26:17Z</time>
   </trkpt>
   <trkpt lat="25.0161560" lon="121.4029240">
    <ele>27.2</ele>
    <time>2025-08-07T07:26:18Z</time>
   </trkpt>
   <trkpt lat="25.0161590" lon="121.4029150">
    <ele>27.2</ele>
    <time>2025-08-07T07:26:19Z</time>
   </trkpt>
   <trkpt lat="25.0161700" lon="121.4029150">
    <ele>27.2</ele>
    <time>2025-08-07T07:26:20Z</time>
   </trkpt>
   <trkpt lat="25.0161710" lon="121.4029040">
    <ele>27.2</ele>
    <time>2025-08-07T07:26:21Z</time>
   </trkpt>
   <trkpt lat="25.0161820" lon="121.4029050">
    <ele>27.2</ele>
    <time>2025-08-07T07:26:22Z</time>
   </trkpt>
   <trkpt lat="25.0161880" lon="121.4029070">
    <ele>27.2</ele>
    <time>2025-08-07T07:26:23Z</time>
   </trkpt>
   <trkpt lat="25.0161920" lon="121.4029070">
    <ele>27.2</ele>
    <time>2025-08-07T07:26:24Z</time>
   </trkpt>
   <trkpt lat="25.0162040" lon="121.4029110">
    <ele>27.2</ele>
    <time>2025-08-07T07:26:25Z</time>
   </trkpt>
   <trkpt lat="25.0162100" lon="121.4028860">
    <ele>27.2</ele>
    <time>2025-08-07T07:26:26Z</time>
   </trkpt>
   <trkpt lat="25.0162320" lon="121.4028870">
    <ele>27.2</ele>
    <time>2025-08-07T07:26:27Z</time>
   </trkpt>
   <trkpt lat="25.0162460" lon="121.4028840">
    <ele>27.2</ele>
    <time>2025-08-07T07:26:28Z</time>
   </trkpt>
   <trkpt lat="25.0162530" lon="121.4028800">
    <ele>27.2</ele>
    <time>2025-08-07T07:26:29Z</time>
   </trkpt>
   <trkpt lat="25.0162610" lon="121.4028850">
    <ele>27.2</ele>
    <time>2025-08-07T07:26:30Z</time>
   </trkpt>
   <trkpt lat="25.0162790" lon="121.4028900">
    <ele>27.2</ele>
    <time>2025-08-07T07:26:31Z</time>
   </trkpt>
   <trkpt lat="25.0162950" lon="121.4028940">
    <ele>27.2</ele>
    <time>2025-08-07T07:26:32Z</time>
   </trkpt>
   <trkpt lat="25.0163100" lon="121.4028950">
    <ele>27.2</ele>
    <time>2025-08-07T07:26:33Z</time>
   </trkpt>
   <trkpt lat="25.0163250" lon="121.4028950">
    <ele>27.2</ele>
    <time>2025-08-07T07:26:34Z</time>
   </trkpt>
   <trkpt lat="25.0163390" lon="121.4028930">
    <ele>27.2</ele>
    <time>2025-08-07T07:26:35Z</time>
   </trkpt>
   <trkpt lat="25.0163510" lon="121.4028890">
    <ele>27.2</ele>
    <time>2025-08-07T07:26:36Z</time>
   </trkpt>
   <trkpt lat="25.0163700" lon="121.4028750">
    <ele>27.2</ele>
    <time>2025-08-07T07:26:37Z</time>
   </trkpt>
   <trkpt lat="25.0163810" lon="121.4028720">
    <ele>27.2</ele>
    <time>2025-08-07T07:26:38Z</time>
   </trkpt>
   <trkpt lat="25.0163930" lon="121.4028690">
    <ele>27.2</ele>
    <time>2025-08-07T07:26:39Z</time>
   </trkpt>
   <trkpt lat="25.0164090" lon="121.4028550">
    <ele>27.2</ele>
    <time>2025-08-07T07:26:40Z</time>
   </trkpt>
   <trkpt lat="25.0164150" lon="121.4028500">
    <ele>27.2</ele>
    <time>2025-08-07T07:26:41Z</time>
   </trkpt>
   <trkpt lat="25.0164210" lon="121.4028460">
    <ele>27.2</ele>
    <time>2025-08-07T07:26:42Z</time>
   </trkpt>
   <trkpt lat="25.0164270" lon="121.4028410">
    <ele>27.2</ele>
    <time>2025-08-07T07:26:43Z</time>
   </trkpt>
   <trkpt lat="25.0164400" lon="121.4028370">
    <ele>27.2</ele>
    <time>2025-08-07T07:26:44Z</time>
   </trkpt>
   <trkpt lat="25.0164570" lon="121.4028300">
    <ele>27.2</ele>
    <time>2025-08-07T07:26:45Z</time>
   </trkpt>
   <trkpt lat="25.0164680" lon="121.4028260">
    <ele>27.2</ele>
    <time>2025-08-07T07:26:46Z</time>
   </trkpt>
   <trkpt lat="25.0164760" lon="121.4028240">
    <ele>27.2</ele>
    <time>2025-08-07T07:26:47Z</time>
   </trkpt>
   <trkpt lat="25.0164820" lon="121.4028220">
    <ele>27.2</ele>
    <time>2025-08-07T07:26:48Z</time>
   </trkpt>
   <trkpt lat="25.0164890" lon="121.4028170">
    <ele>27.2</ele>
    <time>2025-08-07T07:26:49Z</time>
   </trkpt>
   <trkpt lat="25.0165140" lon="121.4028110">
    <ele>27.2</ele>
    <time>2025-08-07T07:26:50Z</time>
   </trkpt>
   <trkpt lat="25.0165270" lon="121.4028070">
    <ele>27.2</ele>
    <time>2025-08-07T07:26:51Z</time>
   </trkpt>
   <trkpt lat="25.0165390" lon="121.4028020">
    <ele>27.2</ele>
    <time>2025-08-07T07:26:52Z</time>
   </trkpt>
   <trkpt lat="25.0165400" lon="121.4028000">
    <ele>27.2</ele>
    <time>2025-08-07T07:26:53Z</time>
   </trkpt>
   <trkpt lat="25.0165310" lon="121.4027920">
    <ele>27.2</ele>
    <time>2025-08-07T07:26:54Z</time>
   </trkpt>
   <trkpt lat="25.0165390" lon="121.4027780">
    <ele>27.2</ele>
    <time>2025-08-07T07:26:55Z</time>
   </trkpt>
   <trkpt lat="25.0165410" lon="121.4027560">
    <ele>27.2</ele>
    <time>2025-08-07T07:26:56Z</time>
   </trkpt>
   <trkpt lat="25.0165400" lon="121.4027430">
    <ele>27.2</ele>
    <time>2025-08-07T07:26:57Z</time>
   </trkpt>
   <trkpt lat="25.0165380" lon="121.4027290">
    <ele>27.2</ele>
    <time>2025-08-07T07:26:58Z</time>
   </trkpt>
   <trkpt lat="25.0165360" lon="121.4027160">
    <ele>27.2</ele>
    <time>2025-08-07T07:26:59Z</time>
   </trkpt>
   <trkpt lat="25.0165440" lon="121.4027220">
    <ele>27.2</ele>
    <time>2025-08-07T07:27:00Z</time>
   </trkpt>
   <trkpt lat="25.0165500" lon="121.4027240">
    <ele>27.2</ele>
    <time>2025-08-07T07:27:01Z</time>
   </trkpt>
   <trkpt lat="25.0165550" lon="121.4027250">
    <ele>27.2</ele>
    <time>2025-08-07T07:27:02Z</time>
   </trkpt>
   <trkpt lat="25.0165600" lon="121.4027260">
    <ele>27.2</ele>
    <time>2025-08-07T07:27:03Z</time>
   </trkpt>
   <trkpt lat="25.0165660" lon="121.4027280">
    <ele>27.2</ele>
    <time>2025-08-07T07:27:04Z</time>
   </trkpt>
   <trkpt lat="25.0165710" lon="121.4027290">
    <ele>27.2</ele>
    <time>2025-08-07T07:27:05Z</time>
   </trkpt>
   <trkpt lat="25.0165790" lon="121.4027250">
    <ele>27.2</ele>
    <time>2025-08-07T07:27:06Z</time>
   </trkpt>
   <trkpt lat="25.0165990" lon="121.4027230">
    <ele>27.2</ele>
    <time>2025-08-07T07:27:07Z</time>
   </trkpt>
   <trkpt lat="25.0166080" lon="121.4027200">
    <ele>27.2</ele>
    <time>2025-08-07T07:27:08Z</time>
   </trkpt>
   <trkpt lat="25.0166130" lon="121.4027200">
    <ele>27.2</ele>
    <time>2025-08-07T07:27:09Z</time>
   </trkpt>
   <trkpt lat="25.0166260" lon="121.4027170">
    <ele>27.2</ele>
    <time>2025-08-07T07:27:10Z</time>
   </trkpt>
   <trkpt lat="25.0166370" lon="121.4027190">
    <ele>27.2</ele>
    <time>2025-08-07T07:27:11Z</time>
   </trkpt>
   <trkpt lat="25.0166490" lon="121.4027160">
    <ele>27.3</ele>
    <time>2025-08-07T07:27:12Z</time>
   </trkpt>
   <trkpt lat="25.0166560" lon="121.4027180">
    <ele>27.3</ele>
    <time>2025-08-07T07:27:13Z</time>
   </trkpt>
   <trkpt lat="25.0166670" lon="121.4027160">
    <ele>27.3</ele>
    <time>2025-08-07T07:27:14Z</time>
   </trkpt>
   <trkpt lat="25.0166810" lon="121.4027190">
    <ele>27.3</ele>
    <time>2025-08-07T07:27:15Z</time>
   </trkpt>
   <trkpt lat="25.0166920" lon="121.4027230">
    <ele>27.3</ele>
    <time>2025-08-07T07:27:16Z</time>
   </trkpt>
   <trkpt lat="25.0167140" lon="121.4027240">
    <ele>27.4</ele>
    <time>2025-08-07T07:27:17Z</time>
   </trkpt>
   <trkpt lat="25.0167220" lon="121.4027250">
    <ele>27.4</ele>
    <time>2025-08-07T07:27:18Z</time>
   </trkpt>
   <trkpt lat="25.0167300" lon="121.4027250">
    <ele>27.4</ele>
    <time>2025-08-07T07:27:19Z</time>
   </trkpt>
   <trkpt lat="25.0167440" lon="121.4027300">
    <ele>27.4</ele>
    <time>2025-08-07T07:27:20Z</time>
   </trkpt>
   <trkpt lat="25.0167550" lon="121.4027230">
    <ele>27.5</ele>
    <time>2025-08-07T07:27:21Z</time>
   </trkpt>
   <trkpt lat="25.0167630" lon="121.4027210">
    <ele>27.5</ele>
    <time>2025-08-07T07:27:22Z</time>
   </trkpt>
   <trkpt lat="25.0167700" lon="121.4026940">
    <ele>27.5</ele>
    <time>2025-08-07T07:27:23Z</time>
   </trkpt>
   <trkpt lat="25.0167780" lon="121.4026940">
    <ele>27.6</ele>
    <time>2025-08-07T07:27:24Z</time>
   </trkpt>
   <trkpt lat="25.0167810" lon="121.4026960">
    <ele>27.6</ele>
    <time>2025-08-07T07:27:25Z</time>
   </trkpt>
   <trkpt lat="25.0167890" lon="121.4026960">
    <ele>27.6</ele>
    <time>2025-08-07T07:27:26Z</time>
   </trkpt>
   <trkpt lat="25.0168010" lon="121.4026950">
    <ele>27.6</ele>
    <time>2025-08-07T07:27:27Z</time>
   </trkpt>
   <trkpt lat="25.0168120" lon="121.4026870">
    <ele>27.6</ele>
    <time>2025-08-07T07:27:28Z</time>
   </trkpt>
   <trkpt lat="25.0168190" lon="121.4026900">
    <ele>27.7</ele>
    <time>2025-08-07T07:27:29Z</time>
   </trkpt>
   <trkpt lat="25.0168300" lon="121.4026830">
    <ele>27.7</ele>
    <time>2025-08-07T07:27:30Z</time>
   </trkpt>
   <trkpt lat="25.0168270" lon="121.4026700">
    <ele>27.7</ele>
    <time>2025-08-07T07:27:31Z</time>
   </trkpt>
   <trkpt lat="25.0168380" lon="121.4026670">
    <ele>27.7</ele>
    <time>2025-08-07T07:27:32Z</time>
   </trkpt>
   <trkpt lat="25.0168480" lon="121.4026650">
    <ele>27.8</ele>
    <time>2025-08-07T07:27:33Z</time>
   </trkpt>
   <trkpt lat="25.0168580" lon="121.4026650">
    <ele>27.8</ele>
    <time>2025-08-07T07:27:34Z</time>
   </trkpt>
   <trkpt lat="25.0168670" lon="121.4026590">
    <ele>27.8</ele>
    <time>2025-08-07T07:27:35Z</time>
   </trkpt>
   <trkpt lat="25.0168750" lon="121.4026600">
    <ele>27.8</ele>
    <time>2025-08-07T07:27:36Z</time>
   </trkpt>
   <trkpt lat="25.0168860" lon="121.4026580">
    <ele>27.8</ele>
    <time>2025-08-07T07:27:37Z</time>
   </trkpt>
   <trkpt lat="25.0168990" lon="121.4026560">
    <ele>27.9</ele>
    <time>2025-08-07T07:27:38Z</time>
   </trkpt>
   <trkpt lat="25.0169100" lon="121.4026440">
    <ele>27.9</ele>
    <time>2025-08-07T07:27:39Z</time>
   </trkpt>
   <trkpt lat="25.0169150" lon="121.4026390">
    <ele>27.9</ele>
    <time>2025-08-07T07:27:40Z</time>
   </trkpt>
   <trkpt lat="25.0169190" lon="121.4026330">
    <ele>28.0</ele>
    <time>2025-08-07T07:27:41Z</time>
   </trkpt>
   <trkpt lat="25.0169240" lon="121.4026280">
    <ele>28.0</ele>
    <time>2025-08-07T07:27:42Z</time>
   </trkpt>
   <trkpt lat="25.0169280" lon="121.4026230">
    <ele>28.0</ele>
    <time>2025-08-07T07:27:43Z</time>
   </trkpt>
   <trkpt lat="25.0169330" lon="121.4026030">
    <ele>28.0</ele>
    <time>2025-08-07T07:27:44Z</time>
   </trkpt>
   <trkpt lat="25.0169410" lon="121.4025930">
    <ele>28.1</ele>
    <time>2025-08-07T07:27:45Z</time>
   </trkpt>
   <trkpt lat="25.0169480" lon="121.4025820">
    <ele>28.1</ele>
    <time>2025-08-07T07:27:46Z</time>
   </trkpt>
   <trkpt lat="25.0169660" lon="121.4025720">
    <ele>28.2</ele>
    <time>2025-08-07T07:27:47Z</time>
   </trkpt>
   <trkpt lat="25.0169830" lon="121.4025690">
    <ele>28.2</ele>
    <time>2025-08-07T07:27:48Z</time>
   </trkpt>
   <trkpt lat="25.0169920" lon="121.4025660">
    <ele>28.2</ele>
    <time>2025-08-07T07:27:49Z</time>
   </trkpt>
   <trkpt lat="25.0169990" lon="121.4025670">
    <ele>28.2</ele>
    <time>2025-08-07T07:27:50Z</time>
   </trkpt>
   <trkpt lat="25.0170090" lon="121.4025610">
    <ele>28.3</ele>
    <time>2025-08-07T07:27:51Z</time>
   </trkpt>
   <trkpt lat="25.0170110" lon="121.4025460">
    <ele>28.3</ele>
    <time>2025-08-07T07:27:52Z</time>
   </trkpt>
   <trkpt lat="25.0170130" lon="121.4025340">
    <ele>28.3</ele>
    <time>2025-08-07T07:27:53Z</time>
   </trkpt>
   <trkpt lat="25.0170060" lon="121.4025190">
    <ele>28.3</ele>
    <time>2025-08-07T07:27:54Z</time>
   </trkpt>
   <trkpt lat="25.0169980" lon="121.4025170">
    <ele>28.3</ele>
    <time>2025-08-07T07:27:55Z</time>
   </trkpt>
   <trkpt lat="25.0169910" lon="121.4025140">
    <ele>28.3</ele>
    <time>2025-08-07T07:27:56Z</time>
   </trkpt>
   <trkpt lat="25.0169830" lon="121.4025110">
    <ele>28.3</ele>
    <time>2025-08-07T07:27:57Z</time>
   </trkpt>
   <trkpt lat="25.0169760" lon="121.4025090">
    <ele>28.3</ele>
    <time>2025-08-07T07:27:58Z</time>
   </trkpt>
   <trkpt lat="25.0169680" lon="121.4025060">
    <ele>28.3</ele>
    <time>2025-08-07T07:27:59Z</time>
   </trkpt>
   <trkpt lat="25.0169360" lon="121.4025050">
    <ele>28.3</ele>
    <time>2025-08-07T07:28:00Z</time>
   </trkpt>
   <trkpt lat="25.0169260" lon="121.4025060">
    <ele>28.3</ele>
    <time>2025-08-07T07:28:01Z</time>
   </trkpt>
   <trkpt lat="25.0168850" lon="121.4025030">
    <ele>28.3</ele>
    <time>2025-08-07T07:28:02Z</time>
   </trkpt>
   <trkpt lat="25.0168670" lon="121.4025000">
    <ele>28.3</ele>
    <time>2025-08-07T07:28:03Z</time>
   </trkpt>
   <trkpt lat="25.0168710" lon="121.4024880">
    <ele>28.3</ele>
    <time>2025-08-07T07:28:04Z</time>
   </trkpt>
   <trkpt lat="25.0168730" lon="121.4024820">
    <ele>28.3</ele>
    <time>2025-08-07T07:28:05Z</time>
   </trkpt>
   <trkpt lat="25.0168750" lon="121.4024760">
    <ele>28.3</ele>
    <time>2025-08-07T07:28:06Z</time>
   </trkpt>
   <trkpt lat="25.0168770" lon="121.4024700">
    <ele>28.3</ele>
    <time>2025-08-07T07:28:07Z</time>
   </trkpt>
   <trkpt lat="25.0168790" lon="121.4024640">
    <ele>28.3</ele>
    <time>2025-08-07T07:28:08Z</time>
   </trkpt>
   <trkpt lat="25.0168810" lon="121.4024580">
    <ele>28.3</ele>
    <time>2025-08-07T07:28:09Z</time>
   </trkpt>
   <trkpt lat="25.0168650" lon="121.4024390">
    <ele>28.3</ele>
    <time>2025-08-07T07:28:10Z</time>
   </trkpt>
   <trkpt lat="25.0168560" lon="121.4024350">
    <ele>28.3</ele>
    <time>2025-08-07T07:28:11Z</time>
   </trkpt>
   <trkpt lat="25.0168460" lon="121.4024310">
    <ele>28.3</ele>
    <time>2025-08-07T07:28:12Z</time>
   </trkpt>
   <trkpt lat="25.0168370" lon="121.4024270">
    <ele>28.3</ele>
    <time>2025-08-07T07:28:13Z</time>
   </trkpt>
   <trkpt lat="25.0169170" lon="121.4024250">
    <ele>28.3</ele>
    <time>2025-08-07T07:28:14Z</time>
   </trkpt>
   <trkpt lat="25.0169450" lon="121.4024300">
    <ele>28.3</ele>
    <time>2025-08-07T07:28:15Z</time>
   </trkpt>
   <trkpt lat="25.0169320" lon="121.4024270">
    <ele>28.4</ele>
    <time>2025-08-07T07:28:16Z</time>
   </trkpt>
   <trkpt lat="25.0169510" lon="121.4024150">
    <ele>28.4</ele>
    <time>2025-08-07T07:28:17Z</time>
   </trkpt>
   <trkpt lat="25.0169510" lon="121.4024130">
    <ele>28.4</ele>
    <time>2025-08-07T07:28:18Z</time>
   </trkpt>
   <trkpt lat="25.0169490" lon="121.4024000">
    <ele>28.4</ele>
    <time>2025-08-07T07:28:19Z</time>
   </trkpt>
   <trkpt lat="25.0169450" lon="121.4023960">
    <ele>28.4</ele>
    <time>2025-08-07T07:28:20Z</time>
   </trkpt>
   <trkpt lat="25.0170110" lon="121.4023920">
    <ele>28.4</ele>
    <time>2025-08-07T07:28:21Z</time>
   </trkpt>
   <trkpt lat="25.0170160" lon="121.4023750">
    <ele>28.4</ele>
    <time>2025-08-07T07:28:22Z</time>
   </trkpt>
   <trkpt lat="25.0170260" lon="121.4023680">
    <ele>28.4</ele>
    <time>2025-08-07T07:28:23Z</time>
   </trkpt>
   <trkpt lat="25.0170360" lon="121.4023620">
    <ele>28.4</ele>
    <time>2025-08-07T07:28:24Z</time>
   </trkpt>
   <trkpt lat="25.0170460" lon="121.4023550">
    <ele>28.4</ele>
    <time>2025-08-07T07:28:25Z</time>
   </trkpt>
   <trkpt lat="25.0170560" lon="121.4023490">
    <ele>28.4</ele>
    <time>2025-08-07T07:28:26Z</time>
   </trkpt>
   <trkpt lat="25.0170450" lon="121.4023000">
    <ele>28.4</ele>
    <time>2025-08-07T07:28:27Z</time>
   </trkpt>
   <trkpt lat="25.0170430" lon="121.4022640">
    <ele>28.4</ele>
    <time>2025-08-07T07:28:32Z</time>
   </trkpt>
   <trkpt lat="25.0170420" lon="121.4022290">
    <ele>28.5</ele>
    <time>2025-08-07T07:28:33Z</time>
   </trkpt>
   <trkpt lat="25.0170370" lon="121.4022010">
    <ele>28.5</ele>
    <time>2025-08-07T07:28:34Z</time>
   </trkpt>
   <trkpt lat="25.0170440" lon="121.4021850">
    <ele>28.5</ele>
    <time>2025-08-07T07:28:35Z</time>
   </trkpt>
   <trkpt lat="25.0170410" lon="121.4021630">
    <ele>28.5</ele>
    <time>2025-08-07T07:28:36Z</time>
   </trkpt>
   <trkpt lat="25.0170370" lon="121.4021720">
    <ele>28.5</ele>
    <time>2025-08-07T07:28:37Z</time>
   </trkpt>
   <trkpt lat="25.0170270" lon="121.4021760">
    <ele>28.5</ele>
    <time>2025-08-07T07:28:38Z</time>
   </trkpt>
   <trkpt lat="25.0170450" lon="121.4021480">
    <ele>28.5</ele>
    <time>2025-08-07T07:28:39Z</time>
   </trkpt>
   <trkpt lat="25.0170420" lon="121.4021290">
    <ele>28.5</ele>
    <time>2025-08-07T07:28:40Z</time>
   </trkpt>
   <trkpt lat="25.0170270" lon="121.4021290">
    <ele>28.5</ele>
    <time>2025-08-07T07:28:41Z</time>
   </trkpt>
   <trkpt lat="25.0170130" lon="121.4021280">
    <ele>28.5</ele>
    <time>2025-08-07T07:28:42Z</time>
   </trkpt>
   <trkpt lat="25.0170080" lon="121.4021130">
    <ele>28.5</ele>
    <time>2025-08-07T07:28:43Z</time>
   </trkpt>
   <trkpt lat="25.0169950" lon="121.4021090">
    <ele>28.5</ele>
    <time>2025-08-07T07:28:44Z</time>
   </trkpt>
   <trkpt lat="25.0170180" lon="121.4020920">
    <ele>28.6</ele>
    <time>2025-08-07T07:28:45Z</time>
   </trkpt>
   <trkpt lat="25.0170190" lon="121.4020930">
    <ele>28.6</ele>
    <time>2025-08-07T07:28:46Z</time>
   </trkpt>
   <trkpt lat="25.0170120" lon="121.4020820">
    <ele>28.6</ele>
    <time>2025-08-07T07:28:47Z</time>
   </trkpt>
   <trkpt lat="25.0170050" lon="121.4020740">
    <ele>28.6</ele>
    <time>2025-08-07T07:28:48Z</time>
   </trkpt>
   <trkpt lat="25.0169880" lon="121.4020720">
    <ele>28.6</ele>
    <time>2025-08-07T07:28:49Z</time>
   </trkpt>
   <trkpt lat="25.0170090" lon="121.4020780">
    <ele>28.6</ele>
    <time>2025-08-07T07:28:50Z</time>
   </trkpt>
   <trkpt lat="25.0170370" lon="121.4020790">
    <ele>28.6</ele>
    <time>2025-08-07T07:28:51Z</time>
   </trkpt>
   <trkpt lat="25.0169920" lon="121.4020750">
    <ele>28.6</ele>
    <time>2025-08-07T07:28:52Z</time>
   </trkpt>
   <trkpt lat="25.0169980" lon="121.4020750">
    <ele>28.6</ele>
    <time>2025-08-07T07:28:53Z</time>
   </trkpt>
   <trkpt lat="25.0170040" lon="121.4020790">
    <ele>28.6</ele>
    <time>2025-08-07T07:28:54Z</time>
   </trkpt>
   <trkpt lat="25.0170110" lon="121.4020820">
    <ele>28.6</ele>
    <time>2025-08-07T07:28:55Z</time>
   </trkpt>
   <trkpt lat="25.0170170" lon="121.4020860">
    <ele>28.7</ele>
    <time>2025-08-07T07:28:56Z</time>
   </trkpt>
   <trkpt lat="25.0170240" lon="121.4020890">
    <ele>28.7</ele>
    <time>2025-08-07T07:28:57Z</time>
   </trkpt>
   <trkpt lat="25.0170310" lon="121.4020930">
    <ele>28.7</ele>
    <time>2025-08-07T07:28:58Z</time>
   </trkpt>
   <trkpt lat="25.0170370" lon="121.4020960">
    <ele>28.7</ele>
    <time>2025-08-07T07:28:59Z</time>
   </trkpt>
   <trkpt lat="25.0170440" lon="121.4021000">
    <ele>28.7</ele>
    <time>2025-08-07T07:29:00Z</time>
   </trkpt>
   <trkpt lat="25.0170500" lon="121.4021030">
    <ele>28.7</ele>
    <time>2025-08-07T07:29:01Z</time>
   </trkpt>
   <trkpt lat="25.0170570" lon="121.4021070">
    <ele>28.7</ele>
    <time>2025-08-07T07:29:02Z</time>
   </trkpt>
   <trkpt lat="25.0170640" lon="121.4021100">
    <ele>28.7</ele>
    <time>2025-08-07T07:29:03Z</time>
   </trkpt>
   <trkpt lat="25.0170700" lon="121.4021140">
    <ele>28.7</ele>
    <time>2025-08-07T07:30:42Z</time>
   </trkpt>
   <trkpt lat="25.0170770" lon="121.4021170">
    <ele>28.7</ele>
    <time>2025-08-07T07:30:43Z</time>
   </trkpt>
   <trkpt lat="25.0170830" lon="121.4021210">
    <ele>28.7</ele>
    <time>2025-08-07T07:30:44Z</time>
   </trkpt>
   <trkpt lat="25.0170900" lon="121.4021240">
    <ele>28.7</ele>
    <time>2025-08-07T07:30:45Z</time>
   </trkpt>
   <trkpt lat="25.0170680" lon="121.4021020">
    <ele>28.7</ele>
    <time>2025-08-07T07:30:46Z</time>
   </trkpt>
   <trkpt lat="25.0170650" lon="121.4020930">
    <ele>28.7</ele>
    <time>2025-08-07T07:30:47Z</time>
   </trkpt>
   <trkpt lat="25.0170310" lon="121.4021120">
    <ele>28.7</ele>
    <time>2025-08-07T07:30:48Z</time>
   </trkpt>
   <trkpt lat="25.0170120" lon="121.4021280">
    <ele>28.8</ele>
    <time>2025-08-07T07:30:49Z</time>
   </trkpt>
   <trkpt lat="25.0170310" lon="121.4021050">
    <ele>28.8</ele>
    <time>2025-08-07T07:30:50Z</time>
   </trkpt>
   <trkpt lat="25.0170410" lon="121.4021030">
    <ele>28.8</ele>
    <time>2025-08-07T07:30:51Z</time>
   </trkpt>
   <trkpt lat="25.0170330" lon="121.4020920">
    <ele>28.8</ele>
    <time>2025-08-07T07:30:52Z</time>
   </trkpt>
   <trkpt lat="25.0170270" lon="121.4020850">
    <ele>28.8</ele>
    <time>2025-08-07T07:30:53Z</time>
   </trkpt>
   <trkpt lat="25.0170210" lon="121.4020790">
    <ele>28.8</ele>
    <time>2025-08-07T07:30:54Z</time>
   </trkpt>
   <trkpt lat="25.0170150" lon="121.4020720">
    <ele>28.8</ele>
    <time>2025-08-07T07:30:55Z</time>
   </trkpt>
   <trkpt lat="25.0170070" lon="121.4020550">
    <ele>28.8</ele>
    <time>2025-08-07T07:30:56Z</time>
   </trkpt>
   <trkpt lat="25.0170060" lon="121.4020380">
    <ele>28.8</ele>
    <time>2025-08-07T07:30:57Z</time>
   </trkpt>
   <trkpt lat="25.0170440" lon="121.4020230">
    <ele>28.8</ele>
    <time>2025-08-07T07:30:58Z</time>
   </trkpt>
   <trkpt lat="25.0170460" lon="121.4020020">
    <ele>28.8</ele>
    <time>2025-08-07T07:30:59Z</time>
   </trkpt>
   <trkpt lat="25.0170440" lon="121.4020080">
    <ele>28.8</ele>
    <time>2025-08-07T07:31:00Z</time>
   </trkpt>
   <trkpt lat="25.0170340" lon="121.4020480">
    <ele>28.9</ele>
    <time>2025-08-07T07:31:01Z</time>
   </trkpt>
   <trkpt lat="25.0170380" lon="121.4020530">
    <ele>28.9</ele>
    <time>2025-08-07T07:31:02Z</time>
   </trkpt>
   <trkpt lat="25.0170660" lon="121.4020500">
    <ele>28.9</ele>
    <time>2025-08-07T07:31:03Z</time>
   </trkpt>
   <trkpt lat="25.0170620" lon="121.4020470">
    <ele>28.9</ele>
    <time>2025-08-07T07:31:04Z</time>
   </trkpt>
   <trkpt lat="25.0170550" lon="121.4020390">
    <ele>28.9</ele>
    <time>2025-08-07T07:31:05Z</time>
   </trkpt>
   <trkpt lat="25.0170490" lon="121.4020300">
    <ele>28.9</ele>
    <time>2025-08-07T07:31:06Z</time>
   </trkpt>
   <trkpt lat="25.0170420" lon="121.4020220">
    <ele>28.9</ele>
    <time>2025-08-07T07:31:07Z</time>
   </trkpt>
   <trkpt lat="25.0170360" lon="121.4020130">
    <ele>28.9</ele>
    <time>2025-08-07T07:31:08Z</time>
   </trkpt>
   <trkpt lat="25.0170410" lon="121.4020020">
    <ele>28.9</ele>
    <time>2025-08-07T07:31:09Z</time>
   </trkpt>
   <trkpt lat="25.0170330" lon="121.4020070">
    <ele>28.9</ele>
    <time>2025-08-07T07:31:10Z</time>
   </trkpt>
   <trkpt lat="25.0170270" lon="121.4020280">
    <ele>28.9</ele>
    <time>2025-08-07T07:31:11Z</time>
   </trkpt>
   <trkpt lat="25.0170050" lon="121.4020170">
    <ele>28.9</ele>
    <time>2025-08-07T07:31:12Z</time>
   </trkpt>
   <trkpt lat="25.0169940" lon="121.4020170">
    <ele>29.0</ele>
    <time>2025-08-07T07:31:13Z</time>
   </trkpt>
   <trkpt lat="25.0169830" lon="121.4020080">
    <ele>29.0</ele>
    <time>2025-08-07T07:31:14Z</time>
   </trkpt>
   <trkpt lat="25.0169930" lon="121.4019820">
    <ele>29.0</ele>
    <time>2025-08-07T07:31:15Z</time>
   </trkpt>
   <trkpt lat="25.0169800" lon="121.4019560">
    <ele>29.0</ele>
    <time>2025-08-07T07:31:16Z</time>
   </trkpt>
   <trkpt lat="25.0169770" lon="121.4019440">
    <ele>29.0</ele>
    <time>2025-08-07T07:31:17Z</time>
   </trkpt>
   <trkpt lat="25.0169590" lon="121.4019170">
    <ele>29.0</ele>
    <time>2025-08-07T07:31:18Z</time>
   </trkpt>
   <trkpt lat="25.0169480" lon="121.4019110">
    <ele>29.0</ele>
    <time>2025-08-07T07:31:19Z</time>
   </trkpt>
   <trkpt lat="25.0169400" lon="121.4019110">
    <ele>29.0</ele>
    <time>2025-08-07T07:31:20Z</time>
   </trkpt>
   <trkpt lat="25.0169320" lon="121.4019110">
    <ele>29.0</ele>
    <time>2025-08-07T07:31:21Z</time>
   </trkpt>
   <trkpt lat="25.0169250" lon="121.4019110">
    <ele>29.0</ele>
    <time>2025-08-07T07:31:22Z</time>
   </trkpt>
   <trkpt lat="25.0169170" lon="121.4019110">
    <ele>29.0</ele>
    <time>2025-08-07T07:31:23Z</time>
   </trkpt>
   <trkpt lat="25.0169090" lon="121.4019110">
    <ele>29.0</ele>
    <time>2025-08-07T07:31:24Z</time>
   </trkpt>
   <trkpt lat="25.0169370" lon="121.4018950">
    <ele>29.0</ele>
    <time>2025-08-07T07:31:25Z</time>
   </trkpt>
   <trkpt lat="25.0169520" lon="121.4018890">
    <ele>29.0</ele>
    <time>2025-08-07T07:31:26Z</time>
   </trkpt>
   <trkpt lat="25.0169680" lon="121.4018840">
    <ele>29.0</ele>
    <time>2025-08-07T07:31:27Z</time>
   </trkpt>
   <trkpt lat="25.0169630" lon="121.4018730">
    <ele>29.1</ele>
    <time>2025-08-07T07:31:28Z</time>
   </trkpt>
   <trkpt lat="25.0169550" lon="121.4018640">
    <ele>29.1</ele>
    <time>2025-08-07T07:31:29Z</time>
   </trkpt>
   <trkpt lat="25.0169480" lon="121.4018560">
    <ele>29.1</ele>
    <time>2025-08-07T07:31:30Z</time>
   </trkpt>
   <trkpt lat="25.0169400" lon="121.4018470">
    <ele>29.1</ele>
    <time>2025-08-07T07:31:31Z</time>
   </trkpt>
   <trkpt lat="25.0169250" lon="121.4018360">
    <ele>29.1</ele>
    <time>2025-08-07T07:31:32Z</time>
   </trkpt>
   <trkpt lat="25.0169130" lon="121.4018280">
    <ele>29.1</ele>
    <time>2025-08-07T07:31:33Z</time>
   </trkpt>
   <trkpt lat="25.0169040" lon="121.4018290">
    <ele>29.1</ele>
    <time>2025-08-07T07:31:34Z</time>
   </trkpt>
   <trkpt lat="25.0168950" lon="121.4018300">
    <ele>29.1</ele>
    <time>2025-08-07T07:31:35Z</time>
   </trkpt>
   <trkpt lat="25.0168860" lon="121.4018310">
    <ele>29.1</ele>
    <time>2025-08-07T07:31:36Z</time>
   </trkpt>
   <trkpt lat="25.0168760" lon="121.4018310">
    <ele>29.1</ele>
    <time>2025-08-07T07:31:41Z</time>
   </trkpt>
   <trkpt lat="25.0168670" lon="121.4018320">
    <ele>29.1</ele>
    <time>2025-08-07T07:31:42Z</time>
   </trkpt>
   <trkpt lat="25.0168580" lon="121.4018330">
    <ele>29.1</ele>
    <time>2025-08-07T07:31:43Z</time>
   </trkpt>
   <trkpt lat="25.0168490" lon="121.4018340">
    <ele>29.1</ele>
    <time>2025-08-07T07:31:44Z</time>
   </trkpt>
   <trkpt lat="25.0168690" lon="121.4018340">
    <ele>29.2</ele>
    <time>2025-08-07T07:31:45Z</time>
   </trkpt>
   <trkpt lat="25.0168990" lon="121.4018260">
    <ele>29.3</ele>
    <time>2025-08-07T07:31:46Z</time>
   </trkpt>
   <trkpt lat="25.0169280" lon="121.4018190">
    <ele>29.3</ele>
    <time>2025-08-07T07:31:47Z</time>
   </trkpt>
   <trkpt lat="25.0169430" lon="121.4018160">
    <ele>29.4</ele>
    <time>2025-08-07T07:31:48Z</time>
   </trkpt>
   <trkpt lat="25.0169520" lon="121.4018130">
    <ele>29.4</ele>
    <time>2025-08-07T07:31:49Z</time>
   </trkpt>
   <trkpt lat="25.0169510" lon="121.4018040">
    <ele>29.4</ele>
    <time>2025-08-07T07:31:50Z</time>
   </trkpt>
   <trkpt lat="25.0169700" lon="121.4018020">
    <ele>29.3</ele>
    <time>2025-08-07T07:31:51Z</time>
   </trkpt>
   <trkpt lat="25.0170130" lon="121.4017860">
    <ele>29.2</ele>
    <time>2025-08-07T07:31:52Z</time>
   </trkpt>
   <trkpt lat="25.0170340" lon="121.4017740">
    <ele>29.2</ele>
    <time>2025-08-07T07:31:53Z</time>
   </trkpt>
   <trkpt lat="25.0170410" lon="121.4017840">
    <ele>29.2</ele>
    <time>2025-08-07T07:31:54Z</time>
   </trkpt>
   <trkpt lat="25.0170190" lon="121.4017910">
    <ele>29.1</ele>
    <time>2025-08-07T07:31:55Z</time>
   </trkpt>
   <trkpt lat="25.0170030" lon="121.4017950">
    <ele>29.1</ele>
    <time>2025-08-07T07:31:56Z</time>
   </trkpt>
   <trkpt lat="25.0170450" lon="121.4018120">
    <ele>29.0</ele>
    <time>2025-08-07T07:31:57Z</time>
   </trkpt>
   <trkpt lat="25.0171010" lon="121.4018200">
    <ele>28.6</ele>
    <time>2025-08-07T07:31:58Z</time>
   </trkpt>
   <trkpt lat="25.0171050" lon="121.4018160">
    <ele>28.6</ele>
    <time>2025-08-07T07:31:59Z</time>
   </trkpt>
   <trkpt lat="25.0170800" lon="121.4018090">
    <ele>28.5</ele>
    <time>2025-08-07T07:32:00Z</time>
   </trkpt>
   <trkpt lat="25.0170730" lon="121.4018000">
    <ele>28.5</ele>
    <time>2025-08-07T07:32:01Z</time>
   </trkpt>
   <trkpt lat="25.0170570" lon="121.4017940">
    <ele>28.5</ele>
    <time>2025-08-07T07:32:02Z</time>
   </trkpt>
   <trkpt lat="25.0170670" lon="121.4017840">
    <ele>28.5</ele>
    <time>2025-08-07T07:32:03Z</time>
   </trkpt>
   <trkpt lat="25.0171000" lon="121.4017830">
    <ele>28.5</ele>
    <time>2025-08-07T07:32:04Z</time>
   </trkpt>
   <trkpt lat="25.0171250" lon="121.4017820">
    <ele>28.4</ele>
    <time>2025-08-07T07:32:05Z</time>
   </trkpt>
   <trkpt lat="25.0171290" lon="121.4017730">
    <ele>28.4</ele>
    <time>2025-08-07T07:32:06Z</time>
   </trkpt>
   <trkpt lat="25.0171590" lon="121.4017690">
    <ele>28.4</ele>
    <time>2025-08-07T07:32:07Z</time>
   </trkpt>
   <trkpt lat="25.0171670" lon="121.4017720">
    <ele>28.4</ele>
    <time>2025-08-07T07:32:08Z</time>
   </trkpt>
   <trkpt lat="25.0171970" lon="121.4017720">
    <ele>28.4</ele>
    <time>2025-08-07T07:32:09Z</time>
   </trkpt>
   <trkpt lat="25.0171740" lon="121.4017710">
    <ele>28.5</ele>
    <time>2025-08-07T07:32:10Z</time>
   </trkpt>
   <trkpt lat="25.0171660" lon="121.4017660">
    <ele>28.6</ele>
    <time>2025-08-07T07:32:11Z</time>
   </trkpt>
   <trkpt lat="25.0171580" lon="121.4017610">
    <ele>28.6</ele>
    <time>2025-08-07T07:32:12Z</time>
   </trkpt>
   <trkpt lat="25.0171430" lon="121.4017550">
    <ele>28.7</ele>
    <time>2025-08-07T07:32:13Z</time>
   </trkpt>
   <trkpt lat="25.0171280" lon="121.4017500">
    <ele>28.9</ele>
    <time>2025-08-07T07:32:14Z</time>
   </trkpt>
   <trkpt lat="25.0171120" lon="121.4017460">
    <ele>29.0</ele>
    <time>2025-08-07T07:32:15Z</time>
   </trkpt>
   <trkpt lat="25.0170960" lon="121.4017420">
    <ele>29.0</ele>
    <time>2025-08-07T07:32:16Z</time>
   </trkpt>
   <trkpt lat="25.0170550" lon="121.4017300">
    <ele>29.2</ele>
    <time>2025-08-07T07:32:17Z</time>
   </trkpt>
   <trkpt lat="25.0169890" lon="121.4017270">
    <ele>29.4</ele>
    <time>2025-08-07T07:32:18Z</time>
   </trkpt>
   <trkpt lat="25.0168390" lon="121.4017680">
    <ele>29.2</ele>
    <time>2025-08-07T07:32:19Z</time>
   </trkpt>
   <trkpt lat="25.0167940" lon="121.4017590">
    <ele>29.1</ele>
    <time>2025-08-07T07:32:20Z</time>
   </trkpt>
   <trkpt lat="25.0168030" lon="121.4017380">
    <ele>29.1</ele>
    <time>2025-08-07T07:32:21Z</time>
   </trkpt>
   <trkpt lat="25.0167920" lon="121.4017290">
    <ele>29.1</ele>
    <time>2025-08-07T07:32:22Z</time>
   </trkpt>
   <trkpt lat="25.0167820" lon="121.4017190">
    <ele>29.1</ele>
    <time>2025-08-07T07:32:23Z</time>
   </trkpt>
   <trkpt lat="25.0167890" lon="121.4017010">
    <ele>29.1</ele>
    <time>2025-08-07T07:32:24Z</time>
   </trkpt>
   <trkpt lat="25.0167950" lon="121.4016850">
    <ele>29.1</ele>
    <time>2025-08-07T07:32:25Z</time>
   </trkpt>
   <trkpt lat="25.0167910" lon="121.4016570">
    <ele>29.1</ele>
    <time>2025-08-07T07:32:26Z</time>
   </trkpt>
   <trkpt lat="25.0167840" lon="121.4016440">
    <ele>29.1</ele>
    <time>2025-08-07T07:32:27Z</time>
   </trkpt>
   <trkpt lat="25.0167730" lon="121.4016300">
    <ele>29.1</ele>
    <time>2025-08-07T07:32:28Z</time>
   </trkpt>
   <trkpt lat="25.0167740" lon="121.4016210">
    <ele>29.1</ele>
    <time>2025-08-07T07:32:29Z</time>
   </trkpt>
   <trkpt lat="25.0167740" lon="121.4016150">
    <ele>29.1</ele>
    <time>2025-08-07T07:32:30Z</time>
   </trkpt>
   <trkpt lat="25.0167780" lon="121.4015960">
    <ele>29.1</ele>
    <time>2025-08-07T07:32:31Z</time>
   </trkpt>
   <trkpt lat="25.0167800" lon="121.4015890">
    <ele>29.1</ele>
    <time>2025-08-07T07:32:32Z</time>
   </trkpt>
   <trkpt lat="25.0167810" lon="121.4015820">
    <ele>29.1</ele>
    <time>2025-08-07T07:32:33Z</time>
   </trkpt>
   <trkpt lat="25.0167830" lon="121.4015750">
    <ele>29.1</ele>
    <time>2025-08-07T07:32:34Z</time>
   </trkpt>
   <trkpt lat="25.0167840" lon="121.4015600">
    <ele>29.1</ele>
    <time>2025-08-07T07:32:35Z</time>
   </trkpt>
   <trkpt lat="25.0167840" lon="121.4015470">
    <ele>29.1</ele>
    <time>2025-08-07T07:32:36Z</time>
   </trkpt>
   <trkpt lat="25.0167820" lon="121.4015370">
    <ele>29.1</ele>
    <time>2025-08-07T07:32:37Z</time>
   </trkpt>
   <trkpt lat="25.0167760" lon="121.4015330">
    <ele>29.1</ele>
    <time>2025-08-07T07:32:38Z</time>
   </trkpt>
   <trkpt lat="25.0167750" lon="121.4015350">
    <ele>29.1</ele>
    <time>2025-08-07T07:32:39Z</time>
   </trkpt>
   <trkpt lat="25.0167810" lon="121.4015480">
    <ele>29.1</ele>
    <time>2025-08-07T07:32:40Z</time>
   </trkpt>
   <trkpt lat="25.0167870" lon="121.4015560">
    <ele>29.1</ele>
    <time>2025-08-07T07:32:41Z</time>
   </trkpt>
   <trkpt lat="25.0167910" lon="121.4015550">
    <ele>29.1</ele>
    <time>2025-08-07T07:32:42Z</time>
   </trkpt>
   <trkpt lat="25.0167990" lon="121.4015590">
    <ele>29.1</ele>
    <time>2025-08-07T07:32:43Z</time>
   </trkpt>
   <trkpt lat="25.0168050" lon="121.4015670">
    <ele>29.1</ele>
    <time>2025-08-07T07:32:44Z</time>
   </trkpt>
   <trkpt lat="25.0168100" lon="121.4015710">
    <ele>29.1</ele>
    <time>2025-08-07T07:32:45Z</time>
   </trkpt>
   <trkpt lat="25.0168330" lon="121.4015890">
    <ele>29.1</ele>
    <time>2025-08-07T07:32:46Z</time>
   </trkpt>
   <trkpt lat="25.0168390" lon="121.4016010">
    <ele>29.1</ele>
    <time>2025-08-07T07:32:47Z</time>
   </trkpt>
   <trkpt lat="25.0168300" lon="121.4016090">
    <ele>29.1</ele>
    <time>2025-08-07T07:32:48Z</time>
   </trkpt>
   <trkpt lat="25.0168240" lon="121.4016150">
    <ele>29.1</ele>
    <time>2025-08-07T07:32:49Z</time>
   </trkpt>
   <trkpt lat="25.0168220" lon="121.4016180">
    <ele>29.1</ele>
    <time>2025-08-07T07:32:50Z</time>
   </trkpt>
   <trkpt lat="25.0168210" lon="121.4016250">
    <ele>29.1</ele>
    <time>2025-08-07T07:32:51Z</time>
   </trkpt>
   <trkpt lat="25.0168140" lon="121.4016280">
    <ele>29.1</ele>
    <time>2025-08-07T07:32:52Z</time>
   </trkpt>
   <trkpt lat="25.0167970" lon="121.4016410">
    <ele>29.1</ele>
    <time>2025-08-07T07:32:53Z</time>
   </trkpt>
   <trkpt lat="25.0168000" lon="121.4016420">
    <ele>29.1</ele>
    <time>2025-08-07T07:32:54Z</time>
   </trkpt>
   <trkpt lat="25.0168130" lon="121.4016330">
    <ele>29.1</ele>
    <time>2025-08-07T07:32:55Z</time>
   </trkpt>
   <trkpt lat="25.0168280" lon="121.4016320">
    <ele>29.2</ele>
    <time>2025-08-07T07:32:56Z</time>
   </trkpt>
   <trkpt lat="25.0168430" lon="121.4016290">
    <ele>29.2</ele>
    <time>2025-08-07T07:32:57Z</time>
   </trkpt>
   <trkpt lat="25.0168560" lon="121.4016270">
    <ele>29.3</ele>
    <time>2025-08-07T07:32:58Z</time>
   </trkpt>
   <trkpt lat="25.0168700" lon="121.4016260">
    <ele>29.3</ele>
    <time>2025-08-07T07:32:59Z</time>
   </trkpt>
   <trkpt lat="25.0168840" lon="121.4016240">
    <ele>29.3</ele>
    <time>2025-08-07T07:33:00Z</time>
   </trkpt>
   <trkpt lat="25.0168970" lon="121.4016220">
    <ele>29.4</ele>
    <time>2025-08-07T07:33:01Z</time>
   </trkpt>
   <trkpt lat="25.0169110" lon="121.4016200">
    <ele>29.4</ele>
    <time>2025-08-07T07:33:02Z</time>
   </trkpt>
   <trkpt lat="25.0169250" lon="121.4016190">
    <ele>29.3</ele>
    <time>2025-08-07T07:34:29Z</time>
   </trkpt>
   <trkpt lat="25.0169380" lon="121.4016170">
    <ele>29.3</ele>
    <time>2025-08-07T07:34:30Z</time>
   </trkpt>
   <trkpt lat="25.0169520" lon="121.4016150">
    <ele>29.2</ele>
    <time>2025-08-07T07:34:31Z</time>
   </trkpt>
   <trkpt lat="25.0169600" lon="121.4016030">
    <ele>29.2</ele>
    <time>2025-08-07T07:34:32Z</time>
   </trkpt>
   <trkpt lat="25.0169640" lon="121.4015970">
    <ele>29.2</ele>
    <time>2025-08-07T07:34:33Z</time>
   </trkpt>
   <trkpt lat="25.0169730" lon="121.4015900">
    <ele>29.1</ele>
    <time>2025-08-07T07:34:34Z</time>
   </trkpt>
   <trkpt lat="25.0169930" lon="121.4015870">
    <ele>29.1</ele>
    <time>2025-08-07T07:34:35Z</time>
   </trkpt>
   <trkpt lat="25.0170020" lon="121.4015840">
    <ele>29.1</ele>
    <time>2025-08-07T07:34:36Z</time>
   </trkpt>
   <trkpt lat="25.0170120" lon="121.4015820">
    <ele>29.0</ele>
    <time>2025-08-07T07:34:37Z</time>
   </trkpt>
   <trkpt lat="25.0170280" lon="121.4015770">
    <ele>29.0</ele>
    <time>2025-08-07T07:34:38Z</time>
   </trkpt>
   <trkpt lat="25.0170450" lon="121.4015730">
    <ele>28.9</ele>
    <time>2025-08-07T07:34:39Z</time>
   </trkpt>
   <trkpt lat="25.0170620" lon="121.4015690">
    <ele>28.8</ele>
    <time>2025-08-07T07:34:40Z</time>
   </trkpt>
   <trkpt lat="25.0170760" lon="121.4015650">
    <ele>28.8</ele>
    <time>2025-08-07T07:34:41Z</time>
   </trkpt>
   <trkpt lat="25.0170900" lon="121.4015610">
    <ele>28.7</ele>
    <time>2025-08-07T07:34:42Z</time>
   </trkpt>
   <trkpt lat="25.0171030" lon="121.4015530">
    <ele>28.7</ele>
    <time>2025-08-07T07:34:43Z</time>
   </trkpt>
   <trkpt lat="25.0171200" lon="121.4015440">
    <ele>28.6</ele>
    <time>2025-08-07T07:34:44Z</time>
   </trkpt>
   <trkpt lat="25.0171300" lon="121.4015410">
    <ele>28.6</ele>
    <time>2025-08-07T07:34:45Z</time>
   </trkpt>
   <trkpt lat="25.0171390" lon="121.4015390">
    <ele>28.6</ele>
    <time>2025-08-07T07:34:46Z</time>
   </trkpt>
   <trkpt lat="25.0171520" lon="121.4015410">
    <ele>28.5</ele>
    <time>2025-08-07T07:34:47Z</time>
   </trkpt>
   <trkpt lat="25.0171550" lon="121.4015420">
    <ele>28.5</ele>
    <time>2025-08-07T07:34:48Z</time>
   </trkpt>
   <trkpt lat="25.0171580" lon="121.4015430">
    <ele>28.5</ele>
    <time>2025-08-07T07:34:49Z</time>
   </trkpt>
   <trkpt lat="25.0171610" lon="121.4015440">
    <ele>28.5</ele>
    <time>2025-08-07T07:34:50Z</time>
   </trkpt>
   <trkpt lat="25.0171640" lon="121.4015460">
    <ele>28.5</ele>
    <time>2025-08-07T07:34:51Z</time>
   </trkpt>
   <trkpt lat="25.0171670" lon="121.4015470">
    <ele>28.5</ele>
    <time>2025-08-07T07:34:52Z</time>
   </trkpt>
   <trkpt lat="25.0171700" lon="121.4015480">
    <ele>28.5</ele>
    <time>2025-08-07T07:34:53Z</time>
   </trkpt>
   <trkpt lat="25.0171730" lon="121.4015490">
    <ele>28.5</ele>
    <time>2025-08-07T07:34:54Z</time>
   </trkpt>
   <trkpt lat="25.0171760" lon="121.4015500">
    <ele>28.5</ele>
    <time>2025-08-07T07:34:55Z</time>
   </trkpt>
   <trkpt lat="25.0171820" lon="121.4015550">
    <ele>28.4</ele>
    <time>2025-08-07T07:34:56Z</time>
   </trkpt>
   <trkpt lat="25.0171810" lon="121.4015540">
    <ele>28.4</ele>
    <time>2025-08-07T07:34:57Z</time>
   </trkpt>
   <trkpt lat="25.0171850" lon="121.4015520">
    <ele>28.4</ele>
    <time>2025-08-07T07:34:58Z</time>
   </trkpt>
   <trkpt lat="25.0171840" lon="121.4015550">
    <ele>28.4</ele>
    <time>2025-08-07T07:34:59Z</time>
   </trkpt>
   <trkpt lat="25.0171920" lon="121.4015530">
    <ele>28.4</ele>
    <time>2025-08-07T07:35:00Z</time>
   </trkpt>
   <trkpt lat="25.0172000" lon="121.4015460">
    <ele>28.4</ele>
    <time>2025-08-07T07:35:01Z</time>
   </trkpt>
   <trkpt lat="25.0172030" lon="121.4015430">
    <ele>28.4</ele>
    <time>2025-08-07T07:35:02Z</time>
   </trkpt>
   <trkpt lat="25.0172040" lon="121.4015420">
    <ele>28.4</ele>
    <time>2025-08-07T07:35:03Z</time>
   </trkpt>
   <trkpt lat="25.0172280" lon="121.4015370">
    <ele>28.4</ele>
    <time>2025-08-07T07:35:04Z</time>
   </trkpt>
   <trkpt lat="25.0171950" lon="121.4015430">
    <ele>28.4</ele>
    <time>2025-08-07T07:35:05Z</time>
   </trkpt>
   <trkpt lat="25.0171880" lon="121.4015420">
    <ele>28.4</ele>
    <time>2025-08-07T07:35:06Z</time>
   </trkpt>
   <trkpt lat="25.0171770" lon="121.4015370">
    <ele>28.4</ele>
    <time>2025-08-07T07:35:07Z</time>
   </trkpt>
   <trkpt lat="25.0171820" lon="121.4015360">
    <ele>28.4</ele>
    <time>2025-08-07T07:35:08Z</time>
   </trkpt>
   <trkpt lat="25.0171820" lon="121.4015380">
    <ele>28.4</ele>
    <time>2025-08-07T07:35:09Z</time>
   </trkpt>
   <trkpt lat="25.0171760" lon="121.4015420">
    <ele>28.4</ele>
    <time>2025-08-07T07:35:10Z</time>
   </trkpt>
   <trkpt lat="25.0171490" lon="121.4015400">
    <ele>28.4</ele>
    <time>2025-08-07T07:35:11Z</time>
   </trkpt>
   <trkpt lat="25.0171470" lon="121.4015350">
    <ele>28.4</ele>
    <time>2025-08-07T07:35:12Z</time>
   </trkpt>
   <trkpt lat="25.0171450" lon="121.4015290">
    <ele>28.4</ele>
    <time>2025-08-07T07:35:13Z</time>
   </trkpt>
   <trkpt lat="25.0171430" lon="121.4015230">
    <ele>28.4</ele>
    <time>2025-08-07T07:35:29Z</time>
   </trkpt>
   <trkpt lat="25.0171400" lon="121.4015180">
    <ele>28.5</ele>
    <time>2025-08-07T07:35:30Z</time>
   </trkpt>
   <trkpt lat="25.0171380" lon="121.4015120">
    <ele>28.5</ele>
    <time>2025-08-07T07:35:31Z</time>
   </trkpt>
   <trkpt lat="25.0171360" lon="121.4015070">
    <ele>28.5</ele>
    <time>2025-08-07T07:35:32Z</time>
   </trkpt>
   <trkpt lat="25.0171340" lon="121.4015010">
    <ele>28.6</ele>
    <time>2025-08-07T07:35:33Z</time>
   </trkpt>
   <trkpt lat="25.0171200" lon="121.4015020">
    <ele>28.7</ele>
    <time>2025-08-07T07:35:34Z</time>
   </trkpt>
   <trkpt lat="25.0171100" lon="121.4015030">
    <ele>28.7</ele>
    <time>2025-08-07T07:35:35Z</time>
   </trkpt>
   <trkpt lat="25.0171070" lon="121.4015020">
    <ele>28.7</ele>
    <time>2025-08-07T07:35:36Z</time>
   </trkpt>
   <trkpt lat="25.0171150" lon="121.4014960">
    <ele>28.8</ele>
    <time>2025-08-07T07:35:37Z</time>
   </trkpt>
   <trkpt lat="25.0171230" lon="121.4014900">
    <ele>28.9</ele>
    <time>2025-08-07T07:35:38Z</time>
   </trkpt>
   <trkpt lat="25.0171280" lon="121.4014780">
    <ele>28.9</ele>
    <time>2025-08-07T07:35:39Z</time>
   </trkpt>
   <trkpt lat="25.0171730" lon="121.4014620">
    <ele>29.2</ele>
    <time>2025-08-07T07:35:40Z</time>
   </trkpt>
   <trkpt lat="25.0171770" lon="121.4014510">
    <ele>29.3</ele>
    <time>2025-08-07T07:35:41Z</time>
   </trkpt>
   <trkpt lat="25.0171830" lon="121.4014570">
    <ele>29.3</ele>
    <time>2025-08-07T07:35:42Z</time>
   </trkpt>
   <trkpt lat="25.0171950" lon="121.4014510">
    <ele>29.4</ele>
    <time>2025-08-07T07:35:43Z</time>
   </trkpt>
   <trkpt lat="25.0171720" lon="121.4014490">
    <ele>29.6</ele>
    <time>2025-08-07T07:35:44Z</time>
   </trkpt>
   <trkpt lat="25.0171690" lon="121.4014490">
    <ele>29.6</ele>
    <time>2025-08-07T07:35:45Z</time>
   </trkpt>
   <trkpt lat="25.0172020" lon="121.4014480">
    <ele>29.8</ele>
    <time>2025-08-07T07:35:46Z</time>
   </trkpt>
   <trkpt lat="25.0172160" lon="121.4014470">
    <ele>29.9</ele>
    <time>2025-08-07T07:35:47Z</time>
   </trkpt>
   <trkpt lat="25.0172170" lon="121.4014450">
    <ele>29.9</ele>
    <time>2025-08-07T07:35:48Z</time>
   </trkpt>
   <trkpt lat="25.0172040" lon="121.4014360">
    <ele>30.0</ele>
    <time>2025-08-07T07:35:49Z</time>
   </trkpt>
   <trkpt lat="25.0172070" lon="121.4014260">
    <ele>30.0</ele>
    <time>2025-08-07T07:35:50Z</time>
   </trkpt>
   <trkpt lat="25.0172080" lon="121.4014200">
    <ele>30.1</ele>
    <time>2025-08-07T07:35:51Z</time>
   </trkpt>
   <trkpt lat="25.0172180" lon="121.4014120">
    <ele>30.1</ele>
    <time>2025-08-07T07:35:52Z</time>
   </trkpt>
   <trkpt lat="25.0172260" lon="121.4014100">
    <ele>30.2</ele>
    <time>2025-08-07T07:35:53Z</time>
   </trkpt>
   <trkpt lat="25.0172290" lon="121.4014130">
    <ele>30.2</ele>
    <time>2025-08-07T07:35:54Z</time>
   </trkpt>
   <trkpt lat="25.0172330" lon="121.4014150">
    <ele>30.2</ele>
    <time>2025-08-07T07:35:55Z</time>
   </trkpt>
   <trkpt lat="25.0172360" lon="121.4014170">
    <ele>30.3</ele>
    <time>2025-08-07T07:35:56Z</time>
   </trkpt>
   <trkpt lat="25.0172400" lon="121.4014190">
    <ele>30.3</ele>
    <time>2025-08-07T07:35:57Z</time>
   </trkpt>
   <trkpt lat="25.0172430" lon="121.4014220">
    <ele>30.3</ele>
    <time>2025-08-07T07:35:58Z</time>
   </trkpt>
   <trkpt lat="25.0172470" lon="121.4014240">
    <ele>30.3</ele>
    <time>2025-08-07T07:35:59Z</time>
   </trkpt>
   <trkpt lat="25.0172500" lon="121.4014260">
    <ele>30.4</ele>
    <time>2025-08-07T07:36:00Z</time>
   </trkpt>
   <trkpt lat="25.0172540" lon="121.4014280">
    <ele>30.4</ele>
    <time>2025-08-07T07:36:01Z</time>
   </trkpt>
   <trkpt lat="25.0172570" lon="121.4014310">
    <ele>30.4</ele>
    <time>2025-08-07T07:36:02Z</time>
   </trkpt>
   <trkpt lat="25.0172610" lon="121.4014330">
    <ele>30.4</ele>
    <time>2025-08-07T07:36:03Z</time>
   </trkpt>
   <trkpt lat="25.0172650" lon="121.4014350">
    <ele>30.5</ele>
    <time>2025-08-07T07:36:04Z</time>
   </trkpt>
   <trkpt lat="25.0172680" lon="121.4014380">
    <ele>30.5</ele>
    <time>2025-08-07T07:36:05Z</time>
   </trkpt>
   <trkpt lat="25.0172720" lon="121.4014400">
    <ele>30.5</ele>
    <time>2025-08-07T07:36:06Z</time>
   </trkpt>
   <trkpt lat="25.0172750" lon="121.4014420">
    <ele>30.6</ele>
    <time>2025-08-07T07:36:07Z</time>
   </trkpt>
   <trkpt lat="25.0172790" lon="121.4014440">
    <ele>30.6</ele>
    <time>2025-08-07T07:36:08Z</time>
   </trkpt>
   <trkpt lat="25.0172820" lon="121.4014470">
    <ele>30.6</ele>
    <time>2025-08-07T07:36:09Z</time>
   </trkpt>
   <trkpt lat="25.0172860" lon="121.4014490">
    <ele>30.6</ele>
    <time>2025-08-07T07:36:10Z</time>
   </trkpt>
   <trkpt lat="25.0172890" lon="121.4014510">
    <ele>30.7</ele>
    <time>2025-08-07T07:36:28Z</time>
   </trkpt>
   <trkpt lat="25.0172930" lon="121.4014530">
    <ele>30.7</ele>
    <time>2025-08-07T07:36:29Z</time>
   </trkpt>
   <trkpt lat="25.0172960" lon="121.4014560">
    <ele>30.7</ele>
    <time>2025-08-07T07:36:30Z</time>
   </trkpt>
   <trkpt lat="25.0173000" lon="121.4014580">
    <ele>30.7</ele>
    <time>2025-08-07T07:36:31Z</time>
   </trkpt>
   <trkpt lat="25.0173200" lon="121.4014530">
    <ele>30.9</ele>
    <time>2025-08-07T07:36:32Z</time>
   </trkpt>
   <trkpt lat="25.0173310" lon="121.4014510">
    <ele>31.0</ele>
    <time>2025-08-07T07:36:33Z</time>
   </trkpt>
   <trkpt lat="25.0173410" lon="121.4014480">
    <ele>31.0</ele>
    <time>2025-08-07T07:36:34Z</time>
   </trkpt>
   <trkpt lat="25.0173490" lon="121.4014420">
    <ele>31.1</ele>
    <time>2025-08-07T07:36:35Z</time>
   </trkpt>
   <trkpt lat="25.0173490" lon="121.4014510">
    <ele>31.1</ele>
    <time>2025-08-07T07:36:36Z</time>
   </trkpt>
   <trkpt lat="25.0173560" lon="121.4014500">
    <ele>31.2</ele>
    <time>2025-08-07T07:36:37Z</time>
   </trkpt>
   <trkpt lat="25.0173520" lon="121.4014510">
    <ele>31.2</ele>
    <time>2025-08-07T07:36:38Z</time>
   </trkpt>
   <trkpt lat="25.0173520" lon="121.4014510">
    <ele>31.2</ele>
    <time>2025-08-07T07:36:39Z</time>
   </trkpt>
   <trkpt lat="25.0173600" lon="121.4014610">
    <ele>31.3</ele>
    <time>2025-08-07T07:36:40Z</time>
   </trkpt>
   <trkpt lat="25.0173670" lon="121.4014670">
    <ele>31.4</ele>
    <time>2025-08-07T07:36:41Z</time>
   </trkpt>
   <trkpt lat="25.0173610" lon="121.4014690">
    <ele>31.4</ele>
    <time>2025-08-07T07:36:42Z</time>
   </trkpt>
   <trkpt lat="25.0173570" lon="121.4014690">
    <ele>31.4</ele>
    <time>2025-08-07T07:36:43Z</time>
   </trkpt>
   <trkpt lat="25.0173540" lon="121.4014700">
    <ele>31.4</ele>
    <time>2025-08-07T07:36:44Z</time>
   </trkpt>
   <trkpt lat="25.0173500" lon="121.4014700">
    <ele>31.5</ele>
    <time>2025-08-07T07:36:45Z</time>
   </trkpt>
   <trkpt lat="25.0173470" lon="121.4014700">
    <ele>31.5</ele>
    <time>2025-08-07T07:36:46Z</time>
   </trkpt>
   <trkpt lat="25.0173430" lon="121.4014700">
    <ele>31.5</ele>
    <time>2025-08-07T07:36:47Z</time>
   </trkpt>
   <trkpt lat="25.0173400" lon="121.4014700">
    <ele>31.5</ele>
    <time>2025-08-07T07:36:48Z</time>
   </trkpt>
   <trkpt lat="25.0173360" lon="121.4014710">
    <ele>31.6</ele>
    <time>2025-08-07T07:36:49Z</time>
   </trkpt>
   <trkpt lat="25.0173330" lon="121.4014710">
    <ele>31.6</ele>
    <time>2025-08-07T07:36:50Z</time>
   </trkpt>
   <trkpt lat="25.0173290" lon="121.4014710">
    <ele>31.6</ele>
    <time>2025-08-07T07:37:25Z</time>
   </trkpt>
   <trkpt lat="25.0173260" lon="121.4014710">
    <ele>31.6</ele>
    <time>2025-08-07T07:37:26Z</time>
   </trkpt>
   <trkpt lat="25.0173220" lon="121.4014710">
    <ele>31.7</ele>
    <time>2025-08-07T07:37:27Z</time>
   </trkpt>
   <trkpt lat="25.0173190" lon="121.4014720">
    <ele>31.7</ele>
    <time>2025-08-07T07:37:28Z</time>
   </trkpt>
   <trkpt lat="25.0173150" lon="121.4014720">
    <ele>31.7</ele>
    <time>2025-08-07T07:37:29Z</time>
   </trkpt>
   <trkpt lat="25.0173120" lon="121.4014720">
    <ele>31.7</ele>
    <time>2025-08-07T07:37:30Z</time>
   </trkpt>
   <trkpt lat="25.0172910" lon="121.4014790">
    <ele>31.9</ele>
    <time>2025-08-07T07:37:31Z</time>
   </trkpt>
   <trkpt lat="25.0172910" lon="121.4014790">
    <ele>31.9</ele>
    <time>2025-08-07T07:37:32Z</time>
   </trkpt>
   <trkpt lat="25.0172840" lon="121.4014820">
    <ele>31.9</ele>
    <time>2025-08-07T07:37:33Z</time>
   </trkpt>
   <trkpt lat="25.0172830" lon="121.4014820">
    <ele>31.9</ele>
    <time>2025-08-07T07:37:34Z</time>
   </trkpt>
   <trkpt lat="25.0172830" lon="121.4014790">
    <ele>31.9</ele>
    <time>2025-08-07T07:37:35Z</time>
   </trkpt>
   <trkpt lat="25.0172850" lon="121.4014630">
    <ele>31.6</ele>
    <time>2025-08-07T07:37:36Z</time>
   </trkpt>
   <trkpt lat="25.0172820" lon="121.4014580">
    <ele>31.5</ele>
    <time>2025-08-07T07:37:37Z</time>
   </trkpt>
   <trkpt lat="25.0172780" lon="121.4014560">
    <ele>31.4</ele>
    <time>2025-08-07T07:37:38Z</time>
   </trkpt>
   <trkpt lat="25.0172760" lon="121.4014540">
    <ele>31.4</ele>
    <time>2025-08-07T07:37:39Z</time>
   </trkpt>
   <trkpt lat="25.0172710" lon="121.4014500">
    <ele>31.3</ele>
    <time>2025-08-07T07:37:40Z</time>
   </trkpt>
   <trkpt lat="25.0172680" lon="121.4014500">
    <ele>31.2</ele>
    <time>2025-08-07T07:37:41Z</time>
   </trkpt>
   <trkpt lat="25.0172630" lon="121.4014480">
    <ele>31.2</ele>
    <time>2025-08-07T07:37:42Z</time>
   </trkpt>
   <trkpt lat="25.0172550" lon="121.4014430">
    <ele>31.0</ele>
    <time>2025-08-07T07:37:43Z</time>
   </trkpt>
   <trkpt lat="25.0172470" lon="121.4014340">
    <ele>30.8</ele>
    <time>2025-08-07T07:37:44Z</time>
   </trkpt>
   <trkpt lat="25.0172330" lon="121.4014390">
    <ele>30.6</ele>
    <time>2025-08-07T07:37:45Z</time>
   </trkpt>
   <trkpt lat="25.0172250" lon="121.4014370">
    <ele>30.4</ele>
    <time>2025-08-07T07:37:46Z</time>
   </trkpt>
   <trkpt lat="25.0172170" lon="121.4014320">
    <ele>30.3</ele>
    <time>2025-08-07T07:37:47Z</time>
   </trkpt>
   <trkpt lat="25.0172030" lon="121.4014340">
    <ele>30.1</ele>
    <time>2025-08-07T07:37:48Z</time>
   </trkpt>
   <trkpt lat="25.0171940" lon="121.4014330">
    <ele>29.9</ele>
    <time>2025-08-07T07:37:49Z</time>
   </trkpt>
   <trkpt lat="25.0171820" lon="121.4014410">
    <ele>29.7</ele>
    <time>2025-08-07T07:37:50Z</time>
   </trkpt>
   <trkpt lat="25.0171690" lon="121.4014440">
    <ele>29.5</ele>
    <time>2025-08-07T07:37:51Z</time>
   </trkpt>
   <trkpt lat="25.0171590" lon="121.4014440">
    <ele>29.4</ele>
    <time>2025-08-07T07:37:52Z</time>
   </trkpt>
   <trkpt lat="25.0171530" lon="121.4014480">
    <ele>29.3</ele>
    <time>2025-08-07T07:37:53Z</time>
   </trkpt>
   <trkpt lat="25.0171400" lon="121.4014590">
    <ele>29.0</ele>
    <time>2025-08-07T07:37:54Z</time>
   </trkpt>
   <trkpt lat="25.0171350" lon="121.4014720">
    <ele>28.8</ele>
    <time>2025-08-07T07:37:55Z</time>
   </trkpt>
   <trkpt lat="25.0171380" lon="121.4014770">
    <ele>28.7</ele>
    <time>2025-08-07T07:37:56Z</time>
   </trkpt>
   <trkpt lat="25.0171400" lon="121.4014920">
    <ele>28.5</ele>
    <time>2025-08-07T07:37:57Z</time>
   </trkpt>
   <trkpt lat="25.0171430" lon="121.4015010">
    <ele>28.4</ele>
    <time>2025-08-07T07:37:58Z</time>
   </trkpt>
   <trkpt lat="25.0171380" lon="121.4015140">
    <ele>28.4</ele>
    <time>2025-08-07T07:37:59Z</time>
   </trkpt>
   <trkpt lat="25.0171350" lon="121.4015320">
    <ele>28.4</ele>
    <time>2025-08-07T07:38:00Z</time>
   </trkpt>
   <trkpt lat="25.0171390" lon="121.4015470">
    <ele>28.3</ele>
    <time>2025-08-07T07:38:01Z</time>
   </trkpt>
   <trkpt lat="25.0171440" lon="121.4015490">
    <ele>28.3</ele>
    <time>2025-08-07T07:38:02Z</time>
   </trkpt>
   <trkpt lat="25.0171460" lon="121.4015530">
    <ele>28.3</ele>
    <time>2025-08-07T07:38:03Z</time>
   </trkpt>
   <trkpt lat="25.0171470" lon="121.4015700">
    <ele>28.3</ele>
    <time>2025-08-07T07:38:04Z</time>
   </trkpt>
   <trkpt lat="25.0171400" lon="121.4015890">
    <ele>28.3</ele>
    <time>2025-08-07T07:38:05Z</time>
   </trkpt>
   <trkpt lat="25.0171490" lon="121.4015990">
    <ele>28.3</ele>
    <time>2025-08-07T07:38:06Z</time>
   </trkpt>
   <trkpt lat="25.0171850" lon="121.4016040">
    <ele>28.2</ele>
    <time>2025-08-07T07:38:07Z</time>
   </trkpt>
   <trkpt lat="25.0172010" lon="121.4016110">
    <ele>28.2</ele>
    <time>2025-08-07T07:38:09Z</time>
   </trkpt>
   <trkpt lat="25.0172200" lon="121.4016180">
    <ele>28.2</ele>
    <time>2025-08-07T07:38:10Z</time>
   </trkpt>
   <trkpt lat="25.0172310" lon="121.4016270">
    <ele>28.2</ele>
    <time>2025-08-07T07:38:12Z</time>
   </trkpt>
   <trkpt lat="25.0172420" lon="121.4016580">
    <ele>28.1</ele>
    <time>2025-08-07T07:38:13Z</time>
   </trkpt>
   <trkpt lat="25.0172510" lon="121.4016670">
    <ele>28.1</ele>
    <time>2025-08-07T07:38:15Z</time>
   </trkpt>
   <trkpt lat="25.0172470" lon="121.4016760">
    <ele>28.1</ele>
    <time>2025-08-07T07:38:16Z</time>
   </trkpt>
   <trkpt lat="25.0172370" lon="121.4016900">
    <ele>28.1</ele>
    <time>2025-08-07T07:38:17Z</time>
   </trkpt>
   <trkpt lat="25.0172340" lon="121.4016990">
    <ele>28.1</ele>
    <time>2025-08-07T07:38:18Z</time>
   </trkpt>
   <trkpt lat="25.0172260" lon="121.4017160">
    <ele>28.0</ele>
    <time>2025-08-07T07:38:19Z</time>
   </trkpt>
   <trkpt lat="25.0172280" lon="121.4017270">
    <ele>28.0</ele>
    <time>2025-08-07T07:38:20Z</time>
   </trkpt>
   <trkpt lat="25.0172320" lon="121.4017280">
    <ele>28.0</ele>
    <time>2025-08-07T07:38:21Z</time>
   </trkpt>
   <trkpt lat="25.0172350" lon="121.4017300">
    <ele>28.0</ele>
    <time>2025-08-07T07:38:22Z</time>
   </trkpt>
   <trkpt lat="25.0172220" lon="121.4017580">
    <ele>28.0</ele>
    <time>2025-08-07T07:38:23Z</time>
   </trkpt>
   <trkpt lat="25.0172400" lon="121.4017650">
    <ele>28.0</ele>
    <time>2025-08-07T07:38:24Z</time>
   </trkpt>
   <trkpt lat="25.0172470" lon="121.4017660">
    <ele>28.0</ele>
    <time>2025-08-07T07:38:25Z</time>
   </trkpt>
   <trkpt lat="25.0172530" lon="121.4017670">
    <ele>27.9</ele>
    <time>2025-08-07T07:38:26Z</time>
   </trkpt>
   <trkpt lat="25.0172590" lon="121.4017680">
    <ele>27.9</ele>
    <time>2025-08-07T07:38:27Z</time>
   </trkpt>
   <trkpt lat="25.0172710" lon="121.4017720">
    <ele>27.9</ele>
    <time>2025-08-07T07:38:28Z</time>
   </trkpt>
   <trkpt lat="25.0172480" lon="121.4018040">
    <ele>27.9</ele>
    <time>2025-08-07T07:38:29Z</time>
   </trkpt>
   <trkpt lat="25.0172490" lon="121.4018090">
    <ele>27.9</ele>
    <time>2025-08-07T07:38:30Z</time>
   </trkpt>
   <trkpt lat="25.0172570" lon="121.4018090">
    <ele>27.9</ele>
    <time>2025-08-07T07:38:31Z</time>
   </trkpt>
   <trkpt lat="25.0172610" lon="121.4018310">
    <ele>27.9</ele>
    <time>2025-08-07T07:38:32Z</time>
   </trkpt>
   <trkpt lat="25.0172700" lon="121.4018410">
    <ele>27.9</ele>
    <time>2025-08-07T07:38:33Z</time>
   </trkpt>
   <trkpt lat="25.0172800" lon="121.4018460">
    <ele>27.8</ele>
    <time>2025-08-07T07:38:34Z</time>
   </trkpt>
   <trkpt lat="25.0172910" lon="121.4018510">
    <ele>27.8</ele>
    <time>2025-08-07T07:38:35Z</time>
   </trkpt>
   <trkpt lat="25.0173010" lon="121.4018560">
    <ele>27.8</ele>
    <time>2025-08-07T07:38:36Z</time>
   </trkpt>
   <trkpt lat="25.0173200" lon="121.4018830">
    <ele>27.8</ele>
    <time>2025-08-07T07:38:37Z</time>
   </trkpt>
   <trkpt lat="25.0173240" lon="121.4018970">
    <ele>27.8</ele>
    <time>2025-08-07T07:38:38Z</time>
   </trkpt>
   <trkpt lat="25.0173270" lon="121.4019310">
    <ele>27.8</ele>
    <time>2025-08-07T07:38:39Z</time>
   </trkpt>
   <trkpt lat="25.0173110" lon="121.4019610">
    <ele>27.7</ele>
    <time>2025-08-07T07:38:40Z</time>
   </trkpt>
   <trkpt lat="25.0173120" lon="121.4019750">
    <ele>27.7</ele>
    <time>2025-08-07T07:38:41Z</time>
   </trkpt>
   <trkpt lat="25.0173170" lon="121.4019980">
    <ele>27.7</ele>
    <time>2025-08-07T07:38:42Z</time>
   </trkpt>
   <trkpt lat="25.0173110" lon="121.4020350">
    <ele>27.7</ele>
    <time>2025-08-07T07:38:43Z</time>
   </trkpt>
   <trkpt lat="25.0173040" lon="121.4020530">
    <ele>27.7</ele>
    <time>2025-08-07T07:38:44Z</time>
   </trkpt>
   <trkpt lat="25.0173060" lon="121.4020720">
    <ele>27.7</ele>
    <time>2025-08-07T07:38:45Z</time>
   </trkpt>
   <trkpt lat="25.0172980" lon="121.4020880">
    <ele>27.6</ele>
    <time>2025-08-07T07:38:46Z</time>
   </trkpt>
   <trkpt lat="25.0172970" lon="121.4020910">
    <ele>27.6</ele>
    <time>2025-08-07T07:38:47Z</time>
   </trkpt>
   <trkpt lat="25.0172940" lon="121.4020960">
    <ele>27.6</ele>
    <time>2025-08-07T07:38:48Z</time>
   </trkpt>
   <trkpt lat="25.0173250" lon="121.4021070">
    <ele>27.6</ele>
    <time>2025-08-07T07:38:49Z</time>
   </trkpt>
   <trkpt lat="25.0173310" lon="121.4021180">
    <ele>27.6</ele>
    <time>2025-08-07T07:38:50Z</time>
   </trkpt>
   <trkpt lat="25.0173360" lon="121.4021300">
    <ele>27.6</ele>
    <time>2025-08-07T07:38:51Z</time>
   </trkpt>
   <trkpt lat="25.0173260" lon="121.4021400">
    <ele>27.6</ele>
    <time>2025-08-07T07:38:52Z</time>
   </trkpt>
   <trkpt lat="25.0173290" lon="121.4021640">
    <ele>27.6</ele>
    <time>2025-08-07T07:38:53Z</time>
   </trkpt>
   <trkpt lat="25.0173330" lon="121.4021730">
    <ele>27.6</ele>
    <time>2025-08-07T07:38:54Z</time>
   </trkpt>
   <trkpt lat="25.0173360" lon="121.4021820">
    <ele>27.6</ele>
    <time>2025-08-07T07:38:55Z</time>
   </trkpt>
   <trkpt lat="25.0173280" lon="121.4022150">
    <ele>27.5</ele>
    <time>2025-08-07T07:38:56Z</time>
   </trkpt>
   <trkpt lat="25.0173340" lon="121.4022240">
    <ele>27.5</ele>
    <time>2025-08-07T07:38:57Z</time>
   </trkpt>
   <trkpt lat="25.0173430" lon="121.4022540">
    <ele>27.5</ele>
    <time>2025-08-07T07:38:58Z</time>
   </trkpt>
   <trkpt lat="25.0173810" lon="121.4022710">
    <ele>27.5</ele>
    <time>2025-08-07T07:38:59Z</time>
   </trkpt>
   <trkpt lat="25.0173980" lon="121.4022830">
    <ele>27.5</ele>
    <time>2025-08-07T07:39:00Z</time>
   </trkpt>
   <trkpt lat="25.0173930" lon="121.4023000">
    <ele>27.4</ele>
    <time>2025-08-07T07:39:01Z</time>
   </trkpt>
   <trkpt lat="25.0173890" lon="121.4023120">
    <ele>27.4</ele>
    <time>2025-08-07T07:39:02Z</time>
   </trkpt>
   <trkpt lat="25.0173740" lon="121.4023250">
    <ele>27.4</ele>
    <time>2025-08-07T07:39:03Z</time>
   </trkpt>
   <trkpt lat="25.0173670" lon="121.4023300">
    <ele>27.4</ele>
    <time>2025-08-07T07:39:04Z</time>
   </trkpt>
   <trkpt lat="25.0173700" lon="121.4023390">
    <ele>27.4</ele>
    <time>2025-08-07T07:39:05Z</time>
   </trkpt>
   <trkpt lat="25.0173710" lon="121.4023580">
    <ele>27.4</ele>
    <time>2025-08-07T07:39:06Z</time>
   </trkpt>
   <trkpt lat="25.0173750" lon="121.4023770">
    <ele>27.4</ele>
    <time>2025-08-07T07:39:07Z</time>
   </trkpt>
   <trkpt lat="25.0173770" lon="121.4023910">
    <ele>27.4</ele>
    <time>2025-08-07T07:39:08Z</time>
   </trkpt>
   <trkpt lat="25.0173780" lon="121.4023990">
    <ele>27.4</ele>
    <time>2025-08-07T07:39:09Z</time>
   </trkpt>
   <trkpt lat="25.0173780" lon="121.4024060">
    <ele>27.4</ele>
    <time>2025-08-07T07:39:10Z</time>
   </trkpt>
   <trkpt lat="25.0173700" lon="121.4024240">
    <ele>27.4</ele>
    <time>2025-08-07T07:39:11Z</time>
   </trkpt>
   <trkpt lat="25.0173660" lon="121.4024420">
    <ele>27.4</ele>
    <time>2025-08-07T07:39:12Z</time>
   </trkpt>
   <trkpt lat="25.0173750" lon="121.4024590">
    <ele>27.4</ele>
    <time>2025-08-07T07:39:13Z</time>
   </trkpt>
   <trkpt lat="25.0173700" lon="121.4024700">
    <ele>27.4</ele>
    <time>2025-08-07T07:39:14Z</time>
   </trkpt>
   <trkpt lat="25.0173600" lon="121.4024700">
    <ele>27.5</ele>
    <time>2025-08-07T07:39:15Z</time>
   </trkpt>
   <trkpt lat="25.0173490" lon="121.4024710">
    <ele>27.6</ele>
    <time>2025-08-07T07:39:16Z</time>
   </trkpt>
   <trkpt lat="25.0173380" lon="121.4024710">
    <ele>27.7</ele>
    <time>2025-08-07T07:39:17Z</time>
   </trkpt>
   <trkpt lat="25.0173100" lon="121.4024790">
    <ele>27.9</ele>
    <time>2025-08-07T07:39:18Z</time>
   </trkpt>
   <trkpt lat="25.0172940" lon="121.4024860">
    <ele>28.0</ele>
    <time>2025-08-07T07:39:19Z</time>
   </trkpt>
   <trkpt lat="25.0172790" lon="121.4024940">
    <ele>28.1</ele>
    <time>2025-08-07T07:39:20Z</time>
   </trkpt>
   <trkpt lat="25.0172630" lon="121.4025010">
    <ele>28.2</ele>
    <time>2025-08-07T07:39:21Z</time>
   </trkpt>
   <trkpt lat="25.0172470" lon="121.4025090">
    <ele>28.2</ele>
    <time>2025-08-07T07:39:22Z</time>
   </trkpt>
   <trkpt lat="25.0172310" lon="121.4025160">
    <ele>28.3</ele>
    <time>2025-08-07T07:39:23Z</time>
   </trkpt>
   <trkpt lat="25.0172160" lon="121.4025240">
    <ele>28.3</ele>
    <time>2025-08-07T07:39:40Z</time>
   </trkpt>
   <trkpt lat="25.0172000" lon="121.4025310">
    <ele>28.4</ele>
    <time>2025-08-07T07:39:41Z</time>
   </trkpt>
   <trkpt lat="25.0171840" lon="121.4025390">
    <ele>28.4</ele>
    <time>2025-08-07T07:39:42Z</time>
   </trkpt>
   <trkpt lat="25.0171680" lon="121.4025490">
    <ele>28.3</ele>
    <time>2025-08-07T07:39:43Z</time>
   </trkpt>
   <trkpt lat="25.0171580" lon="121.4025550">
    <ele>28.3</ele>
    <time>2025-08-07T07:39:44Z</time>
   </trkpt>
   <trkpt lat="25.0171490" lon="121.4025610">
    <ele>28.3</ele>
    <time>2025-08-07T07:39:45Z</time>
   </trkpt>
   <trkpt lat="25.0171290" lon="121.4025690">
    <ele>28.3</ele>
    <time>2025-08-07T07:39:46Z</time>
   </trkpt>
   <trkpt lat="25.0171210" lon="121.4025720">
    <ele>28.3</ele>
    <time>2025-08-07T07:39:47Z</time>
   </trkpt>
   <trkpt lat="25.0171140" lon="121.4025740">
    <ele>28.3</ele>
    <time>2025-08-07T07:39:48Z</time>
   </trkpt>
   <trkpt lat="25.0171010" lon="121.4025820">
    <ele>28.2</ele>
    <time>2025-08-07T07:39:49Z</time>
   </trkpt>
   <trkpt lat="25.0170860" lon="121.4025880">
    <ele>28.2</ele>
    <time>2025-08-07T07:39:50Z</time>
   </trkpt>
   <trkpt lat="25.0170680" lon="121.4025910">
    <ele>28.2</ele>
    <time>2025-08-07T07:39:51Z</time>
   </trkpt>
   <trkpt lat="25.0170540" lon="121.4025970">
    <ele>28.1</ele>
    <time>2025-08-07T07:39:52Z</time>
   </trkpt>
   <trkpt lat="25.0170380" lon="121.4025960">
    <ele>28.1</ele>
    <time>2025-08-07T07:39:53Z</time>
   </trkpt>
   <trkpt lat="25.0170230" lon="121.4025920">
    <ele>28.1</ele>
    <time>2025-08-07T07:39:54Z</time>
   </trkpt>
   <trkpt lat="25.0170070" lon="121.4025920">
    <ele>28.0</ele>
    <time>2025-08-07T07:39:55Z</time>
   </trkpt>
   <trkpt lat="25.0169930" lon="121.4025940">
    <ele>28.0</ele>
    <time>2025-08-07T07:39:56Z</time>
   </trkpt>
   <trkpt lat="25.0169760" lon="121.4025960">
    <ele>28.0</ele>
    <time>2025-08-07T07:39:57Z</time>
   </trkpt>
   <trkpt lat="25.0169600" lon="121.4025970">
    <ele>27.9</ele>
    <time>2025-08-07T07:39:58Z</time>
   </trkpt>
   <trkpt lat="25.0169470" lon="121.4026020">
    <ele>27.9</ele>
    <time>2025-08-07T07:39:59Z</time>
   </trkpt>
   <trkpt lat="25.0169320" lon="121.4026070">
    <ele>27.9</ele>
    <time>2025-08-07T07:40:00Z</time>
   </trkpt>
   <trkpt lat="25.0169180" lon="121.4026120">
    <ele>27.8</ele>
    <time>2025-08-07T07:40:01Z</time>
   </trkpt>
   <trkpt lat="25.0169040" lon="121.4026130">
    <ele>27.8</ele>
    <time>2025-08-07T07:40:02Z</time>
   </trkpt>
   <trkpt lat="25.0168830" lon="121.4026240">
    <ele>27.8</ele>
    <time>2025-08-07T07:40:03Z</time>
   </trkpt>
   <trkpt lat="25.0168760" lon="121.4026300">
    <ele>27.7</ele>
    <time>2025-08-07T07:40:04Z</time>
   </trkpt>
   <trkpt lat="25.0168690" lon="121.4026360">
    <ele>27.7</ele>
    <time>2025-08-07T07:40:05Z</time>
   </trkpt>
   <trkpt lat="25.0168520" lon="121.4026450">
    <ele>27.7</ele>
    <time>2025-08-07T07:40:06Z</time>
   </trkpt>
   <trkpt lat="25.0168410" lon="121.4026500">
    <ele>27.7</ele>
    <time>2025-08-07T07:40:07Z</time>
   </trkpt>
   <trkpt lat="25.0168310" lon="121.4026550">
    <ele>27.6</ele>
    <time>2025-08-07T07:40:08Z</time>
   </trkpt>
   <trkpt lat="25.0168200" lon="121.4026690">
    <ele>27.6</ele>
    <time>2025-08-07T07:40:09Z</time>
   </trkpt>
   <trkpt lat="25.0168110" lon="121.4026680">
    <ele>27.6</ele>
    <time>2025-08-07T07:40:10Z</time>
   </trkpt>
   <trkpt lat="25.0168020" lon="121.4026710">
    <ele>27.6</ele>
    <time>2025-08-07T07:40:11Z</time>
   </trkpt>
   <trkpt lat="25.0167910" lon="121.4026800">
    <ele>27.5</ele>
    <time>2025-08-07T07:40:12Z</time>
   </trkpt>
   <trkpt lat="25.0167800" lon="121.4026800">
    <ele>27.5</ele>
    <time>2025-08-07T07:40:13Z</time>
   </trkpt>
   <trkpt lat="25.0167700" lon="121.4026880">
    <ele>27.5</ele>
    <time>2025-08-07T07:40:14Z</time>
   </trkpt>
   <trkpt lat="25.0167490" lon="121.4027000">
    <ele>27.5</ele>
    <time>2025-08-07T07:40:15Z</time>
   </trkpt>
   <trkpt lat="25.0167390" lon="121.4027050">
    <ele>27.4</ele>
    <time>2025-08-07T07:40:16Z</time>
   </trkpt>
   <trkpt lat="25.0167300" lon="121.4027110">
    <ele>27.4</ele>
    <time>2025-08-07T07:40:17Z</time>
   </trkpt>
   <trkpt lat="25.0167180" lon="121.4027230">
    <ele>27.4</ele>
    <time>2025-08-07T07:40:18Z</time>
   </trkpt>
   <trkpt lat="25.0167030" lon="121.4027270">
    <ele>27.4</ele>
    <time>2025-08-07T07:40:19Z</time>
   </trkpt>
   <trkpt lat="25.0166860" lon="121.4027330">
    <ele>27.3</ele>
    <time>2025-08-07T07:40:20Z</time>
   </trkpt>
   <trkpt lat="25.0166770" lon="121.4027390">
    <ele>27.3</ele>
    <time>2025-08-07T07:40:21Z</time>
   </trkpt>
   <trkpt lat="25.0166610" lon="121.4027450">
    <ele>27.3</ele>
    <time>2025-08-07T07:40:22Z</time>
   </trkpt>
   <trkpt lat="25.0166440" lon="121.4027470">
    <ele>27.2</ele>
    <time>2025-08-07T07:40:23Z</time>
   </trkpt>
   <trkpt lat="25.0166330" lon="121.4027500">
    <ele>27.2</ele>
    <time>2025-08-07T07:40:24Z</time>
   </trkpt>
   <trkpt lat="25.0166210" lon="121.4027480">
    <ele>27.2</ele>
    <time>2025-08-07T07:40:25Z</time>
   </trkpt>
   <trkpt lat="25.0166090" lon="121.4027470">
    <ele>27.2</ele>
    <time>2025-08-07T07:40:26Z</time>
   </trkpt>
   <trkpt lat="25.0165930" lon="121.4027470">
    <ele>27.2</ele>
    <time>2025-08-07T07:40:27Z</time>
   </trkpt>
   <trkpt lat="25.0165790" lon="121.4027470">
    <ele>27.2</ele>
    <time>2025-08-07T07:40:28Z</time>
   </trkpt>
   <trkpt lat="25.0165680" lon="121.4027490">
    <ele>27.2</ele>
    <time>2025-08-07T07:40:29Z</time>
   </trkpt>
   <trkpt lat="25.0165610" lon="121.4027550">
    <ele>27.2</ele>
    <time>2025-08-07T07:40:30Z</time>
   </trkpt>
   <trkpt lat="25.0165500" lon="121.4027670">
    <ele>27.2</ele>
    <time>2025-08-07T07:40:31Z</time>
   </trkpt>
   <trkpt lat="25.0165290" lon="121.4027860">
    <ele>27.2</ele>
    <time>2025-08-07T07:40:32Z</time>
   </trkpt>
   <trkpt lat="25.0165220" lon="121.4027930">
    <ele>27.2</ele>
    <time>2025-08-07T07:40:33Z</time>
   </trkpt>
   <trkpt lat="25.0165090" lon="121.4028050">
    <ele>27.2</ele>
    <time>2025-08-07T07:40:34Z</time>
   </trkpt>
   <trkpt lat="25.0164930" lon="121.4028130">
    <ele>27.2</ele>
    <time>2025-08-07T07:40:35Z</time>
   </trkpt>
   <trkpt lat="25.0164790" lon="121.4028150">
    <ele>27.2</ele>
    <time>2025-08-07T07:40:36Z</time>
   </trkpt>
   <trkpt lat="25.0164660" lon="121.4028220">
    <ele>27.2</ele>
    <time>2025-08-07T07:40:37Z</time>
   </trkpt>
   <trkpt lat="25.0164450" lon="121.4028300">
    <ele>27.2</ele>
    <time>2025-08-07T07:40:38Z</time>
   </trkpt>
   <trkpt lat="25.0164380" lon="121.4028330">
    <ele>27.2</ele>
    <time>2025-08-07T07:40:39Z</time>
   </trkpt>
   <trkpt lat="25.0164300" lon="121.4028370">
    <ele>27.2</ele>
    <time>2025-08-07T07:40:40Z</time>
   </trkpt>
   <trkpt lat="25.0164180" lon="121.4028370">
    <ele>27.2</ele>
    <time>2025-08-07T07:40:41Z</time>
   </trkpt>
   <trkpt lat="25.0164070" lon="121.4028380">
    <ele>27.2</ele>
    <time>2025-08-07T07:40:42Z</time>
   </trkpt>
   <trkpt lat="25.0163940" lon="121.4028420">
    <ele>27.2</ele>
    <time>2025-08-07T07:40:43Z</time>
   </trkpt>
   <trkpt lat="25.0163840" lon="121.4028470">
    <ele>27.2</ele>
    <time>2025-08-07T07:40:44Z</time>
   </trkpt>
   <trkpt lat="25.0163730" lon="121.4028510">
    <ele>27.2</ele>
    <time>2025-08-07T07:40:45Z</time>
   </trkpt>
   <trkpt lat="25.0163600" lon="121.4028520">
    <ele>27.2</ele>
    <time>2025-08-07T07:40:46Z</time>
   </trkpt>
   <trkpt lat="25.0163450" lon="121.4028670">
    <ele>27.2</ele>
    <time>2025-08-07T07:40:47Z</time>
   </trkpt>
   <trkpt lat="25.0163430" lon="121.4028780">
    <ele>27.2</ele>
    <time>2025-08-07T07:40:48Z</time>
   </trkpt>
   <trkpt lat="25.0163400" lon="121.4028890">
    <ele>27.2</ele>
    <time>2025-08-07T07:40:49Z</time>
   </trkpt>
   <trkpt lat="25.0163460" lon="121.4029090">
    <ele>27.2</ele>
    <time>2025-08-07T07:40:50Z</time>
   </trkpt>
   <trkpt lat="25.0163520" lon="121.4029260">
    <ele>27.2</ele>
    <time>2025-08-07T07:40:51Z</time>
   </trkpt>
   <trkpt lat="25.0163560" lon="121.4029440">
    <ele>27.2</ele>
    <time>2025-08-07T07:40:52Z</time>
   </trkpt>
   <trkpt lat="25.0163610" lon="121.4029630">
    <ele>27.1</ele>
    <time>2025-08-07T07:40:53Z</time>
   </trkpt>
   <trkpt lat="25.0163650" lon="121.4029810">
    <ele>27.1</ele>
    <time>2025-08-07T07:40:54Z</time>
   </trkpt>
   <trkpt lat="25.0163690" lon="121.4029980">
    <ele>27.1</ele>
    <time>2025-08-07T07:40:55Z</time>
   </trkpt>
   <trkpt lat="25.0163720" lon="121.4030130">
    <ele>27.1</ele>
    <time>2025-08-07T07:40:56Z</time>
   </trkpt>
   <trkpt lat="25.0163720" lon="121.4030280">
    <ele>27.1</ele>
    <time>2025-08-07T07:40:57Z</time>
   </trkpt>
   <trkpt lat="25.0163720" lon="121.4030440">
    <ele>27.1</ele>
    <time>2025-08-07T07:40:58Z</time>
   </trkpt>
   <trkpt lat="25.0163640" lon="121.4030490">
    <ele>27.0</ele>
    <time>2025-08-07T07:40:59Z</time>
   </trkpt>
   <trkpt lat="25.0163640" lon="121.4030590">
    <ele>27.0</ele>
    <time>2025-08-07T07:41:00Z</time>
   </trkpt>
   <trkpt lat="25.0163640" lon="121.4030700">
    <ele>27.0</ele>
    <time>2025-08-07T07:41:01Z</time>
   </trkpt>
   <trkpt lat="25.0163620" lon="121.4030820">
    <ele>27.0</ele>
    <time>2025-08-07T07:41:02Z</time>
   </trkpt>
   <trkpt lat="25.0163620" lon="121.4030940">
    <ele>27.0</ele>
    <time>2025-08-07T07:41:03Z</time>
   </trkpt>
   <trkpt lat="25.0163590" lon="121.4031080">
    <ele>27.0</ele>
    <time>2025-08-07T07:41:04Z</time>
   </trkpt>
   <trkpt lat="25.0163630" lon="121.4031030">
    <ele>27.0</ele>
    <time>2025-08-07T07:41:05Z</time>
   </trkpt>
   <trkpt lat="25.0163660" lon="121.4030970">
    <ele>27.0</ele>
    <time>2025-08-07T07:41:06Z</time>
   </trkpt>
   <trkpt lat="25.0163750" lon="121.4030940">
    <ele>27.0</ele>
    <time>2025-08-07T07:41:07Z</time>
   </trkpt>
   <trkpt lat="25.0163790" lon="121.4030930">
    <ele>27.0</ele>
    <time>2025-08-07T07:41:08Z</time>
   </trkpt>
   <trkpt lat="25.0163820" lon="121.4030920">
    <ele>27.0</ele>
    <time>2025-08-07T07:41:09Z</time>
   </trkpt>
   <trkpt lat="25.0163850" lon="121.4030910">
    <ele>27.0</ele>
    <time>2025-08-07T07:41:10Z</time>
   </trkpt>
   <trkpt lat="25.0163880" lon="121.4030900">
    <ele>27.0</ele>
    <time>2025-08-07T07:41:11Z</time>
   </trkpt>
   <trkpt lat="25.0163880" lon="121.4030900">
    <ele>27.0</ele>
    <time>2025-08-07T07:41:12Z</time>
   </trkpt>
   <trkpt lat="25.0163930" lon="121.4030900">
    <ele>27.0</ele>
    <time>2025-08-07T07:41:13Z</time>
   </trkpt>
   <trkpt lat="25.0163690" lon="121.4030230">
    <ele>27.1</ele>
    <time>2025-08-07T07:41:25Z</time>
   </trkpt>
   <trkpt lat="25.0163610" lon="121.4029900">
    <ele>27.1</ele>
    <time>2025-08-07T07:41:26Z</time>
   </trkpt>
   <trkpt lat="25.0163690" lon="121.4029400">
    <ele>27.2</ele>
    <time>2025-08-07T07:41:27Z</time>
   </trkpt>
   <trkpt lat="25.0163770" lon="121.4029070">
    <ele>27.2</ele>
    <time>2025-08-07T07:41:28Z</time>
   </trkpt>
   <trkpt lat="25.0163840" lon="121.4028760">
    <ele>27.2</ele>
    <time>2025-08-07T07:41:29Z</time>
   </trkpt>
   <trkpt lat="25.0163900" lon="121.4028680">
    <ele>27.2</ele>
    <time>2025-08-07T07:41:30Z</time>
   </trkpt>
   <trkpt lat="25.0164250" lon="121.4028640">
    <ele>27.2</ele>
    <time>2025-08-07T07:41:31Z</time>
   </trkpt>
   <trkpt lat="25.0164380" lon="121.4028620">
    <ele>27.2</ele>
    <time>2025-08-07T07:41:32Z</time>
   </trkpt>
   <trkpt lat="25.0164770" lon="121.4028530">
    <ele>27.2</ele>
    <time>2025-08-07T07:41:33Z</time>
   </trkpt>
   <trkpt lat="25.0165230" lon="121.4028420">
    <ele>27.2</ele>
    <time>2025-08-07T07:41:34Z</time>
   </trkpt>
   <trkpt lat="25.0165720" lon="121.4028330">
    <ele>27.2</ele>
    <time>2025-08-07T07:41:35Z</time>
   </trkpt>
   <trkpt lat="25.0166100" lon="121.4028260">
    <ele>27.2</ele>
    <time>2025-08-07T07:41:36Z</time>
   </trkpt>
   <trkpt lat="25.0166430" lon="121.4028110">
    <ele>27.2</ele>
    <time>2025-08-07T07:41:37Z</time>
   </trkpt>
   <trkpt lat="25.0166800" lon="121.4028050">
    <ele>27.3</ele>
    <time>2025-08-07T07:41:38Z</time>
   </trkpt>
   <trkpt lat="25.0167230" lon="121.4027930">
    <ele>27.4</ele>
    <time>2025-08-07T07:41:39Z</time>
   </trkpt>
   <trkpt lat="25.0167590" lon="121.4027710">
    <ele>27.4</ele>
    <time>2025-08-07T07:41:40Z</time>
   </trkpt>
   <trkpt lat="25.0167720" lon="121.4027640">
    <ele>27.5</ele>
    <time>2025-08-07T07:41:41Z</time>
   </trkpt>
   <trkpt lat="25.0168080" lon="121.4027570">
    <ele>27.5</ele>
    <time>2025-08-07T07:41:42Z</time>
   </trkpt>
   <trkpt lat="25.0168200" lon="121.4027590">
    <ele>27.6</ele>
    <time>2025-08-07T07:41:43Z</time>
   </trkpt>
   <trkpt lat="25.0168370" lon="121.4027520">
    <ele>27.6</ele>
    <time>2025-08-07T07:41:44Z</time>
   </trkpt>
   <trkpt lat="25.0168450" lon="121.4027430">
    <ele>27.6</ele>
    <time>2025-08-07T07:41:45Z</time>
   </trkpt>
   <trkpt lat="25.0168400" lon="121.4027370">
    <ele>27.6</ele>
    <time>2025-08-07T07:41:46Z</time>
   </trkpt>
   <trkpt lat="25.0168410" lon="121.4027340">
    <ele>27.6</ele>
    <time>2025-08-07T07:41:47Z</time>
   </trkpt>
   <trkpt lat="25.0168400" lon="121.4027330">
    <ele>27.6</ele>
    <time>2025-08-07T07:41:48Z</time>
   </trkpt>
   <trkpt lat="25.0168410" lon="121.4027240">
    <ele>27.6</ele>
    <time>2025-08-07T07:41:49Z</time>
   </trkpt>
   <trkpt lat="25.0168450" lon="121.4027090">
    <ele>27.7</ele>
    <time>2025-08-07T07:41:50Z</time>
   </trkpt>
   <trkpt lat="25.0168460" lon="121.4027070">
    <ele>27.7</ele>
    <time>2025-08-07T07:41:51Z</time>
   </trkpt>
   <trkpt lat="25.0168450" lon="121.4027090">
    <ele>27.7</ele>
    <time>2025-08-07T07:41:52Z</time>
   </trkpt>
   <trkpt lat="25.0168520" lon="121.4027080">
    <ele>27.7</ele>
    <time>2025-08-07T07:41:53Z</time>
   </trkpt>
   <trkpt lat="25.0168610" lon="121.4026990">
    <ele>27.7</ele>
    <time>2025-08-07T07:41:54Z</time>
   </trkpt>
   <trkpt lat="25.0168680" lon="121.4026870">
    <ele>27.7</ele>
    <time>2025-08-07T07:41:55Z</time>
   </trkpt>
   <trkpt lat="25.0168680" lon="121.4026780">
    <ele>27.7</ele>
    <time>2025-08-07T07:41:56Z</time>
   </trkpt>
   <trkpt lat="25.0168720" lon="121.4026740">
    <ele>27.7</ele>
    <time>2025-08-07T07:41:57Z</time>
   </trkpt>
   <trkpt lat="25.0168820" lon="121.4026710">
    <ele>27.8</ele>
    <time>2025-08-07T07:41:58Z</time>
   </trkpt>
   <trkpt lat="25.0168900" lon="121.4026690">
    <ele>27.8</ele>
    <time>2025-08-07T07:41:59Z</time>
   </trkpt>
   <trkpt lat="25.0169120" lon="121.4026640">
    <ele>27.8</ele>
    <time>2025-08-07T07:42:00Z</time>
   </trkpt>
   <trkpt lat="25.0169220" lon="121.4026590">
    <ele>27.8</ele>
    <time>2025-08-07T07:42:01Z</time>
   </trkpt>
   <trkpt lat="25.0169330" lon="121.4026550">
    <ele>27.9</ele>
    <time>2025-08-07T07:42:02Z</time>
   </trkpt>
   <trkpt lat="25.0169530" lon="121.4026460">
    <ele>27.9</ele>
    <time>2025-08-07T07:42:03Z</time>
   </trkpt>
   <trkpt lat="25.0169600" lon="121.4026420">
    <ele>27.9</ele>
    <time>2025-08-07T07:42:04Z</time>
   </trkpt>
   <trkpt lat="25.0169680" lon="121.4026390">
    <ele>27.9</ele>
    <time>2025-08-07T07:42:05Z</time>
   </trkpt>
   <trkpt lat="25.0169980" lon="121.4026360">
    <ele>28.0</ele>
    <time>2025-08-07T07:42:06Z</time>
   </trkpt>
   <trkpt lat="25.0170320" lon="121.4026260">
    <ele>28.1</ele>
    <time>2025-08-07T07:42:07Z</time>
   </trkpt>
   <trkpt lat="25.0170450" lon="121.4026110">
    <ele>28.1</ele>
    <time>2025-08-07T07:42:08Z</time>
   </trkpt>
   <trkpt lat="25.0170600" lon="121.4026180">
    <ele>28.2</ele>
    <time>2025-08-07T07:42:09Z</time>
   </trkpt>
   <trkpt lat="25.0170750" lon="121.4026200">
    <ele>28.2</ele>
    <time>2025-08-07T07:42:10Z</time>
   </trkpt>
   <trkpt lat="25.0170940" lon="121.4026120">
    <ele>28.2</ele>
    <time>2025-08-07T07:42:11Z</time>
   </trkpt>
   <trkpt lat="25.0171090" lon="121.4026190">
    <ele>28.2</ele>
    <time>2025-08-07T07:42:12Z</time>
   </trkpt>
   <trkpt lat="25.0171240" lon="121.4026330">
    <ele>28.2</ele>
    <time>2025-08-07T07:42:13Z</time>
   </trkpt>
   <trkpt lat="25.0171440" lon="121.4026600">
    <ele>28.2</ele>
    <time>2025-08-07T07:42:14Z</time>
   </trkpt>
   <trkpt lat="25.0171620" lon="121.4027030">
    <ele>28.2</ele>
    <time>2025-08-07T07:42:15Z</time>
   </trkpt>
   <trkpt lat="25.0171600" lon="121.4027540">
    <ele>28.2</ele>
    <time>2025-08-07T07:42:16Z</time>
   </trkpt>
   <trkpt lat="25.0171660" lon="121.4027940">
    <ele>28.2</ele>
    <time>2025-08-07T07:42:17Z</time>
   </trkpt>
   <trkpt lat="25.0171790" lon="121.4028340">
    <ele>28.2</ele>
    <time>2025-08-07T07:42:18Z</time>
   </trkpt>
   <trkpt lat="25.0171810" lon="121.4028690">
    <ele>28.2</ele>
    <time>2025-08-07T07:42:19Z</time>
   </trkpt>
   <trkpt lat="25.0171840" lon="121.4028780">
    <ele>28.2</ele>
    <time>2025-08-07T07:42:20Z</time>
   </trkpt>
   <trkpt lat="25.0171970" lon="121.4028900">
    <ele>28.2</ele>
    <time>2025-08-07T07:42:21Z</time>
   </trkpt>
   <trkpt lat="25.0171980" lon="121.4028970">
    <ele>28.2</ele>
    <time>2025-08-07T07:42:22Z</time>
   </trkpt>
   <trkpt lat="25.0171990" lon="121.4029040">
    <ele>28.2</ele>
    <time>2025-08-07T07:42:23Z</time>
   </trkpt>
   <trkpt lat="25.0172000" lon="121.4029110">
    <ele>28.2</ele>
    <time>2025-08-07T07:42:24Z</time>
   </trkpt>
   <trkpt lat="25.0172010" lon="121.4029180">
    <ele>28.2</ele>
    <time>2025-08-07T07:42:25Z</time>
   </trkpt>
   <trkpt lat="25.0172020" lon="121.4029240">
    <ele>28.2</ele>
    <time>2025-08-07T07:42:26Z</time>
   </trkpt>
   <trkpt lat="25.0172030" lon="121.4029310">
    <ele>28.2</ele>
    <time>2025-08-07T07:42:27Z</time>
   </trkpt>
   <trkpt lat="25.0172040" lon="121.4029380">
    <ele>28.2</ele>
    <time>2025-08-07T07:42:28Z</time>
   </trkpt>
   <trkpt lat="25.0172050" lon="121.4029450">
    <ele>28.2</ele>
    <time>2025-08-07T07:42:29Z</time>
   </trkpt>
   <trkpt lat="25.0172060" lon="121.4029520">
    <ele>28.2</ele>
    <time>2025-08-07T07:42:34Z</time>
   </trkpt>
   <trkpt lat="25.0172070" lon="121.4029590">
    <ele>28.2</ele>
    <time>2025-08-07T07:42:35Z</time>
   </trkpt>
   <trkpt lat="25.0172290" lon="121.4030190">
    <ele>28.1</ele>
    <time>2025-08-07T07:42:36Z</time>
   </trkpt>
   <trkpt lat="25.0172430" lon="121.4030960">
    <ele>28.0</ele>
    <time>2025-08-07T07:42:37Z</time>
   </trkpt>
   <trkpt lat="25.0172690" lon="121.4031780">
    <ele>27.9</ele>
    <time>2025-08-07T07:42:38Z</time>
   </trkpt>
   <trkpt lat="25.0172940" lon="121.4032600">
    <ele>27.8</ele>
    <time>2025-08-07T07:42:39Z</time>
   </trkpt>
   <trkpt lat="25.0173140" lon="121.4033420">
    <ele>27.6</ele>
    <time>2025-08-07T07:42:40Z</time>
   </trkpt>
   <trkpt lat="25.0173310" lon="121.4034250">
    <ele>27.5</ele>
    <time>2025-08-07T07:42:41Z</time>
   </trkpt>
   <trkpt lat="25.0173480" lon="121.4035110">
    <ele>27.4</ele>
    <time>2025-08-07T07:42:42Z</time>
   </trkpt>
   <trkpt lat="25.0173710" lon="121.4035950">
    <ele>27.3</ele>
    <time>2025-08-07T07:42:43Z</time>
   </trkpt>
   <trkpt lat="25.0174000" lon="121.4036740">
    <ele>27.2</ele>
    <time>2025-08-07T07:42:44Z</time>
   </trkpt>
   <trkpt lat="25.0174180" lon="121.4037530">
    <ele>27.1</ele>
    <time>2025-08-07T07:42:45Z</time>
   </trkpt>
   <trkpt lat="25.0174420" lon="121.4038310">
    <ele>27.0</ele>
    <time>2025-08-07T07:42:46Z</time>
   </trkpt>
   <trkpt lat="25.0174660" lon="121.4039200">
    <ele>26.9</ele>
    <time>2025-08-07T07:42:47Z</time>
   </trkpt>
   <trkpt lat="25.0174980" lon="121.4040110">
    <ele>26.8</ele>
    <time>2025-08-07T07:42:48Z</time>
   </trkpt>
   <trkpt lat="25.0175260" lon="121.4041070">
    <ele>26.7</ele>
    <time>2025-08-07T07:42:49Z</time>
   </trkpt>
   <trkpt lat="25.0175520" lon="121.4042070">
    <ele>26.5</ele>
    <time>2025-08-07T07:42:50Z</time>
   </trkpt>
   <trkpt lat="25.0175770" lon="121.4043120">
    <ele>26.6</ele>
    <time>2025-08-07T07:42:51Z</time>
   </trkpt>
   <trkpt lat="25.0176040" lon="121.4044210">
    <ele>26.5</ele>
    <time>2025-08-07T07:42:52Z</time>
   </trkpt>
   <trkpt lat="25.0176360" lon="121.4045310">
    <ele>26.4</ele>
    <time>2025-08-07T07:42:53Z</time>
   </trkpt>
   <trkpt lat="25.0176660" lon="121.4046370">
    <ele>26.2</ele>
    <time>2025-08-07T07:42:54Z</time>
   </trkpt>
   <trkpt lat="25.0176920" lon="121.4047390">
    <ele>26.1</ele>
    <time>2025-08-07T07:42:55Z</time>
   </trkpt>
   <trkpt lat="25.0177170" lon="121.4048410">
    <ele>25.9</ele>
    <time>2025-08-07T07:42:56Z</time>
   </trkpt>
   <trkpt lat="25.0177520" lon="121.4049390">
    <ele>25.8</ele>
    <time>2025-08-07T07:42:57Z</time>
   </trkpt>
   <trkpt lat="25.0177840" lon="121.4050310">
    <ele>25.7</ele>
    <time>2025-08-07T07:42:58Z</time>
   </trkpt>
   <trkpt lat="25.0177940" lon="121.4051220">
    <ele>25.6</ele>
    <time>2025-08-07T07:42:59Z</time>
   </trkpt>
   <trkpt lat="25.0178140" lon="121.4052090">
    <ele>25.5</ele>
    <time>2025-08-07T07:43:00Z</time>
   </trkpt>
   <trkpt lat="25.0178360" lon="121.4052940">
    <ele>25.3</ele>
    <time>2025-08-07T07:43:01Z</time>
   </trkpt>
   <trkpt lat="25.0178610" lon="121.4053780">
    <ele>25.2</ele>
    <time>2025-08-07T07:43:02Z</time>
   </trkpt>
   <trkpt lat="25.0178940" lon="121.4054670">
    <ele>25.1</ele>
    <time>2025-08-07T07:43:03Z</time>
   </trkpt>
   <trkpt lat="25.0179210" lon="121.4055580">
    <ele>25.0</ele>
    <time>2025-08-07T07:43:04Z</time>
   </trkpt>
   <trkpt lat="25.0179540" lon="121.4056510">
    <ele>24.9</ele>
    <time>2025-08-07T07:43:05Z</time>
   </trkpt>
   <trkpt lat="25.0179750" lon="121.4057490">
    <ele>24.8</ele>
    <time>2025-08-07T07:43:06Z</time>
   </trkpt>
   <trkpt lat="25.0179980" lon="121.4058530">
    <ele>24.7</ele>
    <time>2025-08-07T07:43:07Z</time>
   </trkpt>
   <trkpt lat="25.0180140" lon="121.4059640">
    <ele>24.6</ele>
    <time>2025-08-07T07:43:08Z</time>
   </trkpt>
   <trkpt lat="25.0180390" lon="121.4060810">
    <ele>24.5</ele>
    <time>2025-08-07T07:43:09Z</time>
   </trkpt>
   <trkpt lat="25.0180670" lon="121.4061940">
    <ele>24.4</ele>
    <time>2025-08-07T07:43:10Z</time>
   </trkpt>
   <trkpt lat="25.0180940" lon="121.4063130">
    <ele>24.3</ele>
    <time>2025-08-07T07:43:11Z</time>
   </trkpt>
   <trkpt lat="25.0181220" lon="121.4064330">
    <ele>24.2</ele>
    <time>2025-08-07T07:43:12Z</time>
   </trkpt>
   <trkpt lat="25.0181510" lon="121.4065470">
    <ele>24.2</ele>
    <time>2025-08-07T07:43:13Z</time>
   </trkpt>
   <trkpt lat="25.0181790" lon="121.4066650">
    <ele>24.2</ele>
    <time>2025-08-07T07:43:14Z</time>
   </trkpt>
   <trkpt lat="25.0182080" lon="121.4067830">
    <ele>24.2</ele>
    <time>2025-08-07T07:43:15Z</time>
   </trkpt>
   <trkpt lat="25.0182320" lon="121.4068950">
    <ele>24.2</ele>
    <time>2025-08-07T07:43:16Z</time>
   </trkpt>
   <trkpt lat="25.0182590" lon="121.4070010">
    <ele>24.2</ele>
    <time>2025-08-07T07:43:17Z</time>
   </trkpt>
   <trkpt lat="25.0182860" lon="121.4071010">
    <ele>24.1</ele>
    <time>2025-08-07T07:43:18Z</time>
   </trkpt>
   <trkpt lat="25.0183130" lon="121.4071970">
    <ele>24.1</ele>
    <time>2025-08-07T07:43:19Z</time>
   </trkpt>
   <trkpt lat="25.0183280" lon="121.4072920">
    <ele>24.0</ele>
    <time>2025-08-07T07:43:20Z</time>
   </trkpt>
   <trkpt lat="25.0183500" lon="121.4073880">
    <ele>23.9</ele>
    <time>2025-08-07T07:43:21Z</time>
   </trkpt>
   <trkpt lat="25.0183720" lon="121.4074860">
    <ele>23.9</ele>
    <time>2025-08-07T07:43:22Z</time>
   </trkpt>
   <trkpt lat="25.0184020" lon="121.4075800">
    <ele>23.8</ele>
    <time>2025-08-07T07:43:23Z</time>
   </trkpt>
   <trkpt lat="25.0184320" lon="121.4076920">
    <ele>23.8</ele>
    <time>2025-08-07T07:43:24Z</time>
   </trkpt>
   <trkpt lat="25.0184580" lon="121.4078110">
    <ele>23.7</ele>
    <time>2025-08-07T07:43:25Z</time>
   </trkpt>
   <trkpt lat="25.0184890" lon="121.4079340">
    <ele>23.7</ele>
    <time>2025-08-07T07:43:26Z</time>
   </trkpt>
   <trkpt lat="25.0185220" lon="121.4080600">
    <ele>23.6</ele>
    <time>2025-08-07T07:43:27Z</time>
   </trkpt>
   <trkpt lat="25.0185580" lon="121.4081900">
    <ele>23.6</ele>
    <time>2025-08-07T07:43:28Z</time>
   </trkpt>
   <trkpt lat="25.0185950" lon="121.4083150">
    <ele>23.3</ele>
    <time>2025-08-07T07:43:29Z</time>
   </trkpt>
   <trkpt lat="25.0186370" lon="121.4084380">
    <ele>23.2</ele>
    <time>2025-08-07T07:43:30Z</time>
   </trkpt>
   <trkpt lat="25.0186940" lon="121.4085560">
    <ele>23.2</ele>
    <time>2025-08-07T07:43:31Z</time>
   </trkpt>
   <trkpt lat="25.0187610" lon="121.4086690">
    <ele>22.8</ele>
    <time>2025-08-07T07:43:32Z</time>
   </trkpt>
   <trkpt lat="25.0188390" lon="121.4087780">
    <ele>23.0</ele>
    <time>2025-08-07T07:43:33Z</time>
   </trkpt>
   <trkpt lat="25.0189250" lon="121.4088840">
    <ele>23.4</ele>
    <time>2025-08-07T07:43:34Z</time>
   </trkpt>
   <trkpt lat="25.0190180" lon="121.4089820">
    <ele>23.4</ele>
    <time>2025-08-07T07:43:35Z</time>
   </trkpt>
   <trkpt lat="25.0191180" lon="121.4090770">
    <ele>23.4</ele>
    <time>2025-08-07T07:43:36Z</time>
   </trkpt>
   <trkpt lat="25.0192180" lon="121.4091700">
    <ele>23.4</ele>
    <time>2025-08-07T07:43:37Z</time>
   </trkpt>
   <trkpt lat="25.0193200" lon="121.4092570">
    <ele>23.4</ele>
    <time>2025-08-07T07:43:38Z</time>
   </trkpt>
   <trkpt lat="25.0194240" lon="121.4093340">
    <ele>23.2</ele>
    <time>2025-08-07T07:43:39Z</time>
   </trkpt>
   <trkpt lat="25.0195310" lon="121.4094080">
    <ele>23.0</ele>
    <time>2025-08-07T07:43:40Z</time>
   </trkpt>
   <trkpt lat="25.0196430" lon="121.4094770">
    <ele>22.9</ele>
    <time>2025-08-07T07:43:41Z</time>
   </trkpt>
   <trkpt lat="25.0197590" lon="121.4095390">
    <ele>22.7</ele>
    <time>2025-08-07T07:43:42Z</time>
   </trkpt>
   <trkpt lat="25.0198700" lon="121.4096060">
    <ele>22.5</ele>
    <time>2025-08-07T07:43:43Z</time>
   </trkpt>
   <trkpt lat="25.0199810" lon="121.4096770">
    <ele>22.3</ele>
    <time>2025-08-07T07:43:44Z</time>
   </trkpt>
   <trkpt lat="25.0200950" lon="121.4097470">
    <ele>22.0</ele>
    <time>2025-08-07T07:43:45Z</time>
   </trkpt>
   <trkpt lat="25.0202120" lon="121.4098130">
    <ele>21.7</ele>
    <time>2025-08-07T07:43:46Z</time>
   </trkpt>
   <trkpt lat="25.0203280" lon="121.4098850">
    <ele>21.4</ele>
    <time>2025-08-07T07:43:47Z</time>
   </trkpt>
   <trkpt lat="25.0204440" lon="121.4099580">
    <ele>21.2</ele>
    <time>2025-08-07T07:43:48Z</time>
   </trkpt>
   <trkpt lat="25.0205520" lon="121.4100380">
    <ele>20.9</ele>
    <time>2025-08-07T07:43:49Z</time>
   </trkpt>
   <trkpt lat="25.0206510" lon="121.4101220">
    <ele>20.7</ele>
    <time>2025-08-07T07:43:50Z</time>
   </trkpt>
   <trkpt lat="25.0207410" lon="121.4102170">
    <ele>20.6</ele>
    <time>2025-08-07T07:43:51Z</time>
   </trkpt>
   <trkpt lat="25.0208270" lon="121.4103200">
    <ele>20.4</ele>
    <time>2025-08-07T07:43:52Z</time>
   </trkpt>
   <trkpt lat="25.0209090" lon="121.4104250">
    <ele>20.3</ele>
    <time>2025-08-07T07:43:53Z</time>
   </trkpt>
   <trkpt lat="25.0209820" lon="121.4105350">
    <ele>20.3</ele>
    <time>2025-08-07T07:43:54Z</time>
   </trkpt>
   <trkpt lat="25.0210480" lon="121.4106390">
    <ele>20.2</ele>
    <time>2025-08-07T07:43:55Z</time>
   </trkpt>
   <trkpt lat="25.0211090" lon="121.4107390">
    <ele>20.0</ele>
    <time>2025-08-07T07:43:56Z</time>
   </trkpt>
   <trkpt lat="25.0211700" lon="121.4108420">
    <ele>19.8</ele>
    <time>2025-08-07T07:43:57Z</time>
   </trkpt>
   <trkpt lat="25.0212280" lon="121.4109490">
    <ele>19.6</ele>
    <time>2025-08-07T07:43:58Z</time>
   </trkpt>
   <trkpt lat="25.0212850" lon="121.4110550">
    <ele>19.4</ele>
    <time>2025-08-07T07:43:59Z</time>
   </trkpt>
   <trkpt lat="25.0213410" lon="121.4111530">
    <ele>19.3</ele>
    <time>2025-08-07T07:44:00Z</time>
   </trkpt>
   <trkpt lat="25.0213930" lon="121.4112540">
    <ele>19.1</ele>
    <time>2025-08-07T07:44:01Z</time>
   </trkpt>
   <trkpt lat="25.0214460" lon="121.4113550">
    <ele>19.1</ele>
    <time>2025-08-07T07:44:02Z</time>
   </trkpt>
   <trkpt lat="25.0214960" lon="121.4114470">
    <ele>19.1</ele>
    <time>2025-08-07T07:44:03Z</time>
   </trkpt>
   <trkpt lat="25.0215460" lon="121.4115380">
    <ele>19.0</ele>
    <time>2025-08-07T07:44:04Z</time>
   </trkpt>
   <trkpt lat="25.0215950" lon="121.4116320">
    <ele>19.0</ele>
    <time>2025-08-07T07:44:05Z</time>
   </trkpt>
   <trkpt lat="25.0216450" lon="121.4117290">
    <ele>18.9</ele>
    <time>2025-08-07T07:44:06Z</time>
   </trkpt>
   <trkpt lat="25.0216990" lon="121.4118300">
    <ele>18.9</ele>
    <time>2025-08-07T07:44:07Z</time>
   </trkpt>
   <trkpt lat="25.0217500" lon="121.4119270">
    <ele>18.8</ele>
    <time>2025-08-07T07:44:08Z</time>
   </trkpt>
   <trkpt lat="25.0218010" lon="121.4120300">
    <ele>18.8</ele>
    <time>2025-08-07T07:44:09Z</time>
   </trkpt>
   <trkpt lat="25.0218530" lon="121.4121310">
    <ele>18.8</ele>
    <time>2025-08-07T07:44:10Z</time>
   </trkpt>
   <trkpt lat="25.0219150" lon="121.4122250">
    <ele>18.8</ele>
    <time>2025-08-07T07:44:11Z</time>
   </trkpt>
   <trkpt lat="25.0219680" lon="121.4123200">
    <ele>18.7</ele>
    <time>2025-08-07T07:44:12Z</time>
   </trkpt>
   <trkpt lat="25.0220240" lon="121.4124150">
    <ele>18.7</ele>
    <time>2025-08-07T07:44:13Z</time>
   </trkpt>
   <trkpt lat="25.0220790" lon="121.4125080">
    <ele>18.6</ele>
    <time>2025-08-07T07:44:14Z</time>
   </trkpt>
   <trkpt lat="25.0221340" lon="121.4126040">
    <ele>18.4</ele>
    <time>2025-08-07T07:44:15Z</time>
   </trkpt>
   <trkpt lat="25.0221930" lon="121.4126930">
    <ele>18.3</ele>
    <time>2025-08-07T07:44:16Z</time>
   </trkpt>
   <trkpt lat="25.0222450" lon="121.4127820">
    <ele>18.3</ele>
    <time>2025-08-07T07:44:17Z</time>
   </trkpt>
   <trkpt lat="25.0222950" lon="121.4128690">
    <ele>18.2</ele>
    <time>2025-08-07T07:44:18Z</time>
   </trkpt>
   <trkpt lat="25.0223430" lon="121.4129500">
    <ele>18.1</ele>
    <time>2025-08-07T07:44:19Z</time>
   </trkpt>
   <trkpt lat="25.0223810" lon="121.4130280">
    <ele>18.0</ele>
    <time>2025-08-07T07:44:20Z</time>
   </trkpt>
   <trkpt lat="25.0224210" lon="121.4130990">
    <ele>17.9</ele>
    <time>2025-08-07T07:44:21Z</time>
   </trkpt>
   <trkpt lat="25.0224550" lon="121.4131650">
    <ele>17.8</ele>
    <time>2025-08-07T07:44:22Z</time>
   </trkpt>
   <trkpt lat="25.0224880" lon="121.4132260">
    <ele>17.7</ele>
    <time>2025-08-07T07:44:23Z</time>
   </trkpt>
   <trkpt lat="25.0225140" lon="121.4132790">
    <ele>17.7</ele>
    <time>2025-08-07T07:44:24Z</time>
   </trkpt>
   <trkpt lat="25.0225390" lon="121.4133270">
    <ele>17.7</ele>
    <time>2025-08-07T07:44:25Z</time>
   </trkpt>
   <trkpt lat="25.0225650" lon="121.4133740">
    <ele>17.6</ele>
    <time>2025-08-07T07:44:26Z</time>
   </trkpt>
   <trkpt lat="25.0225880" lon="121.4134190">
    <ele>17.6</ele>
    <time>2025-08-07T07:44:27Z</time>
   </trkpt>
   <trkpt lat="25.0226140" lon="121.4134560">
    <ele>17.5</ele>
    <time>2025-08-07T07:44:28Z</time>
   </trkpt>
   <trkpt lat="25.0226360" lon="121.4134900">
    <ele>17.5</ele>
    <time>2025-08-07T07:44:29Z</time>
   </trkpt>
   <trkpt lat="25.0226520" lon="121.4135230">
    <ele>17.5</ele>
    <time>2025-08-07T07:44:30Z</time>
   </trkpt>
   <trkpt lat="25.0226660" lon="121.4135450">
    <ele>17.5</ele>
    <time>2025-08-07T07:44:31Z</time>
   </trkpt>
   <trkpt lat="25.0226680" lon="121.4135540">
    <ele>17.5</ele>
    <time>2025-08-07T07:44:32Z</time>
   </trkpt>
   <trkpt lat="25.0226700" lon="121.4135680">
    <ele>17.5</ele>
    <time>2025-08-07T07:44:33Z</time>
   </trkpt>
   <trkpt lat="25.0226730" lon="121.4135720">
    <ele>17.5</ele>
    <time>2025-08-07T07:44:34Z</time>
   </trkpt>
   <trkpt lat="25.0226750" lon="121.4135760">
    <ele>17.5</ele>
    <time>2025-08-07T07:44:35Z</time>
   </trkpt>
   <trkpt lat="25.0226770" lon="121.4135810">
    <ele>17.5</ele>
    <time>2025-08-07T07:44:36Z</time>
   </trkpt>
   <trkpt lat="25.0226800" lon="121.4135850">
    <ele>17.5</ele>
    <time>2025-08-07T07:44:37Z</time>
   </trkpt>
   <trkpt lat="25.0226820" lon="121.4135890">
    <ele>17.5</ele>
    <time>2025-08-07T07:44:38Z</time>
   </trkpt>
   <trkpt lat="25.0226840" lon="121.4135930">
    <ele>17.5</ele>
    <time>2025-08-07T07:44:39Z</time>
   </trkpt>
   <trkpt lat="25.0226870" lon="121.4135970">
    <ele>17.5</ele>
    <time>2025-08-07T07:44:40Z</time>
   </trkpt>
   <trkpt lat="25.0226890" lon="121.4136010">
    <ele>17.5</ele>
    <time>2025-08-07T07:44:41Z</time>
   </trkpt>
   <trkpt lat="25.0226910" lon="121.4136060">
    <ele>17.5</ele>
    <time>2025-08-07T07:44:42Z</time>
   </trkpt>
   <trkpt lat="25.0226940" lon="121.4136100">
    <ele>17.5</ele>
    <time>2025-08-07T07:44:50Z</time>
   </trkpt>
   <trkpt lat="25.0226960" lon="121.4136140">
    <ele>17.5</ele>
    <time>2025-08-07T07:44:51Z</time>
   </trkpt>
   <trkpt lat="25.0227070" lon="121.4136320">
    <ele>17.5</ele>
    <time>2025-08-07T07:44:52Z</time>
   </trkpt>
   <trkpt lat="25.0227190" lon="121.4136550">
    <ele>17.5</ele>
    <time>2025-08-07T07:44:53Z</time>
   </trkpt>
   <trkpt lat="25.0227280" lon="121.4136740">
    <ele>17.5</ele>
    <time>2025-08-07T07:44:54Z</time>
   </trkpt>
   <trkpt lat="25.0227310" lon="121.4136810">
    <ele>17.5</ele>
    <time>2025-08-07T07:44:55Z</time>
   </trkpt>
   <trkpt lat="25.0227340" lon="121.4136870">
    <ele>17.5</ele>
    <time>2025-08-07T07:44:56Z</time>
   </trkpt>
   <trkpt lat="25.0227360" lon="121.4136940">
    <ele>17.6</ele>
    <time>2025-08-07T07:44:57Z</time>
   </trkpt>
   <trkpt lat="25.0227390" lon="121.4137000">
    <ele>17.6</ele>
    <time>2025-08-07T07:44:58Z</time>
   </trkpt>
   <trkpt lat="25.0227420" lon="121.4137070">
    <ele>17.6</ele>
    <time>2025-08-07T07:44:59Z</time>
   </trkpt>
   <trkpt lat="25.0227450" lon="121.4137130">
    <ele>17.6</ele>
    <time>2025-08-07T07:45:00Z</time>
   </trkpt>
   <trkpt lat="25.0227480" lon="121.4137190">
    <ele>17.6</ele>
    <time>2025-08-07T07:45:01Z</time>
   </trkpt>
   <trkpt lat="25.0227510" lon="121.4137260">
    <ele>17.6</ele>
    <time>2025-08-07T07:45:02Z</time>
   </trkpt>
   <trkpt lat="25.0227540" lon="121.4137320">
    <ele>17.6</ele>
    <time>2025-08-07T07:45:03Z</time>
   </trkpt>
   <trkpt lat="25.0227560" lon="121.4137390">
    <ele>17.6</ele>
    <time>2025-08-07T07:45:04Z</time>
   </trkpt>
   <trkpt lat="25.0227590" lon="121.4137450">
    <ele>17.6</ele>
    <time>2025-08-07T07:45:14Z</time>
   </trkpt>
   <trkpt lat="25.0227620" lon="121.4137520">
    <ele>17.6</ele>
    <time>2025-08-07T07:45:15Z</time>
   </trkpt>
   <trkpt lat="25.0227650" lon="121.4137580">
    <ele>17.6</ele>
    <time>2025-08-07T07:45:16Z</time>
   </trkpt>
   <trkpt lat="25.0227850" lon="121.4137880">
    <ele>17.6</ele>
    <time>2025-08-07T07:45:17Z</time>
   </trkpt>
   <trkpt lat="25.0228000" lon="121.4138320">
    <ele>17.6</ele>
    <time>2025-08-07T07:45:18Z</time>
   </trkpt>
   <trkpt lat="25.0228210" lon="121.4138690">
    <ele>17.6</ele>
    <time>2025-08-07T07:45:19Z</time>
   </trkpt>
   <trkpt lat="25.0228430" lon="121.4139020">
    <ele>17.6</ele>
    <time>2025-08-07T07:45:20Z</time>
   </trkpt>
   <trkpt lat="25.0228650" lon="121.4139420">
    <ele>17.6</ele>
    <time>2025-08-07T07:45:21Z</time>
   </trkpt>
   <trkpt lat="25.0228900" lon="121.4139850">
    <ele>17.6</ele>
    <time>2025-08-07T07:45:22Z</time>
   </trkpt>
   <trkpt lat="25.0229150" lon="121.4140260">
    <ele>17.6</ele>
    <time>2025-08-07T07:45:23Z</time>
   </trkpt>
   <trkpt lat="25.0229370" lon="121.4140690">
    <ele>17.6</ele>
    <time>2025-08-07T07:45:24Z</time>
   </trkpt>
   <trkpt lat="25.0229560" lon="121.4141040">
    <ele>17.7</ele>
    <time>2025-08-07T07:45:25Z</time>
   </trkpt>
   <trkpt lat="25.0229740" lon="121.4141380">
    <ele>17.7</ele>
    <time>2025-08-07T07:45:26Z</time>
   </trkpt>
   <trkpt lat="25.0229930" lon="121.4141700">
    <ele>17.7</ele>
    <time>2025-08-07T07:45:27Z</time>
   </trkpt>
   <trkpt lat="25.0229980" lon="121.4141810">
    <ele>17.8</ele>
    <time>2025-08-07T07:45:28Z</time>
   </trkpt>
   <trkpt lat="25.0230030" lon="121.4142000">
    <ele>17.8</ele>
    <time>2025-08-07T07:45:29Z</time>
   </trkpt>
   <trkpt lat="25.0230070" lon="121.4142100">
    <ele>17.8</ele>
    <time>2025-08-07T07:45:30Z</time>
   </trkpt>
   <trkpt lat="25.0230090" lon="121.4142230">
    <ele>17.8</ele>
    <time>2025-08-07T07:45:31Z</time>
   </trkpt>
   <trkpt lat="25.0230020" lon="121.4142300">
    <ele>17.8</ele>
    <time>2025-08-07T07:45:32Z</time>
   </trkpt>
   <trkpt lat="25.0229890" lon="121.4142340">
    <ele>17.8</ele>
    <time>2025-08-07T07:45:33Z</time>
   </trkpt>
   <trkpt lat="25.0229890" lon="121.4142360">
    <ele>17.8</ele>
    <time>2025-08-07T07:45:34Z</time>
   </trkpt>
   <trkpt lat="25.0229880" lon="121.4142360">
    <ele>17.8</ele>
    <time>2025-08-07T07:45:35Z</time>
   </trkpt>
   <trkpt lat="25.0229860" lon="121.4142470">
    <ele>17.8</ele>
    <time>2025-08-07T07:45:36Z</time>
   </trkpt>
   <trkpt lat="25.0229770" lon="121.4142650">
    <ele>17.8</ele>
    <time>2025-08-07T07:45:37Z</time>
   </trkpt>
   <trkpt lat="25.0229560" lon="121.4142870">
    <ele>17.8</ele>
    <time>2025-08-07T07:45:38Z</time>
   </trkpt>
   <trkpt lat="25.0229490" lon="121.4142930">
    <ele>17.8</ele>
    <time>2025-08-07T07:45:39Z</time>
   </trkpt>
   <trkpt lat="25.0229320" lon="121.4143020">
    <ele>17.8</ele>
    <time>2025-08-07T07:45:40Z</time>
   </trkpt>
   <trkpt lat="25.0229210" lon="121.4143050">
    <ele>17.8</ele>
    <time>2025-08-07T07:45:41Z</time>
   </trkpt>
   <trkpt lat="25.0228950" lon="121.4143300">
    <ele>17.8</ele>
    <time>2025-08-07T07:45:42Z</time>
   </trkpt>
   <trkpt lat="25.0228850" lon="121.4143350">
    <ele>17.8</ele>
    <time>2025-08-07T07:45:43Z</time>
   </trkpt>
   <trkpt lat="25.0228540" lon="121.4143490">
    <ele>17.8</ele>
    <time>2025-08-07T07:45:44Z</time>
   </trkpt>
   <trkpt lat="25.0228460" lon="121.4143560">
    <ele>17.8</ele>
    <time>2025-08-07T07:45:45Z</time>
   </trkpt>
   <trkpt lat="25.0228170" lon="121.4143700">
    <ele>17.8</ele>
    <time>2025-08-07T07:45:46Z</time>
   </trkpt>
   <trkpt lat="25.0227910" lon="121.4143890">
    <ele>17.8</ele>
    <time>2025-08-07T07:45:47Z</time>
   </trkpt>
   <trkpt lat="25.0227640" lon="121.4144080">
    <ele>17.8</ele>
    <time>2025-08-07T07:45:48Z</time>
   </trkpt>
   <trkpt lat="25.0227310" lon="121.4144280">
    <ele>17.8</ele>
    <time>2025-08-07T07:45:49Z</time>
   </trkpt>
   <trkpt lat="25.0226800" lon="121.4144460">
    <ele>17.8</ele>
    <time>2025-08-07T07:45:50Z</time>
   </trkpt>
   <trkpt lat="25.0226450" lon="121.4144610">
    <ele>17.9</ele>
    <time>2025-08-07T07:45:51Z</time>
   </trkpt>
   <trkpt lat="25.0226050" lon="121.4144860">
    <ele>17.9</ele>
    <time>2025-08-07T07:45:52Z</time>
   </trkpt>
   <trkpt lat="25.0225540" lon="121.4145190">
    <ele>17.9</ele>
    <time>2025-08-07T07:45:53Z</time>
   </trkpt>
   <trkpt lat="25.0224950" lon="121.4145560">
    <ele>17.8</ele>
    <time>2025-08-07T07:45:54Z</time>
   </trkpt>
   <trkpt lat="25.0224260" lon="121.4145960">
    <ele>17.7</ele>
    <time>2025-08-07T07:45:55Z</time>
   </trkpt>
   <trkpt lat="25.0223570" lon="121.4146460">
    <ele>17.7</ele>
    <time>2025-08-07T07:45:56Z</time>
   </trkpt>
   <trkpt lat="25.0222800" lon="121.4146960">
    <ele>17.6</ele>
    <time>2025-08-07T07:45:57Z</time>
   </trkpt>
   <trkpt lat="25.0222150" lon="121.4147710">
    <ele>17.6</ele>
    <time>2025-08-07T07:45:58Z</time>
   </trkpt>
   <trkpt lat="25.0221290" lon="121.4148240">
    <ele>17.6</ele>
    <time>2025-08-07T07:45:59Z</time>
   </trkpt>
   <trkpt lat="25.0220360" lon="121.4148650">
    <ele>17.6</ele>
    <time>2025-08-07T07:46:00Z</time>
   </trkpt>
   <trkpt lat="25.0219500" lon="121.4149110">
    <ele>17.7</ele>
    <time>2025-08-07T07:46:01Z</time>
   </trkpt>
   <trkpt lat="25.0218750" lon="121.4149800">
    <ele>17.8</ele>
    <time>2025-08-07T07:46:02Z</time>
   </trkpt>
   <trkpt lat="25.0217940" lon="121.4150420">
    <ele>17.8</ele>
    <time>2025-08-07T07:46:03Z</time>
   </trkpt>
   <trkpt lat="25.0217160" lon="121.4150910">
    <ele>17.7</ele>
    <time>2025-08-07T07:46:04Z</time>
   </trkpt>
   <trkpt lat="25.0216510" lon="121.4151410">
    <ele>17.7</ele>
    <time>2025-08-07T07:46:05Z</time>
   </trkpt>
   <trkpt lat="25.0215980" lon="121.4151960">
    <ele>17.8</ele>
    <time>2025-08-07T07:46:06Z</time>
   </trkpt>
   <trkpt lat="25.0215610" lon="121.4152630">
    <ele>17.8</ele>
    <time>2025-08-07T07:46:07Z</time>
   </trkpt>
   <trkpt lat="25.0215320" lon="121.4153410">
    <ele>17.8</ele>
    <time>2025-08-07T07:46:08Z</time>
   </trkpt>
   <trkpt lat="25.0215040" lon="121.4154250">
    <ele>17.7</ele>
    <time>2025-08-07T07:46:09Z</time>
   </trkpt>
   <trkpt lat="25.0214680" lon="121.4154940">
    <ele>17.7</ele>
    <time>2025-08-07T07:46:10Z</time>
   </trkpt>
   <trkpt lat="25.0214350" lon="121.4155550">
    <ele>17.7</ele>
    <time>2025-08-07T07:46:11Z</time>
   </trkpt>
   <trkpt lat="25.0214230" lon="121.4156380">
    <ele>17.7</ele>
    <time>2025-08-07T07:46:12Z</time>
   </trkpt>
   <trkpt lat="25.0214120" lon="121.4157200">
    <ele>17.6</ele>
    <time>2025-08-07T07:46:13Z</time>
   </trkpt>
   <trkpt lat="25.0213820" lon="121.4158050">
    <ele>17.6</ele>
    <time>2025-08-07T07:46:14Z</time>
   </trkpt>
   <trkpt lat="25.0213520" lon="121.4158890">
    <ele>17.6</ele>
    <time>2025-08-07T07:46:15Z</time>
   </trkpt>
   <trkpt lat="25.0213210" lon="121.4159770">
    <ele>17.5</ele>
    <time>2025-08-07T07:46:16Z</time>
   </trkpt>
   <trkpt lat="25.0212920" lon="121.4160630">
    <ele>17.5</ele>
    <time>2025-08-07T07:46:17Z</time>
   </trkpt>
   <trkpt lat="25.0212610" lon="121.4161540">
    <ele>17.5</ele>
    <time>2025-08-07T07:46:18Z</time>
   </trkpt>
   <trkpt lat="25.0212280" lon="121.4162410">
    <ele>17.5</ele>
    <time>2025-08-07T07:46:19Z</time>
   </trkpt>
   <trkpt lat="25.0211960" lon="121.4163280">
    <ele>17.4</ele>
    <time>2025-08-07T07:46:20Z</time>
   </trkpt>
   <trkpt lat="25.0211650" lon="121.4164150">
    <ele>17.4</ele>
    <time>2025-08-07T07:46:21Z</time>
   </trkpt>
   <trkpt lat="25.0211380" lon="121.4165010">
    <ele>17.3</ele>
    <time>2025-08-07T07:46:22Z</time>
   </trkpt>
   <trkpt lat="25.0211130" lon="121.4165760">
    <ele>17.3</ele>
    <time>2025-08-07T07:46:23Z</time>
   </trkpt>
   <trkpt lat="25.0211020" lon="121.4166430">
    <ele>17.3</ele>
    <time>2025-08-07T07:46:24Z</time>
   </trkpt>
   <trkpt lat="25.0210780" lon="121.4167040">
    <ele>17.2</ele>
    <time>2025-08-07T07:46:25Z</time>
   </trkpt>
   <trkpt lat="25.0210620" lon="121.4167570">
    <ele>17.2</ele>
    <time>2025-08-07T07:46:26Z</time>
   </trkpt>
   <trkpt lat="25.0210480" lon="121.4168090">
    <ele>17.2</ele>
    <time>2025-08-07T07:46:27Z</time>
   </trkpt>
   <trkpt lat="25.0210350" lon="121.4168530">
    <ele>17.2</ele>
    <time>2025-08-07T07:46:28Z</time>
   </trkpt>
   <trkpt lat="25.0210210" lon="121.4168990">
    <ele>17.2</ele>
    <time>2025-08-07T07:46:29Z</time>
   </trkpt>
   <trkpt lat="25.0210050" lon="121.4169470">
    <ele>17.2</ele>
    <time>2025-08-07T07:46:30Z</time>
   </trkpt>
   <trkpt lat="25.0209890" lon="121.4169990">
    <ele>17.2</ele>
    <time>2025-08-07T07:46:31Z</time>
   </trkpt>
   <trkpt lat="25.0209770" lon="121.4170460">
    <ele>17.1</ele>
    <time>2025-08-07T07:46:32Z</time>
   </trkpt>
   <trkpt lat="25.0209590" lon="121.4170850">
    <ele>17.1</ele>
    <time>2025-08-07T07:46:33Z</time>
   </trkpt>
   <trkpt lat="25.0209480" lon="121.4171190">
    <ele>17.1</ele>
    <time>2025-08-07T07:46:34Z</time>
   </trkpt>
   <trkpt lat="25.0209410" lon="121.4171500">
    <ele>17.1</ele>
    <time>2025-08-07T07:46:35Z</time>
   </trkpt>
   <trkpt lat="25.0209320" lon="121.4171780">
    <ele>17.1</ele>
    <time>2025-08-07T07:46:36Z</time>
   </trkpt>
   <trkpt lat="25.0209170" lon="121.4172120">
    <ele>17.1</ele>
    <time>2025-08-07T07:46:37Z</time>
   </trkpt>
   <trkpt lat="25.0209120" lon="121.4172220">
    <ele>17.1</ele>
    <time>2025-08-07T07:46:38Z</time>
   </trkpt>
   <trkpt lat="25.0208970" lon="121.4172590">
    <ele>17.1</ele>
    <time>2025-08-07T07:46:39Z</time>
   </trkpt>
   <trkpt lat="25.0208900" lon="121.4172750">
    <ele>17.1</ele>
    <time>2025-08-07T07:46:40Z</time>
   </trkpt>
   <trkpt lat="25.0208830" lon="121.4173180">
    <ele>17.0</ele>
    <time>2025-08-07T07:46:41Z</time>
   </trkpt>
   <trkpt lat="25.0208710" lon="121.4173620">
    <ele>17.0</ele>
    <time>2025-08-07T07:46:42Z</time>
   </trkpt>
   <trkpt lat="25.0208580" lon="121.4173940">
    <ele>17.0</ele>
    <time>2025-08-07T07:46:43Z</time>
   </trkpt>
   <trkpt lat="25.0208510" lon="121.4174180">
    <ele>17.0</ele>
    <time>2025-08-07T07:46:44Z</time>
   </trkpt>
   <trkpt lat="25.0208510" lon="121.4174280">
    <ele>17.0</ele>
    <time>2025-08-07T07:46:45Z</time>
   </trkpt>
   <trkpt lat="25.0208430" lon="121.4174420">
    <ele>17.0</ele>
    <time>2025-08-07T07:46:46Z</time>
   </trkpt>
   <trkpt lat="25.0208370" lon="121.4174390">
    <ele>17.0</ele>
    <time>2025-08-07T07:46:47Z</time>
   </trkpt>
   <trkpt lat="25.0208330" lon="121.4174390">
    <ele>17.0</ele>
    <time>2025-08-07T07:46:48Z</time>
   </trkpt>
   <trkpt lat="25.0208280" lon="121.4174410">
    <ele>17.0</ele>
    <time>2025-08-07T07:46:49Z</time>
   </trkpt>
   <trkpt lat="25.0208240" lon="121.4174460">
    <ele>17.0</ele>
    <time>2025-08-07T07:46:50Z</time>
   </trkpt>
   <trkpt lat="25.0208120" lon="121.4174790">
    <ele>17.0</ele>
    <time>2025-08-07T07:46:51Z</time>
   </trkpt>
   <trkpt lat="25.0207810" lon="121.4175310">
    <ele>17.0</ele>
    <time>2025-08-07T07:46:52Z</time>
   </trkpt>
   <trkpt lat="25.0207540" lon="121.4176030">
    <ele>16.9</ele>
    <time>2025-08-07T07:46:53Z</time>
   </trkpt>
   <trkpt lat="25.0207200" lon="121.4176840">
    <ele>16.9</ele>
    <time>2025-08-07T07:46:54Z</time>
   </trkpt>
   <trkpt lat="25.0206950" lon="121.4177800">
    <ele>16.9</ele>
    <time>2025-08-07T07:46:55Z</time>
   </trkpt>
   <trkpt lat="25.0206670" lon="121.4178800">
    <ele>16.9</ele>
    <time>2025-08-07T07:46:56Z</time>
   </trkpt>
   <trkpt lat="25.0206260" lon="121.4179840">
    <ele>16.8</ele>
    <time>2025-08-07T07:46:57Z</time>
   </trkpt>
   <trkpt lat="25.0205870" lon="121.4180840">
    <ele>16.8</ele>
    <time>2025-08-07T07:46:58Z</time>
   </trkpt>
   <trkpt lat="25.0205480" lon="121.4181900">
    <ele>16.7</ele>
    <time>2025-08-07T07:46:59Z</time>
   </trkpt>
   <trkpt lat="25.0205150" lon="121.4182970">
    <ele>16.7</ele>
    <time>2025-08-07T07:47:00Z</time>
   </trkpt>
   <trkpt lat="25.0204750" lon="121.4184010">
    <ele>16.6</ele>
    <time>2025-08-07T07:47:01Z</time>
   </trkpt>
   <trkpt lat="25.0204340" lon="121.4185110">
    <ele>16.6</ele>
    <time>2025-08-07T07:47:02Z</time>
   </trkpt>
   <trkpt lat="25.0204010" lon="121.4186220">
    <ele>16.5</ele>
    <time>2025-08-07T07:47:03Z</time>
   </trkpt>
   <trkpt lat="25.0203690" lon="121.4187300">
    <ele>16.4</ele>
    <time>2025-08-07T07:47:04Z</time>
   </trkpt>
   <trkpt lat="25.0203480" lon="121.4188440">
    <ele>16.3</ele>
    <time>2025-08-07T07:47:05Z</time>
   </trkpt>
   <trkpt lat="25.0203150" lon="121.4189570">
    <ele>16.3</ele>
    <time>2025-08-07T07:47:06Z</time>
   </trkpt>
   <trkpt lat="25.0202700" lon="121.4190710">
    <ele>16.3</ele>
    <time>2025-08-07T07:47:07Z</time>
   </trkpt>
   <trkpt lat="25.0202300" lon="121.4191880">
    <ele>16.3</ele>
    <time>2025-08-07T07:47:08Z</time>
   </trkpt>
   <trkpt lat="25.0201880" lon="121.4193060">
    <ele>16.2</ele>
    <time>2025-08-07T07:47:09Z</time>
   </trkpt>
   <trkpt lat="25.0201430" lon="121.4194250">
    <ele>16.1</ele>
    <time>2025-08-07T07:47:10Z</time>
   </trkpt>
   <trkpt lat="25.0200980" lon="121.4195450">
    <ele>16.1</ele>
    <time>2025-08-07T07:47:11Z</time>
   </trkpt>
   <trkpt lat="25.0200550" lon="121.4196680">
    <ele>16.0</ele>
    <time>2025-08-07T07:47:12Z</time>
   </trkpt>
   <trkpt lat="25.0200140" lon="121.4197990">
    <ele>15.6</ele>
    <time>2025-08-07T07:47:13Z</time>
   </trkpt>
   <trkpt lat="25.0199700" lon="121.4199330">
    <ele>15.1</ele>
    <time>2025-08-07T07:47:14Z</time>
   </trkpt>
   <trkpt lat="25.0199290" lon="121.4200630">
    <ele>14.9</ele>
    <time>2025-08-07T07:47:15Z</time>
   </trkpt>
   <trkpt lat="25.0198850" lon="121.4202070">
    <ele>14.8</ele>
    <time>2025-08-07T07:47:16Z</time>
   </trkpt>
   <trkpt lat="25.0198370" lon="121.4203480">
    <ele>14.8</ele>
    <time>2025-08-07T07:47:17Z</time>
   </trkpt>
   <trkpt lat="25.0197880" lon="121.4204840">
    <ele>14.7</ele>
    <time>2025-08-07T07:47:18Z</time>
   </trkpt>
   <trkpt lat="25.0197410" lon="121.4206230">
    <ele>14.7</ele>
    <time>2025-08-07T07:47:19Z</time>
   </trkpt>
   <trkpt lat="25.0196940" lon="121.4207620">
    <ele>14.7</ele>
    <time>2025-08-07T07:47:20Z</time>
   </trkpt>
   <trkpt lat="25.0196460" lon="121.4208990">
    <ele>14.6</ele>
    <time>2025-08-07T07:47:21Z</time>
   </trkpt>
   <trkpt lat="25.0195980" lon="121.4210320">
    <ele>14.6</ele>
    <time>2025-08-07T07:47:22Z</time>
   </trkpt>
   <trkpt lat="25.0195500" lon="121.4211580">
    <ele>14.6</ele>
    <time>2025-08-07T07:47:23Z</time>
   </trkpt>
   <trkpt lat="25.0195130" lon="121.4212790">
    <ele>14.6</ele>
    <time>2025-08-07T07:47:24Z</time>
   </trkpt>
   <trkpt lat="25.0194770" lon="121.4214010">
    <ele>14.6</ele>
    <time>2025-08-07T07:47:25Z</time>
   </trkpt>
   <trkpt lat="25.0194410" lon="121.4215190">
    <ele>14.5</ele>
    <time>2025-08-07T07:47:26Z</time>
   </trkpt>
   <trkpt lat="25.0194060" lon="121.4216300">
    <ele>14.4</ele>
    <time>2025-08-07T07:47:27Z</time>
   </trkpt>
   <trkpt lat="25.0193730" lon="121.4217380">
    <ele>14.4</ele>
    <time>2025-08-07T07:47:28Z</time>
   </trkpt>
   <trkpt lat="25.0193380" lon="121.4218450">
    <ele>14.4</ele>
    <time>2025-08-07T07:47:29Z</time>
   </trkpt>
   <trkpt lat="25.0193050" lon="121.4219490">
    <ele>14.4</ele>
    <time>2025-08-07T07:47:30Z</time>
   </trkpt>
   <trkpt lat="25.0192740" lon="121.4220480">
    <ele>14.5</ele>
    <time>2025-08-07T07:47:31Z</time>
   </trkpt>
   <trkpt lat="25.0192430" lon="121.4221420">
    <ele>14.5</ele>
    <time>2025-08-07T07:47:32Z</time>
   </trkpt>
   <trkpt lat="25.0192070" lon="121.4222260">
    <ele>14.5</ele>
    <time>2025-08-07T07:47:33Z</time>
   </trkpt>
   <trkpt lat="25.0191720" lon="121.4222980">
    <ele>14.5</ele>
    <time>2025-08-07T07:47:34Z</time>
   </trkpt>
   <trkpt lat="25.0191440" lon="121.4223710">
    <ele>14.5</ele>
    <time>2025-08-07T07:47:35Z</time>
   </trkpt>
   <trkpt lat="25.0191160" lon="121.4224360">
    <ele>14.5</ele>
    <time>2025-08-07T07:47:36Z</time>
   </trkpt>
   <trkpt lat="25.0190920" lon="121.4224930">
    <ele>14.5</ele>
    <time>2025-08-07T07:47:37Z</time>
   </trkpt>
   <trkpt lat="25.0190720" lon="121.4225370">
    <ele>14.5</ele>
    <time>2025-08-07T07:47:38Z</time>
   </trkpt>
   <trkpt lat="25.0190680" lon="121.4225740">
    <ele>14.5</ele>
    <time>2025-08-07T07:47:39Z</time>
   </trkpt>
   <trkpt lat="25.0190570" lon="121.4226120">
    <ele>14.5</ele>
    <time>2025-08-07T07:47:40Z</time>
   </trkpt>
   <trkpt lat="25.0190480" lon="121.4226290">
    <ele>14.5</ele>
    <time>2025-08-07T07:47:41Z</time>
   </trkpt>
   <trkpt lat="25.0190520" lon="121.4226020">
    <ele>14.5</ele>
    <time>2025-08-07T07:47:42Z</time>
   </trkpt>
   <trkpt lat="25.0190560" lon="121.4226000">
    <ele>14.5</ele>
    <time>2025-08-07T07:47:43Z</time>
   </trkpt>
   <trkpt lat="25.0190560" lon="121.4226100">
    <ele>14.5</ele>
    <time>2025-08-07T07:47:44Z</time>
   </trkpt>
   <trkpt lat="25.0190550" lon="121.4226200">
    <ele>14.5</ele>
    <time>2025-08-07T07:47:45Z</time>
   </trkpt>
   <trkpt lat="25.0190530" lon="121.4226290">
    <ele>14.5</ele>
    <time>2025-08-07T07:47:46Z</time>
   </trkpt>
   <trkpt lat="25.0190510" lon="121.4226390">
    <ele>14.5</ele>
    <time>2025-08-07T07:47:47Z</time>
   </trkpt>
   <trkpt lat="25.0190490" lon="121.4226490">
    <ele>14.5</ele>
    <time>2025-08-07T07:47:48Z</time>
   </trkpt>
   <trkpt lat="25.0190480" lon="121.4226590">
    <ele>14.5</ele>
    <time>2025-08-07T07:47:49Z</time>
   </trkpt>
   <trkpt lat="25.0190460" lon="121.4226690">
    <ele>14.5</ele>
    <time>2025-08-07T07:47:50Z</time>
   </trkpt>
   <trkpt lat="25.0190440" lon="121.4226790">
    <ele>14.5</ele>
    <time>2025-08-07T07:47:51Z</time>
   </trkpt>
   <trkpt lat="25.0190420" lon="121.4226880">
    <ele>14.5</ele>
    <time>2025-08-07T07:48:14Z</time>
   </trkpt>
   <trkpt lat="25.0190410" lon="121.4226980">
    <ele>14.5</ele>
    <time>2025-08-07T07:48:15Z</time>
   </trkpt>
   <trkpt lat="25.0190390" lon="121.4227080">
    <ele>14.5</ele>
    <time>2025-08-07T07:48:16Z</time>
   </trkpt>
   <trkpt lat="25.0190180" lon="121.4227500">
    <ele>14.5</ele>
    <time>2025-08-07T07:48:17Z</time>
   </trkpt>
   <trkpt lat="25.0189970" lon="121.4227950">
    <ele>14.6</ele>
    <time>2025-08-07T07:48:18Z</time>
   </trkpt>
   <trkpt lat="25.0189840" lon="121.4228540">
    <ele>14.6</ele>
    <time>2025-08-07T07:48:19Z</time>
   </trkpt>
   <trkpt lat="25.0189690" lon="121.4229150">
    <ele>14.6</ele>
    <time>2025-08-07T07:48:20Z</time>
   </trkpt>
   <trkpt lat="25.0189570" lon="121.4229760">
    <ele>14.6</ele>
    <time>2025-08-07T07:48:21Z</time>
   </trkpt>
   <trkpt lat="25.0189460" lon="121.4230440">
    <ele>14.6</ele>
    <time>2025-08-07T07:48:22Z</time>
   </trkpt>
   <trkpt lat="25.0189460" lon="121.4231060">
    <ele>14.6</ele>
    <time>2025-08-07T07:48:23Z</time>
   </trkpt>
   <trkpt lat="25.0189590" lon="121.4231640">
    <ele>14.6</ele>
    <time>2025-08-07T07:48:24Z</time>
   </trkpt>
   <trkpt lat="25.0189840" lon="121.4232090">
    <ele>14.7</ele>
    <time>2025-08-07T07:48:25Z</time>
   </trkpt>
   <trkpt lat="25.0190280" lon="121.4232500">
    <ele>14.8</ele>
    <time>2025-08-07T07:48:26Z</time>
   </trkpt>
   <trkpt lat="25.0190980" lon="121.4232800">
    <ele>14.8</ele>
    <time>2025-08-07T07:48:27Z</time>
   </trkpt>
   <trkpt lat="25.0191800" lon="121.4233090">
    <ele>14.8</ele>
    <time>2025-08-07T07:48:28Z</time>
   </trkpt>
   <trkpt lat="25.0192750" lon="121.4233350">
    <ele>14.8</ele>
    <time>2025-08-07T07:48:29Z</time>
   </trkpt>
   <trkpt lat="25.0193600" lon="121.4233770">
    <ele>14.8</ele>
    <time>2025-08-07T07:48:30Z</time>
   </trkpt>
   <trkpt lat="25.0194310" lon="121.4234170">
    <ele>14.8</ele>
    <time>2025-08-07T07:48:31Z</time>
   </trkpt>
   <trkpt lat="25.0195050" lon="121.4234670">
    <ele>14.8</ele>
    <time>2025-08-07T07:48:32Z</time>
   </trkpt>
   <trkpt lat="25.0195900" lon="121.4235040">
    <ele>14.8</ele>
    <time>2025-08-07T07:48:33Z</time>
   </trkpt>
   <trkpt lat="25.0196780" lon="121.4235420">
    <ele>14.8</ele>
    <time>2025-08-07T07:48:34Z</time>
   </trkpt>
   <trkpt lat="25.0197660" lon="121.4235780">
    <ele>14.7</ele>
    <time>2025-08-07T07:48:35Z</time>
   </trkpt>
   <trkpt lat="25.0198450" lon="121.4236110">
    <ele>14.6</ele>
    <time>2025-08-07T07:48:36Z</time>
   </trkpt>
   <trkpt lat="25.0199190" lon="121.4236410">
    <ele>14.6</ele>
    <time>2025-08-07T07:48:37Z</time>
   </trkpt>
   <trkpt lat="25.0199930" lon="121.4236780">
    <ele>14.5</ele>
    <time>2025-08-07T07:48:38Z</time>
   </trkpt>
   <trkpt lat="25.0200740" lon="121.4237200">
    <ele>14.5</ele>
    <time>2025-08-07T07:48:39Z</time>
   </trkpt>
   <trkpt lat="25.0201560" lon="121.4237640">
    <ele>14.5</ele>
    <time>2025-08-07T07:48:40Z</time>
   </trkpt>
   <trkpt lat="25.0202360" lon="121.4237950">
    <ele>14.5</ele>
    <time>2025-08-07T07:48:41Z</time>
   </trkpt>
   <trkpt lat="25.0203150" lon="121.4238280">
    <ele>14.5</ele>
    <time>2025-08-07T07:48:42Z</time>
   </trkpt>
   <trkpt lat="25.0203920" lon="121.4238640">
    <ele>14.5</ele>
    <time>2025-08-07T07:48:43Z</time>
   </trkpt>
   <trkpt lat="25.0204700" lon="121.4239010">
    <ele>14.5</ele>
    <time>2025-08-07T07:48:44Z</time>
   </trkpt>
   <trkpt lat="25.0205460" lon="121.4239390">
    <ele>14.5</ele>
    <time>2025-08-07T07:48:45Z</time>
   </trkpt>
   <trkpt lat="25.0206190" lon="121.4239740">
    <ele>14.6</ele>
    <time>2025-08-07T07:48:46Z</time>
   </trkpt>
   <trkpt lat="25.0207040" lon="121.4240080">
    <ele>14.6</ele>
    <time>2025-08-07T07:48:47Z</time>
   </trkpt>
   <trkpt lat="25.0207850" lon="121.4240430">
    <ele>14.6</ele>
    <time>2025-08-07T07:48:48Z</time>
   </trkpt>
   <trkpt lat="25.0208670" lon="121.4240790">
    <ele>14.6</ele>
    <time>2025-08-07T07:48:49Z</time>
   </trkpt>
   <trkpt lat="25.0209490" lon="121.4241280">
    <ele>14.6</ele>
    <time>2025-08-07T07:48:50Z</time>
   </trkpt>
   <trkpt lat="25.0210320" lon="121.4241680">
    <ele>14.6</ele>
    <time>2025-08-07T07:48:51Z</time>
   </trkpt>
   <trkpt lat="25.0211140" lon="121.4242130">
    <ele>14.6</ele>
    <time>2025-08-07T07:48:52Z</time>
   </trkpt>
   <trkpt lat="25.0211940" lon="121.4242550">
    <ele>14.6</ele>
    <time>2025-08-07T07:48:53Z</time>
   </trkpt>
   <trkpt lat="25.0212680" lon="121.4242970">
    <ele>14.6</ele>
    <time>2025-08-07T07:48:54Z</time>
   </trkpt>
   <trkpt lat="25.0213380" lon="121.4243380">
    <ele>14.6</ele>
    <time>2025-08-07T07:48:55Z</time>
   </trkpt>
   <trkpt lat="25.0214050" lon="121.4243810">
    <ele>14.6</ele>
    <time>2025-08-07T07:48:56Z</time>
   </trkpt>
   <trkpt lat="25.0214720" lon="121.4244190">
    <ele>14.6</ele>
    <time>2025-08-07T07:48:57Z</time>
   </trkpt>
   <trkpt lat="25.0215360" lon="121.4244540">
    <ele>14.6</ele>
    <time>2025-08-07T07:48:58Z</time>
   </trkpt>
   <trkpt lat="25.0215960" lon="121.4244920">
    <ele>14.6</ele>
    <time>2025-08-07T07:48:59Z</time>
   </trkpt>
   <trkpt lat="25.0216550" lon="121.4245290">
    <ele>14.6</ele>
    <time>2025-08-07T07:49:00Z</time>
   </trkpt>
   <trkpt lat="25.0217130" lon="121.4245660">
    <ele>14.6</ele>
    <time>2025-08-07T07:49:01Z</time>
   </trkpt>
   <trkpt lat="25.0217690" lon="121.4246110">
    <ele>14.5</ele>
    <time>2025-08-07T07:49:02Z</time>
   </trkpt>
   <trkpt lat="25.0218240" lon="121.4246510">
    <ele>14.5</ele>
    <time>2025-08-07T07:49:03Z</time>
   </trkpt>
   <trkpt lat="25.0218780" lon="121.4246830">
    <ele>14.5</ele>
    <time>2025-08-07T07:49:04Z</time>
   </trkpt>
   <trkpt lat="25.0219300" lon="121.4247070">
    <ele>14.5</ele>
    <time>2025-08-07T07:49:05Z</time>
   </trkpt>
   <trkpt lat="25.0219660" lon="121.4247490">
    <ele>14.5</ele>
    <time>2025-08-07T07:49:06Z</time>
   </trkpt>
   <trkpt lat="25.0220000" lon="121.4247770">
    <ele>14.5</ele>
    <time>2025-08-07T07:49:07Z</time>
   </trkpt>
   <trkpt lat="25.0220340" lon="121.4248060">
    <ele>14.5</ele>
    <time>2025-08-07T07:49:08Z</time>
   </trkpt>
   <trkpt lat="25.0220690" lon="121.4248260">
    <ele>14.4</ele>
    <time>2025-08-07T07:49:09Z</time>
   </trkpt>
   <trkpt lat="25.0220990" lon="121.4248490">
    <ele>14.4</ele>
    <time>2025-08-07T07:49:10Z</time>
   </trkpt>
   <trkpt lat="25.0221280" lon="121.4248760">
    <ele>14.4</ele>
    <time>2025-08-07T07:49:11Z</time>
   </trkpt>
   <trkpt lat="25.0221630" lon="121.4249080">
    <ele>14.3</ele>
    <time>2025-08-07T07:49:12Z</time>
   </trkpt>
   <trkpt lat="25.0222110" lon="121.4249430">
    <ele>14.3</ele>
    <time>2025-08-07T07:49:13Z</time>
   </trkpt>
   <trkpt lat="25.0222590" lon="121.4249950">
    <ele>14.2</ele>
    <time>2025-08-07T07:49:14Z</time>
   </trkpt>
   <trkpt lat="25.0223070" lon="121.4250460">
    <ele>14.2</ele>
    <time>2025-08-07T07:49:15Z</time>
   </trkpt>
   <trkpt lat="25.0223510" lon="121.4250870">
    <ele>14.1</ele>
    <time>2025-08-07T07:49:16Z</time>
   </trkpt>
   <trkpt lat="25.0223870" lon="121.4251230">
    <ele>14.1</ele>
    <time>2025-08-07T07:49:17Z</time>
   </trkpt>
   <trkpt lat="25.0224150" lon="121.4251570">
    <ele>14.1</ele>
    <time>2025-08-07T07:49:18Z</time>
   </trkpt>
   <trkpt lat="25.0224400" lon="121.4251880">
    <ele>14.0</ele>
    <time>2025-08-07T07:49:19Z</time>
   </trkpt>
   <trkpt lat="25.0224590" lon="121.4252140">
    <ele>14.0</ele>
    <time>2025-08-07T07:49:20Z</time>
   </trkpt>
   <trkpt lat="25.0224900" lon="121.4252440">
    <ele>14.0</ele>
    <time>2025-08-07T07:49:21Z</time>
   </trkpt>
   <trkpt lat="25.0224990" lon="121.4252560">
    <ele>14.0</ele>
    <time>2025-08-07T07:49:22Z</time>
   </trkpt>
   <trkpt lat="25.0225220" lon="121.4252870">
    <ele>13.9</ele>
    <time>2025-08-07T07:49:23Z</time>
   </trkpt>
   <trkpt lat="25.0225300" lon="121.4253000">
    <ele>13.9</ele>
    <time>2025-08-07T07:49:24Z</time>
   </trkpt>
   <trkpt lat="25.0225460" lon="121.4253350">
    <ele>13.9</ele>
    <time>2025-08-07T07:49:25Z</time>
   </trkpt>
   <trkpt lat="25.0225650" lon="121.4253640">
    <ele>13.9</ele>
    <time>2025-08-07T07:49:26Z</time>
   </trkpt>
   <trkpt lat="25.0225700" lon="121.4253820">
    <ele>14.0</ele>
    <time>2025-08-07T07:49:27Z</time>
   </trkpt>
   <trkpt lat="25.0225780" lon="121.4253910">
    <ele>14.0</ele>
    <time>2025-08-07T07:49:28Z</time>
   </trkpt>
   <trkpt lat="25.0225590" lon="121.4254140">
    <ele>14.0</ele>
    <time>2025-08-07T07:49:29Z</time>
   </trkpt>
   <trkpt lat="25.0225520" lon="121.4254200">
    <ele>14.0</ele>
    <time>2025-08-07T07:49:30Z</time>
   </trkpt>
   <trkpt lat="25.0225390" lon="121.4254290">
    <ele>14.0</ele>
    <time>2025-08-07T07:49:31Z</time>
   </trkpt>
   <trkpt lat="25.0225310" lon="121.4254330">
    <ele>14.0</ele>
    <time>2025-08-07T07:49:32Z</time>
   </trkpt>
   <trkpt lat="25.0225310" lon="121.4254300">
    <ele>14.0</ele>
    <time>2025-08-07T07:49:33Z</time>
   </trkpt>
   <trkpt lat="25.0225270" lon="121.4254280">
    <ele>14.0</ele>
    <time>2025-08-07T07:49:34Z</time>
   </trkpt>
   <trkpt lat="25.0225240" lon="121.4254250">
    <ele>14.0</ele>
    <time>2025-08-07T07:49:35Z</time>
   </trkpt>
   <trkpt lat="25.0225260" lon="121.4254210">
    <ele>14.0</ele>
    <time>2025-08-07T07:49:36Z</time>
   </trkpt>
   <trkpt lat="25.0225300" lon="121.4254130">
    <ele>14.0</ele>
    <time>2025-08-07T07:49:37Z</time>
   </trkpt>
   <trkpt lat="25.0225340" lon="121.4254060">
    <ele>14.0</ele>
    <time>2025-08-07T07:49:38Z</time>
   </trkpt>
   <trkpt lat="25.0225380" lon="121.4253980">
    <ele>14.1</ele>
    <time>2025-08-07T07:49:39Z</time>
   </trkpt>
   <trkpt lat="25.0225420" lon="121.4253910">
    <ele>14.1</ele>
    <time>2025-08-07T07:49:40Z</time>
   </trkpt>
   <trkpt lat="25.0225450" lon="121.4253830">
    <ele>14.1</ele>
    <time>2025-08-07T07:49:41Z</time>
   </trkpt>
   <trkpt lat="25.0225490" lon="121.4253760">
    <ele>14.1</ele>
    <time>2025-08-07T07:50:04Z</time>
   </trkpt>
   <trkpt lat="25.0225530" lon="121.4253680">
    <ele>14.1</ele>
    <time>2025-08-07T07:50:05Z</time>
   </trkpt>
   <trkpt lat="25.0225570" lon="121.4253610">
    <ele>14.1</ele>
    <time>2025-08-07T07:50:06Z</time>
   </trkpt>
   <trkpt lat="25.0225610" lon="121.4253530">
    <ele>14.1</ele>
    <time>2025-08-07T07:50:07Z</time>
   </trkpt>
   <trkpt lat="25.0225740" lon="121.4253500">
    <ele>14.2</ele>
    <time>2025-08-07T07:50:08Z</time>
   </trkpt>
   <trkpt lat="25.0225820" lon="121.4253520">
    <ele>14.2</ele>
    <time>2025-08-07T07:50:09Z</time>
   </trkpt>
   <trkpt lat="25.0225910" lon="121.4253540">
    <ele>14.2</ele>
    <time>2025-08-07T07:50:10Z</time>
   </trkpt>
   <trkpt lat="25.0225990" lon="121.4253560">
    <ele>14.2</ele>
    <time>2025-08-07T07:50:11Z</time>
   </trkpt>
   <trkpt lat="25.0226280" lon="121.4253420">
    <ele>14.3</ele>
    <time>2025-08-07T07:50:12Z</time>
   </trkpt>
   <trkpt lat="25.0226320" lon="121.4253390">
    <ele>14.3</ele>
    <time>2025-08-07T07:50:13Z</time>
   </trkpt>
   <trkpt lat="25.0226380" lon="121.4253350">
    <ele>14.3</ele>
    <time>2025-08-07T07:50:14Z</time>
   </trkpt>
   <trkpt lat="25.0226470" lon="121.4253310">
    <ele>14.3</ele>
    <time>2025-08-07T07:50:15Z</time>
   </trkpt>
   <trkpt lat="25.0226620" lon="121.4253270">
    <ele>14.3</ele>
    <time>2025-08-07T07:50:16Z</time>
   </trkpt>
   <trkpt lat="25.0226740" lon="121.4253320">
    <ele>14.3</ele>
    <time>2025-08-07T07:50:17Z</time>
   </trkpt>
   <trkpt lat="25.0226860" lon="121.4253270">
    <ele>14.4</ele>
    <time>2025-08-07T07:50:18Z</time>
   </trkpt>
   <trkpt lat="25.0226960" lon="121.4253180">
    <ele>14.4</ele>
    <time>2025-08-07T07:50:19Z</time>
   </trkpt>
   <trkpt lat="25.0227050" lon="121.4253110">
    <ele>14.4</ele>
    <time>2025-08-07T07:50:20Z</time>
   </trkpt>
   <trkpt lat="25.0227140" lon="121.4253090">
    <ele>14.4</ele>
    <time>2025-08-07T07:50:21Z</time>
   </trkpt>
   <trkpt lat="25.0227270" lon="121.4253090">
    <ele>14.4</ele>
    <time>2025-08-07T07:50:22Z</time>
   </trkpt>
   <trkpt lat="25.0227370" lon="121.4253040">
    <ele>14.5</ele>
    <time>2025-08-07T07:50:23Z</time>
   </trkpt>
   <trkpt lat="25.0227460" lon="121.4253070">
    <ele>14.5</ele>
    <time>2025-08-07T07:50:24Z</time>
   </trkpt>
   <trkpt lat="25.0227570" lon="121.4253030">
    <ele>14.5</ele>
    <time>2025-08-07T07:50:25Z</time>
   </trkpt>
   <trkpt lat="25.0227630" lon="121.4252980">
    <ele>14.5</ele>
    <time>2025-08-07T07:50:26Z</time>
   </trkpt>
   <trkpt lat="25.0227710" lon="121.4252910">
    <ele>14.5</ele>
    <time>2025-08-07T07:50:27Z</time>
   </trkpt>
   <trkpt lat="25.0227790" lon="121.4252830">
    <ele>14.5</ele>
    <time>2025-08-07T07:50:28Z</time>
   </trkpt>
   <trkpt lat="25.0227960" lon="121.4252690">
    <ele>14.6</ele>
    <time>2025-08-07T07:50:29Z</time>
   </trkpt>
   <trkpt lat="25.0228040" lon="121.4252650">
    <ele>14.6</ele>
    <time>2025-08-07T07:50:30Z</time>
   </trkpt>
   <trkpt lat="25.0228130" lon="121.4252610">
    <ele>14.6</ele>
    <time>2025-08-07T07:50:31Z</time>
   </trkpt>
   <trkpt lat="25.0228180" lon="121.4252540">
    <ele>14.6</ele>
    <time>2025-08-07T07:50:32Z</time>
   </trkpt>
   <trkpt lat="25.0228290" lon="121.4252450">
    <ele>14.7</ele>
    <time>2025-08-07T07:50:33Z</time>
   </trkpt>
   <trkpt lat="25.0228390" lon="121.4252420">
    <ele>14.7</ele>
    <time>2025-08-07T07:50:34Z</time>
   </trkpt>
   <trkpt lat="25.0228530" lon="121.4252380">
    <ele>14.7</ele>
    <time>2025-08-07T07:50:35Z</time>
   </trkpt>
   <trkpt lat="25.0228690" lon="121.4252330">
    <ele>14.7</ele>
    <time>2025-08-07T07:50:36Z</time>
   </trkpt>
   <trkpt lat="25.0228850" lon="121.4252270">
    <ele>14.7</ele>
    <time>2025-08-07T07:50:37Z</time>
   </trkpt>
   <trkpt lat="25.0228930" lon="121.4252290">
    <ele>14.7</ele>
    <time>2025-08-07T07:50:38Z</time>
   </trkpt>
   <trkpt lat="25.0228970" lon="121.4252280">
    <ele>14.7</ele>
    <time>2025-08-07T07:50:39Z</time>
   </trkpt>
   <trkpt lat="25.0228960" lon="121.4252230">
    <ele>14.7</ele>
    <time>2025-08-07T07:50:40Z</time>
   </trkpt>
   <trkpt lat="25.0228890" lon="121.4252200">
    <ele>14.7</ele>
    <time>2025-08-07T07:50:41Z</time>
   </trkpt>
   <trkpt lat="25.0228950" lon="121.4252230">
    <ele>14.7</ele>
    <time>2025-08-07T07:50:42Z</time>
   </trkpt>
   <trkpt lat="25.0229030" lon="121.4252270">
    <ele>14.7</ele>
    <time>2025-08-07T07:50:43Z</time>
   </trkpt>
   <trkpt lat="25.0229050" lon="121.4252190">
    <ele>14.7</ele>
    <time>2025-08-07T07:50:44Z</time>
   </trkpt>
   <trkpt lat="25.0229070" lon="121.4252160">
    <ele>14.7</ele>
    <time>2025-08-07T07:50:45Z</time>
   </trkpt>
   <trkpt lat="25.0229060" lon="121.4252200">
    <ele>14.7</ele>
    <time>2025-08-07T07:50:46Z</time>
   </trkpt>
  </trkseg>
 </trk>
</gpx>
