<?xml version="1.0" encoding="UTF-8"?>
<gpx xmlns:xsi="http://www.w3.org/2001/XMLSchema-instance" xsi:schemaLocation="http://www.topografix.com/GPX/1/1 http://www.topografix.com/GPX/1/1/gpx.xsd" creator="StravaGPX" version="1.1" xmlns="http://www.topografix.com/GPX/1/1">
 <metadata>
  <time>2025-08-10T10:42:57Z</time>
 </metadata>
 <trk>
  <name>傍晚步行</name>
  <type>walking</type>
  <trkseg>
   <trkpt lat="25.0204720" lon="121.4237460">
    <ele>14.4</ele>
    <time>2025-08-10T10:42:57Z</time>
   </trkpt>
   <trkpt lat="25.0204600" lon="121.4237560">
    <ele>14.4</ele>
    <time>2025-08-10T10:42:58Z</time>
   </trkpt>
   <trkpt lat="25.0204450" lon="121.4237450">
    <ele>14.4</ele>
    <time>2025-08-10T10:42:59Z</time>
   </trkpt>
   <trkpt lat="25.0204360" lon="121.4237480">
    <ele>14.4</ele>
    <time>2025-08-10T10:43:00Z</time>
   </trkpt>
   <trkpt lat="25.0204300" lon="121.4237500">
    <ele>14.4</ele>
    <time>2025-08-10T10:43:01Z</time>
   </trkpt>
   <trkpt lat="25.0204270" lon="121.4237600">
    <ele>14.4</ele>
    <time>2025-08-10T10:43:02Z</time>
   </trkpt>
   <trkpt lat="25.0204280" lon="121.4237790">
    <ele>14.4</ele>
    <time>2025-08-10T10:43:03Z</time>
   </trkpt>
   <trkpt lat="25.0204280" lon="121.4237960">
    <ele>14.4</ele>
    <time>2025-08-10T10:43:04Z</time>
   </trkpt>
   <trkpt lat="25.0204290" lon="121.4238170">
    <ele>14.4</ele>
    <time>2025-08-10T10:43:05Z</time>
   </trkpt>
   <trkpt lat="25.0204290" lon="121.4238340">
    <ele>14.4</ele>
    <time>2025-08-10T10:43:06Z</time>
   </trkpt>
   <trkpt lat="25.0204250" lon="121.4238460">
    <ele>14.4</ele>
    <time>2025-08-10T10:43:07Z</time>
   </trkpt>
   <trkpt lat="25.0204120" lon="121.4238480">
    <ele>14.4</ele>
    <time>2025-08-10T10:43:08Z</time>
   </trkpt>
   <trkpt lat="25.0204010" lon="121.4238510">
    <ele>14.4</ele>
    <time>2025-08-10T10:43:09Z</time>
   </trkpt>
   <trkpt lat="25.0203950" lon="121.4238520">
    <ele>14.5</ele>
    <time>2025-08-10T10:43:10Z</time>
   </trkpt>
   <trkpt lat="25.0203900" lon="121.4238510">
    <ele>14.5</ele>
    <time>2025-08-10T10:43:11Z</time>
   </trkpt>
   <trkpt lat="25.0203840" lon="121.4238470">
    <ele>14.5</ele>
    <time>2025-08-10T10:43:12Z</time>
   </trkpt>
   <trkpt lat="25.0203780" lon="121.4238420">
    <ele>14.5</ele>
    <time>2025-08-10T10:43:13Z</time>
   </trkpt>
   <trkpt lat="25.0203660" lon="121.4238210">
    <ele>14.5</ele>
    <time>2025-08-10T10:43:14Z</time>
   </trkpt>
   <trkpt lat="25.0203530" lon="121.4238090">
    <ele>14.5</ele>
    <time>2025-08-10T10:43:15Z</time>
   </trkpt>
   <trkpt lat="25.0203460" lon="121.4238000">
    <ele>14.5</ele>
    <time>2025-08-10T10:43:16Z</time>
   </trkpt>
   <trkpt lat="25.0203340" lon="121.4237850">
    <ele>14.5</ele>
    <time>2025-08-10T10:43:17Z</time>
   </trkpt>
   <trkpt lat="25.0203290" lon="121.4237770">
    <ele>14.5</ele>
    <time>2025-08-10T10:43:18Z</time>
   </trkpt>
   <trkpt lat="25.0203230" lon="121.4237690">
    <ele>14.5</ele>
    <time>2025-08-10T10:43:19Z</time>
   </trkpt>
   <trkpt lat="25.0202910" lon="121.4237430">
    <ele>14.5</ele>
    <time>2025-08-10T10:43:20Z</time>
   </trkpt>
   <trkpt lat="25.0202780" lon="121.4237350">
    <ele>14.5</ele>
    <time>2025-08-10T10:43:21Z</time>
   </trkpt>
   <trkpt lat="25.0202530" lon="121.4237160">
    <ele>14.5</ele>
    <time>2025-08-10T10:43:22Z</time>
   </trkpt>
   <trkpt lat="25.0202220" lon="121.4238550">
    <ele>14.5</ele>
    <time>2025-08-10T10:43:23Z</time>
   </trkpt>
   <trkpt lat="25.0202220" lon="121.4238550">
    <ele>14.5</ele>
    <time>2025-08-10T10:43:24Z</time>
   </trkpt>
   <trkpt lat="25.0202270" lon="121.4238620">
    <ele>14.5</ele>
    <time>2025-08-10T10:43:25Z</time>
   </trkpt>
   <trkpt lat="25.0202380" lon="121.4238600">
    <ele>14.5</ele>
    <time>2025-08-10T10:43:26Z</time>
   </trkpt>
   <trkpt lat="25.0202500" lon="121.4238590">
    <ele>14.5</ele>
    <time>2025-08-10T10:43:27Z</time>
   </trkpt>
   <trkpt lat="25.0202610" lon="121.4238580">
    <ele>14.5</ele>
    <time>2025-08-10T10:43:28Z</time>
   </trkpt>
   <trkpt lat="25.0202720" lon="121.4238560">
    <ele>14.5</ele>
    <time>2025-08-10T10:43:29Z</time>
   </trkpt>
   <trkpt lat="25.0202830" lon="121.4238550">
    <ele>14.5</ele>
    <time>2025-08-10T10:43:30Z</time>
   </trkpt>
   <trkpt lat="25.0202950" lon="121.4238540">
    <ele>14.5</ele>
    <time>2025-08-10T10:43:31Z</time>
   </trkpt>
   <trkpt lat="25.0203060" lon="121.4238520">
    <ele>14.5</ele>
    <time>2025-08-10T10:43:32Z</time>
   </trkpt>
   <trkpt lat="25.0203170" lon="121.4238510">
    <ele>14.5</ele>
    <time>2025-08-10T10:43:33Z</time>
   </trkpt>
   <trkpt lat="25.0202910" lon="121.4238650">
    <ele>14.5</ele>
    <time>2025-08-10T10:43:34Z</time>
   </trkpt>
   <trkpt lat="25.0203800" lon="121.4238610">
    <ele>14.5</ele>
    <time>2025-08-10T10:43:35Z</time>
   </trkpt>
   <trkpt lat="25.0203930" lon="121.4238680">
    <ele>14.5</ele>
    <time>2025-08-10T10:43:36Z</time>
   </trkpt>
   <trkpt lat="25.0204050" lon="121.4238680">
    <ele>14.5</ele>
    <time>2025-08-10T10:43:37Z</time>
   </trkpt>
   <trkpt lat="25.0204170" lon="121.4238690">
    <ele>14.5</ele>
    <time>2025-08-10T10:43:38Z</time>
   </trkpt>
   <trkpt lat="25.0204290" lon="121.4238690">
    <ele>14.5</ele>
    <time>2025-08-10T10:43:39Z</time>
   </trkpt>
   <trkpt lat="25.0204140" lon="121.4238840">
    <ele>14.5</ele>
    <time>2025-08-10T10:43:40Z</time>
   </trkpt>
   <trkpt lat="25.0204020" lon="121.4238910">
    <ele>14.5</ele>
    <time>2025-08-10T10:43:41Z</time>
   </trkpt>
   <trkpt lat="25.0203910" lon="121.4238980">
    <ele>14.5</ele>
    <time>2025-08-10T10:43:42Z</time>
   </trkpt>
   <trkpt lat="25.0197600" lon="121.4232180">
    <ele>14.8</ele>
    <time>2025-08-10T10:43:43Z</time>
   </trkpt>
   <trkpt lat="25.0197250" lon="121.4232030">
    <ele>14.8</ele>
    <time>2025-08-10T10:43:44Z</time>
   </trkpt>
   <trkpt lat="25.0199240" lon="121.4233290">
    <ele>14.6</ele>
    <time>2025-08-10T10:43:45Z</time>
   </trkpt>
   <trkpt lat="25.0199370" lon="121.4233410">
    <ele>14.6</ele>
    <time>2025-08-10T10:43:46Z</time>
   </trkpt>
   <trkpt lat="25.0199380" lon="121.4233410">
    <ele>14.6</ele>
    <time>2025-08-10T10:43:47Z</time>
   </trkpt>
   <trkpt lat="25.0199430" lon="121.4233460">
    <ele>14.6</ele>
    <time>2025-08-10T10:43:48Z</time>
   </trkpt>
   <trkpt lat="25.0199460" lon="121.4233480">
    <ele>14.6</ele>
    <time>2025-08-10T10:43:49Z</time>
   </trkpt>
   <trkpt lat="25.0199470" lon="121.4233500">
    <ele>14.6</ele>
    <time>2025-08-10T10:43:51Z</time>
   </trkpt>
   <trkpt lat="25.0204180" lon="121.4237910">
    <ele>14.5</ele>
    <time>2025-08-10T10:44:02Z</time>
   </trkpt>
   <trkpt lat="25.0202470" lon="121.4237340">
    <ele>14.5</ele>
    <time>2025-08-10T10:44:08Z</time>
   </trkpt>
   <trkpt lat="25.0204770" lon="121.4238310">
    <ele>14.5</ele>
    <time>2025-08-10T10:44:14Z</time>
   </trkpt>
   <trkpt lat="25.0204500" lon="121.4238340">
    <ele>14.5</ele>
    <time>2025-08-10T10:44:15Z</time>
   </trkpt>
   <trkpt lat="25.0204350" lon="121.4238570">
    <ele>14.5</ele>
    <time>2025-08-10T10:44:21Z</time>
   </trkpt>
   <trkpt lat="25.0204210" lon="121.4238350">
    <ele>14.5</ele>
    <time>2025-08-10T10:44:27Z</time>
   </trkpt>
   <trkpt lat="25.0204340" lon="121.4238500">
    <ele>14.5</ele>
    <time>2025-08-10T10:44:33Z</time>
   </trkpt>
   <trkpt lat="25.0204420" lon="121.4238450">
    <ele>14.5</ele>
    <time>2025-08-10T10:44:37Z</time>
   </trkpt>
   <trkpt lat="25.0204090" lon="121.4238460">
    <ele>14.5</ele>
    <time>2025-08-10T10:44:38Z</time>
   </trkpt>
   <trkpt lat="25.0203710" lon="121.4238120">
    <ele>14.5</ele>
    <time>2025-08-10T10:44:39Z</time>
   </trkpt>
   <trkpt lat="25.0203660" lon="121.4238080">
    <ele>14.5</ele>
    <time>2025-08-10T10:44:40Z</time>
   </trkpt>
   <trkpt lat="25.0203540" lon="121.4238050">
    <ele>14.5</ele>
    <time>2025-08-10T10:44:41Z</time>
   </trkpt>
   <trkpt lat="25.0203430" lon="121.4238010">
    <ele>14.5</ele>
    <time>2025-08-10T10:44:42Z</time>
   </trkpt>
   <trkpt lat="25.0203310" lon="121.4237980">
    <ele>14.5</ele>
    <time>2025-08-10T10:44:43Z</time>
   </trkpt>
   <trkpt lat="25.0203210" lon="121.4238220">
    <ele>14.5</ele>
    <time>2025-08-10T10:44:44Z</time>
   </trkpt>
   <trkpt lat="25.0202880" lon="121.4238380">
    <ele>14.5</ele>
    <time>2025-08-10T10:44:45Z</time>
   </trkpt>
   <trkpt lat="25.0202010" lon="121.4238210">
    <ele>14.5</ele>
    <time>2025-08-10T10:44:46Z</time>
   </trkpt>
   <trkpt lat="25.0201730" lon="121.4238020">
    <ele>14.5</ele>
    <time>2025-08-10T10:44:47Z</time>
   </trkpt>
   <trkpt lat="25.0201690" lon="121.4237980">
    <ele>14.5</ele>
    <time>2025-08-10T10:44:48Z</time>
   </trkpt>
   <trkpt lat="25.0201710" lon="121.4237970">
    <ele>14.5</ele>
    <time>2025-08-10T10:44:49Z</time>
   </trkpt>
   <trkpt lat="25.0201640" lon="121.4237870">
    <ele>14.5</ele>
    <time>2025-08-10T10:44:50Z</time>
   </trkpt>
   <trkpt lat="25.0201630" lon="121.4237770">
    <ele>14.5</ele>
    <time>2025-08-10T10:44:51Z</time>
   </trkpt>
   <trkpt lat="25.0201570" lon="121.4237660">
    <ele>14.5</ele>
    <time>2025-08-10T10:44:52Z</time>
   </trkpt>
   <trkpt lat="25.0201470" lon="121.4237580">
    <ele>14.5</ele>
    <time>2025-08-10T10:44:53Z</time>
   </trkpt>
   <trkpt lat="25.0201410" lon="121.4237500">
    <ele>14.5</ele>
    <time>2025-08-10T10:44:54Z</time>
   </trkpt>
   <trkpt lat="25.0201400" lon="121.4237380">
    <ele>14.5</ele>
    <time>2025-08-10T10:44:55Z</time>
   </trkpt>
   <trkpt lat="25.0201840" lon="121.4237430">
    <ele>14.5</ele>
    <time>2025-08-10T10:44:56Z</time>
   </trkpt>
   <trkpt lat="25.0201790" lon="121.4237750">
    <ele>14.5</ele>
    <time>2025-08-10T10:44:57Z</time>
   </trkpt>
   <trkpt lat="25.0201840" lon="121.4238010">
    <ele>14.5</ele>
    <time>2025-08-10T10:44:58Z</time>
   </trkpt>
   <trkpt lat="25.0201880" lon="121.4238260">
    <ele>14.5</ele>
    <time>2025-08-10T10:44:59Z</time>
   </trkpt>
   <trkpt lat="25.0201960" lon="121.4238320">
    <ele>14.5</ele>
    <time>2025-08-10T10:45:00Z</time>
   </trkpt>
   <trkpt lat="25.0202050" lon="121.4238350">
    <ele>14.5</ele>
    <time>2025-08-10T10:45:01Z</time>
   </trkpt>
   <trkpt lat="25.0202120" lon="121.4238470">
    <ele>14.5</ele>
    <time>2025-08-10T10:45:02Z</time>
   </trkpt>
   <trkpt lat="25.0202250" lon="121.4238660">
    <ele>14.5</ele>
    <time>2025-08-10T10:45:03Z</time>
   </trkpt>
   <trkpt lat="25.0202310" lon="121.4238710">
    <ele>14.5</ele>
    <time>2025-08-10T10:45:04Z</time>
   </trkpt>
   <trkpt lat="25.0202340" lon="121.4238760">
    <ele>14.5</ele>
    <time>2025-08-10T10:45:05Z</time>
   </trkpt>
   <trkpt lat="25.0202410" lon="121.4238700">
    <ele>14.5</ele>
    <time>2025-08-10T10:45:06Z</time>
   </trkpt>
   <trkpt lat="25.0202460" lon="121.4238620">
    <ele>14.5</ele>
    <time>2025-08-10T10:45:07Z</time>
   </trkpt>
   <trkpt lat="25.0202440" lon="121.4238620">
    <ele>14.5</ele>
    <time>2025-08-10T10:45:08Z</time>
   </trkpt>
   <trkpt lat="25.0202400" lon="121.4238730">
    <ele>14.5</ele>
    <time>2025-08-10T10:45:09Z</time>
   </trkpt>
   <trkpt lat="25.0202410" lon="121.4238680">
    <ele>14.5</ele>
    <time>2025-08-10T10:45:10Z</time>
   </trkpt>
   <trkpt lat="25.0202410" lon="121.4238680">
    <ele>14.5</ele>
    <time>2025-08-10T10:45:11Z</time>
   </trkpt>
   <trkpt lat="25.0202340" lon="121.4238750">
    <ele>14.5</ele>
    <time>2025-08-10T10:45:12Z</time>
   </trkpt>
   <trkpt lat="25.0202270" lon="121.4238710">
    <ele>14.5</ele>
    <time>2025-08-10T10:45:13Z</time>
   </trkpt>
   <trkpt lat="25.0202160" lon="121.4238660">
    <ele>14.5</ele>
    <time>2025-08-10T10:45:14Z</time>
   </trkpt>
   <trkpt lat="25.0202020" lon="121.4238590">
    <ele>14.5</ele>
    <time>2025-08-10T10:45:15Z</time>
   </trkpt>
   <trkpt lat="25.0201980" lon="121.4238520">
    <ele>14.5</ele>
    <time>2025-08-10T10:45:16Z</time>
   </trkpt>
   <trkpt lat="25.0201950" lon="121.4238540">
    <ele>14.5</ele>
    <time>2025-08-10T10:45:17Z</time>
   </trkpt>
   <trkpt lat="25.0201870" lon="121.4238540">
    <ele>14.5</ele>
    <time>2025-08-10T10:45:18Z</time>
   </trkpt>
   <trkpt lat="25.0201740" lon="121.4238480">
    <ele>14.5</ele>
    <time>2025-08-10T10:45:19Z</time>
   </trkpt>
   <trkpt lat="25.0201670" lon="121.4238440">
    <ele>14.5</ele>
    <time>2025-08-10T10:45:20Z</time>
   </trkpt>
   <trkpt lat="25.0201510" lon="121.4238490">
    <ele>14.5</ele>
    <time>2025-08-10T10:45:21Z</time>
   </trkpt>
   <trkpt lat="25.0201380" lon="121.4238470">
    <ele>14.5</ele>
    <time>2025-08-10T10:45:22Z</time>
   </trkpt>
   <trkpt lat="25.0201410" lon="121.4238470">
    <ele>14.5</ele>
    <time>2025-08-10T10:45:23Z</time>
   </trkpt>
   <trkpt lat="25.0201440" lon="121.4238490">
    <ele>14.5</ele>
    <time>2025-08-10T10:45:24Z</time>
   </trkpt>
   <trkpt lat="25.0201380" lon="121.4238430">
    <ele>14.5</ele>
    <time>2025-08-10T10:45:25Z</time>
   </trkpt>
   <trkpt lat="25.0201430" lon="121.4238370">
    <ele>14.5</ele>
    <time>2025-08-10T10:45:26Z</time>
   </trkpt>
   <trkpt lat="25.0201310" lon="121.4238290">
    <ele>14.5</ele>
    <time>2025-08-10T10:45:27Z</time>
   </trkpt>
   <trkpt lat="25.0201210" lon="121.4238310">
    <ele>14.5</ele>
    <time>2025-08-10T10:45:28Z</time>
   </trkpt>
   <trkpt lat="25.0201140" lon="121.4238170">
    <ele>14.5</ele>
    <time>2025-08-10T10:45:29Z</time>
   </trkpt>
   <trkpt lat="25.0201150" lon="121.4238170">
    <ele>14.5</ele>
    <time>2025-08-10T10:45:30Z</time>
   </trkpt>
   <trkpt lat="25.0201150" lon="121.4238170">
    <ele>14.5</ele>
    <time>2025-08-10T10:45:31Z</time>
   </trkpt>
   <trkpt lat="25.0201150" lon="121.4238170">
    <ele>14.5</ele>
    <time>2025-08-10T10:45:33Z</time>
   </trkpt>
   <trkpt lat="25.0201150" lon="121.4238170">
    <ele>14.5</ele>
    <time>2025-08-10T10:45:34Z</time>
   </trkpt>
   <trkpt lat="25.0201150" lon="121.4238170">
    <ele>14.5</ele>
    <time>2025-08-10T10:45:35Z</time>
   </trkpt>
   <trkpt lat="25.0201150" lon="121.4238170">
    <ele>14.5</ele>
    <time>2025-08-10T10:45:36Z</time>
   </trkpt>
   <trkpt lat="25.0201150" lon="121.4238170">
    <ele>14.5</ele>
    <time>2025-08-10T10:45:37Z</time>
   </trkpt>
   <trkpt lat="25.0201150" lon="121.4238170">
    <ele>14.5</ele>
    <time>2025-08-10T10:45:38Z</time>
   </trkpt>
   <trkpt lat="25.0201150" lon="121.4238170">
    <ele>14.5</ele>
    <time>2025-08-10T10:45:39Z</time>
   </trkpt>
   <trkpt lat="25.0201160" lon="121.4238020">
    <ele>14.5</ele>
    <time>2025-08-10T10:45:40Z</time>
   </trkpt>
   <trkpt lat="25.0201170" lon="121.4238020">
    <ele>14.5</ele>
    <time>2025-08-10T10:45:41Z</time>
   </trkpt>
   <trkpt lat="25.0201170" lon="121.4238020">
    <ele>14.5</ele>
    <time>2025-08-10T10:45:42Z</time>
   </trkpt>
   <trkpt lat="25.0201170" lon="121.4238020">
    <ele>14.5</ele>
    <time>2025-08-10T10:45:43Z</time>
   </trkpt>
   <trkpt lat="25.0201170" lon="121.4238020">
    <ele>14.5</ele>
    <time>2025-08-10T10:45:44Z</time>
   </trkpt>
   <trkpt lat="25.0201170" lon="121.4238020">
    <ele>14.5</ele>
    <time>2025-08-10T10:45:45Z</time>
   </trkpt>
   <trkpt lat="25.0201170" lon="121.4238020">
    <ele>14.5</ele>
    <time>2025-08-10T10:45:46Z</time>
   </trkpt>
   <trkpt lat="25.0201280" lon="121.4237810">
    <ele>14.5</ele>
    <time>2025-08-10T10:45:47Z</time>
   </trkpt>
   <trkpt lat="25.0201270" lon="121.4237860">
    <ele>14.5</ele>
    <time>2025-08-10T10:45:48Z</time>
   </trkpt>
   <trkpt lat="25.0201270" lon="121.4237900">
    <ele>14.5</ele>
    <time>2025-08-10T10:45:49Z</time>
   </trkpt>
   <trkpt lat="25.0201260" lon="121.4237940">
    <ele>14.5</ele>
    <time>2025-08-10T10:45:50Z</time>
   </trkpt>
   <trkpt lat="25.0201250" lon="121.4237980">
    <ele>14.5</ele>
    <time>2025-08-10T10:45:51Z</time>
   </trkpt>
   <trkpt lat="25.0201250" lon="121.4238020">
    <ele>14.5</ele>
    <time>2025-08-10T10:45:52Z</time>
   </trkpt>
   <trkpt lat="25.0201240" lon="121.4238060">
    <ele>14.5</ele>
    <time>2025-08-10T10:45:53Z</time>
   </trkpt>
   <trkpt lat="25.0201230" lon="121.4238100">
    <ele>14.5</ele>
    <time>2025-08-10T10:45:54Z</time>
   </trkpt>
   <trkpt lat="25.0201230" lon="121.4238150">
    <ele>14.5</ele>
    <time>2025-08-10T10:45:55Z</time>
   </trkpt>
   <trkpt lat="25.0201220" lon="121.4238190">
    <ele>14.5</ele>
    <time>2025-08-10T10:45:56Z</time>
   </trkpt>
   <trkpt lat="25.0201210" lon="121.4238230">
    <ele>14.5</ele>
    <time>2025-08-10T10:45:57Z</time>
   </trkpt>
   <trkpt lat="25.0201210" lon="121.4238270">
    <ele>14.5</ele>
    <time>2025-08-10T10:45:58Z</time>
   </trkpt>
   <trkpt lat="25.0201200" lon="121.4238310">
    <ele>14.5</ele>
    <time>2025-08-10T10:45:59Z</time>
   </trkpt>
   <trkpt lat="25.0201190" lon="121.4238350">
    <ele>14.5</ele>
    <time>2025-08-10T10:46:00Z</time>
   </trkpt>
   <trkpt lat="25.0201190" lon="121.4238390">
    <ele>14.5</ele>
    <time>2025-08-10T10:46:01Z</time>
   </trkpt>
   <trkpt lat="25.0201180" lon="121.4238430">
    <ele>14.5</ele>
    <time>2025-08-10T10:46:02Z</time>
   </trkpt>
   <trkpt lat="25.0201400" lon="121.4238430">
    <ele>14.5</ele>
    <time>2025-08-10T10:46:03Z</time>
   </trkpt>
   <trkpt lat="25.0201600" lon="121.4238360">
    <ele>14.5</ele>
    <time>2025-08-10T10:46:04Z</time>
   </trkpt>
   <trkpt lat="25.0201090" lon="121.4238450">
    <ele>14.5</ele>
    <time>2025-08-10T10:46:05Z</time>
   </trkpt>
   <trkpt lat="25.0200830" lon="121.4238600">
    <ele>14.5</ele>
    <time>2025-08-10T10:46:06Z</time>
   </trkpt>
   <trkpt lat="25.0200820" lon="121.4238570">
    <ele>14.5</ele>
    <time>2025-08-10T10:46:07Z</time>
   </trkpt>
   <trkpt lat="25.0200740" lon="121.4238520">
    <ele>14.5</ele>
    <time>2025-08-10T10:46:08Z</time>
   </trkpt>
   <trkpt lat="25.0200660" lon="121.4238480">
    <ele>14.5</ele>
    <time>2025-08-10T10:46:09Z</time>
   </trkpt>
   <trkpt lat="25.0200580" lon="121.4238440">
    <ele>14.5</ele>
    <time>2025-08-10T10:46:10Z</time>
   </trkpt>
   <trkpt lat="25.0200500" lon="121.4238400">
    <ele>14.5</ele>
    <time>2025-08-10T10:46:11Z</time>
   </trkpt>
   <trkpt lat="25.0200410" lon="121.4238350">
    <ele>14.5</ele>
    <time>2025-08-10T10:46:12Z</time>
   </trkpt>
   <trkpt lat="25.0200330" lon="121.4238310">
    <ele>14.5</ele>
    <time>2025-08-10T10:46:13Z</time>
   </trkpt>
   <trkpt lat="25.0200250" lon="121.4238270">
    <ele>14.5</ele>
    <time>2025-08-10T10:46:14Z</time>
   </trkpt>
   <trkpt lat="25.0200170" lon="121.4238230">
    <ele>14.5</ele>
    <time>2025-08-10T10:46:15Z</time>
   </trkpt>
   <trkpt lat="25.0200090" lon="121.4238180">
    <ele>14.5</ele>
    <time>2025-08-10T10:46:16Z</time>
   </trkpt>
   <trkpt lat="25.0200010" lon="121.4238140">
    <ele>14.5</ele>
    <time>2025-08-10T10:46:17Z</time>
   </trkpt>
   <trkpt lat="25.0200000" lon="121.4238600">
    <ele>14.5</ele>
    <time>2025-08-10T10:46:18Z</time>
   </trkpt>
   <trkpt lat="25.0199710" lon="121.4238570">
    <ele>14.5</ele>
    <time>2025-08-10T10:46:19Z</time>
   </trkpt>
   <trkpt lat="25.0199610" lon="121.4238390">
    <ele>14.5</ele>
    <time>2025-08-10T10:46:20Z</time>
   </trkpt>
   <trkpt lat="25.0199790" lon="121.4238330">
    <ele>14.5</ele>
    <time>2025-08-10T10:46:21Z</time>
   </trkpt>
   <trkpt lat="25.0199780" lon="121.4238210">
    <ele>14.5</ele>
    <time>2025-08-10T10:46:22Z</time>
   </trkpt>
   <trkpt lat="25.0199950" lon="121.4237830">
    <ele>14.5</ele>
    <time>2025-08-10T10:46:23Z</time>
   </trkpt>
   <trkpt lat="25.0200160" lon="121.4237780">
    <ele>14.5</ele>
    <time>2025-08-10T10:46:24Z</time>
   </trkpt>
   <trkpt lat="25.0200360" lon="121.4237730">
    <ele>14.5</ele>
    <time>2025-08-10T10:46:25Z</time>
   </trkpt>
   <trkpt lat="25.0200550" lon="121.4237680">
    <ele>14.5</ele>
    <time>2025-08-10T10:46:26Z</time>
   </trkpt>
   <trkpt lat="25.0200750" lon="121.4237630">
    <ele>14.5</ele>
    <time>2025-08-10T10:46:27Z</time>
   </trkpt>
   <trkpt lat="25.0200750" lon="121.4237630">
    <ele>14.5</ele>
    <time>2025-08-10T10:46:28Z</time>
   </trkpt>
   <trkpt lat="25.0200930" lon="121.4237730">
    <ele>14.5</ele>
    <time>2025-08-10T10:46:38Z</time>
   </trkpt>
   <trkpt lat="25.0200930" lon="121.4237730">
    <ele>14.5</ele>
    <time>2025-08-10T10:46:39Z</time>
   </trkpt>
   <trkpt lat="25.0201030" lon="121.4237770">
    <ele>14.5</ele>
    <time>2025-08-10T10:46:40Z</time>
   </trkpt>
   <trkpt lat="25.0200980" lon="121.4236860">
    <ele>14.5</ele>
    <time>2025-08-10T10:46:46Z</time>
   </trkpt>
   <trkpt lat="25.0201860" lon="121.4237000">
    <ele>14.5</ele>
    <time>2025-08-10T10:46:49Z</time>
   </trkpt>
   <trkpt lat="25.0201760" lon="121.4237110">
    <ele>14.5</ele>
    <time>2025-08-10T10:46:50Z</time>
   </trkpt>
   <trkpt lat="25.0201670" lon="121.4237100">
    <ele>14.5</ele>
    <time>2025-08-10T10:46:51Z</time>
   </trkpt>
   <trkpt lat="25.0201570" lon="121.4237100">
    <ele>14.5</ele>
    <time>2025-08-10T10:46:52Z</time>
   </trkpt>
   <trkpt lat="25.0201480" lon="121.4237100">
    <ele>14.5</ele>
    <time>2025-08-10T10:46:53Z</time>
   </trkpt>
   <trkpt lat="25.0201130" lon="121.4236720">
    <ele>14.5</ele>
    <time>2025-08-10T10:46:54Z</time>
   </trkpt>
   <trkpt lat="25.0201200" lon="121.4237020">
    <ele>14.5</ele>
    <time>2025-08-10T10:46:55Z</time>
   </trkpt>
   <trkpt lat="25.0201620" lon="121.4237420">
    <ele>14.5</ele>
    <time>2025-08-10T10:46:56Z</time>
   </trkpt>
   <trkpt lat="25.0201460" lon="121.4237380">
    <ele>14.5</ele>
    <time>2025-08-10T10:46:57Z</time>
   </trkpt>
   <trkpt lat="25.0201490" lon="121.4237500">
    <ele>14.5</ele>
    <time>2025-08-10T10:46:58Z</time>
   </trkpt>
   <trkpt lat="25.0201550" lon="121.4237600">
    <ele>14.5</ele>
    <time>2025-08-10T10:46:59Z</time>
   </trkpt>
   <trkpt lat="25.0201570" lon="121.4237650">
    <ele>14.5</ele>
    <time>2025-08-10T10:47:00Z</time>
   </trkpt>
   <trkpt lat="25.0201530" lon="121.4237790">
    <ele>14.5</ele>
    <time>2025-08-10T10:47:01Z</time>
   </trkpt>
   <trkpt lat="25.0201460" lon="121.4237820">
    <ele>14.5</ele>
    <time>2025-08-10T10:47:02Z</time>
   </trkpt>
   <trkpt lat="25.0201390" lon="121.4237780">
    <ele>14.5</ele>
    <time>2025-08-10T10:47:03Z</time>
   </trkpt>
   <trkpt lat="25.0201320" lon="121.4237730">
    <ele>14.5</ele>
    <time>2025-08-10T10:47:04Z</time>
   </trkpt>
   <trkpt lat="25.0201250" lon="121.4237680">
    <ele>14.5</ele>
    <time>2025-08-10T10:47:05Z</time>
   </trkpt>
   <trkpt lat="25.0201180" lon="121.4237630">
    <ele>14.5</ele>
    <time>2025-08-10T10:47:06Z</time>
   </trkpt>
   <trkpt lat="25.0201110" lon="121.4237590">
    <ele>14.5</ele>
    <time>2025-08-10T10:47:07Z</time>
   </trkpt>
   <trkpt lat="25.0201040" lon="121.4237540">
    <ele>14.5</ele>
    <time>2025-08-10T10:47:08Z</time>
   </trkpt>
   <trkpt lat="25.0201070" lon="121.4237900">
    <ele>14.5</ele>
    <time>2025-08-10T10:47:09Z</time>
   </trkpt>
   <trkpt lat="25.0201080" lon="121.4238310">
    <ele>14.5</ele>
    <time>2025-08-10T10:47:10Z</time>
   </trkpt>
   <trkpt lat="25.0201080" lon="121.4238310">
    <ele>14.5</ele>
    <time>2025-08-10T10:47:11Z</time>
   </trkpt>
   <trkpt lat="25.0201080" lon="121.4238310">
    <ele>14.5</ele>
    <time>2025-08-10T10:47:12Z</time>
   </trkpt>
   <trkpt lat="25.0201080" lon="121.4238310">
    <ele>14.5</ele>
    <time>2025-08-10T10:47:13Z</time>
   </trkpt>
   <trkpt lat="25.0201080" lon="121.4238310">
    <ele>14.5</ele>
    <time>2025-08-10T10:47:14Z</time>
   </trkpt>
   <trkpt lat="25.0201040" lon="121.4238350">
    <ele>14.5</ele>
    <time>2025-08-10T10:47:15Z</time>
   </trkpt>
   <trkpt lat="25.0201040" lon="121.4238360">
    <ele>14.5</ele>
    <time>2025-08-10T10:47:16Z</time>
   </trkpt>
   <trkpt lat="25.0201040" lon="121.4238350">
    <ele>14.5</ele>
    <time>2025-08-10T10:47:17Z</time>
   </trkpt>
   <trkpt lat="25.0201040" lon="121.4238320">
    <ele>14.5</ele>
    <time>2025-08-10T10:47:18Z</time>
   </trkpt>
   <trkpt lat="25.0201010" lon="121.4238260">
    <ele>14.5</ele>
    <time>2025-08-10T10:47:19Z</time>
   </trkpt>
   <trkpt lat="25.0200970" lon="121.4238290">
    <ele>14.5</ele>
    <time>2025-08-10T10:47:20Z</time>
   </trkpt>
   <trkpt lat="25.0200890" lon="121.4238280">
    <ele>14.5</ele>
    <time>2025-08-10T10:47:21Z</time>
   </trkpt>
   <trkpt lat="25.0200830" lon="121.4238290">
    <ele>14.5</ele>
    <time>2025-08-10T10:47:22Z</time>
   </trkpt>
   <trkpt lat="25.0200770" lon="121.4238270">
    <ele>14.5</ele>
    <time>2025-08-10T10:47:23Z</time>
   </trkpt>
   <trkpt lat="25.0200710" lon="121.4238240">
    <ele>14.5</ele>
    <time>2025-08-10T10:47:25Z</time>
   </trkpt>
   <trkpt lat="25.0200740" lon="121.4238080">
    <ele>14.5</ele>
    <time>2025-08-10T10:47:26Z</time>
   </trkpt>
   <trkpt lat="25.0200750" lon="121.4237940">
    <ele>14.5</ele>
    <time>2025-08-10T10:47:27Z</time>
   </trkpt>
   <trkpt lat="25.0200780" lon="121.4237870">
    <ele>14.5</ele>
    <time>2025-08-10T10:47:28Z</time>
   </trkpt>
   <trkpt lat="25.0200800" lon="121.4237810">
    <ele>14.5</ele>
    <time>2025-08-10T10:47:29Z</time>
   </trkpt>
   <trkpt lat="25.0200820" lon="121.4237760">
    <ele>14.5</ele>
    <time>2025-08-10T10:47:30Z</time>
   </trkpt>
   <trkpt lat="25.0200860" lon="121.4237710">
    <ele>14.5</ele>
    <time>2025-08-10T10:47:31Z</time>
   </trkpt>
   <trkpt lat="25.0200860" lon="121.4237710">
    <ele>14.5</ele>
    <time>2025-08-10T10:47:32Z</time>
   </trkpt>
   <trkpt lat="25.0200860" lon="121.4237590">
    <ele>14.5</ele>
    <time>2025-08-10T10:47:33Z</time>
   </trkpt>
   <trkpt lat="25.0200890" lon="121.4237430">
    <ele>14.5</ele>
    <time>2025-08-10T10:47:34Z</time>
   </trkpt>
   <trkpt lat="25.0200920" lon="121.4237250">
    <ele>14.5</ele>
    <time>2025-08-10T10:47:35Z</time>
   </trkpt>
   <trkpt lat="25.0200970" lon="121.4237150">
    <ele>14.5</ele>
    <time>2025-08-10T10:47:36Z</time>
   </trkpt>
   <trkpt lat="25.0201000" lon="121.4237050">
    <ele>14.5</ele>
    <time>2025-08-10T10:47:37Z</time>
   </trkpt>
   <trkpt lat="25.0201050" lon="121.4236960">
    <ele>14.5</ele>
    <time>2025-08-10T10:47:38Z</time>
   </trkpt>
   <trkpt lat="25.0201090" lon="121.4236810">
    <ele>14.5</ele>
    <time>2025-08-10T10:47:39Z</time>
   </trkpt>
   <trkpt lat="25.0201190" lon="121.4236680">
    <ele>14.5</ele>
    <time>2025-08-10T10:47:40Z</time>
   </trkpt>
   <trkpt lat="25.0201280" lon="121.4236420">
    <ele>14.5</ele>
    <time>2025-08-10T10:47:41Z</time>
   </trkpt>
   <trkpt lat="25.0201330" lon="121.4236300">
    <ele>14.5</ele>
    <time>2025-08-10T10:47:42Z</time>
   </trkpt>
   <trkpt lat="25.0201370" lon="121.4236170">
    <ele>14.5</ele>
    <time>2025-08-10T10:47:43Z</time>
   </trkpt>
   <trkpt lat="25.0201440" lon="121.4236040">
    <ele>14.5</ele>
    <time>2025-08-10T10:47:44Z</time>
   </trkpt>
   <trkpt lat="25.0201500" lon="121.4235890">
    <ele>14.5</ele>
    <time>2025-08-10T10:47:45Z</time>
   </trkpt>
   <trkpt lat="25.0201520" lon="121.4235680">
    <ele>14.5</ele>
    <time>2025-08-10T10:47:46Z</time>
   </trkpt>
   <trkpt lat="25.0201520" lon="121.4235630">
    <ele>14.5</ele>
    <time>2025-08-10T10:47:47Z</time>
   </trkpt>
   <trkpt lat="25.0201530" lon="121.4235570">
    <ele>14.5</ele>
    <time>2025-08-10T10:47:48Z</time>
   </trkpt>
   <trkpt lat="25.0201530" lon="121.4235520">
    <ele>14.5</ele>
    <time>2025-08-10T10:47:49Z</time>
   </trkpt>
   <trkpt lat="25.0201530" lon="121.4235460">
    <ele>14.6</ele>
    <time>2025-08-10T10:47:50Z</time>
   </trkpt>
   <trkpt lat="25.0201540" lon="121.4235250">
    <ele>14.6</ele>
    <time>2025-08-10T10:47:51Z</time>
   </trkpt>
   <trkpt lat="25.0201610" lon="121.4235140">
    <ele>14.6</ele>
    <time>2025-08-10T10:47:52Z</time>
   </trkpt>
   <trkpt lat="25.0201700" lon="121.4234980">
    <ele>14.6</ele>
    <time>2025-08-10T10:47:53Z</time>
   </trkpt>
   <trkpt lat="25.0201830" lon="121.4235000">
    <ele>14.6</ele>
    <time>2025-08-10T10:47:54Z</time>
   </trkpt>
   <trkpt lat="25.0201850" lon="121.4234950">
    <ele>14.6</ele>
    <time>2025-08-10T10:47:55Z</time>
   </trkpt>
   <trkpt lat="25.0202080" lon="121.4234920">
    <ele>14.6</ele>
    <time>2025-08-10T10:47:56Z</time>
   </trkpt>
   <trkpt lat="25.0202060" lon="121.4234850">
    <ele>14.6</ele>
    <time>2025-08-10T10:47:57Z</time>
   </trkpt>
   <trkpt lat="25.0202060" lon="121.4234910">
    <ele>14.6</ele>
    <time>2025-08-10T10:47:58Z</time>
   </trkpt>
   <trkpt lat="25.0201970" lon="121.4234640">
    <ele>14.6</ele>
    <time>2025-08-10T10:47:59Z</time>
   </trkpt>
   <trkpt lat="25.0201920" lon="121.4234570">
    <ele>14.6</ele>
    <time>2025-08-10T10:48:00Z</time>
   </trkpt>
   <trkpt lat="25.0201960" lon="121.4234360">
    <ele>14.6</ele>
    <time>2025-08-10T10:48:01Z</time>
   </trkpt>
   <trkpt lat="25.0201850" lon="121.4234450">
    <ele>14.6</ele>
    <time>2025-08-10T10:48:02Z</time>
   </trkpt>
   <trkpt lat="25.0201820" lon="121.4234640">
    <ele>14.6</ele>
    <time>2025-08-10T10:48:03Z</time>
   </trkpt>
   <trkpt lat="25.0201750" lon="121.4234620">
    <ele>14.6</ele>
    <time>2025-08-10T10:48:04Z</time>
   </trkpt>
   <trkpt lat="25.0201690" lon="121.4234660">
    <ele>14.6</ele>
    <time>2025-08-10T10:48:05Z</time>
   </trkpt>
   <trkpt lat="25.0201650" lon="121.4234630">
    <ele>14.6</ele>
    <time>2025-08-10T10:48:06Z</time>
   </trkpt>
   <trkpt lat="25.0201640" lon="121.4234580">
    <ele>14.6</ele>
    <time>2025-08-10T10:48:07Z</time>
   </trkpt>
   <trkpt lat="25.0201640" lon="121.4234540">
    <ele>14.6</ele>
    <time>2025-08-10T10:48:08Z</time>
   </trkpt>
   <trkpt lat="25.0201630" lon="121.4234490">
    <ele>14.6</ele>
    <time>2025-08-10T10:48:09Z</time>
   </trkpt>
   <trkpt lat="25.0201620" lon="121.4234440">
    <ele>14.6</ele>
    <time>2025-08-10T10:48:10Z</time>
   </trkpt>
   <trkpt lat="25.0201610" lon="121.4234390">
    <ele>14.6</ele>
    <time>2025-08-10T10:48:11Z</time>
   </trkpt>
   <trkpt lat="25.0201600" lon="121.4234340">
    <ele>14.6</ele>
    <time>2025-08-10T10:48:12Z</time>
   </trkpt>
   <trkpt lat="25.0201590" lon="121.4234290">
    <ele>14.6</ele>
    <time>2025-08-10T10:48:13Z</time>
   </trkpt>
   <trkpt lat="25.0201590" lon="121.4234250">
    <ele>14.6</ele>
    <time>2025-08-10T10:48:14Z</time>
   </trkpt>
   <trkpt lat="25.0201580" lon="121.4234200">
    <ele>14.6</ele>
    <time>2025-08-10T10:48:15Z</time>
   </trkpt>
   <trkpt lat="25.0201570" lon="121.4234150">
    <ele>14.6</ele>
    <time>2025-08-10T10:48:16Z</time>
   </trkpt>
   <trkpt lat="25.0201550" lon="121.4234210">
    <ele>14.6</ele>
    <time>2025-08-10T10:48:17Z</time>
   </trkpt>
   <trkpt lat="25.0201540" lon="121.4234270">
    <ele>14.6</ele>
    <time>2025-08-10T10:48:18Z</time>
   </trkpt>
   <trkpt lat="25.0201520" lon="121.4234330">
    <ele>14.6</ele>
    <time>2025-08-10T10:48:19Z</time>
   </trkpt>
   <trkpt lat="25.0201510" lon="121.4234390">
    <ele>14.6</ele>
    <time>2025-08-10T10:48:31Z</time>
   </trkpt>
   <trkpt lat="25.0201490" lon="121.4234450">
    <ele>14.6</ele>
    <time>2025-08-10T10:48:37Z</time>
   </trkpt>
   <trkpt lat="25.0201480" lon="121.4234510">
    <ele>14.6</ele>
    <time>2025-08-10T10:48:38Z</time>
   </trkpt>
   <trkpt lat="25.0201460" lon="121.4234570">
    <ele>14.6</ele>
    <time>2025-08-10T10:48:43Z</time>
   </trkpt>
   <trkpt lat="25.0201450" lon="121.4234620">
    <ele>14.6</ele>
    <time>2025-08-10T10:48:49Z</time>
   </trkpt>
   <trkpt lat="25.0201430" lon="121.4234680">
    <ele>14.6</ele>
    <time>2025-08-10T10:48:55Z</time>
   </trkpt>
   <trkpt lat="25.0201420" lon="121.4234740">
    <ele>14.6</ele>
    <time>2025-08-10T10:49:01Z</time>
   </trkpt>
   <trkpt lat="25.0201400" lon="121.4234800">
    <ele>14.7</ele>
    <time>2025-08-10T10:49:05Z</time>
   </trkpt>
   <trkpt lat="25.0201390" lon="121.4234860">
    <ele>14.7</ele>
    <time>2025-08-10T10:49:23Z</time>
   </trkpt>
   <trkpt lat="25.0201370" lon="121.4234920">
    <ele>14.7</ele>
    <time>2025-08-10T10:49:25Z</time>
   </trkpt>
   <trkpt lat="25.0201360" lon="121.4234980">
    <ele>14.7</ele>
    <time>2025-08-10T10:49:26Z</time>
   </trkpt>
   <trkpt lat="25.0201340" lon="121.4235040">
    <ele>14.7</ele>
    <time>2025-08-10T10:49:27Z</time>
   </trkpt>
   <trkpt lat="25.0201510" lon="121.4234480">
    <ele>14.7</ele>
    <time>2025-08-10T10:49:28Z</time>
   </trkpt>
   <trkpt lat="25.0201570" lon="121.4234460">
    <ele>14.7</ele>
    <time>2025-08-10T10:49:29Z</time>
   </trkpt>
   <trkpt lat="25.0201630" lon="121.4234390">
    <ele>14.7</ele>
    <time>2025-08-10T10:49:30Z</time>
   </trkpt>
   <trkpt lat="25.0201700" lon="121.4234320">
    <ele>14.7</ele>
    <time>2025-08-10T10:49:31Z</time>
   </trkpt>
   <trkpt lat="25.0201760" lon="121.4234250">
    <ele>14.7</ele>
    <time>2025-08-10T10:49:32Z</time>
   </trkpt>
   <trkpt lat="25.0201830" lon="121.4234180">
    <ele>14.7</ele>
    <time>2025-08-10T10:49:33Z</time>
   </trkpt>
   <trkpt lat="25.0201890" lon="121.4234110">
    <ele>14.7</ele>
    <time>2025-08-10T10:49:34Z</time>
   </trkpt>
   <trkpt lat="25.0201880" lon="121.4234120">
    <ele>14.7</ele>
    <time>2025-08-10T10:49:35Z</time>
   </trkpt>
   <trkpt lat="25.0201930" lon="121.4234140">
    <ele>14.7</ele>
    <time>2025-08-10T10:49:36Z</time>
   </trkpt>
   <trkpt lat="25.0201840" lon="121.4234090">
    <ele>14.7</ele>
    <time>2025-08-10T10:49:37Z</time>
   </trkpt>
   <trkpt lat="25.0201800" lon="121.4234180">
    <ele>14.7</ele>
    <time>2025-08-10T10:49:38Z</time>
   </trkpt>
   <trkpt lat="25.0201780" lon="121.4234160">
    <ele>14.7</ele>
    <time>2025-08-10T10:49:39Z</time>
   </trkpt>
   <trkpt lat="25.0201760" lon="121.4234280">
    <ele>14.7</ele>
    <time>2025-08-10T10:49:40Z</time>
   </trkpt>
   <trkpt lat="25.0201780" lon="121.4234270">
    <ele>14.7</ele>
    <time>2025-08-10T10:49:41Z</time>
   </trkpt>
   <trkpt lat="25.0201820" lon="121.4234230">
    <ele>14.7</ele>
    <time>2025-08-10T10:49:42Z</time>
   </trkpt>
   <trkpt lat="25.0201820" lon="121.4234280">
    <ele>14.7</ele>
    <time>2025-08-10T10:49:43Z</time>
   </trkpt>
   <trkpt lat="25.0201770" lon="121.4234170">
    <ele>14.7</ele>
    <time>2025-08-10T10:49:44Z</time>
   </trkpt>
   <trkpt lat="25.0201830" lon="121.4234130">
    <ele>14.7</ele>
    <time>2025-08-10T10:49:45Z</time>
   </trkpt>
   <trkpt lat="25.0201990" lon="121.4233760">
    <ele>14.7</ele>
    <time>2025-08-10T10:49:46Z</time>
   </trkpt>
   <trkpt lat="25.0202030" lon="121.4233710">
    <ele>14.7</ele>
    <time>2025-08-10T10:49:47Z</time>
   </trkpt>
   <trkpt lat="25.0202090" lon="121.4234000">
    <ele>14.8</ele>
    <time>2025-08-10T10:49:48Z</time>
   </trkpt>
   <trkpt lat="25.0202120" lon="121.4233970">
    <ele>14.8</ele>
    <time>2025-08-10T10:49:49Z</time>
   </trkpt>
   <trkpt lat="25.0202160" lon="121.4233930">
    <ele>14.8</ele>
    <time>2025-08-10T10:49:50Z</time>
   </trkpt>
   <trkpt lat="25.0202120" lon="121.4233990">
    <ele>14.8</ele>
    <time>2025-08-10T10:49:51Z</time>
   </trkpt>
   <trkpt lat="25.0202030" lon="121.4234060">
    <ele>14.8</ele>
    <time>2025-08-10T10:49:52Z</time>
   </trkpt>
   <trkpt lat="25.0201990" lon="121.4234160">
    <ele>14.8</ele>
    <time>2025-08-10T10:49:53Z</time>
   </trkpt>
   <trkpt lat="25.0201970" lon="121.4234260">
    <ele>14.8</ele>
    <time>2025-08-10T10:49:54Z</time>
   </trkpt>
   <trkpt lat="25.0202010" lon="121.4234420">
    <ele>14.8</ele>
    <time>2025-08-10T10:49:55Z</time>
   </trkpt>
   <trkpt lat="25.0201990" lon="121.4234490">
    <ele>14.8</ele>
    <time>2025-08-10T10:49:56Z</time>
   </trkpt>
   <trkpt lat="25.0201980" lon="121.4234590">
    <ele>14.8</ele>
    <time>2025-08-10T10:49:57Z</time>
   </trkpt>
   <trkpt lat="25.0202000" lon="121.4234660">
    <ele>14.8</ele>
    <time>2025-08-10T10:49:58Z</time>
   </trkpt>
   <trkpt lat="25.0202020" lon="121.4234720">
    <ele>14.8</ele>
    <time>2025-08-10T10:49:59Z</time>
   </trkpt>
   <trkpt lat="25.0202070" lon="121.4234740">
    <ele>14.8</ele>
    <time>2025-08-10T10:50:00Z</time>
   </trkpt>
   <trkpt lat="25.0202080" lon="121.4234700">
    <ele>14.8</ele>
    <time>2025-08-10T10:50:01Z</time>
   </trkpt>
   <trkpt lat="25.0202090" lon="121.4234690">
    <ele>14.8</ele>
    <time>2025-08-10T10:50:02Z</time>
   </trkpt>
   <trkpt lat="25.0202110" lon="121.4234690">
    <ele>14.8</ele>
    <time>2025-08-10T10:50:03Z</time>
   </trkpt>
   <trkpt lat="25.0202110" lon="121.4234690">
    <ele>14.8</ele>
    <time>2025-08-10T10:50:04Z</time>
   </trkpt>
   <trkpt lat="25.0202120" lon="121.4234680">
    <ele>14.8</ele>
    <time>2025-08-10T10:50:05Z</time>
   </trkpt>
   <trkpt lat="25.0202110" lon="121.4234640">
    <ele>14.8</ele>
    <time>2025-08-10T10:50:06Z</time>
   </trkpt>
   <trkpt lat="25.0202160" lon="121.4234580">
    <ele>14.8</ele>
    <time>2025-08-10T10:50:07Z</time>
   </trkpt>
   <trkpt lat="25.0202180" lon="121.4234620">
    <ele>14.8</ele>
    <time>2025-08-10T10:50:08Z</time>
   </trkpt>
   <trkpt lat="25.0202220" lon="121.4234490">
    <ele>14.8</ele>
    <time>2025-08-10T10:50:09Z</time>
   </trkpt>
   <trkpt lat="25.0202290" lon="121.4234320">
    <ele>14.8</ele>
    <time>2025-08-10T10:50:10Z</time>
   </trkpt>
   <trkpt lat="25.0202310" lon="121.4234220">
    <ele>14.8</ele>
    <time>2025-08-10T10:50:11Z</time>
   </trkpt>
   <trkpt lat="25.0202330" lon="121.4234140">
    <ele>14.8</ele>
    <time>2025-08-10T10:50:12Z</time>
   </trkpt>
   <trkpt lat="25.0202400" lon="121.4233980">
    <ele>14.8</ele>
    <time>2025-08-10T10:50:13Z</time>
   </trkpt>
   <trkpt lat="25.0202450" lon="121.4233830">
    <ele>14.8</ele>
    <time>2025-08-10T10:50:14Z</time>
   </trkpt>
   <trkpt lat="25.0202440" lon="121.4233730">
    <ele>14.8</ele>
    <time>2025-08-10T10:50:15Z</time>
   </trkpt>
   <trkpt lat="25.0202470" lon="121.4233600">
    <ele>14.9</ele>
    <time>2025-08-10T10:50:16Z</time>
   </trkpt>
   <trkpt lat="25.0202490" lon="121.4233510">
    <ele>14.9</ele>
    <time>2025-08-10T10:50:17Z</time>
   </trkpt>
   <trkpt lat="25.0202390" lon="121.4233450">
    <ele>14.9</ele>
    <time>2025-08-10T10:50:18Z</time>
   </trkpt>
   <trkpt lat="25.0202340" lon="121.4233390">
    <ele>14.9</ele>
    <time>2025-08-10T10:50:19Z</time>
   </trkpt>
   <trkpt lat="25.0202290" lon="121.4233340">
    <ele>14.9</ele>
    <time>2025-08-10T10:50:20Z</time>
   </trkpt>
   <trkpt lat="25.0202240" lon="121.4233280">
    <ele>14.9</ele>
    <time>2025-08-10T10:50:21Z</time>
   </trkpt>
   <trkpt lat="25.0202190" lon="121.4233220">
    <ele>14.9</ele>
    <time>2025-08-10T10:50:22Z</time>
   </trkpt>
   <trkpt lat="25.0201860" lon="121.4232620">
    <ele>14.9</ele>
    <time>2025-08-10T10:50:23Z</time>
   </trkpt>
   <trkpt lat="25.0202050" lon="121.4232870">
    <ele>14.9</ele>
    <time>2025-08-10T10:50:24Z</time>
   </trkpt>
   <trkpt lat="25.0202120" lon="121.4232950">
    <ele>14.9</ele>
    <time>2025-08-10T10:50:25Z</time>
   </trkpt>
   <trkpt lat="25.0202180" lon="121.4233010">
    <ele>14.9</ele>
    <time>2025-08-10T10:50:26Z</time>
   </trkpt>
   <trkpt lat="25.0202240" lon="121.4233060">
    <ele>14.9</ele>
    <time>2025-08-10T10:50:27Z</time>
   </trkpt>
   <trkpt lat="25.0202290" lon="121.4233110">
    <ele>14.9</ele>
    <time>2025-08-10T10:50:28Z</time>
   </trkpt>
   <trkpt lat="25.0202350" lon="121.4233170">
    <ele>14.9</ele>
    <time>2025-08-10T10:50:29Z</time>
   </trkpt>
   <trkpt lat="25.0202410" lon="121.4233220">
    <ele>14.9</ele>
    <time>2025-08-10T10:50:30Z</time>
   </trkpt>
   <trkpt lat="25.0202370" lon="121.4233220">
    <ele>14.9</ele>
    <time>2025-08-10T10:50:32Z</time>
   </trkpt>
   <trkpt lat="25.0202380" lon="121.4233240">
    <ele>14.9</ele>
    <time>2025-08-10T10:50:33Z</time>
   </trkpt>
   <trkpt lat="25.0202380" lon="121.4233240">
    <ele>14.9</ele>
    <time>2025-08-10T10:50:34Z</time>
   </trkpt>
   <trkpt lat="25.0202400" lon="121.4233250">
    <ele>15.0</ele>
    <time>2025-08-10T10:50:35Z</time>
   </trkpt>
   <trkpt lat="25.0202400" lon="121.4233250">
    <ele>15.0</ele>
    <time>2025-08-10T10:50:36Z</time>
   </trkpt>
   <trkpt lat="25.0202400" lon="121.4233250">
    <ele>15.0</ele>
    <time>2025-08-10T10:50:37Z</time>
   </trkpt>
   <trkpt lat="25.0202400" lon="121.4233250">
    <ele>15.0</ele>
    <time>2025-08-10T10:50:38Z</time>
   </trkpt>
   <trkpt lat="25.0202440" lon="121.4233270">
    <ele>15.0</ele>
    <time>2025-08-10T10:50:39Z</time>
   </trkpt>
   <trkpt lat="25.0202430" lon="121.4233250">
    <ele>15.0</ele>
    <time>2025-08-10T10:50:40Z</time>
   </trkpt>
   <trkpt lat="25.0202430" lon="121.4233250">
    <ele>15.0</ele>
    <time>2025-08-10T10:50:41Z</time>
   </trkpt>
   <trkpt lat="25.0202430" lon="121.4233270">
    <ele>15.0</ele>
    <time>2025-08-10T10:50:42Z</time>
   </trkpt>
   <trkpt lat="25.0202500" lon="121.4233320">
    <ele>15.0</ele>
    <time>2025-08-10T10:50:43Z</time>
   </trkpt>
   <trkpt lat="25.0202530" lon="121.4233360">
    <ele>15.0</ele>
    <time>2025-08-10T10:50:44Z</time>
   </trkpt>
   <trkpt lat="25.0202530" lon="121.4233360">
    <ele>15.0</ele>
    <time>2025-08-10T10:50:45Z</time>
   </trkpt>
   <trkpt lat="25.0202530" lon="121.4233360">
    <ele>15.0</ele>
    <time>2025-08-10T10:50:46Z</time>
   </trkpt>
   <trkpt lat="25.0202530" lon="121.4233360">
    <ele>15.0</ele>
    <time>2025-08-10T10:50:47Z</time>
   </trkpt>
   <trkpt lat="25.0202530" lon="121.4233360">
    <ele>15.0</ele>
    <time>2025-08-10T10:50:48Z</time>
   </trkpt>
   <trkpt lat="25.0202530" lon="121.4233360">
    <ele>15.0</ele>
    <time>2025-08-10T10:50:49Z</time>
   </trkpt>
   <trkpt lat="25.0202530" lon="121.4233360">
    <ele>15.0</ele>
    <time>2025-08-10T10:50:50Z</time>
   </trkpt>
   <trkpt lat="25.0202550" lon="121.4233290">
    <ele>15.0</ele>
    <time>2025-08-10T10:50:51Z</time>
   </trkpt>
   <trkpt lat="25.0202560" lon="121.4233290">
    <ele>15.0</ele>
    <time>2025-08-10T10:50:52Z</time>
   </trkpt>
   <trkpt lat="25.0202570" lon="121.4233300">
    <ele>15.0</ele>
    <time>2025-08-10T10:50:53Z</time>
   </trkpt>
   <trkpt lat="25.0202530" lon="121.4233320">
    <ele>15.0</ele>
    <time>2025-08-10T10:50:54Z</time>
   </trkpt>
   <trkpt lat="25.0202540" lon="121.4233250">
    <ele>15.0</ele>
    <time>2025-08-10T10:50:55Z</time>
   </trkpt>
   <trkpt lat="25.0202590" lon="121.4233270">
    <ele>15.0</ele>
    <time>2025-08-10T10:50:56Z</time>
   </trkpt>
   <trkpt lat="25.0202530" lon="121.4233300">
    <ele>15.0</ele>
    <time>2025-08-10T10:50:57Z</time>
   </trkpt>
   <trkpt lat="25.0202550" lon="121.4233310">
    <ele>15.0</ele>
    <time>2025-08-10T10:50:58Z</time>
   </trkpt>
   <trkpt lat="25.0202550" lon="121.4233310">
    <ele>15.0</ele>
    <time>2025-08-10T10:50:59Z</time>
   </trkpt>
   <trkpt lat="25.0202550" lon="121.4233310">
    <ele>15.0</ele>
    <time>2025-08-10T10:51:00Z</time>
   </trkpt>
   <trkpt lat="25.0202550" lon="121.4233310">
    <ele>15.0</ele>
    <time>2025-08-10T10:51:01Z</time>
   </trkpt>
   <trkpt lat="25.0202550" lon="121.4233310">
    <ele>15.0</ele>
    <time>2025-08-10T10:51:02Z</time>
   </trkpt>
   <trkpt lat="25.0202550" lon="121.4233310">
    <ele>15.0</ele>
    <time>2025-08-10T10:51:03Z</time>
   </trkpt>
   <trkpt lat="25.0202550" lon="121.4233310">
    <ele>15.0</ele>
    <time>2025-08-10T10:51:04Z</time>
   </trkpt>
   <trkpt lat="25.0202550" lon="121.4233310">
    <ele>15.0</ele>
    <time>2025-08-10T10:51:05Z</time>
   </trkpt>
   <trkpt lat="25.0202300" lon="121.4233250">
    <ele>15.0</ele>
    <time>2025-08-10T10:51:06Z</time>
   </trkpt>
   <trkpt lat="25.0202290" lon="121.4233230">
    <ele>15.0</ele>
    <time>2025-08-10T10:51:07Z</time>
   </trkpt>
   <trkpt lat="25.0202270" lon="121.4233210">
    <ele>15.0</ele>
    <time>2025-08-10T10:51:08Z</time>
   </trkpt>
   <trkpt lat="25.0202250" lon="121.4233120">
    <ele>15.0</ele>
    <time>2025-08-10T10:51:09Z</time>
   </trkpt>
   <trkpt lat="25.0202270" lon="121.4233110">
    <ele>15.0</ele>
    <time>2025-08-10T10:51:10Z</time>
   </trkpt>
   <trkpt lat="25.0202260" lon="121.4233110">
    <ele>15.0</ele>
    <time>2025-08-10T10:51:11Z</time>
   </trkpt>
   <trkpt lat="25.0202260" lon="121.4233110">
    <ele>15.0</ele>
    <time>2025-08-10T10:51:12Z</time>
   </trkpt>
   <trkpt lat="25.0202260" lon="121.4233110">
    <ele>15.0</ele>
    <time>2025-08-10T10:51:13Z</time>
   </trkpt>
   <trkpt lat="25.0202260" lon="121.4233110">
    <ele>15.0</ele>
    <time>2025-08-10T10:51:14Z</time>
   </trkpt>
   <trkpt lat="25.0202260" lon="121.4233110">
    <ele>15.0</ele>
    <time>2025-08-10T10:51:15Z</time>
   </trkpt>
   <trkpt lat="25.0202260" lon="121.4233110">
    <ele>15.0</ele>
    <time>2025-08-10T10:51:16Z</time>
   </trkpt>
   <trkpt lat="25.0202260" lon="121.4233110">
    <ele>15.0</ele>
    <time>2025-08-10T10:51:17Z</time>
   </trkpt>
   <trkpt lat="25.0202310" lon="121.4233280">
    <ele>15.0</ele>
    <time>2025-08-10T10:51:18Z</time>
   </trkpt>
   <trkpt lat="25.0202310" lon="121.4233280">
    <ele>15.0</ele>
    <time>2025-08-10T10:51:19Z</time>
   </trkpt>
   <trkpt lat="25.0202310" lon="121.4233280">
    <ele>15.0</ele>
    <time>2025-08-10T10:51:20Z</time>
   </trkpt>
   <trkpt lat="25.0202220" lon="121.4233280">
    <ele>15.0</ele>
    <time>2025-08-10T10:51:21Z</time>
   </trkpt>
   <trkpt lat="25.0202300" lon="121.4233270">
    <ele>15.0</ele>
    <time>2025-08-10T10:51:22Z</time>
   </trkpt>
   <trkpt lat="25.0202320" lon="121.4233310">
    <ele>15.0</ele>
    <time>2025-08-10T10:51:23Z</time>
   </trkpt>
   <trkpt lat="25.0202280" lon="121.4233260">
    <ele>15.0</ele>
    <time>2025-08-10T10:51:24Z</time>
   </trkpt>
   <trkpt lat="25.0202240" lon="121.4233230">
    <ele>15.0</ele>
    <time>2025-08-10T10:51:25Z</time>
   </trkpt>
   <trkpt lat="25.0202210" lon="121.4233130">
    <ele>15.0</ele>
    <time>2025-08-10T10:51:26Z</time>
   </trkpt>
   <trkpt lat="25.0202200" lon="121.4233140">
    <ele>15.0</ele>
    <time>2025-08-10T10:51:27Z</time>
   </trkpt>
   <trkpt lat="25.0202200" lon="121.4233140">
    <ele>15.0</ele>
    <time>2025-08-10T10:51:28Z</time>
   </trkpt>
   <trkpt lat="25.0202200" lon="121.4233140">
    <ele>15.0</ele>
    <time>2025-08-10T10:51:29Z</time>
   </trkpt>
   <trkpt lat="25.0202200" lon="121.4233140">
    <ele>15.0</ele>
    <time>2025-08-10T10:51:30Z</time>
   </trkpt>
   <trkpt lat="25.0202160" lon="121.4233030">
    <ele>15.0</ele>
    <time>2025-08-10T10:51:31Z</time>
   </trkpt>
   <trkpt lat="25.0202200" lon="121.4233030">
    <ele>15.0</ele>
    <time>2025-08-10T10:51:32Z</time>
   </trkpt>
   <trkpt lat="25.0202250" lon="121.4232950">
    <ele>15.0</ele>
    <time>2025-08-10T10:51:33Z</time>
   </trkpt>
   <trkpt lat="25.0202280" lon="121.4232890">
    <ele>15.0</ele>
    <time>2025-08-10T10:51:34Z</time>
   </trkpt>
   <trkpt lat="25.0202350" lon="121.4232880">
    <ele>15.1</ele>
    <time>2025-08-10T10:51:35Z</time>
   </trkpt>
   <trkpt lat="25.0202420" lon="121.4232910">
    <ele>15.1</ele>
    <time>2025-08-10T10:51:36Z</time>
   </trkpt>
   <trkpt lat="25.0202470" lon="121.4232950">
    <ele>15.1</ele>
    <time>2025-08-10T10:51:37Z</time>
   </trkpt>
   <trkpt lat="25.0202480" lon="121.4232950">
    <ele>15.1</ele>
    <time>2025-08-10T10:51:38Z</time>
   </trkpt>
   <trkpt lat="25.0202500" lon="121.4232940">
    <ele>15.1</ele>
    <time>2025-08-10T10:51:39Z</time>
   </trkpt>
   <trkpt lat="25.0202520" lon="121.4232940">
    <ele>15.1</ele>
    <time>2025-08-10T10:51:40Z</time>
   </trkpt>
   <trkpt lat="25.0202540" lon="121.4232930">
    <ele>15.1</ele>
    <time>2025-08-10T10:51:41Z</time>
   </trkpt>
   <trkpt lat="25.0202550" lon="121.4232930">
    <ele>15.1</ele>
    <time>2025-08-10T10:51:42Z</time>
   </trkpt>
   <trkpt lat="25.0202570" lon="121.4232920">
    <ele>15.1</ele>
    <time>2025-08-10T10:51:43Z</time>
   </trkpt>
   <trkpt lat="25.0202590" lon="121.4232920">
    <ele>15.1</ele>
    <time>2025-08-10T10:51:44Z</time>
   </trkpt>
   <trkpt lat="25.0202610" lon="121.4232910">
    <ele>15.1</ele>
    <time>2025-08-10T10:51:45Z</time>
   </trkpt>
   <trkpt lat="25.0202620" lon="121.4232910">
    <ele>15.1</ele>
    <time>2025-08-10T10:51:46Z</time>
   </trkpt>
   <trkpt lat="25.0202640" lon="121.4232900">
    <ele>15.1</ele>
    <time>2025-08-10T10:51:47Z</time>
   </trkpt>
   <trkpt lat="25.0202660" lon="121.4232900">
    <ele>15.1</ele>
    <time>2025-08-10T10:51:48Z</time>
   </trkpt>
   <trkpt lat="25.0202680" lon="121.4232890">
    <ele>15.1</ele>
    <time>2025-08-10T10:51:49Z</time>
   </trkpt>
   <trkpt lat="25.0202690" lon="121.4232890">
    <ele>15.1</ele>
    <time>2025-08-10T10:51:50Z</time>
   </trkpt>
   <trkpt lat="25.0202710" lon="121.4232880">
    <ele>15.1</ele>
    <time>2025-08-10T10:51:51Z</time>
   </trkpt>
   <trkpt lat="25.0202730" lon="121.4232880">
    <ele>15.1</ele>
    <time>2025-08-10T10:51:52Z</time>
   </trkpt>
   <trkpt lat="25.0202750" lon="121.4232870">
    <ele>15.1</ele>
    <time>2025-08-10T10:51:53Z</time>
   </trkpt>
   <trkpt lat="25.0202760" lon="121.4232870">
    <ele>15.1</ele>
    <time>2025-08-10T10:51:54Z</time>
   </trkpt>
   <trkpt lat="25.0202780" lon="121.4232860">
    <ele>15.1</ele>
    <time>2025-08-10T10:51:55Z</time>
   </trkpt>
   <trkpt lat="25.0202800" lon="121.4232860">
    <ele>15.1</ele>
    <time>2025-08-10T10:51:56Z</time>
   </trkpt>
   <trkpt lat="25.0202820" lon="121.4232850">
    <ele>15.1</ele>
    <time>2025-08-10T10:51:57Z</time>
   </trkpt>
   <trkpt lat="25.0202830" lon="121.4232850">
    <ele>15.1</ele>
    <time>2025-08-10T10:51:58Z</time>
   </trkpt>
   <trkpt lat="25.0202850" lon="121.4232840">
    <ele>15.1</ele>
    <time>2025-08-10T10:51:59Z</time>
   </trkpt>
   <trkpt lat="25.0202870" lon="121.4232850">
    <ele>15.1</ele>
    <time>2025-08-10T10:52:00Z</time>
   </trkpt>
   <trkpt lat="25.0202910" lon="121.4232880">
    <ele>15.1</ele>
    <time>2025-08-10T10:52:01Z</time>
   </trkpt>
   <trkpt lat="25.0202910" lon="121.4232880">
    <ele>15.1</ele>
    <time>2025-08-10T10:52:02Z</time>
   </trkpt>
   <trkpt lat="25.0202910" lon="121.4232880">
    <ele>15.1</ele>
    <time>2025-08-10T10:52:03Z</time>
   </trkpt>
   <trkpt lat="25.0202880" lon="121.4232950">
    <ele>15.1</ele>
    <time>2025-08-10T10:52:04Z</time>
   </trkpt>
   <trkpt lat="25.0202840" lon="121.4232970">
    <ele>15.1</ele>
    <time>2025-08-10T10:52:05Z</time>
   </trkpt>
   <trkpt lat="25.0202840" lon="121.4232970">
    <ele>15.1</ele>
    <time>2025-08-10T10:52:06Z</time>
   </trkpt>
   <trkpt lat="25.0202840" lon="121.4232970">
    <ele>15.1</ele>
    <time>2025-08-10T10:52:07Z</time>
   </trkpt>
   <trkpt lat="25.0202840" lon="121.4232970">
    <ele>15.1</ele>
    <time>2025-08-10T10:52:08Z</time>
   </trkpt>
   <trkpt lat="25.0202840" lon="121.4232970">
    <ele>15.1</ele>
    <time>2025-08-10T10:52:09Z</time>
   </trkpt>
   <trkpt lat="25.0202840" lon="121.4232970">
    <ele>15.1</ele>
    <time>2025-08-10T10:52:10Z</time>
   </trkpt>
   <trkpt lat="25.0202840" lon="121.4232970">
    <ele>15.1</ele>
    <time>2025-08-10T10:52:11Z</time>
   </trkpt>
   <trkpt lat="25.0202840" lon="121.4232970">
    <ele>15.1</ele>
    <time>2025-08-10T10:52:12Z</time>
   </trkpt>
   <trkpt lat="25.0202840" lon="121.4232970">
    <ele>15.1</ele>
    <time>2025-08-10T10:52:13Z</time>
   </trkpt>
   <trkpt lat="25.0202840" lon="121.4232970">
    <ele>15.1</ele>
    <time>2025-08-10T10:52:14Z</time>
   </trkpt>
   <trkpt lat="25.0202710" lon="121.4233120">
    <ele>15.1</ele>
    <time>2025-08-10T10:52:15Z</time>
   </trkpt>
   <trkpt lat="25.0202730" lon="121.4233140">
    <ele>15.1</ele>
    <time>2025-08-10T10:52:16Z</time>
   </trkpt>
   <trkpt lat="25.0202740" lon="121.4233130">
    <ele>15.1</ele>
    <time>2025-08-10T10:52:17Z</time>
   </trkpt>
   <trkpt lat="25.0202760" lon="121.4233120">
    <ele>15.1</ele>
    <time>2025-08-10T10:52:18Z</time>
   </trkpt>
   <trkpt lat="25.0202780" lon="121.4233110">
    <ele>15.1</ele>
    <time>2025-08-10T10:52:19Z</time>
   </trkpt>
   <trkpt lat="25.0202800" lon="121.4233100">
    <ele>15.1</ele>
    <time>2025-08-10T10:52:20Z</time>
   </trkpt>
   <trkpt lat="25.0202810" lon="121.4233090">
    <ele>15.1</ele>
    <time>2025-08-10T10:52:22Z</time>
   </trkpt>
   <trkpt lat="25.0202830" lon="121.4233080">
    <ele>15.1</ele>
    <time>2025-08-10T10:52:23Z</time>
   </trkpt>
   <trkpt lat="25.0202850" lon="121.4233070">
    <ele>15.1</ele>
    <time>2025-08-10T10:52:24Z</time>
   </trkpt>
   <trkpt lat="25.0202870" lon="121.4233060">
    <ele>15.1</ele>
    <time>2025-08-10T10:52:25Z</time>
   </trkpt>
   <trkpt lat="25.0202880" lon="121.4233050">
    <ele>15.1</ele>
    <time>2025-08-10T10:52:26Z</time>
   </trkpt>
   <trkpt lat="25.0202900" lon="121.4233050">
    <ele>15.1</ele>
    <time>2025-08-10T10:52:27Z</time>
   </trkpt>
   <trkpt lat="25.0202920" lon="121.4233040">
    <ele>15.1</ele>
    <time>2025-08-10T10:52:28Z</time>
   </trkpt>
   <trkpt lat="25.0202930" lon="121.4233030">
    <ele>15.1</ele>
    <time>2025-08-10T10:52:29Z</time>
   </trkpt>
   <trkpt lat="25.0202950" lon="121.4233020">
    <ele>15.1</ele>
    <time>2025-08-10T10:52:30Z</time>
   </trkpt>
   <trkpt lat="25.0202970" lon="121.4233010">
    <ele>15.1</ele>
    <time>2025-08-10T10:52:31Z</time>
   </trkpt>
   <trkpt lat="25.0202990" lon="121.4233000">
    <ele>15.1</ele>
    <time>2025-08-10T10:52:32Z</time>
   </trkpt>
   <trkpt lat="25.0203000" lon="121.4232990">
    <ele>15.1</ele>
    <time>2025-08-10T10:52:33Z</time>
   </trkpt>
   <trkpt lat="25.0203020" lon="121.4232980">
    <ele>15.1</ele>
    <time>2025-08-10T10:52:34Z</time>
   </trkpt>
   <trkpt lat="25.0203040" lon="121.4232970">
    <ele>15.1</ele>
    <time>2025-08-10T10:52:35Z</time>
   </trkpt>
   <trkpt lat="25.0203060" lon="121.4232960">
    <ele>15.2</ele>
    <time>2025-08-10T10:52:36Z</time>
   </trkpt>
   <trkpt lat="25.0203070" lon="121.4232950">
    <ele>15.2</ele>
    <time>2025-08-10T10:52:37Z</time>
   </trkpt>
   <trkpt lat="25.0203090" lon="121.4232940">
    <ele>15.2</ele>
    <time>2025-08-10T10:52:38Z</time>
   </trkpt>
   <trkpt lat="25.0203220" lon="121.4233010">
    <ele>15.2</ele>
    <time>2025-08-10T10:52:39Z</time>
   </trkpt>
   <trkpt lat="25.0203260" lon="121.4233040">
    <ele>15.2</ele>
    <time>2025-08-10T10:52:40Z</time>
   </trkpt>
   <trkpt lat="25.0203290" lon="121.4233060">
    <ele>15.2</ele>
    <time>2025-08-10T10:52:41Z</time>
   </trkpt>
   <trkpt lat="25.0203330" lon="121.4233080">
    <ele>15.2</ele>
    <time>2025-08-10T10:52:42Z</time>
   </trkpt>
   <trkpt lat="25.0203370" lon="121.4233110">
    <ele>15.2</ele>
    <time>2025-08-10T10:52:43Z</time>
   </trkpt>
   <trkpt lat="25.0203410" lon="121.4233130">
    <ele>15.2</ele>
    <time>2025-08-10T10:52:44Z</time>
   </trkpt>
   <trkpt lat="25.0203440" lon="121.4233150">
    <ele>15.2</ele>
    <time>2025-08-10T10:52:45Z</time>
   </trkpt>
   <trkpt lat="25.0203480" lon="121.4233180">
    <ele>15.2</ele>
    <time>2025-08-10T10:52:46Z</time>
   </trkpt>
   <trkpt lat="25.0203520" lon="121.4233200">
    <ele>15.2</ele>
    <time>2025-08-10T10:52:47Z</time>
   </trkpt>
   <trkpt lat="25.0203690" lon="121.4233270">
    <ele>15.2</ele>
    <time>2025-08-10T10:52:48Z</time>
   </trkpt>
   <trkpt lat="25.0203640" lon="121.4233240">
    <ele>15.2</ele>
    <time>2025-08-10T10:52:49Z</time>
   </trkpt>
   <trkpt lat="25.0203570" lon="121.4233270">
    <ele>15.2</ele>
    <time>2025-08-10T10:52:50Z</time>
   </trkpt>
   <trkpt lat="25.0203530" lon="121.4233290">
    <ele>15.2</ele>
    <time>2025-08-10T10:52:51Z</time>
   </trkpt>
   <trkpt lat="25.0203480" lon="121.4233340">
    <ele>15.2</ele>
    <time>2025-08-10T10:52:52Z</time>
   </trkpt>
   <trkpt lat="25.0203460" lon="121.4233370">
    <ele>15.2</ele>
    <time>2025-08-10T10:52:53Z</time>
   </trkpt>
   <trkpt lat="25.0203410" lon="121.4233430">
    <ele>15.2</ele>
    <time>2025-08-10T10:52:54Z</time>
   </trkpt>
   <trkpt lat="25.0203390" lon="121.4233460">
    <ele>15.2</ele>
    <time>2025-08-10T10:52:55Z</time>
   </trkpt>
   <trkpt lat="25.0203400" lon="121.4233570">
    <ele>15.2</ele>
    <time>2025-08-10T10:52:56Z</time>
   </trkpt>
   <trkpt lat="25.0203380" lon="121.4233540">
    <ele>15.2</ele>
    <time>2025-08-10T10:52:57Z</time>
   </trkpt>
   <trkpt lat="25.0203360" lon="121.4233540">
    <ele>15.2</ele>
    <time>2025-08-10T10:52:58Z</time>
   </trkpt>
   <trkpt lat="25.0203340" lon="121.4233540">
    <ele>15.2</ele>
    <time>2025-08-10T10:52:59Z</time>
   </trkpt>
   <trkpt lat="25.0203320" lon="121.4233500">
    <ele>15.2</ele>
    <time>2025-08-10T10:53:00Z</time>
   </trkpt>
   <trkpt lat="25.0203280" lon="121.4233390">
    <ele>15.3</ele>
    <time>2025-08-10T10:53:01Z</time>
   </trkpt>
   <trkpt lat="25.0203180" lon="121.4233310">
    <ele>15.3</ele>
    <time>2025-08-10T10:53:02Z</time>
   </trkpt>
   <trkpt lat="25.0203160" lon="121.4233240">
    <ele>15.3</ele>
    <time>2025-08-10T10:53:03Z</time>
   </trkpt>
   <trkpt lat="25.0203270" lon="121.4233220">
    <ele>15.3</ele>
    <time>2025-08-10T10:53:04Z</time>
   </trkpt>
   <trkpt lat="25.0203140" lon="121.4232990">
    <ele>15.3</ele>
    <time>2025-08-10T10:53:05Z</time>
   </trkpt>
   <trkpt lat="25.0203070" lon="121.4232940">
    <ele>15.3</ele>
    <time>2025-08-10T10:53:06Z</time>
   </trkpt>
   <trkpt lat="25.0203030" lon="121.4232820">
    <ele>15.3</ele>
    <time>2025-08-10T10:53:07Z</time>
   </trkpt>
   <trkpt lat="25.0202900" lon="121.4232750">
    <ele>15.3</ele>
    <time>2025-08-10T10:53:08Z</time>
   </trkpt>
   <trkpt lat="25.0202840" lon="121.4232720">
    <ele>15.3</ele>
    <time>2025-08-10T10:53:09Z</time>
   </trkpt>
   <trkpt lat="25.0202710" lon="121.4232600">
    <ele>15.3</ele>
    <time>2025-08-10T10:53:10Z</time>
   </trkpt>
   <trkpt lat="25.0202680" lon="121.4232560">
    <ele>15.3</ele>
    <time>2025-08-10T10:53:11Z</time>
   </trkpt>
   <trkpt lat="25.0202710" lon="121.4232450">
    <ele>15.4</ele>
    <time>2025-08-10T10:53:12Z</time>
   </trkpt>
   <trkpt lat="25.0202670" lon="121.4232340">
    <ele>15.4</ele>
    <time>2025-08-10T10:53:13Z</time>
   </trkpt>
   <trkpt lat="25.0202700" lon="121.4232340">
    <ele>15.4</ele>
    <time>2025-08-10T10:53:14Z</time>
   </trkpt>
   <trkpt lat="25.0202680" lon="121.4232310">
    <ele>15.4</ele>
    <time>2025-08-10T10:53:15Z</time>
   </trkpt>
   <trkpt lat="25.0202650" lon="121.4232240">
    <ele>15.4</ele>
    <time>2025-08-10T10:53:16Z</time>
   </trkpt>
   <trkpt lat="25.0202690" lon="121.4232210">
    <ele>15.4</ele>
    <time>2025-08-10T10:53:17Z</time>
   </trkpt>
   <trkpt lat="25.0202690" lon="121.4232220">
    <ele>15.4</ele>
    <time>2025-08-10T10:53:18Z</time>
   </trkpt>
   <trkpt lat="25.0202690" lon="121.4232230">
    <ele>15.4</ele>
    <time>2025-08-10T10:53:19Z</time>
   </trkpt>
   <trkpt lat="25.0202690" lon="121.4232230">
    <ele>15.4</ele>
    <time>2025-08-10T10:53:20Z</time>
   </trkpt>
   <trkpt lat="25.0202610" lon="121.4232160">
    <ele>15.4</ele>
    <time>2025-08-10T10:53:21Z</time>
   </trkpt>
   <trkpt lat="25.0202550" lon="121.4232170">
    <ele>15.4</ele>
    <time>2025-08-10T10:53:22Z</time>
   </trkpt>
   <trkpt lat="25.0202540" lon="121.4232180">
    <ele>15.4</ele>
    <time>2025-08-10T10:53:23Z</time>
   </trkpt>
   <trkpt lat="25.0202540" lon="121.4232180">
    <ele>15.4</ele>
    <time>2025-08-10T10:53:24Z</time>
   </trkpt>
   <trkpt lat="25.0202510" lon="121.4232180">
    <ele>15.4</ele>
    <time>2025-08-10T10:53:25Z</time>
   </trkpt>
   <trkpt lat="25.0202510" lon="121.4232180">
    <ele>15.4</ele>
    <time>2025-08-10T10:53:26Z</time>
   </trkpt>
   <trkpt lat="25.0202510" lon="121.4232170">
    <ele>15.4</ele>
    <time>2025-08-10T10:53:27Z</time>
   </trkpt>
   <trkpt lat="25.0202490" lon="121.4232170">
    <ele>15.4</ele>
    <time>2025-08-10T10:53:28Z</time>
   </trkpt>
   <trkpt lat="25.0202480" lon="121.4232160">
    <ele>15.4</ele>
    <time>2025-08-10T10:53:29Z</time>
   </trkpt>
   <trkpt lat="25.0202460" lon="121.4232160">
    <ele>15.4</ele>
    <time>2025-08-10T10:53:30Z</time>
   </trkpt>
   <trkpt lat="25.0202460" lon="121.4232160">
    <ele>15.4</ele>
    <time>2025-08-10T10:53:31Z</time>
   </trkpt>
   <trkpt lat="25.0202460" lon="121.4232180">
    <ele>15.4</ele>
    <time>2025-08-10T10:53:32Z</time>
   </trkpt>
   <trkpt lat="25.0202480" lon="121.4232180">
    <ele>15.4</ele>
    <time>2025-08-10T10:53:33Z</time>
   </trkpt>
   <trkpt lat="25.0202480" lon="121.4232170">
    <ele>15.4</ele>
    <time>2025-08-10T10:53:34Z</time>
   </trkpt>
   <trkpt lat="25.0202470" lon="121.4232160">
    <ele>15.4</ele>
    <time>2025-08-10T10:53:35Z</time>
   </trkpt>
   <trkpt lat="25.0202470" lon="121.4232190">
    <ele>15.4</ele>
    <time>2025-08-10T10:53:36Z</time>
   </trkpt>
   <trkpt lat="25.0202460" lon="121.4232180">
    <ele>15.4</ele>
    <time>2025-08-10T10:53:37Z</time>
   </trkpt>
   <trkpt lat="25.0202450" lon="121.4232180">
    <ele>15.4</ele>
    <time>2025-08-10T10:53:38Z</time>
   </trkpt>
   <trkpt lat="25.0202430" lon="121.4232150">
    <ele>15.4</ele>
    <time>2025-08-10T10:53:39Z</time>
   </trkpt>
   <trkpt lat="25.0202410" lon="121.4232160">
    <ele>15.4</ele>
    <time>2025-08-10T10:53:40Z</time>
   </trkpt>
   <trkpt lat="25.0202400" lon="121.4232130">
    <ele>15.4</ele>
    <time>2025-08-10T10:53:41Z</time>
   </trkpt>
   <trkpt lat="25.0202400" lon="121.4232140">
    <ele>15.4</ele>
    <time>2025-08-10T10:53:42Z</time>
   </trkpt>
   <trkpt lat="25.0202400" lon="121.4232140">
    <ele>15.4</ele>
    <time>2025-08-10T10:53:43Z</time>
   </trkpt>
   <trkpt lat="25.0202390" lon="121.4232160">
    <ele>15.4</ele>
    <time>2025-08-10T10:53:44Z</time>
   </trkpt>
   <trkpt lat="25.0202380" lon="121.4232140">
    <ele>15.4</ele>
    <time>2025-08-10T10:53:45Z</time>
   </trkpt>
   <trkpt lat="25.0202380" lon="121.4232140">
    <ele>15.4</ele>
    <time>2025-08-10T10:53:46Z</time>
   </trkpt>
   <trkpt lat="25.0202380" lon="121.4232140">
    <ele>15.4</ele>
    <time>2025-08-10T10:53:47Z</time>
   </trkpt>
   <trkpt lat="25.0202380" lon="121.4232140">
    <ele>15.4</ele>
    <time>2025-08-10T10:53:48Z</time>
   </trkpt>
   <trkpt lat="25.0202380" lon="121.4232140">
    <ele>15.4</ele>
    <time>2025-08-10T10:53:49Z</time>
   </trkpt>
   <trkpt lat="25.0202350" lon="121.4232160">
    <ele>15.4</ele>
    <time>2025-08-10T10:53:50Z</time>
   </trkpt>
   <trkpt lat="25.0202350" lon="121.4232160">
    <ele>15.4</ele>
    <time>2025-08-10T10:53:51Z</time>
   </trkpt>
   <trkpt lat="25.0202350" lon="121.4232160">
    <ele>15.4</ele>
    <time>2025-08-10T10:53:52Z</time>
   </trkpt>
   <trkpt lat="25.0202330" lon="121.4232160">
    <ele>15.4</ele>
    <time>2025-08-10T10:53:53Z</time>
   </trkpt>
   <trkpt lat="25.0202330" lon="121.4232160">
    <ele>15.4</ele>
    <time>2025-08-10T10:53:54Z</time>
   </trkpt>
   <trkpt lat="25.0202330" lon="121.4232160">
    <ele>15.4</ele>
    <time>2025-08-10T10:53:55Z</time>
   </trkpt>
   <trkpt lat="25.0202330" lon="121.4232160">
    <ele>15.4</ele>
    <time>2025-08-10T10:53:56Z</time>
   </trkpt>
   <trkpt lat="25.0202320" lon="121.4232200">
    <ele>15.4</ele>
    <time>2025-08-10T10:53:57Z</time>
   </trkpt>
   <trkpt lat="25.0202320" lon="121.4232200">
    <ele>15.4</ele>
    <time>2025-08-10T10:53:58Z</time>
   </trkpt>
   <trkpt lat="25.0202320" lon="121.4232200">
    <ele>15.4</ele>
    <time>2025-08-10T10:53:59Z</time>
   </trkpt>
   <trkpt lat="25.0202320" lon="121.4232200">
    <ele>15.4</ele>
    <time>2025-08-10T10:54:00Z</time>
   </trkpt>
   <trkpt lat="25.0202340" lon="121.4232260">
    <ele>15.4</ele>
    <time>2025-08-10T10:54:01Z</time>
   </trkpt>
   <trkpt lat="25.0202360" lon="121.4232280">
    <ele>15.4</ele>
    <time>2025-08-10T10:54:02Z</time>
   </trkpt>
   <trkpt lat="25.0202350" lon="121.4232290">
    <ele>15.4</ele>
    <time>2025-08-10T10:54:03Z</time>
   </trkpt>
   <trkpt lat="25.0202400" lon="121.4232310">
    <ele>15.5</ele>
    <time>2025-08-10T10:54:04Z</time>
   </trkpt>
   <trkpt lat="25.0202430" lon="121.4232360">
    <ele>15.5</ele>
    <time>2025-08-10T10:54:05Z</time>
   </trkpt>
   <trkpt lat="25.0202460" lon="121.4232310">
    <ele>15.5</ele>
    <time>2025-08-10T10:54:06Z</time>
   </trkpt>
   <trkpt lat="25.0202500" lon="121.4232290">
    <ele>15.5</ele>
    <time>2025-08-10T10:54:07Z</time>
   </trkpt>
   <trkpt lat="25.0202500" lon="121.4232260">
    <ele>15.5</ele>
    <time>2025-08-10T10:54:08Z</time>
   </trkpt>
   <trkpt lat="25.0202550" lon="121.4232200">
    <ele>15.5</ele>
    <time>2025-08-10T10:54:09Z</time>
   </trkpt>
   <trkpt lat="25.0202600" lon="121.4232170">
    <ele>15.5</ele>
    <time>2025-08-10T10:54:10Z</time>
   </trkpt>
   <trkpt lat="25.0202650" lon="121.4232220">
    <ele>15.5</ele>
    <time>2025-08-10T10:54:11Z</time>
   </trkpt>
   <trkpt lat="25.0202700" lon="121.4232200">
    <ele>15.5</ele>
    <time>2025-08-10T10:54:12Z</time>
   </trkpt>
   <trkpt lat="25.0202720" lon="121.4232180">
    <ele>15.5</ele>
    <time>2025-08-10T10:54:13Z</time>
   </trkpt>
   <trkpt lat="25.0202750" lon="121.4232170">
    <ele>15.5</ele>
    <time>2025-08-10T10:54:14Z</time>
   </trkpt>
   <trkpt lat="25.0202770" lon="121.4232150">
    <ele>15.5</ele>
    <time>2025-08-10T10:54:16Z</time>
   </trkpt>
   <trkpt lat="25.0202790" lon="121.4232140">
    <ele>15.5</ele>
    <time>2025-08-10T10:54:17Z</time>
   </trkpt>
   <trkpt lat="25.0202810" lon="121.4232120">
    <ele>15.5</ele>
    <time>2025-08-10T10:54:18Z</time>
   </trkpt>
   <trkpt lat="25.0202830" lon="121.4232110">
    <ele>15.5</ele>
    <time>2025-08-10T10:54:19Z</time>
   </trkpt>
   <trkpt lat="25.0202850" lon="121.4232090">
    <ele>15.5</ele>
    <time>2025-08-10T10:54:20Z</time>
   </trkpt>
   <trkpt lat="25.0202880" lon="121.4232080">
    <ele>15.5</ele>
    <time>2025-08-10T10:54:21Z</time>
   </trkpt>
   <trkpt lat="25.0202900" lon="121.4232070">
    <ele>15.5</ele>
    <time>2025-08-10T10:54:22Z</time>
   </trkpt>
   <trkpt lat="25.0202920" lon="121.4232050">
    <ele>15.5</ele>
    <time>2025-08-10T10:54:23Z</time>
   </trkpt>
   <trkpt lat="25.0202940" lon="121.4232040">
    <ele>15.5</ele>
    <time>2025-08-10T10:54:24Z</time>
   </trkpt>
   <trkpt lat="25.0202960" lon="121.4232020">
    <ele>15.5</ele>
    <time>2025-08-10T10:54:25Z</time>
   </trkpt>
   <trkpt lat="25.0202980" lon="121.4232010">
    <ele>15.5</ele>
    <time>2025-08-10T10:54:26Z</time>
   </trkpt>
   <trkpt lat="25.0203010" lon="121.4231990">
    <ele>15.5</ele>
    <time>2025-08-10T10:54:27Z</time>
   </trkpt>
   <trkpt lat="25.0203030" lon="121.4231980">
    <ele>15.5</ele>
    <time>2025-08-10T10:54:28Z</time>
   </trkpt>
   <trkpt lat="25.0203050" lon="121.4231960">
    <ele>15.5</ele>
    <time>2025-08-10T10:54:29Z</time>
   </trkpt>
   <trkpt lat="25.0203070" lon="121.4231950">
    <ele>15.5</ele>
    <time>2025-08-10T10:54:30Z</time>
   </trkpt>
   <trkpt lat="25.0203060" lon="121.4231960">
    <ele>15.5</ele>
    <time>2025-08-10T10:54:31Z</time>
   </trkpt>
   <trkpt lat="25.0202880" lon="121.4231860">
    <ele>15.5</ele>
    <time>2025-08-10T10:54:32Z</time>
   </trkpt>
   <trkpt lat="25.0202880" lon="121.4231870">
    <ele>15.5</ele>
    <time>2025-08-10T10:54:33Z</time>
   </trkpt>
   <trkpt lat="25.0202880" lon="121.4231870">
    <ele>15.5</ele>
    <time>2025-08-10T10:54:34Z</time>
   </trkpt>
   <trkpt lat="25.0202880" lon="121.4231870">
    <ele>15.5</ele>
    <time>2025-08-10T10:54:35Z</time>
   </trkpt>
   <trkpt lat="25.0202880" lon="121.4231870">
    <ele>15.5</ele>
    <time>2025-08-10T10:54:36Z</time>
   </trkpt>
   <trkpt lat="25.0202880" lon="121.4231870">
    <ele>15.5</ele>
    <time>2025-08-10T10:54:37Z</time>
   </trkpt>
   <trkpt lat="25.0202880" lon="121.4231870">
    <ele>15.5</ele>
    <time>2025-08-10T10:54:38Z</time>
   </trkpt>
   <trkpt lat="25.0202880" lon="121.4231870">
    <ele>15.5</ele>
    <time>2025-08-10T10:54:39Z</time>
   </trkpt>
   <trkpt lat="25.0202880" lon="121.4231870">
    <ele>15.5</ele>
    <time>2025-08-10T10:54:40Z</time>
   </trkpt>
   <trkpt lat="25.0202880" lon="121.4231870">
    <ele>15.5</ele>
    <time>2025-08-10T10:54:41Z</time>
   </trkpt>
   <trkpt lat="25.0203040" lon="121.4231890">
    <ele>15.6</ele>
    <time>2025-08-10T10:54:42Z</time>
   </trkpt>
   <trkpt lat="25.0203010" lon="121.4231970">
    <ele>15.6</ele>
    <time>2025-08-10T10:54:43Z</time>
   </trkpt>
   <trkpt lat="25.0203010" lon="121.4231970">
    <ele>15.6</ele>
    <time>2025-08-10T10:54:44Z</time>
   </trkpt>
   <trkpt lat="25.0203010" lon="121.4231970">
    <ele>15.6</ele>
    <time>2025-08-10T10:54:45Z</time>
   </trkpt>
   <trkpt lat="25.0203010" lon="121.4231970">
    <ele>15.6</ele>
    <time>2025-08-10T10:54:46Z</time>
   </trkpt>
   <trkpt lat="25.0203010" lon="121.4231970">
    <ele>15.6</ele>
    <time>2025-08-10T10:54:47Z</time>
   </trkpt>
   <trkpt lat="25.0202830" lon="121.4231640">
    <ele>15.6</ele>
    <time>2025-08-10T10:54:48Z</time>
   </trkpt>
   <trkpt lat="25.0202830" lon="121.4231650">
    <ele>15.6</ele>
    <time>2025-08-10T10:54:49Z</time>
   </trkpt>
   <trkpt lat="25.0203010" lon="121.4231330">
    <ele>15.6</ele>
    <time>2025-08-10T10:54:50Z</time>
   </trkpt>
   <trkpt lat="25.0202960" lon="121.4231290">
    <ele>15.6</ele>
    <time>2025-08-10T10:54:51Z</time>
   </trkpt>
   <trkpt lat="25.0202860" lon="121.4231330">
    <ele>15.6</ele>
    <time>2025-08-10T10:54:52Z</time>
   </trkpt>
   <trkpt lat="25.0202820" lon="121.4231320">
    <ele>15.7</ele>
    <time>2025-08-10T10:54:53Z</time>
   </trkpt>
   <trkpt lat="25.0202820" lon="121.4231330">
    <ele>15.7</ele>
    <time>2025-08-10T10:54:54Z</time>
   </trkpt>
   <trkpt lat="25.0202820" lon="121.4231330">
    <ele>15.7</ele>
    <time>2025-08-10T10:54:55Z</time>
   </trkpt>
   <trkpt lat="25.0202820" lon="121.4231330">
    <ele>15.7</ele>
    <time>2025-08-10T10:54:56Z</time>
   </trkpt>
   <trkpt lat="25.0202820" lon="121.4231330">
    <ele>15.7</ele>
    <time>2025-08-10T10:54:57Z</time>
   </trkpt>
   <trkpt lat="25.0202820" lon="121.4231330">
    <ele>15.7</ele>
    <time>2025-08-10T10:54:58Z</time>
   </trkpt>
   <trkpt lat="25.0202820" lon="121.4231330">
    <ele>15.7</ele>
    <time>2025-08-10T10:54:59Z</time>
   </trkpt>
   <trkpt lat="25.0203020" lon="121.4231000">
    <ele>15.7</ele>
    <time>2025-08-10T10:55:00Z</time>
   </trkpt>
   <trkpt lat="25.0203010" lon="121.4230890">
    <ele>15.7</ele>
    <time>2025-08-10T10:55:01Z</time>
   </trkpt>
   <trkpt lat="25.0202850" lon="121.4230760">
    <ele>15.7</ele>
    <time>2025-08-10T10:55:02Z</time>
   </trkpt>
   <trkpt lat="25.0202940" lon="121.4230840">
    <ele>15.7</ele>
    <time>2025-08-10T10:55:03Z</time>
   </trkpt>
   <trkpt lat="25.0203000" lon="121.4230980">
    <ele>15.7</ele>
    <time>2025-08-10T10:55:04Z</time>
   </trkpt>
   <trkpt lat="25.0202940" lon="121.4231350">
    <ele>15.8</ele>
    <time>2025-08-10T10:55:05Z</time>
   </trkpt>
   <trkpt lat="25.0202990" lon="121.4231390">
    <ele>15.8</ele>
    <time>2025-08-10T10:55:06Z</time>
   </trkpt>
   <trkpt lat="25.0202980" lon="121.4231590">
    <ele>15.8</ele>
    <time>2025-08-10T10:55:07Z</time>
   </trkpt>
   <trkpt lat="25.0203090" lon="121.4231510">
    <ele>15.8</ele>
    <time>2025-08-10T10:55:08Z</time>
   </trkpt>
   <trkpt lat="25.0203240" lon="121.4231410">
    <ele>15.8</ele>
    <time>2025-08-10T10:55:09Z</time>
   </trkpt>
   <trkpt lat="25.0203170" lon="121.4231330">
    <ele>15.8</ele>
    <time>2025-08-10T10:55:10Z</time>
   </trkpt>
   <trkpt lat="25.0202960" lon="121.4231550">
    <ele>15.8</ele>
    <time>2025-08-10T10:55:11Z</time>
   </trkpt>
   <trkpt lat="25.0202880" lon="121.4231420">
    <ele>15.8</ele>
    <time>2025-08-10T10:55:12Z</time>
   </trkpt>
   <trkpt lat="25.0202900" lon="121.4231470">
    <ele>15.8</ele>
    <time>2025-08-10T10:55:13Z</time>
   </trkpt>
   <trkpt lat="25.0202930" lon="121.4231510">
    <ele>15.9</ele>
    <time>2025-08-10T10:55:14Z</time>
   </trkpt>
   <trkpt lat="25.0202950" lon="121.4231550">
    <ele>15.9</ele>
    <time>2025-08-10T10:55:15Z</time>
   </trkpt>
   <trkpt lat="25.0202980" lon="121.4231600">
    <ele>15.9</ele>
    <time>2025-08-10T10:55:16Z</time>
   </trkpt>
   <trkpt lat="25.0203000" lon="121.4231640">
    <ele>15.9</ele>
    <time>2025-08-10T10:55:17Z</time>
   </trkpt>
   <trkpt lat="25.0203030" lon="121.4231690">
    <ele>15.9</ele>
    <time>2025-08-10T10:55:18Z</time>
   </trkpt>
   <trkpt lat="25.0203050" lon="121.4231730">
    <ele>15.9</ele>
    <time>2025-08-10T10:55:19Z</time>
   </trkpt>
   <trkpt lat="25.0203080" lon="121.4231770">
    <ele>15.9</ele>
    <time>2025-08-10T10:55:20Z</time>
   </trkpt>
   <trkpt lat="25.0203100" lon="121.4231820">
    <ele>15.9</ele>
    <time>2025-08-10T10:55:21Z</time>
   </trkpt>
   <trkpt lat="25.0203130" lon="121.4231860">
    <ele>15.9</ele>
    <time>2025-08-10T10:55:22Z</time>
   </trkpt>
   <trkpt lat="25.0203150" lon="121.4231900">
    <ele>15.9</ele>
    <time>2025-08-10T10:55:23Z</time>
   </trkpt>
   <trkpt lat="25.0203180" lon="121.4231950">
    <ele>15.9</ele>
    <time>2025-08-10T10:55:24Z</time>
   </trkpt>
   <trkpt lat="25.0203200" lon="121.4231990">
    <ele>15.9</ele>
    <time>2025-08-10T10:55:25Z</time>
   </trkpt>
   <trkpt lat="25.0203230" lon="121.4232040">
    <ele>15.9</ele>
    <time>2025-08-10T10:55:26Z</time>
   </trkpt>
   <trkpt lat="25.0203250" lon="121.4232080">
    <ele>15.9</ele>
    <time>2025-08-10T10:55:27Z</time>
   </trkpt>
   <trkpt lat="25.0203280" lon="121.4232120">
    <ele>15.9</ele>
    <time>2025-08-10T10:55:28Z</time>
   </trkpt>
   <trkpt lat="25.0203300" lon="121.4232170">
    <ele>15.9</ele>
    <time>2025-08-10T10:55:29Z</time>
   </trkpt>
   <trkpt lat="25.0203330" lon="121.4232210">
    <ele>15.9</ele>
    <time>2025-08-10T10:55:30Z</time>
   </trkpt>
   <trkpt lat="25.0203420" lon="121.4232200">
    <ele>15.9</ele>
    <time>2025-08-10T10:55:31Z</time>
   </trkpt>
   <trkpt lat="25.0203420" lon="121.4232170">
    <ele>15.9</ele>
    <time>2025-08-10T10:55:32Z</time>
   </trkpt>
   <trkpt lat="25.0203420" lon="121.4232140">
    <ele>15.9</ele>
    <time>2025-08-10T10:55:33Z</time>
   </trkpt>
   <trkpt lat="25.0203420" lon="121.4232110">
    <ele>15.9</ele>
    <time>2025-08-10T10:55:34Z</time>
   </trkpt>
   <trkpt lat="25.0203420" lon="121.4232080">
    <ele>15.9</ele>
    <time>2025-08-10T10:55:35Z</time>
   </trkpt>
   <trkpt lat="25.0203420" lon="121.4232050">
    <ele>15.9</ele>
    <time>2025-08-10T10:55:36Z</time>
   </trkpt>
   <trkpt lat="25.0203420" lon="121.4232020">
    <ele>15.9</ele>
    <time>2025-08-10T10:55:37Z</time>
   </trkpt>
   <trkpt lat="25.0203430" lon="121.4231990">
    <ele>15.9</ele>
    <time>2025-08-10T10:55:38Z</time>
   </trkpt>
   <trkpt lat="25.0203430" lon="121.4231960">
    <ele>15.9</ele>
    <time>2025-08-10T10:55:39Z</time>
   </trkpt>
   <trkpt lat="25.0203430" lon="121.4231930">
    <ele>15.9</ele>
    <time>2025-08-10T10:55:40Z</time>
   </trkpt>
   <trkpt lat="25.0203430" lon="121.4231900">
    <ele>15.9</ele>
    <time>2025-08-10T10:55:41Z</time>
   </trkpt>
   <trkpt lat="25.0203430" lon="121.4231870">
    <ele>15.9</ele>
    <time>2025-08-10T10:55:42Z</time>
   </trkpt>
   <trkpt lat="25.0203430" lon="121.4231840">
    <ele>15.9</ele>
    <time>2025-08-10T10:55:43Z</time>
   </trkpt>
   <trkpt lat="25.0203430" lon="121.4231810">
    <ele>15.9</ele>
    <time>2025-08-10T10:55:44Z</time>
   </trkpt>
   <trkpt lat="25.0203430" lon="121.4231780">
    <ele>15.9</ele>
    <time>2025-08-10T10:55:45Z</time>
   </trkpt>
   <trkpt lat="25.0203440" lon="121.4231530">
    <ele>16.0</ele>
    <time>2025-08-10T10:55:46Z</time>
   </trkpt>
   <trkpt lat="25.0203420" lon="121.4231450">
    <ele>16.0</ele>
    <time>2025-08-10T10:55:47Z</time>
   </trkpt>
   <trkpt lat="25.0203400" lon="121.4231370">
    <ele>16.0</ele>
    <time>2025-08-10T10:55:48Z</time>
   </trkpt>
   <trkpt lat="25.0203390" lon="121.4231260">
    <ele>16.0</ele>
    <time>2025-08-10T10:55:49Z</time>
   </trkpt>
   <trkpt lat="25.0203380" lon="121.4231210">
    <ele>16.0</ele>
    <time>2025-08-10T10:55:50Z</time>
   </trkpt>
   <trkpt lat="25.0203390" lon="121.4231120">
    <ele>16.0</ele>
    <time>2025-08-10T10:55:51Z</time>
   </trkpt>
   <trkpt lat="25.0203370" lon="121.4231020">
    <ele>16.0</ele>
    <time>2025-08-10T10:55:52Z</time>
   </trkpt>
   <trkpt lat="25.0203370" lon="121.4230950">
    <ele>16.0</ele>
    <time>2025-08-10T10:55:53Z</time>
   </trkpt>
   <trkpt lat="25.0203360" lon="121.4230910">
    <ele>16.0</ele>
    <time>2025-08-10T10:55:54Z</time>
   </trkpt>
   <trkpt lat="25.0203370" lon="121.4230780">
    <ele>16.0</ele>
    <time>2025-08-10T10:55:55Z</time>
   </trkpt>
   <trkpt lat="25.0203330" lon="121.4230690">
    <ele>16.0</ele>
    <time>2025-08-10T10:55:56Z</time>
   </trkpt>
   <trkpt lat="25.0203350" lon="121.4230660">
    <ele>16.0</ele>
    <time>2025-08-10T10:55:57Z</time>
   </trkpt>
   <trkpt lat="25.0203260" lon="121.4230590">
    <ele>16.0</ele>
    <time>2025-08-10T10:55:58Z</time>
   </trkpt>
   <trkpt lat="25.0203240" lon="121.4230590">
    <ele>16.0</ele>
    <time>2025-08-10T10:55:59Z</time>
   </trkpt>
   <trkpt lat="25.0203190" lon="121.4230530">
    <ele>16.0</ele>
    <time>2025-08-10T10:56:00Z</time>
   </trkpt>
   <trkpt lat="25.0203150" lon="121.4230490">
    <ele>16.0</ele>
    <time>2025-08-10T10:56:01Z</time>
   </trkpt>
   <trkpt lat="25.0203090" lon="121.4230450">
    <ele>16.0</ele>
    <time>2025-08-10T10:56:02Z</time>
   </trkpt>
   <trkpt lat="25.0203020" lon="121.4230430">
    <ele>16.0</ele>
    <time>2025-08-10T10:56:03Z</time>
   </trkpt>
   <trkpt lat="25.0202940" lon="121.4230370">
    <ele>16.0</ele>
    <time>2025-08-10T10:56:04Z</time>
   </trkpt>
   <trkpt lat="25.0202890" lon="121.4230330">
    <ele>16.0</ele>
    <time>2025-08-10T10:56:05Z</time>
   </trkpt>
   <trkpt lat="25.0202840" lon="121.4230270">
    <ele>16.0</ele>
    <time>2025-08-10T10:56:06Z</time>
   </trkpt>
   <trkpt lat="25.0202780" lon="121.4230230">
    <ele>16.0</ele>
    <time>2025-08-10T10:56:07Z</time>
   </trkpt>
   <trkpt lat="25.0202730" lon="121.4230200">
    <ele>16.0</ele>
    <time>2025-08-10T10:56:08Z</time>
   </trkpt>
   <trkpt lat="25.0202710" lon="121.4230210">
    <ele>16.0</ele>
    <time>2025-08-10T10:56:09Z</time>
   </trkpt>
   <trkpt lat="25.0202740" lon="121.4230230">
    <ele>16.0</ele>
    <time>2025-08-10T10:56:10Z</time>
   </trkpt>
   <trkpt lat="25.0202760" lon="121.4230200">
    <ele>16.0</ele>
    <time>2025-08-10T10:56:11Z</time>
   </trkpt>
   <trkpt lat="25.0202690" lon="121.4230190">
    <ele>16.0</ele>
    <time>2025-08-10T10:56:12Z</time>
   </trkpt>
   <trkpt lat="25.0202700" lon="121.4230230">
    <ele>16.0</ele>
    <time>2025-08-10T10:56:13Z</time>
   </trkpt>
   <trkpt lat="25.0202740" lon="121.4230160">
    <ele>16.0</ele>
    <time>2025-08-10T10:56:14Z</time>
   </trkpt>
   <trkpt lat="25.0202700" lon="121.4230170">
    <ele>16.0</ele>
    <time>2025-08-10T10:56:15Z</time>
   </trkpt>
   <trkpt lat="25.0202760" lon="121.4230120">
    <ele>16.0</ele>
    <time>2025-08-10T10:56:16Z</time>
   </trkpt>
   <trkpt lat="25.0202770" lon="121.4230120">
    <ele>16.0</ele>
    <time>2025-08-10T10:56:17Z</time>
   </trkpt>
   <trkpt lat="25.0202730" lon="121.4230250">
    <ele>16.0</ele>
    <time>2025-08-10T10:56:18Z</time>
   </trkpt>
   <trkpt lat="25.0202740" lon="121.4230280">
    <ele>16.0</ele>
    <time>2025-08-10T10:56:19Z</time>
   </trkpt>
   <trkpt lat="25.0202720" lon="121.4230320">
    <ele>15.9</ele>
    <time>2025-08-10T10:56:20Z</time>
   </trkpt>
   <trkpt lat="25.0202750" lon="121.4230220">
    <ele>15.9</ele>
    <time>2025-08-10T10:56:21Z</time>
   </trkpt>
   <trkpt lat="25.0202720" lon="121.4230240">
    <ele>15.9</ele>
    <time>2025-08-10T10:56:22Z</time>
   </trkpt>
   <trkpt lat="25.0202720" lon="121.4230280">
    <ele>15.9</ele>
    <time>2025-08-10T10:56:23Z</time>
   </trkpt>
   <trkpt lat="25.0202830" lon="121.4230170">
    <ele>15.9</ele>
    <time>2025-08-10T10:56:24Z</time>
   </trkpt>
   <trkpt lat="25.0202850" lon="121.4230090">
    <ele>15.9</ele>
    <time>2025-08-10T10:56:25Z</time>
   </trkpt>
   <trkpt lat="25.0202970" lon="121.4229950">
    <ele>15.9</ele>
    <time>2025-08-10T10:56:26Z</time>
   </trkpt>
   <trkpt lat="25.0202920" lon="121.4229990">
    <ele>15.9</ele>
    <time>2025-08-10T10:56:27Z</time>
   </trkpt>
   <trkpt lat="25.0202950" lon="121.4230040">
    <ele>15.9</ele>
    <time>2025-08-10T10:56:29Z</time>
   </trkpt>
   <trkpt lat="25.0203140" lon="121.4230090">
    <ele>15.9</ele>
    <time>2025-08-10T10:56:30Z</time>
   </trkpt>
   <trkpt lat="25.0203140" lon="121.4230100">
    <ele>15.9</ele>
    <time>2025-08-10T10:56:31Z</time>
   </trkpt>
   <trkpt lat="25.0203140" lon="121.4230180">
    <ele>15.9</ele>
    <time>2025-08-10T10:56:32Z</time>
   </trkpt>
   <trkpt lat="25.0203100" lon="121.4230190">
    <ele>15.9</ele>
    <time>2025-08-10T10:56:33Z</time>
   </trkpt>
   <trkpt lat="25.0203120" lon="121.4230200">
    <ele>15.9</ele>
    <time>2025-08-10T10:56:34Z</time>
   </trkpt>
   <trkpt lat="25.0203100" lon="121.4230190">
    <ele>15.9</ele>
    <time>2025-08-10T10:56:35Z</time>
   </trkpt>
   <trkpt lat="25.0203090" lon="121.4230180">
    <ele>15.9</ele>
    <time>2025-08-10T10:56:36Z</time>
   </trkpt>
   <trkpt lat="25.0203070" lon="121.4230170">
    <ele>15.9</ele>
    <time>2025-08-10T10:56:37Z</time>
   </trkpt>
   <trkpt lat="25.0203050" lon="121.4230160">
    <ele>15.9</ele>
    <time>2025-08-10T10:56:38Z</time>
   </trkpt>
   <trkpt lat="25.0203030" lon="121.4230150">
    <ele>15.9</ele>
    <time>2025-08-10T10:56:39Z</time>
   </trkpt>
   <trkpt lat="25.0203020" lon="121.4230140">
    <ele>15.9</ele>
    <time>2025-08-10T10:56:40Z</time>
   </trkpt>
   <trkpt lat="25.0203000" lon="121.4230130">
    <ele>15.9</ele>
    <time>2025-08-10T10:56:41Z</time>
   </trkpt>
   <trkpt lat="25.0202980" lon="121.4230120">
    <ele>15.9</ele>
    <time>2025-08-10T10:56:42Z</time>
   </trkpt>
   <trkpt lat="25.0202960" lon="121.4230110">
    <ele>15.9</ele>
    <time>2025-08-10T10:56:43Z</time>
   </trkpt>
   <trkpt lat="25.0202950" lon="121.4230110">
    <ele>15.9</ele>
    <time>2025-08-10T10:56:44Z</time>
   </trkpt>
   <trkpt lat="25.0202930" lon="121.4230100">
    <ele>15.9</ele>
    <time>2025-08-10T10:56:45Z</time>
   </trkpt>
   <trkpt lat="25.0202910" lon="121.4230090">
    <ele>15.9</ele>
    <time>2025-08-10T10:56:46Z</time>
   </trkpt>
   <trkpt lat="25.0202890" lon="121.4230080">
    <ele>15.9</ele>
    <time>2025-08-10T10:56:47Z</time>
   </trkpt>
   <trkpt lat="25.0202880" lon="121.4230070">
    <ele>15.9</ele>
    <time>2025-08-10T10:56:48Z</time>
   </trkpt>
   <trkpt lat="25.0202860" lon="121.4230060">
    <ele>15.9</ele>
    <time>2025-08-10T10:56:49Z</time>
   </trkpt>
   <trkpt lat="25.0202840" lon="121.4230050">
    <ele>15.9</ele>
    <time>2025-08-10T10:56:50Z</time>
   </trkpt>
   <trkpt lat="25.0202820" lon="121.4230040">
    <ele>15.9</ele>
    <time>2025-08-10T10:56:51Z</time>
   </trkpt>
   <trkpt lat="25.0202810" lon="121.4230030">
    <ele>15.9</ele>
    <time>2025-08-10T10:56:52Z</time>
   </trkpt>
   <trkpt lat="25.0202790" lon="121.4230020">
    <ele>15.9</ele>
    <time>2025-08-10T10:56:53Z</time>
   </trkpt>
   <trkpt lat="25.0202900" lon="121.4229850">
    <ele>15.9</ele>
    <time>2025-08-10T10:56:54Z</time>
   </trkpt>
   <trkpt lat="25.0202740" lon="121.4229770">
    <ele>15.8</ele>
    <time>2025-08-10T10:56:55Z</time>
   </trkpt>
   <trkpt lat="25.0202680" lon="121.4229850">
    <ele>15.8</ele>
    <time>2025-08-10T10:56:56Z</time>
   </trkpt>
   <trkpt lat="25.0202550" lon="121.4229710">
    <ele>15.8</ele>
    <time>2025-08-10T10:56:57Z</time>
   </trkpt>
   <trkpt lat="25.0202430" lon="121.4229530">
    <ele>15.8</ele>
    <time>2025-08-10T10:56:58Z</time>
   </trkpt>
   <trkpt lat="25.0202450" lon="121.4229370">
    <ele>15.8</ele>
    <time>2025-08-10T10:56:59Z</time>
   </trkpt>
   <trkpt lat="25.0202480" lon="121.4229220">
    <ele>15.8</ele>
    <time>2025-08-10T10:57:00Z</time>
   </trkpt>
   <trkpt lat="25.0202480" lon="121.4229200">
    <ele>15.8</ele>
    <time>2025-08-10T10:57:01Z</time>
   </trkpt>
   <trkpt lat="25.0202390" lon="121.4229530">
    <ele>15.8</ele>
    <time>2025-08-10T10:57:02Z</time>
   </trkpt>
   <trkpt lat="25.0202340" lon="121.4229890">
    <ele>15.8</ele>
    <time>2025-08-10T10:57:03Z</time>
   </trkpt>
   <trkpt lat="25.0202350" lon="121.4230040">
    <ele>15.8</ele>
    <time>2025-08-10T10:57:04Z</time>
   </trkpt>
   <trkpt lat="25.0202400" lon="121.4230150">
    <ele>15.7</ele>
    <time>2025-08-10T10:57:05Z</time>
   </trkpt>
   <trkpt lat="25.0202400" lon="121.4230240">
    <ele>15.7</ele>
    <time>2025-08-10T10:57:06Z</time>
   </trkpt>
   <trkpt lat="25.0202420" lon="121.4230270">
    <ele>15.7</ele>
    <time>2025-08-10T10:57:07Z</time>
   </trkpt>
   <trkpt lat="25.0202410" lon="121.4230400">
    <ele>15.7</ele>
    <time>2025-08-10T10:57:08Z</time>
   </trkpt>
   <trkpt lat="25.0202460" lon="121.4230470">
    <ele>15.7</ele>
    <time>2025-08-10T10:57:09Z</time>
   </trkpt>
   <trkpt lat="25.0202460" lon="121.4230470">
    <ele>15.7</ele>
    <time>2025-08-10T10:57:10Z</time>
   </trkpt>
   <trkpt lat="25.0202460" lon="121.4230470">
    <ele>15.7</ele>
    <time>2025-08-10T10:57:11Z</time>
   </trkpt>
   <trkpt lat="25.0202460" lon="121.4230470">
    <ele>15.7</ele>
    <time>2025-08-10T10:57:12Z</time>
   </trkpt>
   <trkpt lat="25.0202460" lon="121.4230470">
    <ele>15.7</ele>
    <time>2025-08-10T10:57:13Z</time>
   </trkpt>
   <trkpt lat="25.0202460" lon="121.4230470">
    <ele>15.7</ele>
    <time>2025-08-10T10:57:14Z</time>
   </trkpt>
   <trkpt lat="25.0202460" lon="121.4230470">
    <ele>15.7</ele>
    <time>2025-08-10T10:57:15Z</time>
   </trkpt>
   <trkpt lat="25.0202460" lon="121.4230470">
    <ele>15.7</ele>
    <time>2025-08-10T10:57:16Z</time>
   </trkpt>
   <trkpt lat="25.0202460" lon="121.4230470">
    <ele>15.7</ele>
    <time>2025-08-10T10:57:17Z</time>
   </trkpt>
   <trkpt lat="25.0202530" lon="121.4230250">
    <ele>15.7</ele>
    <time>2025-08-10T10:57:18Z</time>
   </trkpt>
   <trkpt lat="25.0202530" lon="121.4230250">
    <ele>15.7</ele>
    <time>2025-08-10T10:57:19Z</time>
   </trkpt>
   <trkpt lat="25.0202530" lon="121.4230250">
    <ele>15.7</ele>
    <time>2025-08-10T10:57:20Z</time>
   </trkpt>
   <trkpt lat="25.0202550" lon="121.4230320">
    <ele>15.7</ele>
    <time>2025-08-10T10:57:21Z</time>
   </trkpt>
   <trkpt lat="25.0202550" lon="121.4230320">
    <ele>15.7</ele>
    <time>2025-08-10T10:57:22Z</time>
   </trkpt>
   <trkpt lat="25.0202550" lon="121.4230320">
    <ele>15.7</ele>
    <time>2025-08-10T10:57:23Z</time>
   </trkpt>
   <trkpt lat="25.0202550" lon="121.4230320">
    <ele>15.7</ele>
    <time>2025-08-10T10:57:24Z</time>
   </trkpt>
   <trkpt lat="25.0202550" lon="121.4230320">
    <ele>15.7</ele>
    <time>2025-08-10T10:57:25Z</time>
   </trkpt>
   <trkpt lat="25.0202550" lon="121.4230320">
    <ele>15.7</ele>
    <time>2025-08-10T10:57:26Z</time>
   </trkpt>
   <trkpt lat="25.0202550" lon="121.4230320">
    <ele>15.7</ele>
    <time>2025-08-10T10:57:27Z</time>
   </trkpt>
   <trkpt lat="25.0202550" lon="121.4230320">
    <ele>15.7</ele>
    <time>2025-08-10T10:57:28Z</time>
   </trkpt>
   <trkpt lat="25.0202550" lon="121.4230320">
    <ele>15.7</ele>
    <time>2025-08-10T10:57:29Z</time>
   </trkpt>
   <trkpt lat="25.0202550" lon="121.4230320">
    <ele>15.7</ele>
    <time>2025-08-10T10:57:30Z</time>
   </trkpt>
   <trkpt lat="25.0202550" lon="121.4230320">
    <ele>15.7</ele>
    <time>2025-08-10T10:57:31Z</time>
   </trkpt>
   <trkpt lat="25.0202550" lon="121.4230320">
    <ele>15.7</ele>
    <time>2025-08-10T10:57:32Z</time>
   </trkpt>
   <trkpt lat="25.0202550" lon="121.4230320">
    <ele>15.7</ele>
    <time>2025-08-10T10:57:33Z</time>
   </trkpt>
   <trkpt lat="25.0202660" lon="121.4230240">
    <ele>15.7</ele>
    <time>2025-08-10T10:57:34Z</time>
   </trkpt>
   <trkpt lat="25.0202660" lon="121.4230240">
    <ele>15.7</ele>
    <time>2025-08-10T10:57:35Z</time>
   </trkpt>
   <trkpt lat="25.0202660" lon="121.4230240">
    <ele>15.7</ele>
    <time>2025-08-10T10:57:36Z</time>
   </trkpt>
   <trkpt lat="25.0202660" lon="121.4230240">
    <ele>15.7</ele>
    <time>2025-08-10T10:57:37Z</time>
   </trkpt>
   <trkpt lat="25.0202660" lon="121.4230240">
    <ele>15.7</ele>
    <time>2025-08-10T10:57:38Z</time>
   </trkpt>
   <trkpt lat="25.0202720" lon="121.4230340">
    <ele>15.7</ele>
    <time>2025-08-10T10:57:39Z</time>
   </trkpt>
   <trkpt lat="25.0202720" lon="121.4230350">
    <ele>15.7</ele>
    <time>2025-08-10T10:57:40Z</time>
   </trkpt>
   <trkpt lat="25.0202720" lon="121.4230350">
    <ele>15.7</ele>
    <time>2025-08-10T10:57:41Z</time>
   </trkpt>
   <trkpt lat="25.0202720" lon="121.4230350">
    <ele>15.7</ele>
    <time>2025-08-10T10:57:42Z</time>
   </trkpt>
   <trkpt lat="25.0202770" lon="121.4230440">
    <ele>15.7</ele>
    <time>2025-08-10T10:57:43Z</time>
   </trkpt>
   <trkpt lat="25.0202830" lon="121.4230450">
    <ele>15.7</ele>
    <time>2025-08-10T10:57:44Z</time>
   </trkpt>
   <trkpt lat="25.0202830" lon="121.4230430">
    <ele>15.7</ele>
    <time>2025-08-10T10:57:45Z</time>
   </trkpt>
   <trkpt lat="25.0202860" lon="121.4230360">
    <ele>15.7</ele>
    <time>2025-08-10T10:57:46Z</time>
   </trkpt>
   <trkpt lat="25.0203070" lon="121.4230210">
    <ele>15.7</ele>
    <time>2025-08-10T10:57:47Z</time>
   </trkpt>
   <trkpt lat="25.0203090" lon="121.4230190">
    <ele>15.7</ele>
    <time>2025-08-10T10:57:48Z</time>
   </trkpt>
   <trkpt lat="25.0203060" lon="121.4230090">
    <ele>15.7</ele>
    <time>2025-08-10T10:57:49Z</time>
   </trkpt>
   <trkpt lat="25.0202990" lon="121.4230000">
    <ele>15.6</ele>
    <time>2025-08-10T10:57:50Z</time>
   </trkpt>
   <trkpt lat="25.0203040" lon="121.4229830">
    <ele>15.6</ele>
    <time>2025-08-10T10:57:51Z</time>
   </trkpt>
   <trkpt lat="25.0203010" lon="121.4229690">
    <ele>15.6</ele>
    <time>2025-08-10T10:57:52Z</time>
   </trkpt>
   <trkpt lat="25.0202960" lon="121.4229660">
    <ele>15.6</ele>
    <time>2025-08-10T10:57:53Z</time>
   </trkpt>
   <trkpt lat="25.0202950" lon="121.4229630">
    <ele>15.6</ele>
    <time>2025-08-10T10:57:54Z</time>
   </trkpt>
   <trkpt lat="25.0202950" lon="121.4229620">
    <ele>15.6</ele>
    <time>2025-08-10T10:57:55Z</time>
   </trkpt>
   <trkpt lat="25.0202830" lon="121.4229650">
    <ele>15.6</ele>
    <time>2025-08-10T10:57:56Z</time>
   </trkpt>
   <trkpt lat="25.0202760" lon="121.4229710">
    <ele>15.6</ele>
    <time>2025-08-10T10:57:57Z</time>
   </trkpt>
   <trkpt lat="25.0202770" lon="121.4229660">
    <ele>15.6</ele>
    <time>2025-08-10T10:57:58Z</time>
   </trkpt>
   <trkpt lat="25.0202740" lon="121.4229790">
    <ele>15.6</ele>
    <time>2025-08-10T10:57:59Z</time>
   </trkpt>
   <trkpt lat="25.0202660" lon="121.4230040">
    <ele>15.6</ele>
    <time>2025-08-10T10:58:00Z</time>
   </trkpt>
   <trkpt lat="25.0202520" lon="121.4230350">
    <ele>15.6</ele>
    <time>2025-08-10T10:58:01Z</time>
   </trkpt>
   <trkpt lat="25.0202380" lon="121.4230540">
    <ele>15.6</ele>
    <time>2025-08-10T10:58:02Z</time>
   </trkpt>
   <trkpt lat="25.0202150" lon="121.4230640">
    <ele>15.5</ele>
    <time>2025-08-10T10:58:03Z</time>
   </trkpt>
   <trkpt lat="25.0202150" lon="121.4230550">
    <ele>15.5</ele>
    <time>2025-08-10T10:58:04Z</time>
   </trkpt>
   <trkpt lat="25.0202040" lon="121.4230480">
    <ele>15.5</ele>
    <time>2025-08-10T10:58:05Z</time>
   </trkpt>
   <trkpt lat="25.0201840" lon="121.4230530">
    <ele>15.5</ele>
    <time>2025-08-10T10:58:06Z</time>
   </trkpt>
   <trkpt lat="25.0201690" lon="121.4230480">
    <ele>15.5</ele>
    <time>2025-08-10T10:58:07Z</time>
   </trkpt>
   <trkpt lat="25.0201720" lon="121.4230170">
    <ele>15.5</ele>
    <time>2025-08-10T10:58:08Z</time>
   </trkpt>
   <trkpt lat="25.0201720" lon="121.4230060">
    <ele>15.5</ele>
    <time>2025-08-10T10:58:09Z</time>
   </trkpt>
   <trkpt lat="25.0201750" lon="121.4229710">
    <ele>15.5</ele>
    <time>2025-08-10T10:58:10Z</time>
   </trkpt>
   <trkpt lat="25.0201730" lon="121.4229600">
    <ele>15.5</ele>
    <time>2025-08-10T10:58:11Z</time>
   </trkpt>
   <trkpt lat="25.0201670" lon="121.4229450">
    <ele>15.5</ele>
    <time>2025-08-10T10:58:12Z</time>
   </trkpt>
   <trkpt lat="25.0201670" lon="121.4229390">
    <ele>15.4</ele>
    <time>2025-08-10T10:58:13Z</time>
   </trkpt>
   <trkpt lat="25.0201660" lon="121.4229320">
    <ele>15.4</ele>
    <time>2025-08-10T10:58:14Z</time>
   </trkpt>
   <trkpt lat="25.0201640" lon="121.4229250">
    <ele>15.4</ele>
    <time>2025-08-10T10:58:15Z</time>
   </trkpt>
   <trkpt lat="25.0201530" lon="121.4229300">
    <ele>15.4</ele>
    <time>2025-08-10T10:58:16Z</time>
   </trkpt>
   <trkpt lat="25.0201460" lon="121.4229400">
    <ele>15.4</ele>
    <time>2025-08-10T10:58:17Z</time>
   </trkpt>
   <trkpt lat="25.0201340" lon="121.4229350">
    <ele>15.4</ele>
    <time>2025-08-10T10:58:18Z</time>
   </trkpt>
   <trkpt lat="25.0201280" lon="121.4229430">
    <ele>15.4</ele>
    <time>2025-08-10T10:58:19Z</time>
   </trkpt>
   <trkpt lat="25.0201270" lon="121.4229440">
    <ele>15.4</ele>
    <time>2025-08-10T10:58:20Z</time>
   </trkpt>
   <trkpt lat="25.0201270" lon="121.4229450">
    <ele>15.4</ele>
    <time>2025-08-10T10:58:21Z</time>
   </trkpt>
   <trkpt lat="25.0201180" lon="121.4229560">
    <ele>15.4</ele>
    <time>2025-08-10T10:58:22Z</time>
   </trkpt>
   <trkpt lat="25.0201110" lon="121.4229610">
    <ele>15.4</ele>
    <time>2025-08-10T10:58:23Z</time>
   </trkpt>
   <trkpt lat="25.0201040" lon="121.4229680">
    <ele>15.4</ele>
    <time>2025-08-10T10:58:24Z</time>
   </trkpt>
   <trkpt lat="25.0201000" lon="121.4229730">
    <ele>15.4</ele>
    <time>2025-08-10T10:58:25Z</time>
   </trkpt>
   <trkpt lat="25.0200910" lon="121.4229820">
    <ele>15.4</ele>
    <time>2025-08-10T10:58:26Z</time>
   </trkpt>
   <trkpt lat="25.0200870" lon="121.4229890">
    <ele>15.4</ele>
    <time>2025-08-10T10:58:27Z</time>
   </trkpt>
   <trkpt lat="25.0200810" lon="121.4229960">
    <ele>15.4</ele>
    <time>2025-08-10T10:58:28Z</time>
   </trkpt>
   <trkpt lat="25.0200770" lon="121.4230050">
    <ele>15.3</ele>
    <time>2025-08-10T10:58:29Z</time>
   </trkpt>
   <trkpt lat="25.0200710" lon="121.4230110">
    <ele>15.3</ele>
    <time>2025-08-10T10:58:30Z</time>
   </trkpt>
   <trkpt lat="25.0200690" lon="121.4230180">
    <ele>15.3</ele>
    <time>2025-08-10T10:58:31Z</time>
   </trkpt>
   <trkpt lat="25.0200620" lon="121.4230220">
    <ele>15.3</ele>
    <time>2025-08-10T10:58:32Z</time>
   </trkpt>
   <trkpt lat="25.0200550" lon="121.4230260">
    <ele>15.3</ele>
    <time>2025-08-10T10:58:33Z</time>
   </trkpt>
   <trkpt lat="25.0200490" lon="121.4230290">
    <ele>15.3</ele>
    <time>2025-08-10T10:58:34Z</time>
   </trkpt>
   <trkpt lat="25.0200470" lon="121.4230360">
    <ele>15.3</ele>
    <time>2025-08-10T10:58:35Z</time>
   </trkpt>
   <trkpt lat="25.0200490" lon="121.4230460">
    <ele>15.3</ele>
    <time>2025-08-10T10:58:36Z</time>
   </trkpt>
   <trkpt lat="25.0200480" lon="121.4230530">
    <ele>15.3</ele>
    <time>2025-08-10T10:58:37Z</time>
   </trkpt>
   <trkpt lat="25.0200470" lon="121.4230550">
    <ele>15.3</ele>
    <time>2025-08-10T10:58:38Z</time>
   </trkpt>
   <trkpt lat="25.0200430" lon="121.4230600">
    <ele>15.3</ele>
    <time>2025-08-10T10:58:39Z</time>
   </trkpt>
   <trkpt lat="25.0200490" lon="121.4230670">
    <ele>15.3</ele>
    <time>2025-08-10T10:58:40Z</time>
   </trkpt>
   <trkpt lat="25.0200560" lon="121.4230730">
    <ele>15.3</ele>
    <time>2025-08-10T10:58:41Z</time>
   </trkpt>
   <trkpt lat="25.0200480" lon="121.4230640">
    <ele>15.3</ele>
    <time>2025-08-10T10:58:42Z</time>
   </trkpt>
   <trkpt lat="25.0200480" lon="121.4230640">
    <ele>15.3</ele>
    <time>2025-08-10T10:58:43Z</time>
   </trkpt>
   <trkpt lat="25.0200510" lon="121.4230680">
    <ele>15.3</ele>
    <time>2025-08-10T10:58:44Z</time>
   </trkpt>
   <trkpt lat="25.0200530" lon="121.4230740">
    <ele>15.3</ele>
    <time>2025-08-10T10:58:45Z</time>
   </trkpt>
   <trkpt lat="25.0200330" lon="121.4230650">
    <ele>15.3</ele>
    <time>2025-08-10T10:58:46Z</time>
   </trkpt>
   <trkpt lat="25.0200470" lon="121.4230700">
    <ele>15.2</ele>
    <time>2025-08-10T10:58:47Z</time>
   </trkpt>
   <trkpt lat="25.0200490" lon="121.4230710">
    <ele>15.2</ele>
    <time>2025-08-10T10:58:48Z</time>
   </trkpt>
   <trkpt lat="25.0200680" lon="121.4230850">
    <ele>15.2</ele>
    <time>2025-08-10T10:58:49Z</time>
   </trkpt>
   <trkpt lat="25.0200660" lon="121.4230860">
    <ele>15.2</ele>
    <time>2025-08-10T10:58:50Z</time>
   </trkpt>
   <trkpt lat="25.0200680" lon="121.4230880">
    <ele>15.2</ele>
    <time>2025-08-10T10:58:51Z</time>
   </trkpt>
   <trkpt lat="25.0200700" lon="121.4230900">
    <ele>15.2</ele>
    <time>2025-08-10T10:58:52Z</time>
   </trkpt>
   <trkpt lat="25.0200720" lon="121.4230920">
    <ele>15.2</ele>
    <time>2025-08-10T10:58:53Z</time>
   </trkpt>
   <trkpt lat="25.0200740" lon="121.4230940">
    <ele>15.2</ele>
    <time>2025-08-10T10:58:54Z</time>
   </trkpt>
   <trkpt lat="25.0200760" lon="121.4230960">
    <ele>15.2</ele>
    <time>2025-08-10T10:58:55Z</time>
   </trkpt>
   <trkpt lat="25.0200780" lon="121.4230980">
    <ele>15.2</ele>
    <time>2025-08-10T10:58:56Z</time>
   </trkpt>
   <trkpt lat="25.0200800" lon="121.4231000">
    <ele>15.2</ele>
    <time>2025-08-10T10:58:57Z</time>
   </trkpt>
   <trkpt lat="25.0200820" lon="121.4231020">
    <ele>15.2</ele>
    <time>2025-08-10T10:58:58Z</time>
   </trkpt>
   <trkpt lat="25.0200830" lon="121.4231030">
    <ele>15.2</ele>
    <time>2025-08-10T10:58:59Z</time>
   </trkpt>
   <trkpt lat="25.0200850" lon="121.4231050">
    <ele>15.2</ele>
    <time>2025-08-10T10:59:00Z</time>
   </trkpt>
   <trkpt lat="25.0200870" lon="121.4231070">
    <ele>15.2</ele>
    <time>2025-08-10T10:59:01Z</time>
   </trkpt>
   <trkpt lat="25.0200890" lon="121.4231090">
    <ele>15.2</ele>
    <time>2025-08-10T10:59:02Z</time>
   </trkpt>
   <trkpt lat="25.0200910" lon="121.4231110">
    <ele>15.2</ele>
    <time>2025-08-10T10:59:03Z</time>
   </trkpt>
   <trkpt lat="25.0200930" lon="121.4231130">
    <ele>15.2</ele>
    <time>2025-08-10T10:59:04Z</time>
   </trkpt>
   <trkpt lat="25.0200950" lon="121.4231150">
    <ele>15.2</ele>
    <time>2025-08-10T10:59:06Z</time>
   </trkpt>
   <trkpt lat="25.0200970" lon="121.4231170">
    <ele>15.2</ele>
    <time>2025-08-10T10:59:07Z</time>
   </trkpt>
   <trkpt lat="25.0200990" lon="121.4231190">
    <ele>15.2</ele>
    <time>2025-08-10T10:59:08Z</time>
   </trkpt>
   <trkpt lat="25.0201010" lon="121.4231210">
    <ele>15.2</ele>
    <time>2025-08-10T10:59:09Z</time>
   </trkpt>
   <trkpt lat="25.0201000" lon="121.4231230">
    <ele>15.2</ele>
    <time>2025-08-10T10:59:10Z</time>
   </trkpt>
   <trkpt lat="25.0201000" lon="121.4231220">
    <ele>15.2</ele>
    <time>2025-08-10T10:59:11Z</time>
   </trkpt>
   <trkpt lat="25.0201000" lon="121.4231220">
    <ele>15.2</ele>
    <time>2025-08-10T10:59:12Z</time>
   </trkpt>
   <trkpt lat="25.0201020" lon="121.4231240">
    <ele>15.2</ele>
    <time>2025-08-10T10:59:13Z</time>
   </trkpt>
   <trkpt lat="25.0201020" lon="121.4231240">
    <ele>15.2</ele>
    <time>2025-08-10T10:59:14Z</time>
   </trkpt>
   <trkpt lat="25.0201030" lon="121.4231240">
    <ele>15.2</ele>
    <time>2025-08-10T10:59:15Z</time>
   </trkpt>
   <trkpt lat="25.0201030" lon="121.4231240">
    <ele>15.2</ele>
    <time>2025-08-10T10:59:16Z</time>
   </trkpt>
   <trkpt lat="25.0201030" lon="121.4231240">
    <ele>15.2</ele>
    <time>2025-08-10T10:59:17Z</time>
   </trkpt>
   <trkpt lat="25.0201030" lon="121.4231240">
    <ele>15.2</ele>
    <time>2025-08-10T10:59:18Z</time>
   </trkpt>
   <trkpt lat="25.0201030" lon="121.4231240">
    <ele>15.2</ele>
    <time>2025-08-10T10:59:19Z</time>
   </trkpt>
   <trkpt lat="25.0201030" lon="121.4231240">
    <ele>15.2</ele>
    <time>2025-08-10T10:59:20Z</time>
   </trkpt>
   <trkpt lat="25.0201030" lon="121.4231240">
    <ele>15.2</ele>
    <time>2025-08-10T10:59:21Z</time>
   </trkpt>
   <trkpt lat="25.0201050" lon="121.4231310">
    <ele>15.2</ele>
    <time>2025-08-10T10:59:22Z</time>
   </trkpt>
   <trkpt lat="25.0201050" lon="121.4231310">
    <ele>15.2</ele>
    <time>2025-08-10T10:59:23Z</time>
   </trkpt>
   <trkpt lat="25.0201050" lon="121.4231310">
    <ele>15.2</ele>
    <time>2025-08-10T10:59:24Z</time>
   </trkpt>
   <trkpt lat="25.0201050" lon="121.4231310">
    <ele>15.2</ele>
    <time>2025-08-10T10:59:25Z</time>
   </trkpt>
   <trkpt lat="25.0201080" lon="121.4231330">
    <ele>15.2</ele>
    <time>2025-08-10T10:59:26Z</time>
   </trkpt>
   <trkpt lat="25.0201100" lon="121.4231340">
    <ele>15.2</ele>
    <time>2025-08-10T10:59:27Z</time>
   </trkpt>
   <trkpt lat="25.0201100" lon="121.4231340">
    <ele>15.2</ele>
    <time>2025-08-10T10:59:28Z</time>
   </trkpt>
   <trkpt lat="25.0201080" lon="121.4231340">
    <ele>15.2</ele>
    <time>2025-08-10T10:59:29Z</time>
   </trkpt>
   <trkpt lat="25.0201080" lon="121.4231340">
    <ele>15.2</ele>
    <time>2025-08-10T10:59:30Z</time>
   </trkpt>
   <trkpt lat="25.0201080" lon="121.4231340">
    <ele>15.2</ele>
    <time>2025-08-10T10:59:31Z</time>
   </trkpt>
   <trkpt lat="25.0201080" lon="121.4231340">
    <ele>15.2</ele>
    <time>2025-08-10T10:59:32Z</time>
   </trkpt>
   <trkpt lat="25.0201020" lon="121.4231240">
    <ele>15.2</ele>
    <time>2025-08-10T10:59:33Z</time>
   </trkpt>
   <trkpt lat="25.0201060" lon="121.4231300">
    <ele>15.2</ele>
    <time>2025-08-10T10:59:34Z</time>
   </trkpt>
   <trkpt lat="25.0201080" lon="121.4231300">
    <ele>15.2</ele>
    <time>2025-08-10T10:59:35Z</time>
   </trkpt>
   <trkpt lat="25.0201050" lon="121.4231280">
    <ele>15.2</ele>
    <time>2025-08-10T10:59:36Z</time>
   </trkpt>
   <trkpt lat="25.0201060" lon="121.4231280">
    <ele>15.2</ele>
    <time>2025-08-10T10:59:37Z</time>
   </trkpt>
   <trkpt lat="25.0201060" lon="121.4231280">
    <ele>15.2</ele>
    <time>2025-08-10T10:59:38Z</time>
   </trkpt>
   <trkpt lat="25.0201070" lon="121.4231290">
    <ele>15.2</ele>
    <time>2025-08-10T10:59:39Z</time>
   </trkpt>
   <trkpt lat="25.0201070" lon="121.4231290">
    <ele>15.2</ele>
    <time>2025-08-10T10:59:40Z</time>
   </trkpt>
   <trkpt lat="25.0201070" lon="121.4231290">
    <ele>15.2</ele>
    <time>2025-08-10T10:59:41Z</time>
   </trkpt>
   <trkpt lat="25.0201070" lon="121.4231290">
    <ele>15.2</ele>
    <time>2025-08-10T10:59:42Z</time>
   </trkpt>
   <trkpt lat="25.0201070" lon="121.4231290">
    <ele>15.2</ele>
    <time>2025-08-10T10:59:43Z</time>
   </trkpt>
   <trkpt lat="25.0201070" lon="121.4231290">
    <ele>15.2</ele>
    <time>2025-08-10T10:59:44Z</time>
   </trkpt>
   <trkpt lat="25.0201070" lon="121.4231290">
    <ele>15.2</ele>
    <time>2025-08-10T10:59:45Z</time>
   </trkpt>
   <trkpt lat="25.0201080" lon="121.4231270">
    <ele>15.2</ele>
    <time>2025-08-10T10:59:46Z</time>
   </trkpt>
   <trkpt lat="25.0201080" lon="121.4231290">
    <ele>15.2</ele>
    <time>2025-08-10T10:59:47Z</time>
   </trkpt>
   <trkpt lat="25.0201080" lon="121.4231290">
    <ele>15.2</ele>
    <time>2025-08-10T10:59:48Z</time>
   </trkpt>
   <trkpt lat="25.0201090" lon="121.4231290">
    <ele>15.2</ele>
    <time>2025-08-10T10:59:49Z</time>
   </trkpt>
   <trkpt lat="25.0201090" lon="121.4231290">
    <ele>15.2</ele>
    <time>2025-08-10T10:59:50Z</time>
   </trkpt>
   <trkpt lat="25.0201090" lon="121.4231280">
    <ele>15.2</ele>
    <time>2025-08-10T10:59:51Z</time>
   </trkpt>
   <trkpt lat="25.0201100" lon="121.4231290">
    <ele>15.2</ele>
    <time>2025-08-10T10:59:52Z</time>
   </trkpt>
   <trkpt lat="25.0201100" lon="121.4231290">
    <ele>15.2</ele>
    <time>2025-08-10T10:59:53Z</time>
   </trkpt>
   <trkpt lat="25.0201100" lon="121.4231290">
    <ele>15.2</ele>
    <time>2025-08-10T10:59:54Z</time>
   </trkpt>
   <trkpt lat="25.0201100" lon="121.4231290">
    <ele>15.2</ele>
    <time>2025-08-10T10:59:55Z</time>
   </trkpt>
   <trkpt lat="25.0201100" lon="121.4231290">
    <ele>15.2</ele>
    <time>2025-08-10T10:59:56Z</time>
   </trkpt>
   <trkpt lat="25.0201100" lon="121.4231290">
    <ele>15.2</ele>
    <time>2025-08-10T10:59:57Z</time>
   </trkpt>
   <trkpt lat="25.0201080" lon="121.4231280">
    <ele>15.2</ele>
    <time>2025-08-10T10:59:58Z</time>
   </trkpt>
   <trkpt lat="25.0201090" lon="121.4231290">
    <ele>15.2</ele>
    <time>2025-08-10T10:59:59Z</time>
   </trkpt>
   <trkpt lat="25.0201090" lon="121.4231290">
    <ele>15.2</ele>
    <time>2025-08-10T11:00:00Z</time>
   </trkpt>
   <trkpt lat="25.0201090" lon="121.4231290">
    <ele>15.2</ele>
    <time>2025-08-10T11:00:01Z</time>
   </trkpt>
   <trkpt lat="25.0201080" lon="121.4231270">
    <ele>15.1</ele>
    <time>2025-08-10T11:00:02Z</time>
   </trkpt>
   <trkpt lat="25.0201090" lon="121.4231260">
    <ele>15.1</ele>
    <time>2025-08-10T11:00:03Z</time>
   </trkpt>
   <trkpt lat="25.0201090" lon="121.4231260">
    <ele>15.1</ele>
    <time>2025-08-10T11:00:04Z</time>
   </trkpt>
   <trkpt lat="25.0201090" lon="121.4231260">
    <ele>15.1</ele>
    <time>2025-08-10T11:00:05Z</time>
   </trkpt>
   <trkpt lat="25.0201090" lon="121.4231260">
    <ele>15.1</ele>
    <time>2025-08-10T11:00:06Z</time>
   </trkpt>
   <trkpt lat="25.0201090" lon="121.4231260">
    <ele>15.1</ele>
    <time>2025-08-10T11:00:07Z</time>
   </trkpt>
   <trkpt lat="25.0201090" lon="121.4231230">
    <ele>15.1</ele>
    <time>2025-08-10T11:00:08Z</time>
   </trkpt>
   <trkpt lat="25.0201090" lon="121.4231230">
    <ele>15.1</ele>
    <time>2025-08-10T11:00:09Z</time>
   </trkpt>
   <trkpt lat="25.0201090" lon="121.4231230">
    <ele>15.1</ele>
    <time>2025-08-10T11:00:10Z</time>
   </trkpt>
   <trkpt lat="25.0201090" lon="121.4231230">
    <ele>15.1</ele>
    <time>2025-08-10T11:00:11Z</time>
   </trkpt>
   <trkpt lat="25.0201090" lon="121.4231230">
    <ele>15.1</ele>
    <time>2025-08-10T11:00:12Z</time>
   </trkpt>
   <trkpt lat="25.0201090" lon="121.4231230">
    <ele>15.1</ele>
    <time>2025-08-10T11:00:13Z</time>
   </trkpt>
   <trkpt lat="25.0201090" lon="121.4231210">
    <ele>15.1</ele>
    <time>2025-08-10T11:00:14Z</time>
   </trkpt>
   <trkpt lat="25.0201090" lon="121.4231210">
    <ele>15.1</ele>
    <time>2025-08-10T11:00:15Z</time>
   </trkpt>
   <trkpt lat="25.0201090" lon="121.4231210">
    <ele>15.1</ele>
    <time>2025-08-10T11:00:16Z</time>
   </trkpt>
   <trkpt lat="25.0201100" lon="121.4231220">
    <ele>15.1</ele>
    <time>2025-08-10T11:00:17Z</time>
   </trkpt>
   <trkpt lat="25.0201100" lon="121.4231220">
    <ele>15.1</ele>
    <time>2025-08-10T11:00:18Z</time>
   </trkpt>
   <trkpt lat="25.0201110" lon="121.4231220">
    <ele>15.1</ele>
    <time>2025-08-10T11:00:19Z</time>
   </trkpt>
   <trkpt lat="25.0201150" lon="121.4231250">
    <ele>15.1</ele>
    <time>2025-08-10T11:00:20Z</time>
   </trkpt>
   <trkpt lat="25.0201150" lon="121.4231250">
    <ele>15.1</ele>
    <time>2025-08-10T11:00:21Z</time>
   </trkpt>
   <trkpt lat="25.0201150" lon="121.4231250">
    <ele>15.1</ele>
    <time>2025-08-10T11:00:22Z</time>
   </trkpt>
   <trkpt lat="25.0201150" lon="121.4231250">
    <ele>15.1</ele>
    <time>2025-08-10T11:00:23Z</time>
   </trkpt>
   <trkpt lat="25.0201150" lon="121.4231250">
    <ele>15.1</ele>
    <time>2025-08-10T11:00:24Z</time>
   </trkpt>
   <trkpt lat="25.0201150" lon="121.4231250">
    <ele>15.1</ele>
    <time>2025-08-10T11:00:25Z</time>
   </trkpt>
   <trkpt lat="25.0201150" lon="121.4231250">
    <ele>15.1</ele>
    <time>2025-08-10T11:00:26Z</time>
   </trkpt>
   <trkpt lat="25.0201140" lon="121.4231200">
    <ele>15.1</ele>
    <time>2025-08-10T11:00:27Z</time>
   </trkpt>
   <trkpt lat="25.0201150" lon="121.4231210">
    <ele>15.1</ele>
    <time>2025-08-10T11:00:28Z</time>
   </trkpt>
   <trkpt lat="25.0201160" lon="121.4231210">
    <ele>15.1</ele>
    <time>2025-08-10T11:00:29Z</time>
   </trkpt>
   <trkpt lat="25.0201170" lon="121.4231210">
    <ele>15.1</ele>
    <time>2025-08-10T11:00:30Z</time>
   </trkpt>
   <trkpt lat="25.0201170" lon="121.4231210">
    <ele>15.1</ele>
    <time>2025-08-10T11:00:31Z</time>
   </trkpt>
   <trkpt lat="25.0201170" lon="121.4231210">
    <ele>15.1</ele>
    <time>2025-08-10T11:00:32Z</time>
   </trkpt>
   <trkpt lat="25.0201170" lon="121.4231210">
    <ele>15.1</ele>
    <time>2025-08-10T11:00:33Z</time>
   </trkpt>
   <trkpt lat="25.0201170" lon="121.4231210">
    <ele>15.1</ele>
    <time>2025-08-10T11:00:34Z</time>
   </trkpt>
   <trkpt lat="25.0201170" lon="121.4231210">
    <ele>15.1</ele>
    <time>2025-08-10T11:00:35Z</time>
   </trkpt>
   <trkpt lat="25.0201170" lon="121.4231210">
    <ele>15.1</ele>
    <time>2025-08-10T11:00:36Z</time>
   </trkpt>
   <trkpt lat="25.0201170" lon="121.4231210">
    <ele>15.1</ele>
    <time>2025-08-10T11:00:37Z</time>
   </trkpt>
   <trkpt lat="25.0201170" lon="121.4231210">
    <ele>15.1</ele>
    <time>2025-08-10T11:00:38Z</time>
   </trkpt>
   <trkpt lat="25.0201170" lon="121.4231210">
    <ele>15.1</ele>
    <time>2025-08-10T11:00:39Z</time>
   </trkpt>
   <trkpt lat="25.0201170" lon="121.4231210">
    <ele>15.1</ele>
    <time>2025-08-10T11:00:40Z</time>
   </trkpt>
   <trkpt lat="25.0201170" lon="121.4231210">
    <ele>15.1</ele>
    <time>2025-08-10T11:00:41Z</time>
   </trkpt>
   <trkpt lat="25.0201170" lon="121.4231210">
    <ele>15.1</ele>
    <time>2025-08-10T11:00:42Z</time>
   </trkpt>
   <trkpt lat="25.0201170" lon="121.4231210">
    <ele>15.1</ele>
    <time>2025-08-10T11:00:43Z</time>
   </trkpt>
   <trkpt lat="25.0201170" lon="121.4231210">
    <ele>15.1</ele>
    <time>2025-08-10T11:00:44Z</time>
   </trkpt>
   <trkpt lat="25.0201170" lon="121.4231210">
    <ele>15.1</ele>
    <time>2025-08-10T11:00:45Z</time>
   </trkpt>
   <trkpt lat="25.0201170" lon="121.4231210">
    <ele>15.1</ele>
    <time>2025-08-10T11:00:46Z</time>
   </trkpt>
   <trkpt lat="25.0201170" lon="121.4231210">
    <ele>15.1</ele>
    <time>2025-08-10T11:00:47Z</time>
   </trkpt>
   <trkpt lat="25.0201170" lon="121.4231210">
    <ele>15.1</ele>
    <time>2025-08-10T11:00:48Z</time>
   </trkpt>
   <trkpt lat="25.0201170" lon="121.4231210">
    <ele>15.1</ele>
    <time>2025-08-10T11:00:49Z</time>
   </trkpt>
   <trkpt lat="25.0201170" lon="121.4231210">
    <ele>15.1</ele>
    <time>2025-08-10T11:00:51Z</time>
   </trkpt>
   <trkpt lat="25.0201170" lon="121.4231210">
    <ele>15.1</ele>
    <time>2025-08-10T11:00:52Z</time>
   </trkpt>
   <trkpt lat="25.0201170" lon="121.4231210">
    <ele>15.1</ele>
    <time>2025-08-10T11:00:53Z</time>
   </trkpt>
   <trkpt lat="25.0201170" lon="121.4231210">
    <ele>15.1</ele>
    <time>2025-08-10T11:00:54Z</time>
   </trkpt>
   <trkpt lat="25.0201170" lon="121.4231210">
    <ele>15.1</ele>
    <time>2025-08-10T11:00:55Z</time>
   </trkpt>
   <trkpt lat="25.0201170" lon="121.4231210">
    <ele>15.1</ele>
    <time>2025-08-10T11:00:56Z</time>
   </trkpt>
   <trkpt lat="25.0201250" lon="121.4231140">
    <ele>15.1</ele>
    <time>2025-08-10T11:00:57Z</time>
   </trkpt>
   <trkpt lat="25.0201130" lon="121.4231060">
    <ele>15.1</ele>
    <time>2025-08-10T11:00:58Z</time>
   </trkpt>
   <trkpt lat="25.0201090" lon="121.4231050">
    <ele>15.1</ele>
    <time>2025-08-10T11:00:59Z</time>
   </trkpt>
   <trkpt lat="25.0201130" lon="121.4231050">
    <ele>15.1</ele>
    <time>2025-08-10T11:01:00Z</time>
   </trkpt>
   <trkpt lat="25.0201110" lon="121.4231050">
    <ele>15.1</ele>
    <time>2025-08-10T11:01:01Z</time>
   </trkpt>
   <trkpt lat="25.0201120" lon="121.4231050">
    <ele>15.1</ele>
    <time>2025-08-10T11:01:02Z</time>
   </trkpt>
   <trkpt lat="25.0201120" lon="121.4231050">
    <ele>15.1</ele>
    <time>2025-08-10T11:01:03Z</time>
   </trkpt>
   <trkpt lat="25.0201160" lon="121.4231060">
    <ele>15.1</ele>
    <time>2025-08-10T11:01:04Z</time>
   </trkpt>
   <trkpt lat="25.0201160" lon="121.4231070">
    <ele>15.1</ele>
    <time>2025-08-10T11:01:05Z</time>
   </trkpt>
   <trkpt lat="25.0201160" lon="121.4231070">
    <ele>15.1</ele>
    <time>2025-08-10T11:01:06Z</time>
   </trkpt>
   <trkpt lat="25.0201150" lon="121.4231070">
    <ele>15.1</ele>
    <time>2025-08-10T11:01:07Z</time>
   </trkpt>
   <trkpt lat="25.0201160" lon="121.4231080">
    <ele>15.1</ele>
    <time>2025-08-10T11:01:08Z</time>
   </trkpt>
   <trkpt lat="25.0201140" lon="121.4231050">
    <ele>15.1</ele>
    <time>2025-08-10T11:01:09Z</time>
   </trkpt>
   <trkpt lat="25.0201150" lon="121.4231070">
    <ele>15.1</ele>
    <time>2025-08-10T11:01:10Z</time>
   </trkpt>
   <trkpt lat="25.0201140" lon="121.4231060">
    <ele>15.1</ele>
    <time>2025-08-10T11:01:11Z</time>
   </trkpt>
   <trkpt lat="25.0201150" lon="121.4231070">
    <ele>15.1</ele>
    <time>2025-08-10T11:01:12Z</time>
   </trkpt>
   <trkpt lat="25.0201140" lon="121.4231070">
    <ele>15.1</ele>
    <time>2025-08-10T11:01:13Z</time>
   </trkpt>
   <trkpt lat="25.0201150" lon="121.4231070">
    <ele>15.1</ele>
    <time>2025-08-10T11:01:14Z</time>
   </trkpt>
   <trkpt lat="25.0201140" lon="121.4231070">
    <ele>15.1</ele>
    <time>2025-08-10T11:01:15Z</time>
   </trkpt>
   <trkpt lat="25.0201110" lon="121.4231040">
    <ele>15.1</ele>
    <time>2025-08-10T11:01:16Z</time>
   </trkpt>
   <trkpt lat="25.0201060" lon="121.4231000">
    <ele>15.1</ele>
    <time>2025-08-10T11:01:17Z</time>
   </trkpt>
   <trkpt lat="25.0201030" lon="121.4230960">
    <ele>15.1</ele>
    <time>2025-08-10T11:01:18Z</time>
   </trkpt>
   <trkpt lat="25.0201010" lon="121.4231000">
    <ele>15.1</ele>
    <time>2025-08-10T11:01:19Z</time>
   </trkpt>
   <trkpt lat="25.0201020" lon="121.4230980">
    <ele>15.1</ele>
    <time>2025-08-10T11:01:20Z</time>
   </trkpt>
   <trkpt lat="25.0201000" lon="121.4230940">
    <ele>15.1</ele>
    <time>2025-08-10T11:01:21Z</time>
   </trkpt>
   <trkpt lat="25.0200940" lon="121.4230890">
    <ele>15.1</ele>
    <time>2025-08-10T11:01:22Z</time>
   </trkpt>
   <trkpt lat="25.0200830" lon="121.4230930">
    <ele>15.1</ele>
    <time>2025-08-10T11:01:23Z</time>
   </trkpt>
   <trkpt lat="25.0200740" lon="121.4230950">
    <ele>15.1</ele>
    <time>2025-08-10T11:01:24Z</time>
   </trkpt>
   <trkpt lat="25.0200660" lon="121.4230980">
    <ele>15.1</ele>
    <time>2025-08-10T11:01:25Z</time>
   </trkpt>
   <trkpt lat="25.0200570" lon="121.4231000">
    <ele>15.0</ele>
    <time>2025-08-10T11:01:26Z</time>
   </trkpt>
   <trkpt lat="25.0200640" lon="121.4231060">
    <ele>15.0</ele>
    <time>2025-08-10T11:01:27Z</time>
   </trkpt>
   <trkpt lat="25.0200600" lon="121.4231070">
    <ele>15.0</ele>
    <time>2025-08-10T11:01:28Z</time>
   </trkpt>
   <trkpt lat="25.0200540" lon="121.4231020">
    <ele>15.0</ele>
    <time>2025-08-10T11:01:29Z</time>
   </trkpt>
   <trkpt lat="25.0200530" lon="121.4231030">
    <ele>15.0</ele>
    <time>2025-08-10T11:01:30Z</time>
   </trkpt>
   <trkpt lat="25.0200530" lon="121.4231030">
    <ele>15.0</ele>
    <time>2025-08-10T11:01:31Z</time>
   </trkpt>
   <trkpt lat="25.0200530" lon="121.4231030">
    <ele>15.0</ele>
    <time>2025-08-10T11:01:32Z</time>
   </trkpt>
   <trkpt lat="25.0200530" lon="121.4231030">
    <ele>15.0</ele>
    <time>2025-08-10T11:01:33Z</time>
   </trkpt>
   <trkpt lat="25.0200530" lon="121.4231030">
    <ele>15.0</ele>
    <time>2025-08-10T11:01:34Z</time>
   </trkpt>
   <trkpt lat="25.0200530" lon="121.4231030">
    <ele>15.0</ele>
    <time>2025-08-10T11:01:35Z</time>
   </trkpt>
   <trkpt lat="25.0200350" lon="121.4231070">
    <ele>15.0</ele>
    <time>2025-08-10T11:01:36Z</time>
   </trkpt>
   <trkpt lat="25.0200350" lon="121.4231070">
    <ele>15.0</ele>
    <time>2025-08-10T11:01:37Z</time>
   </trkpt>
   <trkpt lat="25.0200350" lon="121.4231070">
    <ele>15.0</ele>
    <time>2025-08-10T11:01:38Z</time>
   </trkpt>
   <trkpt lat="25.0200350" lon="121.4231070">
    <ele>15.0</ele>
    <time>2025-08-10T11:01:39Z</time>
   </trkpt>
   <trkpt lat="25.0200350" lon="121.4231070">
    <ele>15.0</ele>
    <time>2025-08-10T11:01:40Z</time>
   </trkpt>
   <trkpt lat="25.0200350" lon="121.4231070">
    <ele>15.0</ele>
    <time>2025-08-10T11:01:41Z</time>
   </trkpt>
   <trkpt lat="25.0200220" lon="121.4231020">
    <ele>15.0</ele>
    <time>2025-08-10T11:01:42Z</time>
   </trkpt>
   <trkpt lat="25.0200160" lon="121.4230970">
    <ele>15.0</ele>
    <time>2025-08-10T11:01:43Z</time>
   </trkpt>
   <trkpt lat="25.0200170" lon="121.4230930">
    <ele>15.0</ele>
    <time>2025-08-10T11:01:44Z</time>
   </trkpt>
   <trkpt lat="25.0200130" lon="121.4230900">
    <ele>15.0</ele>
    <time>2025-08-10T11:01:45Z</time>
   </trkpt>
   <trkpt lat="25.0200130" lon="121.4230900">
    <ele>15.0</ele>
    <time>2025-08-10T11:01:46Z</time>
   </trkpt>
   <trkpt lat="25.0200130" lon="121.4230900">
    <ele>15.0</ele>
    <time>2025-08-10T11:01:47Z</time>
   </trkpt>
   <trkpt lat="25.0200130" lon="121.4230900">
    <ele>15.0</ele>
    <time>2025-08-10T11:01:48Z</time>
   </trkpt>
   <trkpt lat="25.0200130" lon="121.4230900">
    <ele>15.0</ele>
    <time>2025-08-10T11:01:49Z</time>
   </trkpt>
   <trkpt lat="25.0200130" lon="121.4230900">
    <ele>15.0</ele>
    <time>2025-08-10T11:01:50Z</time>
   </trkpt>
   <trkpt lat="25.0200130" lon="121.4230900">
    <ele>15.0</ele>
    <time>2025-08-10T11:01:51Z</time>
   </trkpt>
   <trkpt lat="25.0199960" lon="121.4230870">
    <ele>15.0</ele>
    <time>2025-08-10T11:01:52Z</time>
   </trkpt>
   <trkpt lat="25.0199960" lon="121.4230870">
    <ele>15.0</ele>
    <time>2025-08-10T11:01:53Z</time>
   </trkpt>
   <trkpt lat="25.0199960" lon="121.4230870">
    <ele>15.0</ele>
    <time>2025-08-10T11:01:54Z</time>
   </trkpt>
   <trkpt lat="25.0199960" lon="121.4230870">
    <ele>15.0</ele>
    <time>2025-08-10T11:01:55Z</time>
   </trkpt>
   <trkpt lat="25.0199850" lon="121.4230800">
    <ele>15.0</ele>
    <time>2025-08-10T11:01:56Z</time>
   </trkpt>
   <trkpt lat="25.0199810" lon="121.4230820">
    <ele>15.0</ele>
    <time>2025-08-10T11:01:57Z</time>
   </trkpt>
   <trkpt lat="25.0199780" lon="121.4230770">
    <ele>15.0</ele>
    <time>2025-08-10T11:01:58Z</time>
   </trkpt>
   <trkpt lat="25.0199810" lon="121.4230750">
    <ele>15.0</ele>
    <time>2025-08-10T11:01:59Z</time>
   </trkpt>
   <trkpt lat="25.0199770" lon="121.4230780">
    <ele>15.0</ele>
    <time>2025-08-10T11:02:00Z</time>
   </trkpt>
   <trkpt lat="25.0199770" lon="121.4230750">
    <ele>15.0</ele>
    <time>2025-08-10T11:02:01Z</time>
   </trkpt>
   <trkpt lat="25.0199680" lon="121.4230730">
    <ele>15.0</ele>
    <time>2025-08-10T11:02:02Z</time>
   </trkpt>
   <trkpt lat="25.0199650" lon="121.4230690">
    <ele>15.0</ele>
    <time>2025-08-10T11:02:03Z</time>
   </trkpt>
   <trkpt lat="25.0199640" lon="121.4230720">
    <ele>15.0</ele>
    <time>2025-08-10T11:02:04Z</time>
   </trkpt>
   <trkpt lat="25.0199760" lon="121.4230670">
    <ele>14.9</ele>
    <time>2025-08-10T11:02:05Z</time>
   </trkpt>
   <trkpt lat="25.0199590" lon="121.4230450">
    <ele>14.9</ele>
    <time>2025-08-10T11:02:06Z</time>
   </trkpt>
   <trkpt lat="25.0199610" lon="121.4230440">
    <ele>14.9</ele>
    <time>2025-08-10T11:02:07Z</time>
   </trkpt>
   <trkpt lat="25.0199680" lon="121.4230540">
    <ele>14.9</ele>
    <time>2025-08-10T11:02:08Z</time>
   </trkpt>
   <trkpt lat="25.0199530" lon="121.4230630">
    <ele>14.9</ele>
    <time>2025-08-10T11:02:09Z</time>
   </trkpt>
   <trkpt lat="25.0199840" lon="121.4230540">
    <ele>14.9</ele>
    <time>2025-08-10T11:02:10Z</time>
   </trkpt>
   <trkpt lat="25.0199910" lon="121.4230550">
    <ele>14.9</ele>
    <time>2025-08-10T11:02:11Z</time>
   </trkpt>
   <trkpt lat="25.0199920" lon="121.4230550">
    <ele>14.9</ele>
    <time>2025-08-10T11:02:12Z</time>
   </trkpt>
   <trkpt lat="25.0199930" lon="121.4230460">
    <ele>14.9</ele>
    <time>2025-08-10T11:02:13Z</time>
   </trkpt>
   <trkpt lat="25.0199930" lon="121.4230460">
    <ele>14.9</ele>
    <time>2025-08-10T11:02:14Z</time>
   </trkpt>
   <trkpt lat="25.0199930" lon="121.4230460">
    <ele>14.9</ele>
    <time>2025-08-10T11:02:15Z</time>
   </trkpt>
   <trkpt lat="25.0200020" lon="121.4230240">
    <ele>14.9</ele>
    <time>2025-08-10T11:02:16Z</time>
   </trkpt>
   <trkpt lat="25.0200040" lon="121.4230240">
    <ele>14.9</ele>
    <time>2025-08-10T11:02:17Z</time>
   </trkpt>
   <trkpt lat="25.0200040" lon="121.4230240">
    <ele>14.9</ele>
    <time>2025-08-10T11:02:18Z</time>
   </trkpt>
   <trkpt lat="25.0200000" lon="121.4230160">
    <ele>14.9</ele>
    <time>2025-08-10T11:02:19Z</time>
   </trkpt>
   <trkpt lat="25.0200000" lon="121.4230160">
    <ele>14.9</ele>
    <time>2025-08-10T11:02:20Z</time>
   </trkpt>
   <trkpt lat="25.0200000" lon="121.4230160">
    <ele>14.9</ele>
    <time>2025-08-10T11:02:21Z</time>
   </trkpt>
   <trkpt lat="25.0200000" lon="121.4230160">
    <ele>14.9</ele>
    <time>2025-08-10T11:02:22Z</time>
   </trkpt>
   <trkpt lat="25.0200000" lon="121.4230160">
    <ele>14.9</ele>
    <time>2025-08-10T11:02:23Z</time>
   </trkpt>
   <trkpt lat="25.0200000" lon="121.4230160">
    <ele>14.9</ele>
    <time>2025-08-10T11:02:24Z</time>
   </trkpt>
   <trkpt lat="25.0200130" lon="121.4230070">
    <ele>14.8</ele>
    <time>2025-08-10T11:02:25Z</time>
   </trkpt>
   <trkpt lat="25.0200120" lon="121.4230070">
    <ele>14.8</ele>
    <time>2025-08-10T11:02:26Z</time>
   </trkpt>
   <trkpt lat="25.0200130" lon="121.4230070">
    <ele>14.8</ele>
    <time>2025-08-10T11:02:27Z</time>
   </trkpt>
   <trkpt lat="25.0200130" lon="121.4230070">
    <ele>14.8</ele>
    <time>2025-08-10T11:02:28Z</time>
   </trkpt>
   <trkpt lat="25.0200130" lon="121.4230070">
    <ele>14.8</ele>
    <time>2025-08-10T11:02:29Z</time>
   </trkpt>
   <trkpt lat="25.0200160" lon="121.4230090">
    <ele>14.8</ele>
    <time>2025-08-10T11:02:30Z</time>
   </trkpt>
   <trkpt lat="25.0200120" lon="121.4230110">
    <ele>14.8</ele>
    <time>2025-08-10T11:02:31Z</time>
   </trkpt>
   <trkpt lat="25.0200110" lon="121.4230110">
    <ele>14.8</ele>
    <time>2025-08-10T11:02:32Z</time>
   </trkpt>
   <trkpt lat="25.0200100" lon="121.4230110">
    <ele>14.8</ele>
    <time>2025-08-10T11:02:33Z</time>
   </trkpt>
   <trkpt lat="25.0200100" lon="121.4230110">
    <ele>14.8</ele>
    <time>2025-08-10T11:02:34Z</time>
   </trkpt>
   <trkpt lat="25.0200100" lon="121.4230110">
    <ele>14.8</ele>
    <time>2025-08-10T11:02:35Z</time>
   </trkpt>
   <trkpt lat="25.0200100" lon="121.4230110">
    <ele>14.8</ele>
    <time>2025-08-10T11:02:36Z</time>
   </trkpt>
   <trkpt lat="25.0200100" lon="121.4230110">
    <ele>14.8</ele>
    <time>2025-08-10T11:02:37Z</time>
   </trkpt>
   <trkpt lat="25.0200150" lon="121.4230070">
    <ele>14.8</ele>
    <time>2025-08-10T11:02:38Z</time>
   </trkpt>
   <trkpt lat="25.0200150" lon="121.4230070">
    <ele>14.8</ele>
    <time>2025-08-10T11:02:39Z</time>
   </trkpt>
   <trkpt lat="25.0200150" lon="121.4230070">
    <ele>14.8</ele>
    <time>2025-08-10T11:02:40Z</time>
   </trkpt>
   <trkpt lat="25.0200150" lon="121.4230070">
    <ele>14.8</ele>
    <time>2025-08-10T11:02:41Z</time>
   </trkpt>
   <trkpt lat="25.0200150" lon="121.4230070">
    <ele>14.8</ele>
    <time>2025-08-10T11:02:42Z</time>
   </trkpt>
   <trkpt lat="25.0200320" lon="121.4230100">
    <ele>14.8</ele>
    <time>2025-08-10T11:02:43Z</time>
   </trkpt>
   <trkpt lat="25.0200290" lon="121.4230130">
    <ele>14.8</ele>
    <time>2025-08-10T11:02:44Z</time>
   </trkpt>
   <trkpt lat="25.0200280" lon="121.4230150">
    <ele>14.8</ele>
    <time>2025-08-10T11:02:45Z</time>
   </trkpt>
   <trkpt lat="25.0200270" lon="121.4230160">
    <ele>14.8</ele>
    <time>2025-08-10T11:02:46Z</time>
   </trkpt>
   <trkpt lat="25.0200270" lon="121.4230180">
    <ele>14.8</ele>
    <time>2025-08-10T11:02:47Z</time>
   </trkpt>
   <trkpt lat="25.0200260" lon="121.4230200">
    <ele>14.8</ele>
    <time>2025-08-10T11:02:48Z</time>
   </trkpt>
   <trkpt lat="25.0200250" lon="121.4230220">
    <ele>14.8</ele>
    <time>2025-08-10T11:02:49Z</time>
   </trkpt>
   <trkpt lat="25.0200240" lon="121.4230240">
    <ele>14.8</ele>
    <time>2025-08-10T11:02:50Z</time>
   </trkpt>
   <trkpt lat="25.0200230" lon="121.4230260">
    <ele>14.8</ele>
    <time>2025-08-10T11:02:51Z</time>
   </trkpt>
   <trkpt lat="25.0200220" lon="121.4230270">
    <ele>14.8</ele>
    <time>2025-08-10T11:02:52Z</time>
   </trkpt>
   <trkpt lat="25.0200210" lon="121.4230290">
    <ele>14.8</ele>
    <time>2025-08-10T11:02:53Z</time>
   </trkpt>
   <trkpt lat="25.0200200" lon="121.4230310">
    <ele>14.8</ele>
    <time>2025-08-10T11:02:54Z</time>
   </trkpt>
   <trkpt lat="25.0200200" lon="121.4230330">
    <ele>14.8</ele>
    <time>2025-08-10T11:02:55Z</time>
   </trkpt>
   <trkpt lat="25.0200190" lon="121.4230350">
    <ele>14.8</ele>
    <time>2025-08-10T11:02:56Z</time>
   </trkpt>
   <trkpt lat="25.0200180" lon="121.4230370">
    <ele>14.8</ele>
    <time>2025-08-10T11:02:57Z</time>
   </trkpt>
   <trkpt lat="25.0200170" lon="121.4230380">
    <ele>14.8</ele>
    <time>2025-08-10T11:02:58Z</time>
   </trkpt>
   <trkpt lat="25.0200160" lon="121.4230400">
    <ele>14.8</ele>
    <time>2025-08-10T11:02:59Z</time>
   </trkpt>
   <trkpt lat="25.0200150" lon="121.4230420">
    <ele>14.8</ele>
    <time>2025-08-10T11:03:00Z</time>
   </trkpt>
   <trkpt lat="25.0200140" lon="121.4230440">
    <ele>14.8</ele>
    <time>2025-08-10T11:03:01Z</time>
   </trkpt>
   <trkpt lat="25.0200130" lon="121.4230460">
    <ele>14.8</ele>
    <time>2025-08-10T11:03:02Z</time>
   </trkpt>
   <trkpt lat="25.0200130" lon="121.4230480">
    <ele>14.8</ele>
    <time>2025-08-10T11:03:03Z</time>
   </trkpt>
   <trkpt lat="25.0200120" lon="121.4230490">
    <ele>14.8</ele>
    <time>2025-08-10T11:03:04Z</time>
   </trkpt>
   <trkpt lat="25.0200110" lon="121.4230510">
    <ele>14.8</ele>
    <time>2025-08-10T11:03:05Z</time>
   </trkpt>
   <trkpt lat="25.0200100" lon="121.4230530">
    <ele>14.8</ele>
    <time>2025-08-10T11:03:06Z</time>
   </trkpt>
   <trkpt lat="25.0200080" lon="121.4230550">
    <ele>14.8</ele>
    <time>2025-08-10T11:03:07Z</time>
   </trkpt>
   <trkpt lat="25.0200070" lon="121.4230570">
    <ele>14.8</ele>
    <time>2025-08-10T11:03:08Z</time>
   </trkpt>
   <trkpt lat="25.0200060" lon="121.4230580">
    <ele>14.8</ele>
    <time>2025-08-10T11:03:09Z</time>
   </trkpt>
   <trkpt lat="25.0200050" lon="121.4230590">
    <ele>14.8</ele>
    <time>2025-08-10T11:03:10Z</time>
   </trkpt>
   <trkpt lat="25.0200040" lon="121.4230610">
    <ele>14.8</ele>
    <time>2025-08-10T11:03:11Z</time>
   </trkpt>
   <trkpt lat="25.0200030" lon="121.4230620">
    <ele>14.8</ele>
    <time>2025-08-10T11:03:12Z</time>
   </trkpt>
   <trkpt lat="25.0200020" lon="121.4230630">
    <ele>14.8</ele>
    <time>2025-08-10T11:03:13Z</time>
   </trkpt>
   <trkpt lat="25.0200010" lon="121.4230640">
    <ele>14.8</ele>
    <time>2025-08-10T11:03:14Z</time>
   </trkpt>
   <trkpt lat="25.0200000" lon="121.4230660">
    <ele>14.8</ele>
    <time>2025-08-10T11:03:15Z</time>
   </trkpt>
   <trkpt lat="25.0199990" lon="121.4230670">
    <ele>14.8</ele>
    <time>2025-08-10T11:03:16Z</time>
   </trkpt>
   <trkpt lat="25.0199980" lon="121.4230680">
    <ele>14.8</ele>
    <time>2025-08-10T11:03:17Z</time>
   </trkpt>
   <trkpt lat="25.0199970" lon="121.4230700">
    <ele>14.8</ele>
    <time>2025-08-10T11:03:18Z</time>
   </trkpt>
   <trkpt lat="25.0199960" lon="121.4230710">
    <ele>14.8</ele>
    <time>2025-08-10T11:03:19Z</time>
   </trkpt>
   <trkpt lat="25.0199950" lon="121.4230720">
    <ele>14.8</ele>
    <time>2025-08-10T11:03:20Z</time>
   </trkpt>
   <trkpt lat="25.0199940" lon="121.4230740">
    <ele>14.8</ele>
    <time>2025-08-10T11:03:21Z</time>
   </trkpt>
   <trkpt lat="25.0199930" lon="121.4230750">
    <ele>14.8</ele>
    <time>2025-08-10T11:03:22Z</time>
   </trkpt>
   <trkpt lat="25.0199920" lon="121.4230760">
    <ele>14.8</ele>
    <time>2025-08-10T11:03:23Z</time>
   </trkpt>
   <trkpt lat="25.0199910" lon="121.4230770">
    <ele>14.8</ele>
    <time>2025-08-10T11:03:24Z</time>
   </trkpt>
   <trkpt lat="25.0199900" lon="121.4230790">
    <ele>14.8</ele>
    <time>2025-08-10T11:03:25Z</time>
   </trkpt>
   <trkpt lat="25.0199890" lon="121.4230800">
    <ele>14.8</ele>
    <time>2025-08-10T11:03:26Z</time>
   </trkpt>
   <trkpt lat="25.0199880" lon="121.4230810">
    <ele>14.8</ele>
    <time>2025-08-10T11:03:27Z</time>
   </trkpt>
   <trkpt lat="25.0199870" lon="121.4230830">
    <ele>14.8</ele>
    <time>2025-08-10T11:03:28Z</time>
   </trkpt>
   <trkpt lat="25.0199860" lon="121.4230840">
    <ele>14.8</ele>
    <time>2025-08-10T11:03:29Z</time>
   </trkpt>
   <trkpt lat="25.0199820" lon="121.4230920">
    <ele>14.8</ele>
    <time>2025-08-10T11:03:30Z</time>
   </trkpt>
   <trkpt lat="25.0199760" lon="121.4231010">
    <ele>14.8</ele>
    <time>2025-08-10T11:03:31Z</time>
   </trkpt>
   <trkpt lat="25.0199690" lon="121.4231090">
    <ele>14.8</ele>
    <time>2025-08-10T11:03:32Z</time>
   </trkpt>
   <trkpt lat="25.0199650" lon="121.4231190">
    <ele>14.8</ele>
    <time>2025-08-10T11:03:33Z</time>
   </trkpt>
   <trkpt lat="25.0199640" lon="121.4231290">
    <ele>14.8</ele>
    <time>2025-08-10T11:03:34Z</time>
   </trkpt>
   <trkpt lat="25.0199620" lon="121.4231390">
    <ele>14.8</ele>
    <time>2025-08-10T11:03:35Z</time>
   </trkpt>
   <trkpt lat="25.0199600" lon="121.4231480">
    <ele>14.8</ele>
    <time>2025-08-10T11:03:36Z</time>
   </trkpt>
   <trkpt lat="25.0199580" lon="121.4231510">
    <ele>14.8</ele>
    <time>2025-08-10T11:03:37Z</time>
   </trkpt>
   <trkpt lat="25.0199610" lon="121.4231490">
    <ele>14.7</ele>
    <time>2025-08-10T11:03:38Z</time>
   </trkpt>
   <trkpt lat="25.0199510" lon="121.4231500">
    <ele>14.7</ele>
    <time>2025-08-10T11:03:39Z</time>
   </trkpt>
   <trkpt lat="25.0199430" lon="121.4231490">
    <ele>14.7</ele>
    <time>2025-08-10T11:03:40Z</time>
   </trkpt>
   <trkpt lat="25.0199480" lon="121.4231520">
    <ele>14.7</ele>
    <time>2025-08-10T11:03:41Z</time>
   </trkpt>
   <trkpt lat="25.0199510" lon="121.4231520">
    <ele>14.7</ele>
    <time>2025-08-10T11:03:42Z</time>
   </trkpt>
   <trkpt lat="25.0199550" lon="121.4231530">
    <ele>14.7</ele>
    <time>2025-08-10T11:03:43Z</time>
   </trkpt>
   <trkpt lat="25.0199590" lon="121.4231620">
    <ele>14.7</ele>
    <time>2025-08-10T11:03:44Z</time>
   </trkpt>
   <trkpt lat="25.0199650" lon="121.4231670">
    <ele>14.7</ele>
    <time>2025-08-10T11:03:45Z</time>
   </trkpt>
   <trkpt lat="25.0199640" lon="121.4231770">
    <ele>14.7</ele>
    <time>2025-08-10T11:03:46Z</time>
   </trkpt>
   <trkpt lat="25.0199680" lon="121.4231780">
    <ele>14.7</ele>
    <time>2025-08-10T11:03:47Z</time>
   </trkpt>
   <trkpt lat="25.0199710" lon="121.4231810">
    <ele>14.7</ele>
    <time>2025-08-10T11:03:48Z</time>
   </trkpt>
   <trkpt lat="25.0199740" lon="121.4231800">
    <ele>14.7</ele>
    <time>2025-08-10T11:03:49Z</time>
   </trkpt>
   <trkpt lat="25.0199860" lon="121.4231760">
    <ele>14.7</ele>
    <time>2025-08-10T11:03:50Z</time>
   </trkpt>
   <trkpt lat="25.0199890" lon="121.4231750">
    <ele>14.7</ele>
    <time>2025-08-10T11:03:51Z</time>
   </trkpt>
   <trkpt lat="25.0199920" lon="121.4231840">
    <ele>14.7</ele>
    <time>2025-08-10T11:03:52Z</time>
   </trkpt>
   <trkpt lat="25.0199910" lon="121.4232000">
    <ele>14.7</ele>
    <time>2025-08-10T11:03:53Z</time>
   </trkpt>
   <trkpt lat="25.0200010" lon="121.4232120">
    <ele>14.7</ele>
    <time>2025-08-10T11:03:54Z</time>
   </trkpt>
   <trkpt lat="25.0199980" lon="121.4232210">
    <ele>14.7</ele>
    <time>2025-08-10T11:03:55Z</time>
   </trkpt>
   <trkpt lat="25.0200080" lon="121.4232280">
    <ele>14.7</ele>
    <time>2025-08-10T11:03:56Z</time>
   </trkpt>
   <trkpt lat="25.0200120" lon="121.4232260">
    <ele>14.7</ele>
    <time>2025-08-10T11:03:57Z</time>
   </trkpt>
   <trkpt lat="25.0200080" lon="121.4232170">
    <ele>14.7</ele>
    <time>2025-08-10T11:03:58Z</time>
   </trkpt>
   <trkpt lat="25.0199970" lon="121.4232060">
    <ele>14.7</ele>
    <time>2025-08-10T11:03:59Z</time>
   </trkpt>
   <trkpt lat="25.0199880" lon="121.4232000">
    <ele>14.7</ele>
    <time>2025-08-10T11:04:00Z</time>
   </trkpt>
   <trkpt lat="25.0199960" lon="121.4232040">
    <ele>14.7</ele>
    <time>2025-08-10T11:04:01Z</time>
   </trkpt>
   <trkpt lat="25.0199910" lon="121.4231930">
    <ele>14.7</ele>
    <time>2025-08-10T11:04:02Z</time>
   </trkpt>
   <trkpt lat="25.0199970" lon="121.4231940">
    <ele>14.7</ele>
    <time>2025-08-10T11:04:03Z</time>
   </trkpt>
   <trkpt lat="25.0200010" lon="121.4231970">
    <ele>14.7</ele>
    <time>2025-08-10T11:04:04Z</time>
   </trkpt>
   <trkpt lat="25.0200130" lon="121.4232120">
    <ele>14.7</ele>
    <time>2025-08-10T11:04:05Z</time>
   </trkpt>
   <trkpt lat="25.0200070" lon="121.4232040">
    <ele>14.6</ele>
    <time>2025-08-10T11:04:06Z</time>
   </trkpt>
   <trkpt lat="25.0200040" lon="121.4231950">
    <ele>14.6</ele>
    <time>2025-08-10T11:04:07Z</time>
   </trkpt>
   <trkpt lat="25.0200020" lon="121.4231910">
    <ele>14.6</ele>
    <time>2025-08-10T11:04:08Z</time>
   </trkpt>
   <trkpt lat="25.0200000" lon="121.4231980">
    <ele>14.6</ele>
    <time>2025-08-10T11:04:09Z</time>
   </trkpt>
   <trkpt lat="25.0199960" lon="121.4231900">
    <ele>14.6</ele>
    <time>2025-08-10T11:04:10Z</time>
   </trkpt>
   <trkpt lat="25.0199960" lon="121.4231900">
    <ele>14.6</ele>
    <time>2025-08-10T11:04:11Z</time>
   </trkpt>
   <trkpt lat="25.0199950" lon="121.4231920">
    <ele>14.6</ele>
    <time>2025-08-10T11:04:12Z</time>
   </trkpt>
   <trkpt lat="25.0199950" lon="121.4231930">
    <ele>14.6</ele>
    <time>2025-08-10T11:04:13Z</time>
   </trkpt>
   <trkpt lat="25.0199950" lon="121.4231930">
    <ele>14.6</ele>
    <time>2025-08-10T11:04:14Z</time>
   </trkpt>
   <trkpt lat="25.0199950" lon="121.4231930">
    <ele>14.6</ele>
    <time>2025-08-10T11:04:15Z</time>
   </trkpt>
   <trkpt lat="25.0199950" lon="121.4231930">
    <ele>14.6</ele>
    <time>2025-08-10T11:04:16Z</time>
   </trkpt>
   <trkpt lat="25.0199950" lon="121.4231930">
    <ele>14.6</ele>
    <time>2025-08-10T11:04:17Z</time>
   </trkpt>
   <trkpt lat="25.0199950" lon="121.4231930">
    <ele>14.6</ele>
    <time>2025-08-10T11:04:18Z</time>
   </trkpt>
   <trkpt lat="25.0199950" lon="121.4231930">
    <ele>14.6</ele>
    <time>2025-08-10T11:04:19Z</time>
   </trkpt>
   <trkpt lat="25.0199950" lon="121.4231930">
    <ele>14.6</ele>
    <time>2025-08-10T11:04:20Z</time>
   </trkpt>
   <trkpt lat="25.0199950" lon="121.4231930">
    <ele>14.6</ele>
    <time>2025-08-10T11:04:21Z</time>
   </trkpt>
   <trkpt lat="25.0199690" lon="121.4232060">
    <ele>14.6</ele>
    <time>2025-08-10T11:04:22Z</time>
   </trkpt>
   <trkpt lat="25.0199680" lon="121.4232070">
    <ele>14.6</ele>
    <time>2025-08-10T11:04:23Z</time>
   </trkpt>
   <trkpt lat="25.0199670" lon="121.4232080">
    <ele>14.6</ele>
    <time>2025-08-10T11:04:24Z</time>
   </trkpt>
   <trkpt lat="25.0199660" lon="121.4232090">
    <ele>14.6</ele>
    <time>2025-08-10T11:04:25Z</time>
   </trkpt>
   <trkpt lat="25.0199650" lon="121.4232100">
    <ele>14.6</ele>
    <time>2025-08-10T11:04:26Z</time>
   </trkpt>
   <trkpt lat="25.0199640" lon="121.4232110">
    <ele>14.6</ele>
    <time>2025-08-10T11:04:27Z</time>
   </trkpt>
   <trkpt lat="25.0199630" lon="121.4232120">
    <ele>14.6</ele>
    <time>2025-08-10T11:04:28Z</time>
   </trkpt>
   <trkpt lat="25.0199630" lon="121.4232130">
    <ele>14.6</ele>
    <time>2025-08-10T11:04:29Z</time>
   </trkpt>
   <trkpt lat="25.0199620" lon="121.4232140">
    <ele>14.6</ele>
    <time>2025-08-10T11:04:30Z</time>
   </trkpt>
   <trkpt lat="25.0199610" lon="121.4232150">
    <ele>14.6</ele>
    <time>2025-08-10T11:04:31Z</time>
   </trkpt>
   <trkpt lat="25.0199600" lon="121.4232160">
    <ele>14.6</ele>
    <time>2025-08-10T11:04:32Z</time>
   </trkpt>
   <trkpt lat="25.0199590" lon="121.4232170">
    <ele>14.6</ele>
    <time>2025-08-10T11:04:33Z</time>
   </trkpt>
   <trkpt lat="25.0199580" lon="121.4232180">
    <ele>14.6</ele>
    <time>2025-08-10T11:04:34Z</time>
   </trkpt>
   <trkpt lat="25.0199570" lon="121.4232190">
    <ele>14.6</ele>
    <time>2025-08-10T11:04:35Z</time>
   </trkpt>
   <trkpt lat="25.0199560" lon="121.4232210">
    <ele>14.6</ele>
    <time>2025-08-10T11:04:36Z</time>
   </trkpt>
   <trkpt lat="25.0199550" lon="121.4232220">
    <ele>14.6</ele>
    <time>2025-08-10T11:04:37Z</time>
   </trkpt>
   <trkpt lat="25.0199540" lon="121.4232230">
    <ele>14.6</ele>
    <time>2025-08-10T11:04:38Z</time>
   </trkpt>
   <trkpt lat="25.0199530" lon="121.4232240">
    <ele>14.6</ele>
    <time>2025-08-10T11:04:39Z</time>
   </trkpt>
   <trkpt lat="25.0199520" lon="121.4232250">
    <ele>14.6</ele>
    <time>2025-08-10T11:04:40Z</time>
   </trkpt>
   <trkpt lat="25.0199510" lon="121.4232260">
    <ele>14.6</ele>
    <time>2025-08-10T11:04:41Z</time>
   </trkpt>
   <trkpt lat="25.0199500" lon="121.4232270">
    <ele>14.6</ele>
    <time>2025-08-10T11:04:42Z</time>
   </trkpt>
   <trkpt lat="25.0199500" lon="121.4232280">
    <ele>14.6</ele>
    <time>2025-08-10T11:04:43Z</time>
   </trkpt>
   <trkpt lat="25.0199490" lon="121.4232290">
    <ele>14.6</ele>
    <time>2025-08-10T11:04:44Z</time>
   </trkpt>
   <trkpt lat="25.0199480" lon="121.4232300">
    <ele>14.6</ele>
    <time>2025-08-10T11:04:45Z</time>
   </trkpt>
   <trkpt lat="25.0199470" lon="121.4232310">
    <ele>14.6</ele>
    <time>2025-08-10T11:04:46Z</time>
   </trkpt>
   <trkpt lat="25.0199460" lon="121.4232320">
    <ele>14.6</ele>
    <time>2025-08-10T11:04:47Z</time>
   </trkpt>
   <trkpt lat="25.0199450" lon="121.4232330">
    <ele>14.6</ele>
    <time>2025-08-10T11:04:48Z</time>
   </trkpt>
   <trkpt lat="25.0199440" lon="121.4232340">
    <ele>14.6</ele>
    <time>2025-08-10T11:04:49Z</time>
   </trkpt>
   <trkpt lat="25.0199430" lon="121.4232350">
    <ele>14.6</ele>
    <time>2025-08-10T11:04:50Z</time>
   </trkpt>
   <trkpt lat="25.0199420" lon="121.4232360">
    <ele>14.6</ele>
    <time>2025-08-10T11:04:51Z</time>
   </trkpt>
   <trkpt lat="25.0199410" lon="121.4232370">
    <ele>14.6</ele>
    <time>2025-08-10T11:04:52Z</time>
   </trkpt>
   <trkpt lat="25.0199400" lon="121.4232380">
    <ele>14.6</ele>
    <time>2025-08-10T11:04:53Z</time>
   </trkpt>
   <trkpt lat="25.0199390" lon="121.4232390">
    <ele>14.6</ele>
    <time>2025-08-10T11:04:54Z</time>
   </trkpt>
   <trkpt lat="25.0199380" lon="121.4232400">
    <ele>14.6</ele>
    <time>2025-08-10T11:04:56Z</time>
   </trkpt>
   <trkpt lat="25.0199380" lon="121.4232410">
    <ele>14.6</ele>
    <time>2025-08-10T11:04:57Z</time>
   </trkpt>
   <trkpt lat="25.0199370" lon="121.4232420">
    <ele>14.6</ele>
    <time>2025-08-10T11:04:58Z</time>
   </trkpt>
   <trkpt lat="25.0199360" lon="121.4232430">
    <ele>14.6</ele>
    <time>2025-08-10T11:04:59Z</time>
   </trkpt>
   <trkpt lat="25.0199350" lon="121.4232440">
    <ele>14.6</ele>
    <time>2025-08-10T11:05:00Z</time>
   </trkpt>
   <trkpt lat="25.0199340" lon="121.4232450">
    <ele>14.6</ele>
    <time>2025-08-10T11:05:01Z</time>
   </trkpt>
   <trkpt lat="25.0199330" lon="121.4232460">
    <ele>14.6</ele>
    <time>2025-08-10T11:05:02Z</time>
   </trkpt>
   <trkpt lat="25.0199320" lon="121.4232470">
    <ele>14.6</ele>
    <time>2025-08-10T11:05:03Z</time>
   </trkpt>
   <trkpt lat="25.0199310" lon="121.4232490">
    <ele>14.6</ele>
    <time>2025-08-10T11:05:04Z</time>
   </trkpt>
   <trkpt lat="25.0199300" lon="121.4232500">
    <ele>14.6</ele>
    <time>2025-08-10T11:05:05Z</time>
   </trkpt>
   <trkpt lat="25.0199290" lon="121.4232510">
    <ele>14.6</ele>
    <time>2025-08-10T11:05:06Z</time>
   </trkpt>
   <trkpt lat="25.0199280" lon="121.4232520">
    <ele>14.6</ele>
    <time>2025-08-10T11:05:07Z</time>
   </trkpt>
   <trkpt lat="25.0199270" lon="121.4232530">
    <ele>14.6</ele>
    <time>2025-08-10T11:05:08Z</time>
   </trkpt>
   <trkpt lat="25.0199260" lon="121.4232540">
    <ele>14.6</ele>
    <time>2025-08-10T11:05:09Z</time>
   </trkpt>
   <trkpt lat="25.0199250" lon="121.4232550">
    <ele>14.6</ele>
    <time>2025-08-10T11:05:10Z</time>
   </trkpt>
   <trkpt lat="25.0199250" lon="121.4232560">
    <ele>14.6</ele>
    <time>2025-08-10T11:05:11Z</time>
   </trkpt>
   <trkpt lat="25.0199240" lon="121.4232570">
    <ele>14.6</ele>
    <time>2025-08-10T11:05:12Z</time>
   </trkpt>
   <trkpt lat="25.0199230" lon="121.4232580">
    <ele>14.6</ele>
    <time>2025-08-10T11:05:13Z</time>
   </trkpt>
   <trkpt lat="25.0199220" lon="121.4232590">
    <ele>14.6</ele>
    <time>2025-08-10T11:05:14Z</time>
   </trkpt>
   <trkpt lat="25.0199210" lon="121.4232600">
    <ele>14.6</ele>
    <time>2025-08-10T11:05:15Z</time>
   </trkpt>
   <trkpt lat="25.0199200" lon="121.4232610">
    <ele>14.6</ele>
    <time>2025-08-10T11:05:16Z</time>
   </trkpt>
   <trkpt lat="25.0199190" lon="121.4232620">
    <ele>14.6</ele>
    <time>2025-08-10T11:05:17Z</time>
   </trkpt>
   <trkpt lat="25.0199190" lon="121.4232630">
    <ele>14.6</ele>
    <time>2025-08-10T11:05:18Z</time>
   </trkpt>
   <trkpt lat="25.0199190" lon="121.4232630">
    <ele>14.6</ele>
    <time>2025-08-10T11:05:19Z</time>
   </trkpt>
   <trkpt lat="25.0199190" lon="121.4232630">
    <ele>14.6</ele>
    <time>2025-08-10T11:05:20Z</time>
   </trkpt>
   <trkpt lat="25.0199190" lon="121.4232630">
    <ele>14.6</ele>
    <time>2025-08-10T11:05:21Z</time>
   </trkpt>
   <trkpt lat="25.0199190" lon="121.4232630">
    <ele>14.6</ele>
    <time>2025-08-10T11:05:22Z</time>
   </trkpt>
   <trkpt lat="25.0199190" lon="121.4232630">
    <ele>14.6</ele>
    <time>2025-08-10T11:05:23Z</time>
   </trkpt>
   <trkpt lat="25.0199210" lon="121.4232620">
    <ele>14.6</ele>
    <time>2025-08-10T11:05:24Z</time>
   </trkpt>
   <trkpt lat="25.0199210" lon="121.4232630">
    <ele>14.6</ele>
    <time>2025-08-10T11:05:25Z</time>
   </trkpt>
   <trkpt lat="25.0199200" lon="121.4232640">
    <ele>14.6</ele>
    <time>2025-08-10T11:05:26Z</time>
   </trkpt>
   <trkpt lat="25.0199200" lon="121.4232640">
    <ele>14.6</ele>
    <time>2025-08-10T11:05:27Z</time>
   </trkpt>
   <trkpt lat="25.0199200" lon="121.4232640">
    <ele>14.6</ele>
    <time>2025-08-10T11:05:28Z</time>
   </trkpt>
   <trkpt lat="25.0199200" lon="121.4232640">
    <ele>14.6</ele>
    <time>2025-08-10T11:05:29Z</time>
   </trkpt>
   <trkpt lat="25.0199200" lon="121.4232640">
    <ele>14.6</ele>
    <time>2025-08-10T11:05:30Z</time>
   </trkpt>
   <trkpt lat="25.0199150" lon="121.4232450">
    <ele>14.6</ele>
    <time>2025-08-10T11:05:31Z</time>
   </trkpt>
   <trkpt lat="25.0199150" lon="121.4232430">
    <ele>14.6</ele>
    <time>2025-08-10T11:05:32Z</time>
   </trkpt>
   <trkpt lat="25.0199180" lon="121.4232420">
    <ele>14.6</ele>
    <time>2025-08-10T11:05:33Z</time>
   </trkpt>
   <trkpt lat="25.0199100" lon="121.4232310">
    <ele>14.6</ele>
    <time>2025-08-10T11:05:34Z</time>
   </trkpt>
   <trkpt lat="25.0199060" lon="121.4232240">
    <ele>14.6</ele>
    <time>2025-08-10T11:05:35Z</time>
   </trkpt>
   <trkpt lat="25.0198980" lon="121.4232100">
    <ele>14.6</ele>
    <time>2025-08-10T11:05:36Z</time>
   </trkpt>
   <trkpt lat="25.0198920" lon="121.4232070">
    <ele>14.6</ele>
    <time>2025-08-10T11:05:37Z</time>
   </trkpt>
   <trkpt lat="25.0198880" lon="121.4232060">
    <ele>14.6</ele>
    <time>2025-08-10T11:05:38Z</time>
   </trkpt>
   <trkpt lat="25.0198910" lon="121.4232000">
    <ele>14.6</ele>
    <time>2025-08-10T11:05:39Z</time>
   </trkpt>
   <trkpt lat="25.0198910" lon="121.4232010">
    <ele>14.6</ele>
    <time>2025-08-10T11:05:40Z</time>
   </trkpt>
   <trkpt lat="25.0198960" lon="121.4231870">
    <ele>14.6</ele>
    <time>2025-08-10T11:05:41Z</time>
   </trkpt>
   <trkpt lat="25.0198970" lon="121.4231790">
    <ele>14.6</ele>
    <time>2025-08-10T11:05:42Z</time>
   </trkpt>
   <trkpt lat="25.0198990" lon="121.4231770">
    <ele>14.6</ele>
    <time>2025-08-10T11:05:43Z</time>
   </trkpt>
   <trkpt lat="25.0198990" lon="121.4231770">
    <ele>14.6</ele>
    <time>2025-08-10T11:05:44Z</time>
   </trkpt>
   <trkpt lat="25.0198940" lon="121.4231570">
    <ele>14.6</ele>
    <time>2025-08-10T11:05:45Z</time>
   </trkpt>
   <trkpt lat="25.0198960" lon="121.4231530">
    <ele>14.6</ele>
    <time>2025-08-10T11:05:46Z</time>
   </trkpt>
   <trkpt lat="25.0198970" lon="121.4231470">
    <ele>14.6</ele>
    <time>2025-08-10T11:05:47Z</time>
   </trkpt>
   <trkpt lat="25.0198970" lon="121.4231470">
    <ele>14.6</ele>
    <time>2025-08-10T11:05:48Z</time>
   </trkpt>
   <trkpt lat="25.0199000" lon="121.4231420">
    <ele>14.6</ele>
    <time>2025-08-10T11:05:49Z</time>
   </trkpt>
   <trkpt lat="25.0199000" lon="121.4231410">
    <ele>14.6</ele>
    <time>2025-08-10T11:05:50Z</time>
   </trkpt>
   <trkpt lat="25.0199000" lon="121.4231360">
    <ele>14.6</ele>
    <time>2025-08-10T11:05:51Z</time>
   </trkpt>
   <trkpt lat="25.0199060" lon="121.4231470">
    <ele>14.6</ele>
    <time>2025-08-10T11:05:52Z</time>
   </trkpt>
   <trkpt lat="25.0198930" lon="121.4231490">
    <ele>14.6</ele>
    <time>2025-08-10T11:05:53Z</time>
   </trkpt>
   <trkpt lat="25.0198900" lon="121.4231540">
    <ele>14.6</ele>
    <time>2025-08-10T11:05:54Z</time>
   </trkpt>
   <trkpt lat="25.0198910" lon="121.4231660">
    <ele>14.6</ele>
    <time>2025-08-10T11:05:55Z</time>
   </trkpt>
   <trkpt lat="25.0198890" lon="121.4231670">
    <ele>14.6</ele>
    <time>2025-08-10T11:05:56Z</time>
   </trkpt>
   <trkpt lat="25.0198940" lon="121.4231670">
    <ele>14.6</ele>
    <time>2025-08-10T11:05:57Z</time>
   </trkpt>
   <trkpt lat="25.0199010" lon="121.4231760">
    <ele>14.6</ele>
    <time>2025-08-10T11:05:58Z</time>
   </trkpt>
   <trkpt lat="25.0199190" lon="121.4231750">
    <ele>14.6</ele>
    <time>2025-08-10T11:05:59Z</time>
   </trkpt>
   <trkpt lat="25.0199550" lon="121.4231960">
    <ele>14.6</ele>
    <time>2025-08-10T11:06:00Z</time>
   </trkpt>
   <trkpt lat="25.0199690" lon="121.4232050">
    <ele>14.6</ele>
    <time>2025-08-10T11:06:01Z</time>
   </trkpt>
   <trkpt lat="25.0199730" lon="121.4232220">
    <ele>14.6</ele>
    <time>2025-08-10T11:06:02Z</time>
   </trkpt>
   <trkpt lat="25.0199650" lon="121.4232410">
    <ele>14.6</ele>
    <time>2025-08-10T11:06:03Z</time>
   </trkpt>
   <trkpt lat="25.0199620" lon="121.4232640">
    <ele>14.6</ele>
    <time>2025-08-10T11:06:04Z</time>
   </trkpt>
   <trkpt lat="25.0199670" lon="121.4232790">
    <ele>14.6</ele>
    <time>2025-08-10T11:06:05Z</time>
   </trkpt>
   <trkpt lat="25.0199730" lon="121.4232940">
    <ele>14.6</ele>
    <time>2025-08-10T11:06:06Z</time>
   </trkpt>
   <trkpt lat="25.0199610" lon="121.4232980">
    <ele>14.6</ele>
    <time>2025-08-10T11:06:07Z</time>
   </trkpt>
   <trkpt lat="25.0199650" lon="121.4233010">
    <ele>14.6</ele>
    <time>2025-08-10T11:06:08Z</time>
   </trkpt>
   <trkpt lat="25.0199570" lon="121.4233080">
    <ele>14.6</ele>
    <time>2025-08-10T11:06:09Z</time>
   </trkpt>
   <trkpt lat="25.0199620" lon="121.4233100">
    <ele>14.6</ele>
    <time>2025-08-10T11:06:10Z</time>
   </trkpt>
   <trkpt lat="25.0199650" lon="121.4233250">
    <ele>14.6</ele>
    <time>2025-08-10T11:06:11Z</time>
   </trkpt>
   <trkpt lat="25.0199650" lon="121.4233240">
    <ele>14.6</ele>
    <time>2025-08-10T11:06:12Z</time>
   </trkpt>
   <trkpt lat="25.0199650" lon="121.4233240">
    <ele>14.6</ele>
    <time>2025-08-10T11:06:13Z</time>
   </trkpt>
   <trkpt lat="25.0199730" lon="121.4233360">
    <ele>14.6</ele>
    <time>2025-08-10T11:06:14Z</time>
   </trkpt>
   <trkpt lat="25.0199770" lon="121.4233420">
    <ele>14.6</ele>
    <time>2025-08-10T11:06:15Z</time>
   </trkpt>
   <trkpt lat="25.0199770" lon="121.4233480">
    <ele>14.6</ele>
    <time>2025-08-10T11:06:16Z</time>
   </trkpt>
   <trkpt lat="25.0199760" lon="121.4233530">
    <ele>14.6</ele>
    <time>2025-08-10T11:06:17Z</time>
   </trkpt>
   <trkpt lat="25.0199760" lon="121.4233530">
    <ele>14.6</ele>
    <time>2025-08-10T11:06:18Z</time>
   </trkpt>
   <trkpt lat="25.0199760" lon="121.4233530">
    <ele>14.6</ele>
    <time>2025-08-10T11:06:19Z</time>
   </trkpt>
   <trkpt lat="25.0199760" lon="121.4233530">
    <ele>14.6</ele>
    <time>2025-08-10T11:06:20Z</time>
   </trkpt>
   <trkpt lat="25.0199810" lon="121.4233550">
    <ele>14.6</ele>
    <time>2025-08-10T11:06:21Z</time>
   </trkpt>
   <trkpt lat="25.0199810" lon="121.4233540">
    <ele>14.6</ele>
    <time>2025-08-10T11:06:22Z</time>
   </trkpt>
   <trkpt lat="25.0199810" lon="121.4233560">
    <ele>14.6</ele>
    <time>2025-08-10T11:06:23Z</time>
   </trkpt>
   <trkpt lat="25.0199780" lon="121.4233540">
    <ele>14.6</ele>
    <time>2025-08-10T11:06:24Z</time>
   </trkpt>
   <trkpt lat="25.0199780" lon="121.4233540">
    <ele>14.6</ele>
    <time>2025-08-10T11:06:25Z</time>
   </trkpt>
   <trkpt lat="25.0199780" lon="121.4233540">
    <ele>14.6</ele>
    <time>2025-08-10T11:06:26Z</time>
   </trkpt>
   <trkpt lat="25.0199750" lon="121.4233520">
    <ele>14.6</ele>
    <time>2025-08-10T11:06:27Z</time>
   </trkpt>
   <trkpt lat="25.0199750" lon="121.4233520">
    <ele>14.6</ele>
    <time>2025-08-10T11:06:28Z</time>
   </trkpt>
   <trkpt lat="25.0199750" lon="121.4233520">
    <ele>14.6</ele>
    <time>2025-08-10T11:06:29Z</time>
   </trkpt>
   <trkpt lat="25.0199750" lon="121.4233520">
    <ele>14.6</ele>
    <time>2025-08-10T11:06:30Z</time>
   </trkpt>
   <trkpt lat="25.0199750" lon="121.4233520">
    <ele>14.6</ele>
    <time>2025-08-10T11:06:31Z</time>
   </trkpt>
   <trkpt lat="25.0199780" lon="121.4233380">
    <ele>14.6</ele>
    <time>2025-08-10T11:06:32Z</time>
   </trkpt>
   <trkpt lat="25.0199760" lon="121.4233370">
    <ele>14.6</ele>
    <time>2025-08-10T11:06:33Z</time>
   </trkpt>
   <trkpt lat="25.0199760" lon="121.4233330">
    <ele>14.6</ele>
    <time>2025-08-10T11:06:34Z</time>
   </trkpt>
   <trkpt lat="25.0199750" lon="121.4233320">
    <ele>14.6</ele>
    <time>2025-08-10T11:06:35Z</time>
   </trkpt>
   <trkpt lat="25.0199770" lon="121.4233370">
    <ele>14.6</ele>
    <time>2025-08-10T11:06:36Z</time>
   </trkpt>
   <trkpt lat="25.0199770" lon="121.4233310">
    <ele>14.6</ele>
    <time>2025-08-10T11:06:37Z</time>
   </trkpt>
   <trkpt lat="25.0199690" lon="121.4233270">
    <ele>14.6</ele>
    <time>2025-08-10T11:06:38Z</time>
   </trkpt>
   <trkpt lat="25.0199670" lon="121.4233290">
    <ele>14.6</ele>
    <time>2025-08-10T11:06:39Z</time>
   </trkpt>
   <trkpt lat="25.0199650" lon="121.4233290">
    <ele>14.6</ele>
    <time>2025-08-10T11:06:40Z</time>
   </trkpt>
   <trkpt lat="25.0199620" lon="121.4233290">
    <ele>14.6</ele>
    <time>2025-08-10T11:06:41Z</time>
   </trkpt>
   <trkpt lat="25.0199620" lon="121.4233290">
    <ele>14.6</ele>
    <time>2025-08-10T11:06:42Z</time>
   </trkpt>
   <trkpt lat="25.0199620" lon="121.4233290">
    <ele>14.6</ele>
    <time>2025-08-10T11:06:43Z</time>
   </trkpt>
   <trkpt lat="25.0199620" lon="121.4233290">
    <ele>14.6</ele>
    <time>2025-08-10T11:06:44Z</time>
   </trkpt>
   <trkpt lat="25.0199620" lon="121.4233290">
    <ele>14.6</ele>
    <time>2025-08-10T11:06:45Z</time>
   </trkpt>
   <trkpt lat="25.0199620" lon="121.4233290">
    <ele>14.6</ele>
    <time>2025-08-10T11:06:46Z</time>
   </trkpt>
   <trkpt lat="25.0199620" lon="121.4233290">
    <ele>14.6</ele>
    <time>2025-08-10T11:06:47Z</time>
   </trkpt>
   <trkpt lat="25.0199620" lon="121.4233290">
    <ele>14.6</ele>
    <time>2025-08-10T11:06:48Z</time>
   </trkpt>
   <trkpt lat="25.0199620" lon="121.4233290">
    <ele>14.6</ele>
    <time>2025-08-10T11:06:49Z</time>
   </trkpt>
   <trkpt lat="25.0199620" lon="121.4233290">
    <ele>14.6</ele>
    <time>2025-08-10T11:06:50Z</time>
   </trkpt>
   <trkpt lat="25.0199620" lon="121.4233290">
    <ele>14.6</ele>
    <time>2025-08-10T11:06:51Z</time>
   </trkpt>
   <trkpt lat="25.0199630" lon="121.4233400">
    <ele>14.6</ele>
    <time>2025-08-10T11:06:52Z</time>
   </trkpt>
   <trkpt lat="25.0199600" lon="121.4233370">
    <ele>14.6</ele>
    <time>2025-08-10T11:06:53Z</time>
   </trkpt>
   <trkpt lat="25.0199580" lon="121.4233350">
    <ele>14.6</ele>
    <time>2025-08-10T11:06:54Z</time>
   </trkpt>
   <trkpt lat="25.0199580" lon="121.4233350">
    <ele>14.6</ele>
    <time>2025-08-10T11:06:55Z</time>
   </trkpt>
   <trkpt lat="25.0199580" lon="121.4233350">
    <ele>14.6</ele>
    <time>2025-08-10T11:06:56Z</time>
   </trkpt>
   <trkpt lat="25.0199560" lon="121.4233310">
    <ele>14.6</ele>
    <time>2025-08-10T11:06:57Z</time>
   </trkpt>
   <trkpt lat="25.0199580" lon="121.4233330">
    <ele>14.6</ele>
    <time>2025-08-10T11:06:58Z</time>
   </trkpt>
   <trkpt lat="25.0199600" lon="121.4233330">
    <ele>14.6</ele>
    <time>2025-08-10T11:06:59Z</time>
   </trkpt>
   <trkpt lat="25.0199610" lon="121.4233330">
    <ele>14.6</ele>
    <time>2025-08-10T11:07:00Z</time>
   </trkpt>
   <trkpt lat="25.0199630" lon="121.4233330">
    <ele>14.6</ele>
    <time>2025-08-10T11:07:01Z</time>
   </trkpt>
   <trkpt lat="25.0199640" lon="121.4233330">
    <ele>14.6</ele>
    <time>2025-08-10T11:07:02Z</time>
   </trkpt>
   <trkpt lat="25.0199660" lon="121.4233330">
    <ele>14.6</ele>
    <time>2025-08-10T11:07:03Z</time>
   </trkpt>
   <trkpt lat="25.0199670" lon="121.4233330">
    <ele>14.6</ele>
    <time>2025-08-10T11:07:04Z</time>
   </trkpt>
   <trkpt lat="25.0199680" lon="121.4233330">
    <ele>14.6</ele>
    <time>2025-08-10T11:07:05Z</time>
   </trkpt>
   <trkpt lat="25.0199700" lon="121.4233330">
    <ele>14.6</ele>
    <time>2025-08-10T11:07:06Z</time>
   </trkpt>
   <trkpt lat="25.0199710" lon="121.4233330">
    <ele>14.6</ele>
    <time>2025-08-10T11:07:07Z</time>
   </trkpt>
   <trkpt lat="25.0199730" lon="121.4233330">
    <ele>14.6</ele>
    <time>2025-08-10T11:07:09Z</time>
   </trkpt>
   <trkpt lat="25.0199740" lon="121.4233330">
    <ele>14.6</ele>
    <time>2025-08-10T11:07:10Z</time>
   </trkpt>
   <trkpt lat="25.0199750" lon="121.4233330">
    <ele>14.6</ele>
    <time>2025-08-10T11:07:11Z</time>
   </trkpt>
   <trkpt lat="25.0199770" lon="121.4233320">
    <ele>14.6</ele>
    <time>2025-08-10T11:07:12Z</time>
   </trkpt>
   <trkpt lat="25.0199780" lon="121.4233320">
    <ele>14.6</ele>
    <time>2025-08-10T11:07:13Z</time>
   </trkpt>
   <trkpt lat="25.0199800" lon="121.4233320">
    <ele>14.6</ele>
    <time>2025-08-10T11:07:14Z</time>
   </trkpt>
   <trkpt lat="25.0199810" lon="121.4233320">
    <ele>14.6</ele>
    <time>2025-08-10T11:07:15Z</time>
   </trkpt>
   <trkpt lat="25.0199830" lon="121.4233320">
    <ele>14.6</ele>
    <time>2025-08-10T11:07:16Z</time>
   </trkpt>
   <trkpt lat="25.0199840" lon="121.4233320">
    <ele>14.6</ele>
    <time>2025-08-10T11:07:17Z</time>
   </trkpt>
   <trkpt lat="25.0199850" lon="121.4233320">
    <ele>14.6</ele>
    <time>2025-08-10T11:07:18Z</time>
   </trkpt>
   <trkpt lat="25.0199870" lon="121.4233320">
    <ele>14.6</ele>
    <time>2025-08-10T11:07:19Z</time>
   </trkpt>
   <trkpt lat="25.0199880" lon="121.4233320">
    <ele>14.6</ele>
    <time>2025-08-10T11:07:20Z</time>
   </trkpt>
   <trkpt lat="25.0199900" lon="121.4233320">
    <ele>14.6</ele>
    <time>2025-08-10T11:07:21Z</time>
   </trkpt>
   <trkpt lat="25.0199910" lon="121.4233320">
    <ele>14.6</ele>
    <time>2025-08-10T11:07:22Z</time>
   </trkpt>
   <trkpt lat="25.0199930" lon="121.4233320">
    <ele>14.6</ele>
    <time>2025-08-10T11:07:23Z</time>
   </trkpt>
   <trkpt lat="25.0199940" lon="121.4233320">
    <ele>14.6</ele>
    <time>2025-08-10T11:07:24Z</time>
   </trkpt>
   <trkpt lat="25.0200000" lon="121.4233380">
    <ele>14.6</ele>
    <time>2025-08-10T11:07:25Z</time>
   </trkpt>
   <trkpt lat="25.0200040" lon="121.4233420">
    <ele>14.6</ele>
    <time>2025-08-10T11:07:26Z</time>
   </trkpt>
   <trkpt lat="25.0199980" lon="121.4233320">
    <ele>14.6</ele>
    <time>2025-08-10T11:07:27Z</time>
   </trkpt>
   <trkpt lat="25.0199970" lon="121.4233280">
    <ele>14.6</ele>
    <time>2025-08-10T11:07:28Z</time>
   </trkpt>
   <trkpt lat="25.0199970" lon="121.4233280">
    <ele>14.6</ele>
    <time>2025-08-10T11:07:29Z</time>
   </trkpt>
   <trkpt lat="25.0199910" lon="121.4233270">
    <ele>14.6</ele>
    <time>2025-08-10T11:07:30Z</time>
   </trkpt>
   <trkpt lat="25.0199870" lon="121.4233330">
    <ele>14.6</ele>
    <time>2025-08-10T11:07:31Z</time>
   </trkpt>
   <trkpt lat="25.0199790" lon="121.4233490">
    <ele>14.6</ele>
    <time>2025-08-10T11:07:32Z</time>
   </trkpt>
   <trkpt lat="25.0199800" lon="121.4233500">
    <ele>14.6</ele>
    <time>2025-08-10T11:07:33Z</time>
   </trkpt>
   <trkpt lat="25.0199820" lon="121.4233520">
    <ele>14.6</ele>
    <time>2025-08-10T11:07:34Z</time>
   </trkpt>
   <trkpt lat="25.0199750" lon="121.4233450">
    <ele>14.6</ele>
    <time>2025-08-10T11:07:35Z</time>
   </trkpt>
   <trkpt lat="25.0199730" lon="121.4233450">
    <ele>14.6</ele>
    <time>2025-08-10T11:07:36Z</time>
   </trkpt>
   <trkpt lat="25.0199740" lon="121.4233440">
    <ele>14.6</ele>
    <time>2025-08-10T11:07:37Z</time>
   </trkpt>
   <trkpt lat="25.0199740" lon="121.4233440">
    <ele>14.6</ele>
    <time>2025-08-10T11:07:38Z</time>
   </trkpt>
   <trkpt lat="25.0199720" lon="121.4233570">
    <ele>14.6</ele>
    <time>2025-08-10T11:07:39Z</time>
   </trkpt>
   <trkpt lat="25.0199710" lon="121.4233570">
    <ele>14.6</ele>
    <time>2025-08-10T11:07:40Z</time>
   </trkpt>
   <trkpt lat="25.0199660" lon="121.4233520">
    <ele>14.6</ele>
    <time>2025-08-10T11:07:41Z</time>
   </trkpt>
   <trkpt lat="25.0199660" lon="121.4233570">
    <ele>14.6</ele>
    <time>2025-08-10T11:07:42Z</time>
   </trkpt>
   <trkpt lat="25.0199630" lon="121.4233520">
    <ele>14.6</ele>
    <time>2025-08-10T11:07:43Z</time>
   </trkpt>
   <trkpt lat="25.0199380" lon="121.4233490">
    <ele>14.6</ele>
    <time>2025-08-10T11:07:44Z</time>
   </trkpt>
   <trkpt lat="25.0199380" lon="121.4233470">
    <ele>14.6</ele>
    <time>2025-08-10T11:07:45Z</time>
   </trkpt>
   <trkpt lat="25.0199400" lon="121.4233430">
    <ele>14.6</ele>
    <time>2025-08-10T11:07:46Z</time>
   </trkpt>
   <trkpt lat="25.0199370" lon="121.4233470">
    <ele>14.6</ele>
    <time>2025-08-10T11:07:47Z</time>
   </trkpt>
   <trkpt lat="25.0199280" lon="121.4233540">
    <ele>14.6</ele>
    <time>2025-08-10T11:07:48Z</time>
   </trkpt>
   <trkpt lat="25.0199220" lon="121.4233570">
    <ele>14.6</ele>
    <time>2025-08-10T11:07:49Z</time>
   </trkpt>
   <trkpt lat="25.0199190" lon="121.4233540">
    <ele>14.6</ele>
    <time>2025-08-10T11:07:50Z</time>
   </trkpt>
   <trkpt lat="25.0199170" lon="121.4233670">
    <ele>14.6</ele>
    <time>2025-08-10T11:07:51Z</time>
   </trkpt>
   <trkpt lat="25.0199180" lon="121.4233760">
    <ele>14.6</ele>
    <time>2025-08-10T11:07:52Z</time>
   </trkpt>
   <trkpt lat="25.0199210" lon="121.4233800">
    <ele>14.6</ele>
    <time>2025-08-10T11:07:53Z</time>
   </trkpt>
   <trkpt lat="25.0199160" lon="121.4233940">
    <ele>14.6</ele>
    <time>2025-08-10T11:07:54Z</time>
   </trkpt>
   <trkpt lat="25.0199050" lon="121.4234100">
    <ele>14.6</ele>
    <time>2025-08-10T11:07:55Z</time>
   </trkpt>
   <trkpt lat="25.0199050" lon="121.4234170">
    <ele>14.6</ele>
    <time>2025-08-10T11:07:56Z</time>
   </trkpt>
   <trkpt lat="25.0199080" lon="121.4234140">
    <ele>14.6</ele>
    <time>2025-08-10T11:07:57Z</time>
   </trkpt>
   <trkpt lat="25.0199110" lon="121.4234160">
    <ele>14.6</ele>
    <time>2025-08-10T11:07:58Z</time>
   </trkpt>
   <trkpt lat="25.0199090" lon="121.4234240">
    <ele>14.6</ele>
    <time>2025-08-10T11:07:59Z</time>
   </trkpt>
   <trkpt lat="25.0199080" lon="121.4234270">
    <ele>14.6</ele>
    <time>2025-08-10T11:08:00Z</time>
   </trkpt>
   <trkpt lat="25.0199060" lon="121.4234360">
    <ele>14.6</ele>
    <time>2025-08-10T11:08:01Z</time>
   </trkpt>
   <trkpt lat="25.0199000" lon="121.4234490">
    <ele>14.6</ele>
    <time>2025-08-10T11:08:02Z</time>
   </trkpt>
   <trkpt lat="25.0198950" lon="121.4234630">
    <ele>14.6</ele>
    <time>2025-08-10T11:08:03Z</time>
   </trkpt>
   <trkpt lat="25.0198880" lon="121.4234740">
    <ele>14.6</ele>
    <time>2025-08-10T11:08:04Z</time>
   </trkpt>
   <trkpt lat="25.0198820" lon="121.4234830">
    <ele>14.6</ele>
    <time>2025-08-10T11:08:05Z</time>
   </trkpt>
   <trkpt lat="25.0198750" lon="121.4234960">
    <ele>14.6</ele>
    <time>2025-08-10T11:08:06Z</time>
   </trkpt>
   <trkpt lat="25.0198690" lon="121.4234950">
    <ele>14.6</ele>
    <time>2025-08-10T11:08:07Z</time>
   </trkpt>
   <trkpt lat="25.0198580" lon="121.4234990">
    <ele>14.6</ele>
    <time>2025-08-10T11:08:08Z</time>
   </trkpt>
   <trkpt lat="25.0198430" lon="121.4235130">
    <ele>14.6</ele>
    <time>2025-08-10T11:08:09Z</time>
   </trkpt>
   <trkpt lat="25.0198400" lon="121.4235140">
    <ele>14.6</ele>
    <time>2025-08-10T11:08:10Z</time>
   </trkpt>
   <trkpt lat="25.0198350" lon="121.4235160">
    <ele>14.6</ele>
    <time>2025-08-10T11:08:11Z</time>
   </trkpt>
   <trkpt lat="25.0198300" lon="121.4235250">
    <ele>14.6</ele>
    <time>2025-08-10T11:08:12Z</time>
   </trkpt>
   <trkpt lat="25.0198290" lon="121.4235300">
    <ele>14.6</ele>
    <time>2025-08-10T11:08:13Z</time>
   </trkpt>
   <trkpt lat="25.0198280" lon="121.4235250">
    <ele>14.6</ele>
    <time>2025-08-10T11:08:14Z</time>
   </trkpt>
   <trkpt lat="25.0198320" lon="121.4235240">
    <ele>14.6</ele>
    <time>2025-08-10T11:08:15Z</time>
   </trkpt>
   <trkpt lat="25.0198340" lon="121.4235250">
    <ele>14.6</ele>
    <time>2025-08-10T11:08:16Z</time>
   </trkpt>
   <trkpt lat="25.0198340" lon="121.4235270">
    <ele>14.6</ele>
    <time>2025-08-10T11:08:17Z</time>
   </trkpt>
   <trkpt lat="25.0198350" lon="121.4235290">
    <ele>14.6</ele>
    <time>2025-08-10T11:08:18Z</time>
   </trkpt>
   <trkpt lat="25.0198360" lon="121.4235290">
    <ele>14.6</ele>
    <time>2025-08-10T11:08:19Z</time>
   </trkpt>
   <trkpt lat="25.0198330" lon="121.4235320">
    <ele>14.6</ele>
    <time>2025-08-10T11:08:20Z</time>
   </trkpt>
   <trkpt lat="25.0198350" lon="121.4235250">
    <ele>14.6</ele>
    <time>2025-08-10T11:08:21Z</time>
   </trkpt>
   <trkpt lat="25.0198330" lon="121.4235180">
    <ele>14.6</ele>
    <time>2025-08-10T11:08:22Z</time>
   </trkpt>
   <trkpt lat="25.0198360" lon="121.4235160">
    <ele>14.6</ele>
    <time>2025-08-10T11:08:23Z</time>
   </trkpt>
   <trkpt lat="25.0198310" lon="121.4235240">
    <ele>14.6</ele>
    <time>2025-08-10T11:08:24Z</time>
   </trkpt>
   <trkpt lat="25.0198260" lon="121.4235310">
    <ele>14.6</ele>
    <time>2025-08-10T11:08:25Z</time>
   </trkpt>
   <trkpt lat="25.0198190" lon="121.4235300">
    <ele>14.6</ele>
    <time>2025-08-10T11:08:26Z</time>
   </trkpt>
   <trkpt lat="25.0198150" lon="121.4235440">
    <ele>14.6</ele>
    <time>2025-08-10T11:08:27Z</time>
   </trkpt>
   <trkpt lat="25.0198020" lon="121.4235450">
    <ele>14.6</ele>
    <time>2025-08-10T11:08:28Z</time>
   </trkpt>
   <trkpt lat="25.0197950" lon="121.4235420">
    <ele>14.6</ele>
    <time>2025-08-10T11:08:29Z</time>
   </trkpt>
   <trkpt lat="25.0197890" lon="121.4235380">
    <ele>14.6</ele>
    <time>2025-08-10T11:08:30Z</time>
   </trkpt>
   <trkpt lat="25.0197820" lon="121.4235350">
    <ele>14.6</ele>
    <time>2025-08-10T11:08:31Z</time>
   </trkpt>
   <trkpt lat="25.0197750" lon="121.4235320">
    <ele>14.6</ele>
    <time>2025-08-10T11:08:32Z</time>
   </trkpt>
   <trkpt lat="25.0197660" lon="121.4235300">
    <ele>14.6</ele>
    <time>2025-08-10T11:08:33Z</time>
   </trkpt>
   <trkpt lat="25.0197620" lon="121.4235290">
    <ele>14.6</ele>
    <time>2025-08-10T11:08:34Z</time>
   </trkpt>
   <trkpt lat="25.0197610" lon="121.4235260">
    <ele>14.6</ele>
    <time>2025-08-10T11:08:35Z</time>
   </trkpt>
   <trkpt lat="25.0197610" lon="121.4235270">
    <ele>14.6</ele>
    <time>2025-08-10T11:08:36Z</time>
   </trkpt>
   <trkpt lat="25.0197580" lon="121.4235340">
    <ele>14.6</ele>
    <time>2025-08-10T11:08:37Z</time>
   </trkpt>
   <trkpt lat="25.0197560" lon="121.4235350">
    <ele>14.6</ele>
    <time>2025-08-10T11:08:38Z</time>
   </trkpt>
   <trkpt lat="25.0197580" lon="121.4235350">
    <ele>14.6</ele>
    <time>2025-08-10T11:08:39Z</time>
   </trkpt>
   <trkpt lat="25.0197630" lon="121.4235390">
    <ele>14.6</ele>
    <time>2025-08-10T11:08:40Z</time>
   </trkpt>
   <trkpt lat="25.0197670" lon="121.4235400">
    <ele>14.6</ele>
    <time>2025-08-10T11:08:41Z</time>
   </trkpt>
   <trkpt lat="25.0197720" lon="121.4235400">
    <ele>14.6</ele>
    <time>2025-08-10T11:08:42Z</time>
   </trkpt>
   <trkpt lat="25.0197730" lon="121.4235450">
    <ele>14.6</ele>
    <time>2025-08-10T11:08:43Z</time>
   </trkpt>
   <trkpt lat="25.0197740" lon="121.4235440">
    <ele>14.6</ele>
    <time>2025-08-10T11:08:44Z</time>
   </trkpt>
   <trkpt lat="25.0197740" lon="121.4235440">
    <ele>14.6</ele>
    <time>2025-08-10T11:08:45Z</time>
   </trkpt>
   <trkpt lat="25.0197500" lon="121.4235540">
    <ele>14.7</ele>
    <time>2025-08-10T11:08:46Z</time>
   </trkpt>
   <trkpt lat="25.0197360" lon="121.4235520">
    <ele>14.7</ele>
    <time>2025-08-10T11:08:47Z</time>
   </trkpt>
   <trkpt lat="25.0197210" lon="121.4235510">
    <ele>14.7</ele>
    <time>2025-08-10T11:08:48Z</time>
   </trkpt>
   <trkpt lat="25.0197150" lon="121.4235490">
    <ele>14.7</ele>
    <time>2025-08-10T11:08:49Z</time>
   </trkpt>
   <trkpt lat="25.0197260" lon="121.4235520">
    <ele>14.7</ele>
    <time>2025-08-10T11:08:50Z</time>
   </trkpt>
   <trkpt lat="25.0197270" lon="121.4235610">
    <ele>14.7</ele>
    <time>2025-08-10T11:08:51Z</time>
   </trkpt>
   <trkpt lat="25.0197280" lon="121.4235610">
    <ele>14.7</ele>
    <time>2025-08-10T11:08:52Z</time>
   </trkpt>
   <trkpt lat="25.0197480" lon="121.4235700">
    <ele>14.7</ele>
    <time>2025-08-10T11:08:53Z</time>
   </trkpt>
   <trkpt lat="25.0197520" lon="121.4235700">
    <ele>14.7</ele>
    <time>2025-08-10T11:08:54Z</time>
   </trkpt>
   <trkpt lat="25.0197560" lon="121.4235710">
    <ele>14.7</ele>
    <time>2025-08-10T11:08:55Z</time>
   </trkpt>
   <trkpt lat="25.0197600" lon="121.4235710">
    <ele>14.7</ele>
    <time>2025-08-10T11:08:56Z</time>
   </trkpt>
   <trkpt lat="25.0197640" lon="121.4235720">
    <ele>14.7</ele>
    <time>2025-08-10T11:08:57Z</time>
   </trkpt>
   <trkpt lat="25.0197680" lon="121.4235720">
    <ele>14.7</ele>
    <time>2025-08-10T11:08:58Z</time>
   </trkpt>
   <trkpt lat="25.0197720" lon="121.4235730">
    <ele>14.7</ele>
    <time>2025-08-10T11:08:59Z</time>
   </trkpt>
   <trkpt lat="25.0197760" lon="121.4235730">
    <ele>14.7</ele>
    <time>2025-08-10T11:09:00Z</time>
   </trkpt>
   <trkpt lat="25.0197800" lon="121.4235740">
    <ele>14.7</ele>
    <time>2025-08-10T11:09:01Z</time>
   </trkpt>
   <trkpt lat="25.0197840" lon="121.4235740">
    <ele>14.7</ele>
    <time>2025-08-10T11:09:02Z</time>
   </trkpt>
   <trkpt lat="25.0197880" lon="121.4235750">
    <ele>14.7</ele>
    <time>2025-08-10T11:09:03Z</time>
   </trkpt>
   <trkpt lat="25.0197920" lon="121.4235750">
    <ele>14.7</ele>
    <time>2025-08-10T11:09:04Z</time>
   </trkpt>
   <trkpt lat="25.0198070" lon="121.4235740">
    <ele>14.7</ele>
    <time>2025-08-10T11:09:05Z</time>
   </trkpt>
   <trkpt lat="25.0198060" lon="121.4235900">
    <ele>14.7</ele>
    <time>2025-08-10T11:09:06Z</time>
   </trkpt>
   <trkpt lat="25.0198120" lon="121.4235850">
    <ele>14.7</ele>
    <time>2025-08-10T11:09:07Z</time>
   </trkpt>
   <trkpt lat="25.0198260" lon="121.4235820">
    <ele>14.7</ele>
    <time>2025-08-10T11:09:08Z</time>
   </trkpt>
   <trkpt lat="25.0198220" lon="121.4235780">
    <ele>14.7</ele>
    <time>2025-08-10T11:09:09Z</time>
   </trkpt>
   <trkpt lat="25.0198260" lon="121.4235750">
    <ele>14.7</ele>
    <time>2025-08-10T11:09:10Z</time>
   </trkpt>
   <trkpt lat="25.0198190" lon="121.4235610">
    <ele>14.7</ele>
    <time>2025-08-10T11:09:11Z</time>
   </trkpt>
   <trkpt lat="25.0198130" lon="121.4235440">
    <ele>14.7</ele>
    <time>2025-08-10T11:09:12Z</time>
   </trkpt>
   <trkpt lat="25.0197980" lon="121.4235530">
    <ele>14.7</ele>
    <time>2025-08-10T11:09:13Z</time>
   </trkpt>
   <trkpt lat="25.0197800" lon="121.4235490">
    <ele>14.7</ele>
    <time>2025-08-10T11:09:14Z</time>
   </trkpt>
   <trkpt lat="25.0197550" lon="121.4235360">
    <ele>14.7</ele>
    <time>2025-08-10T11:09:15Z</time>
   </trkpt>
   <trkpt lat="25.0197440" lon="121.4235240">
    <ele>14.7</ele>
    <time>2025-08-10T11:09:16Z</time>
   </trkpt>
   <trkpt lat="25.0197400" lon="121.4235180">
    <ele>14.7</ele>
    <time>2025-08-10T11:09:18Z</time>
   </trkpt>
   <trkpt lat="25.0197360" lon="121.4235130">
    <ele>14.7</ele>
    <time>2025-08-10T11:09:19Z</time>
   </trkpt>
   <trkpt lat="25.0197320" lon="121.4235080">
    <ele>14.7</ele>
    <time>2025-08-10T11:09:20Z</time>
   </trkpt>
   <trkpt lat="25.0197280" lon="121.4235020">
    <ele>14.8</ele>
    <time>2025-08-10T11:09:21Z</time>
   </trkpt>
   <trkpt lat="25.0197240" lon="121.4234970">
    <ele>14.8</ele>
    <time>2025-08-10T11:09:22Z</time>
   </trkpt>
   <trkpt lat="25.0197900" lon="121.4235740">
    <ele>14.6</ele>
    <time>2025-08-10T11:09:23Z</time>
   </trkpt>
   <trkpt lat="25.0197870" lon="121.4235480">
    <ele>14.6</ele>
    <time>2025-08-10T11:09:24Z</time>
   </trkpt>
   <trkpt lat="25.0197950" lon="121.4235420">
    <ele>14.6</ele>
    <time>2025-08-10T11:09:25Z</time>
   </trkpt>
   <trkpt lat="25.0198030" lon="121.4235360">
    <ele>14.6</ele>
    <time>2025-08-10T11:09:26Z</time>
   </trkpt>
   <trkpt lat="25.0198100" lon="121.4235290">
    <ele>14.6</ele>
    <time>2025-08-10T11:09:27Z</time>
   </trkpt>
   <trkpt lat="25.0198180" lon="121.4235230">
    <ele>14.6</ele>
    <time>2025-08-10T11:09:28Z</time>
   </trkpt>
   <trkpt lat="25.0198260" lon="121.4235170">
    <ele>14.6</ele>
    <time>2025-08-10T11:09:29Z</time>
   </trkpt>
   <trkpt lat="25.0198340" lon="121.4235110">
    <ele>14.6</ele>
    <time>2025-08-10T11:09:30Z</time>
   </trkpt>
   <trkpt lat="25.0198200" lon="121.4234580">
    <ele>14.6</ele>
    <time>2025-08-10T11:09:31Z</time>
   </trkpt>
   <trkpt lat="25.0197860" lon="121.4234520">
    <ele>14.6</ele>
    <time>2025-08-10T11:09:32Z</time>
   </trkpt>
   <trkpt lat="25.0197660" lon="121.4234500">
    <ele>14.6</ele>
    <time>2025-08-10T11:09:33Z</time>
   </trkpt>
   <trkpt lat="25.0197300" lon="121.4234450">
    <ele>14.6</ele>
    <time>2025-08-10T11:09:34Z</time>
   </trkpt>
   <trkpt lat="25.0197000" lon="121.4234550">
    <ele>14.6</ele>
    <time>2025-08-10T11:09:35Z</time>
   </trkpt>
   <trkpt lat="25.0197020" lon="121.4234520">
    <ele>14.6</ele>
    <time>2025-08-10T11:09:36Z</time>
   </trkpt>
   <trkpt lat="25.0196950" lon="121.4234400">
    <ele>14.6</ele>
    <time>2025-08-10T11:09:37Z</time>
   </trkpt>
   <trkpt lat="25.0196890" lon="121.4234290">
    <ele>14.6</ele>
    <time>2025-08-10T11:09:38Z</time>
   </trkpt>
   <trkpt lat="25.0196820" lon="121.4234170">
    <ele>14.6</ele>
    <time>2025-08-10T11:09:39Z</time>
   </trkpt>
   <trkpt lat="25.0197190" lon="121.4232570">
    <ele>14.6</ele>
    <time>2025-08-10T11:09:40Z</time>
   </trkpt>
   <trkpt lat="25.0197190" lon="121.4232570">
    <ele>14.6</ele>
    <time>2025-08-10T11:09:41Z</time>
   </trkpt>
   <trkpt lat="25.0197330" lon="121.4232650">
    <ele>14.6</ele>
    <time>2025-08-10T11:09:42Z</time>
   </trkpt>
   <trkpt lat="25.0197460" lon="121.4232730">
    <ele>14.6</ele>
    <time>2025-08-10T11:09:52Z</time>
   </trkpt>
   <trkpt lat="25.0197600" lon="121.4232810">
    <ele>14.6</ele>
    <time>2025-08-10T11:10:00Z</time>
   </trkpt>
   <trkpt lat="25.0197730" lon="121.4232890">
    <ele>14.6</ele>
    <time>2025-08-10T11:10:05Z</time>
   </trkpt>
   <trkpt lat="25.0197870" lon="121.4232970">
    <ele>14.6</ele>
    <time>2025-08-10T11:10:09Z</time>
   </trkpt>
   <trkpt lat="25.0198000" lon="121.4233050">
    <ele>14.6</ele>
    <time>2025-08-10T11:10:11Z</time>
   </trkpt>
   <trkpt lat="25.0198140" lon="121.4233130">
    <ele>14.6</ele>
    <time>2025-08-10T11:10:12Z</time>
   </trkpt>
   <trkpt lat="25.0198270" lon="121.4233210">
    <ele>14.6</ele>
    <time>2025-08-10T11:10:17Z</time>
   </trkpt>
   <trkpt lat="25.0198410" lon="121.4233290">
    <ele>14.6</ele>
    <time>2025-08-10T11:10:19Z</time>
   </trkpt>
   <trkpt lat="25.0198540" lon="121.4233370">
    <ele>14.6</ele>
    <time>2025-08-10T11:10:23Z</time>
   </trkpt>
   <trkpt lat="25.0198680" lon="121.4233450">
    <ele>14.6</ele>
    <time>2025-08-10T11:10:29Z</time>
   </trkpt>
   <trkpt lat="25.0198810" lon="121.4233530">
    <ele>14.6</ele>
    <time>2025-08-10T11:10:35Z</time>
   </trkpt>
   <trkpt lat="25.0198950" lon="121.4233610">
    <ele>14.6</ele>
    <time>2025-08-10T11:10:37Z</time>
   </trkpt>
   <trkpt lat="25.0198170" lon="121.4234160">
    <ele>14.6</ele>
    <time>2025-08-10T11:10:38Z</time>
   </trkpt>
   <trkpt lat="25.0197810" lon="121.4234580">
    <ele>14.6</ele>
    <time>2025-08-10T11:10:39Z</time>
   </trkpt>
   <trkpt lat="25.0197990" lon="121.4234320">
    <ele>14.7</ele>
    <time>2025-08-10T11:10:40Z</time>
   </trkpt>
   <trkpt lat="25.0198300" lon="121.4234130">
    <ele>14.7</ele>
    <time>2025-08-10T11:10:41Z</time>
   </trkpt>
   <trkpt lat="25.0198470" lon="121.4234010">
    <ele>14.7</ele>
    <time>2025-08-10T11:10:42Z</time>
   </trkpt>
   <trkpt lat="25.0198540" lon="121.4233880">
    <ele>14.7</ele>
    <time>2025-08-10T11:10:43Z</time>
   </trkpt>
   <trkpt lat="25.0198640" lon="121.4233750">
    <ele>14.7</ele>
    <time>2025-08-10T11:10:44Z</time>
   </trkpt>
   <trkpt lat="25.0198750" lon="121.4233610">
    <ele>14.7</ele>
    <time>2025-08-10T11:10:45Z</time>
   </trkpt>
   <trkpt lat="25.0198850" lon="121.4233480">
    <ele>14.7</ele>
    <time>2025-08-10T11:10:46Z</time>
   </trkpt>
   <trkpt lat="25.0198950" lon="121.4233350">
    <ele>14.7</ele>
    <time>2025-08-10T11:10:47Z</time>
   </trkpt>
   <trkpt lat="25.0199080" lon="121.4233350">
    <ele>14.8</ele>
    <time>2025-08-10T11:10:48Z</time>
   </trkpt>
   <trkpt lat="25.0199050" lon="121.4233270">
    <ele>14.8</ele>
    <time>2025-08-10T11:10:49Z</time>
   </trkpt>
   <trkpt lat="25.0199000" lon="121.4233520">
    <ele>14.8</ele>
    <time>2025-08-10T11:10:50Z</time>
   </trkpt>
   <trkpt lat="25.0199050" lon="121.4233600">
    <ele>14.8</ele>
    <time>2025-08-10T11:10:51Z</time>
   </trkpt>
   <trkpt lat="25.0198640" lon="121.4233420">
    <ele>14.8</ele>
    <time>2025-08-10T11:10:52Z</time>
   </trkpt>
   <trkpt lat="25.0199200" lon="121.4233560">
    <ele>14.9</ele>
    <time>2025-08-10T11:10:53Z</time>
   </trkpt>
   <trkpt lat="25.0199370" lon="121.4233590">
    <ele>14.9</ele>
    <time>2025-08-10T11:10:54Z</time>
   </trkpt>
   <trkpt lat="25.0199460" lon="121.4233630">
    <ele>14.9</ele>
    <time>2025-08-10T11:10:55Z</time>
   </trkpt>
   <trkpt lat="25.0199480" lon="121.4233640">
    <ele>14.9</ele>
    <time>2025-08-10T11:10:56Z</time>
   </trkpt>
   <trkpt lat="25.0199560" lon="121.4234050">
    <ele>14.9</ele>
    <time>2025-08-10T11:10:57Z</time>
   </trkpt>
   <trkpt lat="25.0199840" lon="121.4234050">
    <ele>14.9</ele>
    <time>2025-08-10T11:10:58Z</time>
   </trkpt>
   <trkpt lat="25.0200030" lon="121.4233790">
    <ele>15.0</ele>
    <time>2025-08-10T11:10:59Z</time>
   </trkpt>
   <trkpt lat="25.0200110" lon="121.4233530">
    <ele>15.0</ele>
    <time>2025-08-10T11:11:00Z</time>
   </trkpt>
   <trkpt lat="25.0200080" lon="121.4233450">
    <ele>15.0</ele>
    <time>2025-08-10T11:11:01Z</time>
   </trkpt>
   <trkpt lat="25.0200040" lon="121.4233370">
    <ele>15.0</ele>
    <time>2025-08-10T11:11:02Z</time>
   </trkpt>
   <trkpt lat="25.0200090" lon="121.4233210">
    <ele>15.0</ele>
    <time>2025-08-10T11:11:03Z</time>
   </trkpt>
   <trkpt lat="25.0200110" lon="121.4233070">
    <ele>15.1</ele>
    <time>2025-08-10T11:11:04Z</time>
   </trkpt>
   <trkpt lat="25.0200080" lon="121.4232840">
    <ele>15.1</ele>
    <time>2025-08-10T11:11:05Z</time>
   </trkpt>
   <trkpt lat="25.0200040" lon="121.4232750">
    <ele>15.1</ele>
    <time>2025-08-10T11:11:06Z</time>
   </trkpt>
   <trkpt lat="25.0199990" lon="121.4232670">
    <ele>15.1</ele>
    <time>2025-08-10T11:11:07Z</time>
   </trkpt>
   <trkpt lat="25.0200000" lon="121.4232530">
    <ele>15.1</ele>
    <time>2025-08-10T11:11:08Z</time>
   </trkpt>
   <trkpt lat="25.0200060" lon="121.4232380">
    <ele>15.1</ele>
    <time>2025-08-10T11:11:09Z</time>
   </trkpt>
   <trkpt lat="25.0200110" lon="121.4232200">
    <ele>15.1</ele>
    <time>2025-08-10T11:11:10Z</time>
   </trkpt>
   <trkpt lat="25.0200140" lon="121.4232090">
    <ele>15.1</ele>
    <time>2025-08-10T11:11:11Z</time>
   </trkpt>
   <trkpt lat="25.0200230" lon="121.4231980">
    <ele>15.2</ele>
    <time>2025-08-10T11:11:12Z</time>
   </trkpt>
   <trkpt lat="25.0200260" lon="121.4231920">
    <ele>15.2</ele>
    <time>2025-08-10T11:11:13Z</time>
   </trkpt>
   <trkpt lat="25.0200300" lon="121.4231870">
    <ele>15.2</ele>
    <time>2025-08-10T11:11:14Z</time>
   </trkpt>
   <trkpt lat="25.0200330" lon="121.4231810">
    <ele>15.2</ele>
    <time>2025-08-10T11:11:15Z</time>
   </trkpt>
   <trkpt lat="25.0200360" lon="121.4231760">
    <ele>15.2</ele>
    <time>2025-08-10T11:11:16Z</time>
   </trkpt>
   <trkpt lat="25.0200390" lon="121.4231670">
    <ele>15.2</ele>
    <time>2025-08-10T11:11:17Z</time>
   </trkpt>
   <trkpt lat="25.0200410" lon="121.4231610">
    <ele>15.2</ele>
    <time>2025-08-10T11:11:18Z</time>
   </trkpt>
   <trkpt lat="25.0200440" lon="121.4231560">
    <ele>15.2</ele>
    <time>2025-08-10T11:11:19Z</time>
   </trkpt>
   <trkpt lat="25.0200470" lon="121.4231500">
    <ele>15.2</ele>
    <time>2025-08-10T11:11:20Z</time>
   </trkpt>
   <trkpt lat="25.0200490" lon="121.4231440">
    <ele>15.2</ele>
    <time>2025-08-10T11:11:21Z</time>
   </trkpt>
   <trkpt lat="25.0200520" lon="121.4231380">
    <ele>15.2</ele>
    <time>2025-08-10T11:11:22Z</time>
   </trkpt>
   <trkpt lat="25.0200550" lon="121.4231330">
    <ele>15.2</ele>
    <time>2025-08-10T11:11:23Z</time>
   </trkpt>
   <trkpt lat="25.0200640" lon="121.4231220">
    <ele>15.2</ele>
    <time>2025-08-10T11:11:24Z</time>
   </trkpt>
   <trkpt lat="25.0200720" lon="121.4231130">
    <ele>15.3</ele>
    <time>2025-08-10T11:11:25Z</time>
   </trkpt>
   <trkpt lat="25.0200830" lon="121.4231010">
    <ele>15.3</ele>
    <time>2025-08-10T11:11:26Z</time>
   </trkpt>
   <trkpt lat="25.0200900" lon="121.4230930">
    <ele>15.3</ele>
    <time>2025-08-10T11:11:27Z</time>
   </trkpt>
   <trkpt lat="25.0200960" lon="121.4230840">
    <ele>15.3</ele>
    <time>2025-08-10T11:11:28Z</time>
   </trkpt>
   <trkpt lat="25.0201030" lon="121.4230720">
    <ele>15.3</ele>
    <time>2025-08-10T11:11:29Z</time>
   </trkpt>
   <trkpt lat="25.0201080" lon="121.4230660">
    <ele>15.3</ele>
    <time>2025-08-10T11:11:30Z</time>
   </trkpt>
   <trkpt lat="25.0201140" lon="121.4230580">
    <ele>15.3</ele>
    <time>2025-08-10T11:11:31Z</time>
   </trkpt>
   <trkpt lat="25.0201180" lon="121.4230460">
    <ele>15.3</ele>
    <time>2025-08-10T11:11:32Z</time>
   </trkpt>
   <trkpt lat="25.0201210" lon="121.4230360">
    <ele>15.3</ele>
    <time>2025-08-10T11:11:33Z</time>
   </trkpt>
   <trkpt lat="25.0201220" lon="121.4230260">
    <ele>15.4</ele>
    <time>2025-08-10T11:11:34Z</time>
   </trkpt>
   <trkpt lat="25.0201140" lon="121.4230130">
    <ele>15.4</ele>
    <time>2025-08-10T11:11:35Z</time>
   </trkpt>
   <trkpt lat="25.0201090" lon="121.4230050">
    <ele>15.4</ele>
    <time>2025-08-10T11:11:36Z</time>
   </trkpt>
   <trkpt lat="25.0201070" lon="121.4229960">
    <ele>15.4</ele>
    <time>2025-08-10T11:11:37Z</time>
   </trkpt>
   <trkpt lat="25.0201070" lon="121.4229840">
    <ele>15.4</ele>
    <time>2025-08-10T11:11:38Z</time>
   </trkpt>
   <trkpt lat="25.0201080" lon="121.4229760">
    <ele>15.4</ele>
    <time>2025-08-10T11:11:39Z</time>
   </trkpt>
   <trkpt lat="25.0201130" lon="121.4229620">
    <ele>15.4</ele>
    <time>2025-08-10T11:11:40Z</time>
   </trkpt>
   <trkpt lat="25.0201170" lon="121.4229600">
    <ele>15.4</ele>
    <time>2025-08-10T11:11:41Z</time>
   </trkpt>
   <trkpt lat="25.0201190" lon="121.4229560">
    <ele>15.4</ele>
    <time>2025-08-10T11:11:42Z</time>
   </trkpt>
   <trkpt lat="25.0201180" lon="121.4229510">
    <ele>15.4</ele>
    <time>2025-08-10T11:11:43Z</time>
   </trkpt>
   <trkpt lat="25.0201190" lon="121.4229440">
    <ele>15.4</ele>
    <time>2025-08-10T11:11:44Z</time>
   </trkpt>
   <trkpt lat="25.0201190" lon="121.4229380">
    <ele>15.4</ele>
    <time>2025-08-10T11:11:45Z</time>
   </trkpt>
   <trkpt lat="25.0201180" lon="121.4229300">
    <ele>15.4</ele>
    <time>2025-08-10T11:11:46Z</time>
   </trkpt>
   <trkpt lat="25.0201210" lon="121.4229250">
    <ele>15.4</ele>
    <time>2025-08-10T11:11:47Z</time>
   </trkpt>
   <trkpt lat="25.0201240" lon="121.4229200">
    <ele>15.4</ele>
    <time>2025-08-10T11:11:48Z</time>
   </trkpt>
   <trkpt lat="25.0201280" lon="121.4229150">
    <ele>15.4</ele>
    <time>2025-08-10T11:11:49Z</time>
   </trkpt>
   <trkpt lat="25.0201330" lon="121.4229060">
    <ele>15.4</ele>
    <time>2025-08-10T11:11:50Z</time>
   </trkpt>
   <trkpt lat="25.0201380" lon="121.4228910">
    <ele>15.4</ele>
    <time>2025-08-10T11:11:51Z</time>
   </trkpt>
   <trkpt lat="25.0201420" lon="121.4228780">
    <ele>15.4</ele>
    <time>2025-08-10T11:11:52Z</time>
   </trkpt>
   <trkpt lat="25.0201380" lon="121.4228740">
    <ele>15.4</ele>
    <time>2025-08-10T11:11:53Z</time>
   </trkpt>
   <trkpt lat="25.0201340" lon="121.4228710">
    <ele>15.4</ele>
    <time>2025-08-10T11:11:54Z</time>
   </trkpt>
   <trkpt lat="25.0201390" lon="121.4228560">
    <ele>15.4</ele>
    <time>2025-08-10T11:11:55Z</time>
   </trkpt>
   <trkpt lat="25.0201430" lon="121.4228490">
    <ele>15.4</ele>
    <time>2025-08-10T11:11:56Z</time>
   </trkpt>
   <trkpt lat="25.0201510" lon="121.4228420">
    <ele>15.4</ele>
    <time>2025-08-10T11:11:57Z</time>
   </trkpt>
   <trkpt lat="25.0201560" lon="121.4228400">
    <ele>15.4</ele>
    <time>2025-08-10T11:11:58Z</time>
   </trkpt>
   <trkpt lat="25.0201610" lon="121.4228460">
    <ele>15.4</ele>
    <time>2025-08-10T11:11:59Z</time>
   </trkpt>
   <trkpt lat="25.0201690" lon="121.4228570">
    <ele>15.4</ele>
    <time>2025-08-10T11:12:00Z</time>
   </trkpt>
   <trkpt lat="25.0201710" lon="121.4228550">
    <ele>15.4</ele>
    <time>2025-08-10T11:12:01Z</time>
   </trkpt>
   <trkpt lat="25.0201660" lon="121.4228640">
    <ele>15.4</ele>
    <time>2025-08-10T11:12:02Z</time>
   </trkpt>
   <trkpt lat="25.0201700" lon="121.4228670">
    <ele>15.4</ele>
    <time>2025-08-10T11:12:03Z</time>
   </trkpt>
   <trkpt lat="25.0201770" lon="121.4228660">
    <ele>15.4</ele>
    <time>2025-08-10T11:12:04Z</time>
   </trkpt>
   <trkpt lat="25.0201840" lon="121.4228670">
    <ele>15.4</ele>
    <time>2025-08-10T11:12:05Z</time>
   </trkpt>
   <trkpt lat="25.0201850" lon="121.4228700">
    <ele>15.4</ele>
    <time>2025-08-10T11:12:06Z</time>
   </trkpt>
   <trkpt lat="25.0201840" lon="121.4228740">
    <ele>15.4</ele>
    <time>2025-08-10T11:12:07Z</time>
   </trkpt>
   <trkpt lat="25.0201850" lon="121.4228720">
    <ele>15.4</ele>
    <time>2025-08-10T11:12:08Z</time>
   </trkpt>
   <trkpt lat="25.0201850" lon="121.4228750">
    <ele>15.4</ele>
    <time>2025-08-10T11:12:09Z</time>
   </trkpt>
   <trkpt lat="25.0201890" lon="121.4228770">
    <ele>15.4</ele>
    <time>2025-08-10T11:12:10Z</time>
   </trkpt>
   <trkpt lat="25.0201870" lon="121.4228750">
    <ele>15.4</ele>
    <time>2025-08-10T11:12:11Z</time>
   </trkpt>
   <trkpt lat="25.0201870" lon="121.4228750">
    <ele>15.4</ele>
    <time>2025-08-10T11:12:13Z</time>
   </trkpt>
   <trkpt lat="25.0201840" lon="121.4228760">
    <ele>15.4</ele>
    <time>2025-08-10T11:12:14Z</time>
   </trkpt>
   <trkpt lat="25.0201840" lon="121.4228760">
    <ele>15.4</ele>
    <time>2025-08-10T11:12:15Z</time>
   </trkpt>
   <trkpt lat="25.0201840" lon="121.4228760">
    <ele>15.4</ele>
    <time>2025-08-10T11:12:16Z</time>
   </trkpt>
   <trkpt lat="25.0201840" lon="121.4228760">
    <ele>15.4</ele>
    <time>2025-08-10T11:12:17Z</time>
   </trkpt>
   <trkpt lat="25.0201780" lon="121.4228810">
    <ele>15.4</ele>
    <time>2025-08-10T11:12:18Z</time>
   </trkpt>
   <trkpt lat="25.0201780" lon="121.4228810">
    <ele>15.4</ele>
    <time>2025-08-10T11:12:19Z</time>
   </trkpt>
   <trkpt lat="25.0201780" lon="121.4228810">
    <ele>15.4</ele>
    <time>2025-08-10T11:12:20Z</time>
   </trkpt>
   <trkpt lat="25.0201780" lon="121.4228810">
    <ele>15.4</ele>
    <time>2025-08-10T11:12:21Z</time>
   </trkpt>
   <trkpt lat="25.0201640" lon="121.4228770">
    <ele>15.4</ele>
    <time>2025-08-10T11:12:22Z</time>
   </trkpt>
   <trkpt lat="25.0201610" lon="121.4228730">
    <ele>15.4</ele>
    <time>2025-08-10T11:12:23Z</time>
   </trkpt>
   <trkpt lat="25.0201610" lon="121.4228730">
    <ele>15.4</ele>
    <time>2025-08-10T11:12:24Z</time>
   </trkpt>
   <trkpt lat="25.0201610" lon="121.4228730">
    <ele>15.4</ele>
    <time>2025-08-10T11:12:25Z</time>
   </trkpt>
   <trkpt lat="25.0201490" lon="121.4228740">
    <ele>15.4</ele>
    <time>2025-08-10T11:12:26Z</time>
   </trkpt>
   <trkpt lat="25.0201500" lon="121.4228740">
    <ele>15.4</ele>
    <time>2025-08-10T11:12:27Z</time>
   </trkpt>
   <trkpt lat="25.0201530" lon="121.4228730">
    <ele>15.4</ele>
    <time>2025-08-10T11:12:28Z</time>
   </trkpt>
   <trkpt lat="25.0201550" lon="121.4228740">
    <ele>15.4</ele>
    <time>2025-08-10T11:12:29Z</time>
   </trkpt>
   <trkpt lat="25.0201550" lon="121.4228740">
    <ele>15.4</ele>
    <time>2025-08-10T11:12:30Z</time>
   </trkpt>
   <trkpt lat="25.0201550" lon="121.4228740">
    <ele>15.4</ele>
    <time>2025-08-10T11:12:31Z</time>
   </trkpt>
   <trkpt lat="25.0201550" lon="121.4228740">
    <ele>15.4</ele>
    <time>2025-08-10T11:12:32Z</time>
   </trkpt>
   <trkpt lat="25.0201610" lon="121.4228790">
    <ele>15.4</ele>
    <time>2025-08-10T11:12:33Z</time>
   </trkpt>
   <trkpt lat="25.0201600" lon="121.4228800">
    <ele>15.4</ele>
    <time>2025-08-10T11:12:34Z</time>
   </trkpt>
   <trkpt lat="25.0201600" lon="121.4228800">
    <ele>15.4</ele>
    <time>2025-08-10T11:12:35Z</time>
   </trkpt>
   <trkpt lat="25.0201620" lon="121.4228870">
    <ele>15.4</ele>
    <time>2025-08-10T11:12:36Z</time>
   </trkpt>
   <trkpt lat="25.0201620" lon="121.4228880">
    <ele>15.4</ele>
    <time>2025-08-10T11:12:37Z</time>
   </trkpt>
   <trkpt lat="25.0201620" lon="121.4228880">
    <ele>15.4</ele>
    <time>2025-08-10T11:12:38Z</time>
   </trkpt>
   <trkpt lat="25.0201620" lon="121.4228880">
    <ele>15.4</ele>
    <time>2025-08-10T11:12:39Z</time>
   </trkpt>
   <trkpt lat="25.0201620" lon="121.4228880">
    <ele>15.4</ele>
    <time>2025-08-10T11:12:40Z</time>
   </trkpt>
   <trkpt lat="25.0201510" lon="121.4228900">
    <ele>15.4</ele>
    <time>2025-08-10T11:12:41Z</time>
   </trkpt>
   <trkpt lat="25.0201400" lon="121.4228860">
    <ele>15.4</ele>
    <time>2025-08-10T11:12:42Z</time>
   </trkpt>
   <trkpt lat="25.0201320" lon="121.4228760">
    <ele>15.4</ele>
    <time>2025-08-10T11:12:43Z</time>
   </trkpt>
   <trkpt lat="25.0201230" lon="121.4228660">
    <ele>15.4</ele>
    <time>2025-08-10T11:12:44Z</time>
   </trkpt>
   <trkpt lat="25.0201140" lon="121.4228560">
    <ele>15.4</ele>
    <time>2025-08-10T11:12:45Z</time>
   </trkpt>
   <trkpt lat="25.0201150" lon="121.4228580">
    <ele>15.4</ele>
    <time>2025-08-10T11:12:46Z</time>
   </trkpt>
   <trkpt lat="25.0201120" lon="121.4228730">
    <ele>15.3</ele>
    <time>2025-08-10T11:12:47Z</time>
   </trkpt>
   <trkpt lat="25.0201200" lon="121.4228840">
    <ele>15.3</ele>
    <time>2025-08-10T11:12:48Z</time>
   </trkpt>
   <trkpt lat="25.0201260" lon="121.4228900">
    <ele>15.3</ele>
    <time>2025-08-10T11:12:49Z</time>
   </trkpt>
   <trkpt lat="25.0201180" lon="121.4228740">
    <ele>15.3</ele>
    <time>2025-08-10T11:12:50Z</time>
   </trkpt>
   <trkpt lat="25.0201030" lon="121.4228700">
    <ele>15.3</ele>
    <time>2025-08-10T11:12:51Z</time>
   </trkpt>
   <trkpt lat="25.0201130" lon="121.4228890">
    <ele>15.3</ele>
    <time>2025-08-10T11:12:52Z</time>
   </trkpt>
   <trkpt lat="25.0201140" lon="121.4228860">
    <ele>15.3</ele>
    <time>2025-08-10T11:12:53Z</time>
   </trkpt>
   <trkpt lat="25.0201210" lon="121.4228890">
    <ele>15.3</ele>
    <time>2025-08-10T11:12:54Z</time>
   </trkpt>
   <trkpt lat="25.0201220" lon="121.4228900">
    <ele>15.3</ele>
    <time>2025-08-10T11:12:55Z</time>
   </trkpt>
   <trkpt lat="25.0201220" lon="121.4228900">
    <ele>15.3</ele>
    <time>2025-08-10T11:12:56Z</time>
   </trkpt>
   <trkpt lat="25.0201180" lon="121.4228890">
    <ele>15.3</ele>
    <time>2025-08-10T11:12:57Z</time>
   </trkpt>
   <trkpt lat="25.0201140" lon="121.4228760">
    <ele>15.3</ele>
    <time>2025-08-10T11:12:58Z</time>
   </trkpt>
   <trkpt lat="25.0201140" lon="121.4228760">
    <ele>15.3</ele>
    <time>2025-08-10T11:12:59Z</time>
   </trkpt>
   <trkpt lat="25.0201140" lon="121.4228760">
    <ele>15.3</ele>
    <time>2025-08-10T11:13:00Z</time>
   </trkpt>
   <trkpt lat="25.0201140" lon="121.4228760">
    <ele>15.3</ele>
    <time>2025-08-10T11:13:01Z</time>
   </trkpt>
   <trkpt lat="25.0201140" lon="121.4228760">
    <ele>15.3</ele>
    <time>2025-08-10T11:13:02Z</time>
   </trkpt>
   <trkpt lat="25.0201160" lon="121.4228720">
    <ele>15.3</ele>
    <time>2025-08-10T11:13:03Z</time>
   </trkpt>
   <trkpt lat="25.0201160" lon="121.4228720">
    <ele>15.3</ele>
    <time>2025-08-10T11:13:04Z</time>
   </trkpt>
   <trkpt lat="25.0201160" lon="121.4228720">
    <ele>15.3</ele>
    <time>2025-08-10T11:13:05Z</time>
   </trkpt>
   <trkpt lat="25.0201160" lon="121.4228720">
    <ele>15.3</ele>
    <time>2025-08-10T11:13:06Z</time>
   </trkpt>
   <trkpt lat="25.0201160" lon="121.4228720">
    <ele>15.3</ele>
    <time>2025-08-10T11:13:07Z</time>
   </trkpt>
   <trkpt lat="25.0201240" lon="121.4228580">
    <ele>15.3</ele>
    <time>2025-08-10T11:13:08Z</time>
   </trkpt>
   <trkpt lat="25.0201200" lon="121.4228540">
    <ele>15.3</ele>
    <time>2025-08-10T11:13:09Z</time>
   </trkpt>
   <trkpt lat="25.0201130" lon="121.4228510">
    <ele>15.3</ele>
    <time>2025-08-10T11:13:10Z</time>
   </trkpt>
   <trkpt lat="25.0201070" lon="121.4228490">
    <ele>15.3</ele>
    <time>2025-08-10T11:13:11Z</time>
   </trkpt>
   <trkpt lat="25.0201000" lon="121.4228460">
    <ele>15.3</ele>
    <time>2025-08-10T11:13:12Z</time>
   </trkpt>
   <trkpt lat="25.0200940" lon="121.4228440">
    <ele>15.3</ele>
    <time>2025-08-10T11:13:13Z</time>
   </trkpt>
   <trkpt lat="25.0200870" lon="121.4228410">
    <ele>15.3</ele>
    <time>2025-08-10T11:13:14Z</time>
   </trkpt>
   <trkpt lat="25.0200810" lon="121.4228390">
    <ele>15.3</ele>
    <time>2025-08-10T11:13:15Z</time>
   </trkpt>
   <trkpt lat="25.0200850" lon="121.4228300">
    <ele>15.3</ele>
    <time>2025-08-10T11:13:16Z</time>
   </trkpt>
   <trkpt lat="25.0200860" lon="121.4228190">
    <ele>15.3</ele>
    <time>2025-08-10T11:13:17Z</time>
   </trkpt>
   <trkpt lat="25.0200870" lon="121.4228080">
    <ele>15.3</ele>
    <time>2025-08-10T11:13:18Z</time>
   </trkpt>
   <trkpt lat="25.0200880" lon="121.4227970">
    <ele>15.3</ele>
    <time>2025-08-10T11:13:19Z</time>
   </trkpt>
   <trkpt lat="25.0200950" lon="121.4227940">
    <ele>15.3</ele>
    <time>2025-08-10T11:13:20Z</time>
   </trkpt>
   <trkpt lat="25.0201030" lon="121.4227910">
    <ele>15.3</ele>
    <time>2025-08-10T11:13:21Z</time>
   </trkpt>
   <trkpt lat="25.0201100" lon="121.4227880">
    <ele>15.3</ele>
    <time>2025-08-10T11:13:22Z</time>
   </trkpt>
   <trkpt lat="25.0201180" lon="121.4227850">
    <ele>15.3</ele>
    <time>2025-08-10T11:13:23Z</time>
   </trkpt>
   <trkpt lat="25.0201250" lon="121.4227820">
    <ele>15.3</ele>
    <time>2025-08-10T11:13:24Z</time>
   </trkpt>
   <trkpt lat="25.0201110" lon="121.4228040">
    <ele>15.3</ele>
    <time>2025-08-10T11:13:25Z</time>
   </trkpt>
   <trkpt lat="25.0201180" lon="121.4228170">
    <ele>15.3</ele>
    <time>2025-08-10T11:13:26Z</time>
   </trkpt>
   <trkpt lat="25.0201240" lon="121.4228300">
    <ele>15.4</ele>
    <time>2025-08-10T11:13:27Z</time>
   </trkpt>
   <trkpt lat="25.0201080" lon="121.4228590">
    <ele>15.4</ele>
    <time>2025-08-10T11:13:28Z</time>
   </trkpt>
   <trkpt lat="25.0200790" lon="121.4228920">
    <ele>15.4</ele>
    <time>2025-08-10T11:13:29Z</time>
   </trkpt>
   <trkpt lat="25.0200700" lon="121.4229150">
    <ele>15.4</ele>
    <time>2025-08-10T11:13:30Z</time>
   </trkpt>
   <trkpt lat="25.0200750" lon="121.4229120">
    <ele>15.4</ele>
    <time>2025-08-10T11:13:31Z</time>
   </trkpt>
   <trkpt lat="25.0200750" lon="121.4229120">
    <ele>15.4</ele>
    <time>2025-08-10T11:13:32Z</time>
   </trkpt>
   <trkpt lat="25.0200750" lon="121.4229120">
    <ele>15.4</ele>
    <time>2025-08-10T11:13:33Z</time>
   </trkpt>
   <trkpt lat="25.0201040" lon="121.4228790">
    <ele>15.5</ele>
    <time>2025-08-10T11:13:34Z</time>
   </trkpt>
   <trkpt lat="25.0201220" lon="121.4228640">
    <ele>15.5</ele>
    <time>2025-08-10T11:13:35Z</time>
   </trkpt>
   <trkpt lat="25.0201350" lon="121.4228550">
    <ele>15.5</ele>
    <time>2025-08-10T11:13:36Z</time>
   </trkpt>
   <trkpt lat="25.0201470" lon="121.4228460">
    <ele>15.5</ele>
    <time>2025-08-10T11:13:37Z</time>
   </trkpt>
   <trkpt lat="25.0201600" lon="121.4228370">
    <ele>15.5</ele>
    <time>2025-08-10T11:13:38Z</time>
   </trkpt>
   <trkpt lat="25.0201740" lon="121.4228270">
    <ele>15.5</ele>
    <time>2025-08-10T11:13:39Z</time>
   </trkpt>
   <trkpt lat="25.0201750" lon="121.4228140">
    <ele>15.5</ele>
    <time>2025-08-10T11:13:40Z</time>
   </trkpt>
   <trkpt lat="25.0201770" lon="121.4228000">
    <ele>15.5</ele>
    <time>2025-08-10T11:13:41Z</time>
   </trkpt>
   <trkpt lat="25.0201950" lon="121.4227710">
    <ele>15.6</ele>
    <time>2025-08-10T11:13:42Z</time>
   </trkpt>
   <trkpt lat="25.0202000" lon="121.4227630">
    <ele>15.6</ele>
    <time>2025-08-10T11:13:43Z</time>
   </trkpt>
   <trkpt lat="25.0202070" lon="121.4227550">
    <ele>15.6</ele>
    <time>2025-08-10T11:13:44Z</time>
   </trkpt>
   <trkpt lat="25.0202100" lon="121.4227550">
    <ele>15.6</ele>
    <time>2025-08-10T11:13:45Z</time>
   </trkpt>
   <trkpt lat="25.0202080" lon="121.4227530">
    <ele>15.6</ele>
    <time>2025-08-10T11:13:46Z</time>
   </trkpt>
   <trkpt lat="25.0201930" lon="121.4227550">
    <ele>15.6</ele>
    <time>2025-08-10T11:13:47Z</time>
   </trkpt>
   <trkpt lat="25.0201800" lon="121.4227650">
    <ele>15.6</ele>
    <time>2025-08-10T11:13:49Z</time>
   </trkpt>
   <trkpt lat="25.0201790" lon="121.4227530">
    <ele>15.6</ele>
    <time>2025-08-10T11:13:50Z</time>
   </trkpt>
   <trkpt lat="25.0201810" lon="121.4227460">
    <ele>15.6</ele>
    <time>2025-08-10T11:13:51Z</time>
   </trkpt>
   <trkpt lat="25.0201790" lon="121.4227440">
    <ele>15.6</ele>
    <time>2025-08-10T11:13:52Z</time>
   </trkpt>
   <trkpt lat="25.0201750" lon="121.4227430">
    <ele>15.6</ele>
    <time>2025-08-10T11:13:53Z</time>
   </trkpt>
   <trkpt lat="25.0201650" lon="121.4227400">
    <ele>15.6</ele>
    <time>2025-08-10T11:13:54Z</time>
   </trkpt>
   <trkpt lat="25.0202060" lon="121.4227360">
    <ele>15.6</ele>
    <time>2025-08-10T11:13:55Z</time>
   </trkpt>
   <trkpt lat="25.0202220" lon="121.4227150">
    <ele>15.7</ele>
    <time>2025-08-10T11:13:56Z</time>
   </trkpt>
   <trkpt lat="25.0202270" lon="121.4227220">
    <ele>15.7</ele>
    <time>2025-08-10T11:13:57Z</time>
   </trkpt>
   <trkpt lat="25.0202230" lon="121.4227210">
    <ele>15.7</ele>
    <time>2025-08-10T11:13:58Z</time>
   </trkpt>
   <trkpt lat="25.0202000" lon="121.4227190">
    <ele>15.7</ele>
    <time>2025-08-10T11:13:59Z</time>
   </trkpt>
   <trkpt lat="25.0201970" lon="121.4227280">
    <ele>15.7</ele>
    <time>2025-08-10T11:14:00Z</time>
   </trkpt>
   <trkpt lat="25.0201930" lon="121.4227510">
    <ele>15.7</ele>
    <time>2025-08-10T11:14:01Z</time>
   </trkpt>
   <trkpt lat="25.0201940" lon="121.4227580">
    <ele>15.7</ele>
    <time>2025-08-10T11:14:02Z</time>
   </trkpt>
   <trkpt lat="25.0201940" lon="121.4227510">
    <ele>15.7</ele>
    <time>2025-08-10T11:14:03Z</time>
   </trkpt>
   <trkpt lat="25.0201910" lon="121.4227480">
    <ele>15.7</ele>
    <time>2025-08-10T11:14:04Z</time>
   </trkpt>
   <trkpt lat="25.0201890" lon="121.4227490">
    <ele>15.7</ele>
    <time>2025-08-10T11:14:05Z</time>
   </trkpt>
   <trkpt lat="25.0201880" lon="121.4227480">
    <ele>15.7</ele>
    <time>2025-08-10T11:14:06Z</time>
   </trkpt>
   <trkpt lat="25.0201980" lon="121.4227600">
    <ele>15.7</ele>
    <time>2025-08-10T11:14:07Z</time>
   </trkpt>
   <trkpt lat="25.0202080" lon="121.4227510">
    <ele>15.7</ele>
    <time>2025-08-10T11:14:08Z</time>
   </trkpt>
   <trkpt lat="25.0202160" lon="121.4227730">
    <ele>15.8</ele>
    <time>2025-08-10T11:14:09Z</time>
   </trkpt>
   <trkpt lat="25.0202170" lon="121.4227640">
    <ele>15.8</ele>
    <time>2025-08-10T11:14:10Z</time>
   </trkpt>
   <trkpt lat="25.0202200" lon="121.4227610">
    <ele>15.8</ele>
    <time>2025-08-10T11:14:11Z</time>
   </trkpt>
   <trkpt lat="25.0202220" lon="121.4227680">
    <ele>15.8</ele>
    <time>2025-08-10T11:14:12Z</time>
   </trkpt>
   <trkpt lat="25.0202200" lon="121.4227650">
    <ele>15.8</ele>
    <time>2025-08-10T11:14:13Z</time>
   </trkpt>
   <trkpt lat="25.0202190" lon="121.4227650">
    <ele>15.8</ele>
    <time>2025-08-10T11:14:14Z</time>
   </trkpt>
   <trkpt lat="25.0202190" lon="121.4227650">
    <ele>15.8</ele>
    <time>2025-08-10T11:14:15Z</time>
   </trkpt>
   <trkpt lat="25.0202190" lon="121.4227650">
    <ele>15.8</ele>
    <time>2025-08-10T11:14:16Z</time>
   </trkpt>
   <trkpt lat="25.0202190" lon="121.4227650">
    <ele>15.8</ele>
    <time>2025-08-10T11:14:17Z</time>
   </trkpt>
   <trkpt lat="25.0202300" lon="121.4227670">
    <ele>15.8</ele>
    <time>2025-08-10T11:14:18Z</time>
   </trkpt>
   <trkpt lat="25.0202330" lon="121.4227770">
    <ele>15.8</ele>
    <time>2025-08-10T11:14:19Z</time>
   </trkpt>
   <trkpt lat="25.0202320" lon="121.4227760">
    <ele>15.8</ele>
    <time>2025-08-10T11:14:20Z</time>
   </trkpt>
   <trkpt lat="25.0202320" lon="121.4227760">
    <ele>15.8</ele>
    <time>2025-08-10T11:14:21Z</time>
   </trkpt>
   <trkpt lat="25.0202400" lon="121.4227750">
    <ele>15.8</ele>
    <time>2025-08-10T11:14:22Z</time>
   </trkpt>
   <trkpt lat="25.0202470" lon="121.4227800">
    <ele>15.8</ele>
    <time>2025-08-10T11:14:23Z</time>
   </trkpt>
   <trkpt lat="25.0202620" lon="121.4228210">
    <ele>15.8</ele>
    <time>2025-08-10T11:14:24Z</time>
   </trkpt>
   <trkpt lat="25.0202820" lon="121.4228800">
    <ele>15.9</ele>
    <time>2025-08-10T11:14:25Z</time>
   </trkpt>
   <trkpt lat="25.0203040" lon="121.4229300">
    <ele>15.9</ele>
    <time>2025-08-10T11:14:26Z</time>
   </trkpt>
   <trkpt lat="25.0203820" lon="121.4229330">
    <ele>16.0</ele>
    <time>2025-08-10T11:14:27Z</time>
   </trkpt>
   <trkpt lat="25.0204100" lon="121.4229740">
    <ele>15.9</ele>
    <time>2025-08-10T11:14:28Z</time>
   </trkpt>
   <trkpt lat="25.0204470" lon="121.4230210">
    <ele>15.7</ele>
    <time>2025-08-10T11:14:29Z</time>
   </trkpt>
   <trkpt lat="25.0204750" lon="121.4230600">
    <ele>15.6</ele>
    <time>2025-08-10T11:14:30Z</time>
   </trkpt>
   <trkpt lat="25.0205040" lon="121.4231010">
    <ele>15.5</ele>
    <time>2025-08-10T11:14:31Z</time>
   </trkpt>
   <trkpt lat="25.0204590" lon="121.4231020">
    <ele>15.6</ele>
    <time>2025-08-10T11:14:32Z</time>
   </trkpt>
   <trkpt lat="25.0204090" lon="121.4230960">
    <ele>15.8</ele>
    <time>2025-08-10T11:14:33Z</time>
   </trkpt>
   <trkpt lat="25.0203580" lon="121.4230890">
    <ele>15.9</ele>
    <time>2025-08-10T11:14:34Z</time>
   </trkpt>
   <trkpt lat="25.0203080" lon="121.4230830">
    <ele>16.0</ele>
    <time>2025-08-10T11:14:35Z</time>
   </trkpt>
   <trkpt lat="25.0202570" lon="121.4230770">
    <ele>15.9</ele>
    <time>2025-08-10T11:14:36Z</time>
   </trkpt>
   <trkpt lat="25.0202540" lon="121.4230560">
    <ele>15.9</ele>
    <time>2025-08-10T11:14:37Z</time>
   </trkpt>
   <trkpt lat="25.0202510" lon="121.4230420">
    <ele>15.9</ele>
    <time>2025-08-10T11:14:38Z</time>
   </trkpt>
   <trkpt lat="25.0202480" lon="121.4230270">
    <ele>15.8</ele>
    <time>2025-08-10T11:14:39Z</time>
   </trkpt>
   <trkpt lat="25.0202450" lon="121.4230130">
    <ele>15.8</ele>
    <time>2025-08-10T11:14:40Z</time>
   </trkpt>
   <trkpt lat="25.0202420" lon="121.4229980">
    <ele>15.8</ele>
    <time>2025-08-10T11:14:41Z</time>
   </trkpt>
   <trkpt lat="25.0202390" lon="121.4229830">
    <ele>15.8</ele>
    <time>2025-08-10T11:14:42Z</time>
   </trkpt>
   <trkpt lat="25.0202350" lon="121.4229690">
    <ele>15.7</ele>
    <time>2025-08-10T11:14:52Z</time>
   </trkpt>
   <trkpt lat="25.0202320" lon="121.4229540">
    <ele>15.7</ele>
    <time>2025-08-10T11:14:57Z</time>
   </trkpt>
   <trkpt lat="25.0202290" lon="121.4229400">
    <ele>15.7</ele>
    <time>2025-08-10T11:15:03Z</time>
   </trkpt>
   <trkpt lat="25.0202260" lon="121.4229250">
    <ele>15.7</ele>
    <time>2025-08-10T11:15:05Z</time>
   </trkpt>
   <trkpt lat="25.0202230" lon="121.4229110">
    <ele>15.6</ele>
    <time>2025-08-10T11:15:06Z</time>
   </trkpt>
   <trkpt lat="25.0202200" lon="121.4228960">
    <ele>15.6</ele>
    <time>2025-08-10T11:15:07Z</time>
   </trkpt>
   <trkpt lat="25.0201910" lon="121.4228500">
    <ele>15.5</ele>
    <time>2025-08-10T11:15:08Z</time>
   </trkpt>
   <trkpt lat="25.0201700" lon="121.4228170">
    <ele>15.4</ele>
    <time>2025-08-10T11:15:09Z</time>
   </trkpt>
   <trkpt lat="25.0201650" lon="121.4228080">
    <ele>15.4</ele>
    <time>2025-08-10T11:15:10Z</time>
   </trkpt>
   <trkpt lat="25.0201620" lon="121.4227970">
    <ele>15.4</ele>
    <time>2025-08-10T11:15:11Z</time>
   </trkpt>
   <trkpt lat="25.0201580" lon="121.4227860">
    <ele>15.4</ele>
    <time>2025-08-10T11:15:12Z</time>
   </trkpt>
   <trkpt lat="25.0201540" lon="121.4227750">
    <ele>15.4</ele>
    <time>2025-08-10T11:15:13Z</time>
   </trkpt>
   <trkpt lat="25.0201460" lon="121.4227480">
    <ele>15.4</ele>
    <time>2025-08-10T11:15:14Z</time>
   </trkpt>
   <trkpt lat="25.0201460" lon="121.4227430">
    <ele>15.4</ele>
    <time>2025-08-10T11:15:15Z</time>
   </trkpt>
   <trkpt lat="25.0201340" lon="121.4227130">
    <ele>15.4</ele>
    <time>2025-08-10T11:15:16Z</time>
   </trkpt>
   <trkpt lat="25.0201320" lon="121.4227040">
    <ele>15.4</ele>
    <time>2025-08-10T11:15:17Z</time>
   </trkpt>
   <trkpt lat="25.0201280" lon="121.4227040">
    <ele>15.4</ele>
    <time>2025-08-10T11:15:18Z</time>
   </trkpt>
   <trkpt lat="25.0201290" lon="121.4227040">
    <ele>15.4</ele>
    <time>2025-08-10T11:15:19Z</time>
   </trkpt>
   <trkpt lat="25.0201240" lon="121.4226990">
    <ele>15.4</ele>
    <time>2025-08-10T11:15:20Z</time>
   </trkpt>
   <trkpt lat="25.0201200" lon="121.4226990">
    <ele>15.4</ele>
    <time>2025-08-10T11:15:21Z</time>
   </trkpt>
   <trkpt lat="25.0201210" lon="121.4227010">
    <ele>15.4</ele>
    <time>2025-08-10T11:15:22Z</time>
   </trkpt>
   <trkpt lat="25.0201300" lon="121.4227150">
    <ele>15.4</ele>
    <time>2025-08-10T11:15:23Z</time>
   </trkpt>
   <trkpt lat="25.0201410" lon="121.4227210">
    <ele>15.4</ele>
    <time>2025-08-10T11:15:24Z</time>
   </trkpt>
   <trkpt lat="25.0201400" lon="121.4227280">
    <ele>15.4</ele>
    <time>2025-08-10T11:15:25Z</time>
   </trkpt>
   <trkpt lat="25.0201410" lon="121.4227250">
    <ele>15.4</ele>
    <time>2025-08-10T11:15:26Z</time>
   </trkpt>
   <trkpt lat="25.0201420" lon="121.4227270">
    <ele>15.4</ele>
    <time>2025-08-10T11:15:27Z</time>
   </trkpt>
   <trkpt lat="25.0201490" lon="121.4227230">
    <ele>15.4</ele>
    <time>2025-08-10T11:15:28Z</time>
   </trkpt>
   <trkpt lat="25.0201550" lon="121.4227180">
    <ele>15.4</ele>
    <time>2025-08-10T11:15:29Z</time>
   </trkpt>
   <trkpt lat="25.0201450" lon="121.4227370">
    <ele>15.3</ele>
    <time>2025-08-10T11:15:30Z</time>
   </trkpt>
   <trkpt lat="25.0201540" lon="121.4227340">
    <ele>15.3</ele>
    <time>2025-08-10T11:15:31Z</time>
   </trkpt>
   <trkpt lat="25.0201470" lon="121.4226570">
    <ele>15.3</ele>
    <time>2025-08-10T11:15:32Z</time>
   </trkpt>
   <trkpt lat="25.0201310" lon="121.4226660">
    <ele>15.3</ele>
    <time>2025-08-10T11:15:33Z</time>
   </trkpt>
   <trkpt lat="25.0201240" lon="121.4226510">
    <ele>15.3</ele>
    <time>2025-08-10T11:15:34Z</time>
   </trkpt>
   <trkpt lat="25.0201180" lon="121.4226350">
    <ele>15.3</ele>
    <time>2025-08-10T11:15:35Z</time>
   </trkpt>
   <trkpt lat="25.0201260" lon="121.4226310">
    <ele>15.3</ele>
    <time>2025-08-10T11:15:36Z</time>
   </trkpt>
   <trkpt lat="25.0201320" lon="121.4226190">
    <ele>15.3</ele>
    <time>2025-08-10T11:15:37Z</time>
   </trkpt>
   <trkpt lat="25.0201360" lon="121.4226040">
    <ele>15.3</ele>
    <time>2025-08-10T11:15:38Z</time>
   </trkpt>
   <trkpt lat="25.0201380" lon="121.4225930">
    <ele>15.3</ele>
    <time>2025-08-10T11:15:39Z</time>
   </trkpt>
   <trkpt lat="25.0201400" lon="121.4225930">
    <ele>15.3</ele>
    <time>2025-08-10T11:15:40Z</time>
   </trkpt>
   <trkpt lat="25.0201350" lon="121.4225940">
    <ele>15.3</ele>
    <time>2025-08-10T11:15:41Z</time>
   </trkpt>
   <trkpt lat="25.0201510" lon="121.4226310">
    <ele>15.3</ele>
    <time>2025-08-10T11:15:42Z</time>
   </trkpt>
   <trkpt lat="25.0201570" lon="121.4226530">
    <ele>15.3</ele>
    <time>2025-08-10T11:15:43Z</time>
   </trkpt>
   <trkpt lat="25.0201550" lon="121.4226620">
    <ele>15.3</ele>
    <time>2025-08-10T11:15:44Z</time>
   </trkpt>
   <trkpt lat="25.0201550" lon="121.4226560">
    <ele>15.3</ele>
    <time>2025-08-10T11:15:45Z</time>
   </trkpt>
   <trkpt lat="25.0201640" lon="121.4226590">
    <ele>15.3</ele>
    <time>2025-08-10T11:15:46Z</time>
   </trkpt>
   <trkpt lat="25.0201720" lon="121.4226620">
    <ele>15.3</ele>
    <time>2025-08-10T11:15:47Z</time>
   </trkpt>
   <trkpt lat="25.0201800" lon="121.4226640">
    <ele>15.3</ele>
    <time>2025-08-10T11:15:48Z</time>
   </trkpt>
   <trkpt lat="25.0201880" lon="121.4226670">
    <ele>15.3</ele>
    <time>2025-08-10T11:15:49Z</time>
   </trkpt>
   <trkpt lat="25.0201970" lon="121.4226700">
    <ele>15.3</ele>
    <time>2025-08-10T11:15:50Z</time>
   </trkpt>
   <trkpt lat="25.0202050" lon="121.4226730">
    <ele>15.3</ele>
    <time>2025-08-10T11:15:51Z</time>
   </trkpt>
   <trkpt lat="25.0202280" lon="121.4226790">
    <ele>15.3</ele>
    <time>2025-08-10T11:15:52Z</time>
   </trkpt>
   <trkpt lat="25.0202470" lon="121.4226930">
    <ele>15.2</ele>
    <time>2025-08-10T11:15:53Z</time>
   </trkpt>
   <trkpt lat="25.0202530" lon="121.4227180">
    <ele>15.2</ele>
    <time>2025-08-10T11:15:54Z</time>
   </trkpt>
   <trkpt lat="25.0202470" lon="121.4227360">
    <ele>15.2</ele>
    <time>2025-08-10T11:15:55Z</time>
   </trkpt>
   <trkpt lat="25.0202280" lon="121.4227360">
    <ele>15.2</ele>
    <time>2025-08-10T11:15:56Z</time>
   </trkpt>
   <trkpt lat="25.0202190" lon="121.4227420">
    <ele>15.2</ele>
    <time>2025-08-10T11:15:57Z</time>
   </trkpt>
   <trkpt lat="25.0202100" lon="121.4227470">
    <ele>15.2</ele>
    <time>2025-08-10T11:15:59Z</time>
   </trkpt>
   <trkpt lat="25.0202010" lon="121.4227530">
    <ele>15.2</ele>
    <time>2025-08-10T11:16:00Z</time>
   </trkpt>
   <trkpt lat="25.0201920" lon="121.4227590">
    <ele>15.2</ele>
    <time>2025-08-10T11:16:01Z</time>
   </trkpt>
   <trkpt lat="25.0201940" lon="121.4227590">
    <ele>15.2</ele>
    <time>2025-08-10T11:16:02Z</time>
   </trkpt>
   <trkpt lat="25.0202040" lon="121.4227670">
    <ele>15.2</ele>
    <time>2025-08-10T11:16:03Z</time>
   </trkpt>
   <trkpt lat="25.0202060" lon="121.4227650">
    <ele>15.2</ele>
    <time>2025-08-10T11:16:04Z</time>
   </trkpt>
   <trkpt lat="25.0202090" lon="121.4227630">
    <ele>15.2</ele>
    <time>2025-08-10T11:16:05Z</time>
   </trkpt>
   <trkpt lat="25.0202090" lon="121.4227630">
    <ele>15.2</ele>
    <time>2025-08-10T11:16:06Z</time>
   </trkpt>
   <trkpt lat="25.0202090" lon="121.4227630">
    <ele>15.2</ele>
    <time>2025-08-10T11:16:07Z</time>
   </trkpt>
   <trkpt lat="25.0205920" lon="121.4223560">
    <ele>15.0</ele>
    <time>2025-08-10T11:16:08Z</time>
   </trkpt>
   <trkpt lat="25.0205920" lon="121.4223560">
    <ele>15.0</ele>
    <time>2025-08-10T11:16:09Z</time>
   </trkpt>
   <trkpt lat="25.0202120" lon="121.4227540">
    <ele>15.0</ele>
    <time>2025-08-10T11:16:10Z</time>
   </trkpt>
   <trkpt lat="25.0202150" lon="121.4227490">
    <ele>15.0</ele>
    <time>2025-08-10T11:16:11Z</time>
   </trkpt>
   <trkpt lat="25.0202170" lon="121.4227520">
    <ele>15.0</ele>
    <time>2025-08-10T11:16:12Z</time>
   </trkpt>
   <trkpt lat="25.0202170" lon="121.4227530">
    <ele>15.0</ele>
    <time>2025-08-10T11:16:13Z</time>
   </trkpt>
   <trkpt lat="25.0202170" lon="121.4227530">
    <ele>15.0</ele>
    <time>2025-08-10T11:16:14Z</time>
   </trkpt>
   <trkpt lat="25.0202170" lon="121.4227530">
    <ele>15.0</ele>
    <time>2025-08-10T11:16:15Z</time>
   </trkpt>
   <trkpt lat="25.0202170" lon="121.4227530">
    <ele>15.0</ele>
    <time>2025-08-10T11:16:16Z</time>
   </trkpt>
   <trkpt lat="25.0202260" lon="121.4227580">
    <ele>15.0</ele>
    <time>2025-08-10T11:16:17Z</time>
   </trkpt>
   <trkpt lat="25.0202280" lon="121.4227320">
    <ele>15.0</ele>
    <time>2025-08-10T11:16:18Z</time>
   </trkpt>
   <trkpt lat="25.0202290" lon="121.4227230">
    <ele>15.0</ele>
    <time>2025-08-10T11:16:19Z</time>
   </trkpt>
   <trkpt lat="25.0202260" lon="121.4227440">
    <ele>15.0</ele>
    <time>2025-08-10T11:16:20Z</time>
   </trkpt>
   <trkpt lat="25.0202320" lon="121.4227440">
    <ele>15.0</ele>
    <time>2025-08-10T11:16:21Z</time>
   </trkpt>
   <trkpt lat="25.0202370" lon="121.4227440">
    <ele>15.0</ele>
    <time>2025-08-10T11:16:22Z</time>
   </trkpt>
   <trkpt lat="25.0202430" lon="121.4227440">
    <ele>15.0</ele>
    <time>2025-08-10T11:16:23Z</time>
   </trkpt>
   <trkpt lat="25.0202480" lon="121.4227430">
    <ele>15.0</ele>
    <time>2025-08-10T11:16:24Z</time>
   </trkpt>
   <trkpt lat="25.0202540" lon="121.4227430">
    <ele>15.0</ele>
    <time>2025-08-10T11:16:25Z</time>
   </trkpt>
   <trkpt lat="25.0202590" lon="121.4227430">
    <ele>15.0</ele>
    <time>2025-08-10T11:16:26Z</time>
   </trkpt>
   <trkpt lat="25.0202650" lon="121.4227430">
    <ele>15.0</ele>
    <time>2025-08-10T11:16:27Z</time>
   </trkpt>
   <trkpt lat="25.0202700" lon="121.4227430">
    <ele>15.0</ele>
    <time>2025-08-10T11:16:28Z</time>
   </trkpt>
   <trkpt lat="25.0202680" lon="121.4227420">
    <ele>15.0</ele>
    <time>2025-08-10T11:16:29Z</time>
   </trkpt>
   <trkpt lat="25.0202650" lon="121.4227450">
    <ele>15.0</ele>
    <time>2025-08-10T11:16:30Z</time>
   </trkpt>
   <trkpt lat="25.0202610" lon="121.4227490">
    <ele>15.0</ele>
    <time>2025-08-10T11:16:31Z</time>
   </trkpt>
   <trkpt lat="25.0202570" lon="121.4227520">
    <ele>15.0</ele>
    <time>2025-08-10T11:16:32Z</time>
   </trkpt>
   <trkpt lat="25.0202540" lon="121.4227560">
    <ele>15.0</ele>
    <time>2025-08-10T11:16:33Z</time>
   </trkpt>
   <trkpt lat="25.0202500" lon="121.4227600">
    <ele>15.0</ele>
    <time>2025-08-10T11:16:34Z</time>
   </trkpt>
   <trkpt lat="25.0202460" lon="121.4227630">
    <ele>15.0</ele>
    <time>2025-08-10T11:16:35Z</time>
   </trkpt>
   <trkpt lat="25.0202420" lon="121.4227670">
    <ele>15.0</ele>
    <time>2025-08-10T11:16:36Z</time>
   </trkpt>
   <trkpt lat="25.0202390" lon="121.4227710">
    <ele>15.0</ele>
    <time>2025-08-10T11:16:37Z</time>
   </trkpt>
   <trkpt lat="25.0202350" lon="121.4227740">
    <ele>15.0</ele>
    <time>2025-08-10T11:16:38Z</time>
   </trkpt>
   <trkpt lat="25.0202310" lon="121.4227780">
    <ele>15.0</ele>
    <time>2025-08-10T11:16:39Z</time>
   </trkpt>
   <trkpt lat="25.0202280" lon="121.4227810">
    <ele>15.0</ele>
    <time>2025-08-10T11:16:40Z</time>
   </trkpt>
   <trkpt lat="25.0202240" lon="121.4227850">
    <ele>15.0</ele>
    <time>2025-08-10T11:16:41Z</time>
   </trkpt>
   <trkpt lat="25.0202240" lon="121.4227860">
    <ele>15.0</ele>
    <time>2025-08-10T11:16:42Z</time>
   </trkpt>
   <trkpt lat="25.0202240" lon="121.4227730">
    <ele>15.0</ele>
    <time>2025-08-10T11:16:43Z</time>
   </trkpt>
   <trkpt lat="25.0202230" lon="121.4227680">
    <ele>15.0</ele>
    <time>2025-08-10T11:16:44Z</time>
   </trkpt>
   <trkpt lat="25.0202240" lon="121.4227660">
    <ele>15.0</ele>
    <time>2025-08-10T11:16:45Z</time>
   </trkpt>
   <trkpt lat="25.0202280" lon="121.4227550">
    <ele>15.0</ele>
    <time>2025-08-10T11:16:46Z</time>
   </trkpt>
   <trkpt lat="25.0202280" lon="121.4227470">
    <ele>15.0</ele>
    <time>2025-08-10T11:16:47Z</time>
   </trkpt>
   <trkpt lat="25.0202190" lon="121.4227400">
    <ele>15.0</ele>
    <time>2025-08-10T11:16:48Z</time>
   </trkpt>
   <trkpt lat="25.0202260" lon="121.4227470">
    <ele>15.0</ele>
    <time>2025-08-10T11:16:49Z</time>
   </trkpt>
   <trkpt lat="25.0202220" lon="121.4227450">
    <ele>15.0</ele>
    <time>2025-08-10T11:16:50Z</time>
   </trkpt>
   <trkpt lat="25.0202000" lon="121.4227750">
    <ele>15.0</ele>
    <time>2025-08-10T11:16:51Z</time>
   </trkpt>
   <trkpt lat="25.0201840" lon="121.4227970">
    <ele>15.0</ele>
    <time>2025-08-10T11:16:52Z</time>
   </trkpt>
   <trkpt lat="25.0201690" lon="121.4228180">
    <ele>15.0</ele>
    <time>2025-08-10T11:16:53Z</time>
   </trkpt>
   <trkpt lat="25.0201790" lon="121.4227870">
    <ele>15.0</ele>
    <time>2025-08-10T11:16:54Z</time>
   </trkpt>
   <trkpt lat="25.0201960" lon="121.4227660">
    <ele>15.0</ele>
    <time>2025-08-10T11:16:55Z</time>
   </trkpt>
   <trkpt lat="25.0201920" lon="121.4227530">
    <ele>15.0</ele>
    <time>2025-08-10T11:16:56Z</time>
   </trkpt>
   <trkpt lat="25.0202010" lon="121.4227270">
    <ele>15.0</ele>
    <time>2025-08-10T11:16:57Z</time>
   </trkpt>
   <trkpt lat="25.0202160" lon="121.4227260">
    <ele>15.0</ele>
    <time>2025-08-10T11:16:58Z</time>
   </trkpt>
   <trkpt lat="25.0202330" lon="121.4226930">
    <ele>15.0</ele>
    <time>2025-08-10T11:16:59Z</time>
   </trkpt>
   <trkpt lat="25.0202400" lon="121.4226800">
    <ele>15.0</ele>
    <time>2025-08-10T11:17:00Z</time>
   </trkpt>
   <trkpt lat="25.0202390" lon="121.4226720">
    <ele>15.0</ele>
    <time>2025-08-10T11:17:01Z</time>
   </trkpt>
   <trkpt lat="25.0202460" lon="121.4226560">
    <ele>15.0</ele>
    <time>2025-08-10T11:17:02Z</time>
   </trkpt>
   <trkpt lat="25.0202450" lon="121.4226460">
    <ele>15.0</ele>
    <time>2025-08-10T11:17:03Z</time>
   </trkpt>
   <trkpt lat="25.0202510" lon="121.4226370">
    <ele>15.0</ele>
    <time>2025-08-10T11:17:04Z</time>
   </trkpt>
   <trkpt lat="25.0202550" lon="121.4226260">
    <ele>15.0</ele>
    <time>2025-08-10T11:17:05Z</time>
   </trkpt>
   <trkpt lat="25.0202580" lon="121.4226180">
    <ele>15.0</ele>
    <time>2025-08-10T11:17:06Z</time>
   </trkpt>
   <trkpt lat="25.0202570" lon="121.4226150">
    <ele>15.0</ele>
    <time>2025-08-10T11:17:07Z</time>
   </trkpt>
   <trkpt lat="25.0202510" lon="121.4226120">
    <ele>15.0</ele>
    <time>2025-08-10T11:17:08Z</time>
   </trkpt>
   <trkpt lat="25.0202470" lon="121.4226120">
    <ele>15.0</ele>
    <time>2025-08-10T11:17:09Z</time>
   </trkpt>
   <trkpt lat="25.0202490" lon="121.4226120">
    <ele>15.0</ele>
    <time>2025-08-10T11:17:10Z</time>
   </trkpt>
   <trkpt lat="25.0202540" lon="121.4226110">
    <ele>15.0</ele>
    <time>2025-08-10T11:17:11Z</time>
   </trkpt>
   <trkpt lat="25.0202560" lon="121.4226100">
    <ele>15.0</ele>
    <time>2025-08-10T11:17:12Z</time>
   </trkpt>
   <trkpt lat="25.0202590" lon="121.4226100">
    <ele>15.0</ele>
    <time>2025-08-10T11:17:13Z</time>
   </trkpt>
   <trkpt lat="25.0202610" lon="121.4226100">
    <ele>15.0</ele>
    <time>2025-08-10T11:17:14Z</time>
   </trkpt>
   <trkpt lat="25.0202640" lon="121.4226120">
    <ele>15.0</ele>
    <time>2025-08-10T11:17:15Z</time>
   </trkpt>
   <trkpt lat="25.0202640" lon="121.4226120">
    <ele>15.0</ele>
    <time>2025-08-10T11:17:16Z</time>
   </trkpt>
   <trkpt lat="25.0202660" lon="121.4226080">
    <ele>15.0</ele>
    <time>2025-08-10T11:17:17Z</time>
   </trkpt>
   <trkpt lat="25.0202660" lon="121.4226090">
    <ele>15.0</ele>
    <time>2025-08-10T11:17:18Z</time>
   </trkpt>
   <trkpt lat="25.0202660" lon="121.4226050">
    <ele>15.0</ele>
    <time>2025-08-10T11:17:19Z</time>
   </trkpt>
   <trkpt lat="25.0202620" lon="121.4226030">
    <ele>15.0</ele>
    <time>2025-08-10T11:17:20Z</time>
   </trkpt>
   <trkpt lat="25.0202550" lon="121.4225990">
    <ele>15.0</ele>
    <time>2025-08-10T11:17:21Z</time>
   </trkpt>
   <trkpt lat="25.0202440" lon="121.4225910">
    <ele>15.0</ele>
    <time>2025-08-10T11:17:22Z</time>
   </trkpt>
   <trkpt lat="25.0202350" lon="121.4225800">
    <ele>15.0</ele>
    <time>2025-08-10T11:17:23Z</time>
   </trkpt>
   <trkpt lat="25.0202260" lon="121.4225730">
    <ele>15.0</ele>
    <time>2025-08-10T11:17:24Z</time>
   </trkpt>
   <trkpt lat="25.0202240" lon="121.4225660">
    <ele>15.0</ele>
    <time>2025-08-10T11:17:25Z</time>
   </trkpt>
   <trkpt lat="25.0202220" lon="121.4224810">
    <ele>15.0</ele>
    <time>2025-08-10T11:17:26Z</time>
   </trkpt>
   <trkpt lat="25.0202190" lon="121.4224470">
    <ele>15.0</ele>
    <time>2025-08-10T11:17:27Z</time>
   </trkpt>
   <trkpt lat="25.0202680" lon="121.4224410">
    <ele>15.0</ele>
    <time>2025-08-10T11:17:28Z</time>
   </trkpt>
   <trkpt lat="25.0202940" lon="121.4224600">
    <ele>15.0</ele>
    <time>2025-08-10T11:17:29Z</time>
   </trkpt>
   <trkpt lat="25.0203050" lon="121.4224890">
    <ele>15.0</ele>
    <time>2025-08-10T11:17:30Z</time>
   </trkpt>
   <trkpt lat="25.0203020" lon="121.4224770">
    <ele>15.0</ele>
    <time>2025-08-10T11:17:31Z</time>
   </trkpt>
   <trkpt lat="25.0203210" lon="121.4224880">
    <ele>15.0</ele>
    <time>2025-08-10T11:17:32Z</time>
   </trkpt>
   <trkpt lat="25.0203340" lon="121.4225030">
    <ele>15.0</ele>
    <time>2025-08-10T11:17:33Z</time>
   </trkpt>
   <trkpt lat="25.0203330" lon="121.4225060">
    <ele>15.0</ele>
    <time>2025-08-10T11:17:34Z</time>
   </trkpt>
   <trkpt lat="25.0203340" lon="121.4225400">
    <ele>15.0</ele>
    <time>2025-08-10T11:17:35Z</time>
   </trkpt>
   <trkpt lat="25.0203100" lon="121.4225800">
    <ele>15.0</ele>
    <time>2025-08-10T11:17:36Z</time>
   </trkpt>
   <trkpt lat="25.0202760" lon="121.4225980">
    <ele>15.0</ele>
    <time>2025-08-10T11:17:37Z</time>
   </trkpt>
   <trkpt lat="25.0202370" lon="121.4225940">
    <ele>15.0</ele>
    <time>2025-08-10T11:17:38Z</time>
   </trkpt>
   <trkpt lat="25.0201600" lon="121.4226000">
    <ele>15.0</ele>
    <time>2025-08-10T11:17:39Z</time>
   </trkpt>
   <trkpt lat="25.0201330" lon="121.4226070">
    <ele>15.0</ele>
    <time>2025-08-10T11:17:40Z</time>
   </trkpt>
   <trkpt lat="25.0201240" lon="121.4225390">
    <ele>15.0</ele>
    <time>2025-08-10T11:17:41Z</time>
   </trkpt>
   <trkpt lat="25.0201100" lon="121.4224980">
    <ele>15.0</ele>
    <time>2025-08-10T11:17:42Z</time>
   </trkpt>
   <trkpt lat="25.0200420" lon="121.4225850">
    <ele>15.0</ele>
    <time>2025-08-10T11:17:43Z</time>
   </trkpt>
   <trkpt lat="25.0200780" lon="121.4226280">
    <ele>15.0</ele>
    <time>2025-08-10T11:17:44Z</time>
   </trkpt>
   <trkpt lat="25.0201460" lon="121.4226110">
    <ele>15.0</ele>
    <time>2025-08-10T11:17:45Z</time>
   </trkpt>
   <trkpt lat="25.0201590" lon="121.4226110">
    <ele>15.0</ele>
    <time>2025-08-10T11:17:46Z</time>
   </trkpt>
   <trkpt lat="25.0201630" lon="121.4226090">
    <ele>15.0</ele>
    <time>2025-08-10T11:17:47Z</time>
   </trkpt>
   <trkpt lat="25.0201730" lon="121.4226130">
    <ele>15.0</ele>
    <time>2025-08-10T11:17:48Z</time>
   </trkpt>
   <trkpt lat="25.0201600" lon="121.4225980">
    <ele>15.0</ele>
    <time>2025-08-10T11:17:49Z</time>
   </trkpt>
   <trkpt lat="25.0201590" lon="121.4225960">
    <ele>15.0</ele>
    <time>2025-08-10T11:17:50Z</time>
   </trkpt>
   <trkpt lat="25.0201550" lon="121.4225910">
    <ele>15.0</ele>
    <time>2025-08-10T11:17:51Z</time>
   </trkpt>
   <trkpt lat="25.0201670" lon="121.4225760">
    <ele>15.0</ele>
    <time>2025-08-10T11:17:52Z</time>
   </trkpt>
   <trkpt lat="25.0201790" lon="121.4225600">
    <ele>15.0</ele>
    <time>2025-08-10T11:17:53Z</time>
   </trkpt>
   <trkpt lat="25.0201900" lon="121.4225450">
    <ele>15.0</ele>
    <time>2025-08-10T11:17:54Z</time>
   </trkpt>
   <trkpt lat="25.0202020" lon="121.4225290">
    <ele>15.0</ele>
    <time>2025-08-10T11:17:55Z</time>
   </trkpt>
   <trkpt lat="25.0201710" lon="121.4225510">
    <ele>15.0</ele>
    <time>2025-08-10T11:17:56Z</time>
   </trkpt>
   <trkpt lat="25.0202040" lon="121.4225530">
    <ele>15.0</ele>
    <time>2025-08-10T11:17:57Z</time>
   </trkpt>
   <trkpt lat="25.0202370" lon="121.4225630">
    <ele>14.6</ele>
    <time>2025-08-10T11:17:58Z</time>
   </trkpt>
   <trkpt lat="25.0202700" lon="121.4225720">
    <ele>14.2</ele>
    <time>2025-08-10T11:17:59Z</time>
   </trkpt>
   <trkpt lat="25.0203020" lon="121.4225820">
    <ele>13.6</ele>
    <time>2025-08-10T11:18:00Z</time>
   </trkpt>
   <trkpt lat="25.0203350" lon="121.4225910">
    <ele>13.3</ele>
    <time>2025-08-10T11:18:01Z</time>
   </trkpt>
   <trkpt lat="25.0203680" lon="121.4226010">
    <ele>13.0</ele>
    <time>2025-08-10T11:18:02Z</time>
   </trkpt>
   <trkpt lat="25.0204010" lon="121.4226100">
    <ele>12.9</ele>
    <time>2025-08-10T11:18:03Z</time>
   </trkpt>
   <trkpt lat="25.0204350" lon="121.4226140">
    <ele>12.9</ele>
    <time>2025-08-10T11:18:04Z</time>
   </trkpt>
   <trkpt lat="25.0204860" lon="121.4226060">
    <ele>12.7</ele>
    <time>2025-08-10T11:18:06Z</time>
   </trkpt>
   <trkpt lat="25.0205200" lon="121.4226030">
    <ele>12.7</ele>
    <time>2025-08-10T11:18:07Z</time>
   </trkpt>
   <trkpt lat="25.0205780" lon="121.4225950">
    <ele>12.7</ele>
    <time>2025-08-10T11:18:08Z</time>
   </trkpt>
   <trkpt lat="25.0205050" lon="121.4226130">
    <ele>12.7</ele>
    <time>2025-08-10T11:18:09Z</time>
   </trkpt>
   <trkpt lat="25.0205140" lon="121.4226270">
    <ele>12.5</ele>
    <time>2025-08-10T11:18:10Z</time>
   </trkpt>
   <trkpt lat="25.0204990" lon="121.4226480">
    <ele>12.5</ele>
    <time>2025-08-10T11:18:11Z</time>
   </trkpt>
   <trkpt lat="25.0204850" lon="121.4226700">
    <ele>12.3</ele>
    <time>2025-08-10T11:18:12Z</time>
   </trkpt>
   <trkpt lat="25.0204600" lon="121.4226900">
    <ele>12.5</ele>
    <time>2025-08-10T11:18:13Z</time>
   </trkpt>
   <trkpt lat="25.0204610" lon="121.4227090">
    <ele>12.5</ele>
    <time>2025-08-10T11:18:14Z</time>
   </trkpt>
   <trkpt lat="25.0204610" lon="121.4227280">
    <ele>12.5</ele>
    <time>2025-08-10T11:18:15Z</time>
   </trkpt>
   <trkpt lat="25.0204610" lon="121.4227470">
    <ele>12.5</ele>
    <time>2025-08-10T11:18:16Z</time>
   </trkpt>
   <trkpt lat="25.0204580" lon="121.4227870">
    <ele>12.5</ele>
    <time>2025-08-10T11:18:17Z</time>
   </trkpt>
   <trkpt lat="25.0204510" lon="121.4227800">
    <ele>12.5</ele>
    <time>2025-08-10T11:18:18Z</time>
   </trkpt>
   <trkpt lat="25.0204340" lon="121.4227690">
    <ele>12.8</ele>
    <time>2025-08-10T11:18:19Z</time>
   </trkpt>
   <trkpt lat="25.0204160" lon="121.4227580">
    <ele>12.8</ele>
    <time>2025-08-10T11:18:20Z</time>
   </trkpt>
   <trkpt lat="25.0203980" lon="121.4227470">
    <ele>13.0</ele>
    <time>2025-08-10T11:18:21Z</time>
   </trkpt>
   <trkpt lat="25.0208580" lon="121.4227050">
    <ele>11.2</ele>
    <time>2025-08-10T11:18:22Z</time>
   </trkpt>
   <trkpt lat="25.0204080" lon="121.4227350">
    <ele>12.8</ele>
    <time>2025-08-10T11:18:23Z</time>
   </trkpt>
   <trkpt lat="25.0204270" lon="121.4227340">
    <ele>12.8</ele>
    <time>2025-08-10T11:18:24Z</time>
   </trkpt>
   <trkpt lat="25.0204240" lon="121.4227210">
    <ele>12.8</ele>
    <time>2025-08-10T11:18:25Z</time>
   </trkpt>
   <trkpt lat="25.0204210" lon="121.4227070">
    <ele>12.8</ele>
    <time>2025-08-10T11:18:26Z</time>
   </trkpt>
   <trkpt lat="25.0204180" lon="121.4226940">
    <ele>12.8</ele>
    <time>2025-08-10T11:18:27Z</time>
   </trkpt>
   <trkpt lat="25.0204150" lon="121.4226800">
    <ele>12.8</ele>
    <time>2025-08-10T11:18:28Z</time>
   </trkpt>
   <trkpt lat="25.0204120" lon="121.4226670">
    <ele>12.8</ele>
    <time>2025-08-10T11:18:29Z</time>
   </trkpt>
   <trkpt lat="25.0204270" lon="121.4226750">
    <ele>12.8</ele>
    <time>2025-08-10T11:18:30Z</time>
   </trkpt>
   <trkpt lat="25.0204400" lon="121.4226810">
    <ele>12.6</ele>
    <time>2025-08-10T11:18:31Z</time>
   </trkpt>
   <trkpt lat="25.0204540" lon="121.4226880">
    <ele>12.6</ele>
    <time>2025-08-10T11:18:32Z</time>
   </trkpt>
   <trkpt lat="25.0204670" lon="121.4226950">
    <ele>12.6</ele>
    <time>2025-08-10T11:18:33Z</time>
   </trkpt>
   <trkpt lat="25.0204940" lon="121.4227060">
    <ele>12.3</ele>
    <time>2025-08-10T11:18:34Z</time>
   </trkpt>
   <trkpt lat="25.0205170" lon="121.4227120">
    <ele>12.3</ele>
    <time>2025-08-10T11:18:35Z</time>
   </trkpt>
   <trkpt lat="25.0205390" lon="121.4227180">
    <ele>12.2</ele>
    <time>2025-08-10T11:18:36Z</time>
   </trkpt>
   <trkpt lat="25.0205180" lon="121.4227190">
    <ele>12.2</ele>
    <time>2025-08-10T11:18:37Z</time>
   </trkpt>
   <trkpt lat="25.0205010" lon="121.4227190">
    <ele>12.3</ele>
    <time>2025-08-10T11:18:38Z</time>
   </trkpt>
   <trkpt lat="25.0204840" lon="121.4227180">
    <ele>12.3</ele>
    <time>2025-08-10T11:18:39Z</time>
   </trkpt>
   <trkpt lat="25.0204790" lon="121.4227140">
    <ele>12.3</ele>
    <time>2025-08-10T11:18:40Z</time>
   </trkpt>
   <trkpt lat="25.0204720" lon="121.4227060">
    <ele>12.6</ele>
    <time>2025-08-10T11:18:41Z</time>
   </trkpt>
   <trkpt lat="25.0204640" lon="121.4226980">
    <ele>12.7</ele>
    <time>2025-08-10T11:18:42Z</time>
   </trkpt>
   <trkpt lat="25.0204570" lon="121.4226900">
    <ele>12.7</ele>
    <time>2025-08-10T11:18:43Z</time>
   </trkpt>
   <trkpt lat="25.0204490" lon="121.4226830">
    <ele>12.7</ele>
    <time>2025-08-10T11:18:44Z</time>
   </trkpt>
   <trkpt lat="25.0204410" lon="121.4226750">
    <ele>12.7</ele>
    <time>2025-08-10T11:18:45Z</time>
   </trkpt>
   <trkpt lat="25.0204340" lon="121.4226670">
    <ele>12.9</ele>
    <time>2025-08-10T11:18:46Z</time>
   </trkpt>
   <trkpt lat="25.0204260" lon="121.4226590">
    <ele>12.9</ele>
    <time>2025-08-10T11:18:47Z</time>
   </trkpt>
   <trkpt lat="25.0204050" lon="121.4226950">
    <ele>12.9</ele>
    <time>2025-08-10T11:18:48Z</time>
   </trkpt>
   <trkpt lat="25.0203850" lon="121.4227200">
    <ele>13.1</ele>
    <time>2025-08-10T11:18:49Z</time>
   </trkpt>
   <trkpt lat="25.0203660" lon="121.4227460">
    <ele>13.1</ele>
    <time>2025-08-10T11:18:50Z</time>
   </trkpt>
   <trkpt lat="25.0203320" lon="121.4226770">
    <ele>13.4</ele>
    <time>2025-08-10T11:18:51Z</time>
   </trkpt>
   <trkpt lat="25.0203490" lon="121.4226460">
    <ele>13.4</ele>
    <time>2025-08-10T11:18:52Z</time>
   </trkpt>
   <trkpt lat="25.0203720" lon="121.4226410">
    <ele>13.2</ele>
    <time>2025-08-10T11:18:53Z</time>
   </trkpt>
   <trkpt lat="25.0203750" lon="121.4226220">
    <ele>13.2</ele>
    <time>2025-08-10T11:18:54Z</time>
   </trkpt>
   <trkpt lat="25.0203640" lon="121.4226200">
    <ele>13.2</ele>
    <time>2025-08-10T11:18:55Z</time>
   </trkpt>
   <trkpt lat="25.0203670" lon="121.4226080">
    <ele>13.2</ele>
    <time>2025-08-10T11:18:56Z</time>
   </trkpt>
   <trkpt lat="25.0203490" lon="121.4226120">
    <ele>13.5</ele>
    <time>2025-08-10T11:18:57Z</time>
   </trkpt>
   <trkpt lat="25.0203420" lon="121.4226170">
    <ele>13.5</ele>
    <time>2025-08-10T11:18:58Z</time>
   </trkpt>
   <trkpt lat="25.0203360" lon="121.4226230">
    <ele>13.5</ele>
    <time>2025-08-10T11:18:59Z</time>
   </trkpt>
   <trkpt lat="25.0203290" lon="121.4226280">
    <ele>13.5</ele>
    <time>2025-08-10T11:19:00Z</time>
   </trkpt>
   <trkpt lat="25.0203160" lon="121.4226240">
    <ele>13.8</ele>
    <time>2025-08-10T11:19:01Z</time>
   </trkpt>
   <trkpt lat="25.0203000" lon="121.4226180">
    <ele>13.8</ele>
    <time>2025-08-10T11:19:02Z</time>
   </trkpt>
   <trkpt lat="25.0202830" lon="121.4226110">
    <ele>14.3</ele>
    <time>2025-08-10T11:19:03Z</time>
   </trkpt>
   <trkpt lat="25.0202670" lon="121.4226050">
    <ele>14.3</ele>
    <time>2025-08-10T11:19:04Z</time>
   </trkpt>
   <trkpt lat="25.0202510" lon="121.4225990">
    <ele>14.3</ele>
    <time>2025-08-10T11:19:05Z</time>
   </trkpt>
   <trkpt lat="25.0202410" lon="121.4226020">
    <ele>14.7</ele>
    <time>2025-08-10T11:19:06Z</time>
   </trkpt>
   <trkpt lat="25.0202330" lon="121.4226040">
    <ele>14.7</ele>
    <time>2025-08-10T11:19:07Z</time>
   </trkpt>
   <trkpt lat="25.0202160" lon="121.4226050">
    <ele>14.7</ele>
    <time>2025-08-10T11:19:08Z</time>
   </trkpt>
   <trkpt lat="25.0202160" lon="121.4225980">
    <ele>14.7</ele>
    <time>2025-08-10T11:19:09Z</time>
   </trkpt>
   <trkpt lat="25.0202130" lon="121.4225890">
    <ele>14.7</ele>
    <time>2025-08-10T11:19:10Z</time>
   </trkpt>
   <trkpt lat="25.0202090" lon="121.4225810">
    <ele>14.7</ele>
    <time>2025-08-10T11:19:11Z</time>
   </trkpt>
   <trkpt lat="25.0202060" lon="121.4225720">
    <ele>15.3</ele>
    <time>2025-08-10T11:19:12Z</time>
   </trkpt>
   <trkpt lat="25.0202030" lon="121.4225630">
    <ele>15.3</ele>
    <time>2025-08-10T11:19:13Z</time>
   </trkpt>
   <trkpt lat="25.0201920" lon="121.4225830">
    <ele>15.1</ele>
    <time>2025-08-10T11:19:14Z</time>
   </trkpt>
   <trkpt lat="25.0201830" lon="121.4226040">
    <ele>15.1</ele>
    <time>2025-08-10T11:19:15Z</time>
   </trkpt>
   <trkpt lat="25.0201650" lon="121.4225350">
    <ele>15.6</ele>
    <time>2025-08-10T11:19:16Z</time>
   </trkpt>
   <trkpt lat="25.0202340" lon="121.4224860">
    <ele>15.2</ele>
    <time>2025-08-10T11:19:17Z</time>
   </trkpt>
   <trkpt lat="25.0202550" lon="121.4224530">
    <ele>14.7</ele>
    <time>2025-08-10T11:19:18Z</time>
   </trkpt>
   <trkpt lat="25.0202910" lon="121.4224510">
    <ele>14.3</ele>
    <time>2025-08-10T11:19:19Z</time>
   </trkpt>
   <trkpt lat="25.0202900" lon="121.4224180">
    <ele>14.5</ele>
    <time>2025-08-10T11:19:20Z</time>
   </trkpt>
   <trkpt lat="25.0202880" lon="121.4224370">
    <ele>14.5</ele>
    <time>2025-08-10T11:19:21Z</time>
   </trkpt>
   <trkpt lat="25.0202840" lon="121.4224520">
    <ele>14.8</ele>
    <time>2025-08-10T11:19:22Z</time>
   </trkpt>
   <trkpt lat="25.0202810" lon="121.4224670">
    <ele>14.8</ele>
    <time>2025-08-10T11:19:23Z</time>
   </trkpt>
   <trkpt lat="25.0202800" lon="121.4224690">
    <ele>14.8</ele>
    <time>2025-08-10T11:19:24Z</time>
   </trkpt>
   <trkpt lat="25.0202900" lon="121.4224680">
    <ele>14.3</ele>
    <time>2025-08-10T11:19:25Z</time>
   </trkpt>
   <trkpt lat="25.0202870" lon="121.4224600">
    <ele>14.4</ele>
    <time>2025-08-10T11:19:26Z</time>
   </trkpt>
   <trkpt lat="25.0202790" lon="121.4224490">
    <ele>14.8</ele>
    <time>2025-08-10T11:19:27Z</time>
   </trkpt>
   <trkpt lat="25.0202800" lon="121.4224530">
    <ele>14.8</ele>
    <time>2025-08-10T11:19:28Z</time>
   </trkpt>
   <trkpt lat="25.0202820" lon="121.4224510">
    <ele>14.8</ele>
    <time>2025-08-10T11:19:29Z</time>
   </trkpt>
   <trkpt lat="25.0202740" lon="121.4224630">
    <ele>14.8</ele>
    <time>2025-08-10T11:19:30Z</time>
   </trkpt>
   <trkpt lat="25.0202720" lon="121.4224630">
    <ele>14.8</ele>
    <time>2025-08-10T11:19:31Z</time>
   </trkpt>
   <trkpt lat="25.0202540" lon="121.4224800">
    <ele>14.8</ele>
    <time>2025-08-10T11:19:32Z</time>
   </trkpt>
   <trkpt lat="25.0200200" lon="121.4222490">
    <ele>17.0</ele>
    <time>2025-08-10T11:19:33Z</time>
   </trkpt>
   <trkpt lat="25.0200180" lon="121.4222630">
    <ele>17.1</ele>
    <time>2025-08-10T11:19:34Z</time>
   </trkpt>
   <trkpt lat="25.0199500" lon="121.4222380">
    <ele>17.8</ele>
    <time>2025-08-10T11:19:35Z</time>
   </trkpt>
   <trkpt lat="25.0199920" lon="121.4223930">
    <ele>17.7</ele>
    <time>2025-08-10T11:19:36Z</time>
   </trkpt>
   <trkpt lat="25.0199650" lon="121.4224110">
    <ele>17.9</ele>
    <time>2025-08-10T11:19:37Z</time>
   </trkpt>
   <trkpt lat="25.0199370" lon="121.4224240">
    <ele>17.9</ele>
    <time>2025-08-10T11:19:38Z</time>
   </trkpt>
   <trkpt lat="25.0199080" lon="121.4224360">
    <ele>18.3</ele>
    <time>2025-08-10T11:19:39Z</time>
   </trkpt>
   <trkpt lat="25.0199430" lon="121.4224740">
    <ele>17.8</ele>
    <time>2025-08-10T11:19:40Z</time>
   </trkpt>
   <trkpt lat="25.0199460" lon="121.4224740">
    <ele>17.8</ele>
    <time>2025-08-10T11:19:41Z</time>
   </trkpt>
   <trkpt lat="25.0199420" lon="121.4224740">
    <ele>17.8</ele>
    <time>2025-08-10T11:19:42Z</time>
   </trkpt>
   <trkpt lat="25.0199350" lon="121.4224670">
    <ele>17.8</ele>
    <time>2025-08-10T11:19:43Z</time>
   </trkpt>
   <trkpt lat="25.0199170" lon="121.4224490">
    <ele>18.3</ele>
    <time>2025-08-10T11:19:44Z</time>
   </trkpt>
   <trkpt lat="25.0199420" lon="121.4224350">
    <ele>17.9</ele>
    <time>2025-08-10T11:19:45Z</time>
   </trkpt>
   <trkpt lat="25.0199830" lon="121.4224370">
    <ele>17.6</ele>
    <time>2025-08-10T11:19:46Z</time>
   </trkpt>
   <trkpt lat="25.0200240" lon="121.4224380">
    <ele>17.2</ele>
    <time>2025-08-10T11:19:47Z</time>
   </trkpt>
   <trkpt lat="25.0200330" lon="121.4224070">
    <ele>17.2</ele>
    <time>2025-08-10T11:19:48Z</time>
   </trkpt>
   <trkpt lat="25.0200370" lon="121.4223990">
    <ele>17.5</ele>
    <time>2025-08-10T11:19:49Z</time>
   </trkpt>
   <trkpt lat="25.0193670" lon="121.4223900">
    <ele>19.5</ele>
    <time>2025-08-10T11:19:50Z</time>
   </trkpt>
   <trkpt lat="25.0193820" lon="121.4225470">
    <ele>18.7</ele>
    <time>2025-08-10T11:19:51Z</time>
   </trkpt>
   <trkpt lat="25.0193960" lon="121.4227030">
    <ele>17.3</ele>
    <time>2025-08-10T11:19:52Z</time>
   </trkpt>
   <trkpt lat="25.0193180" lon="121.4227640">
    <ele>16.6</ele>
    <time>2025-08-10T11:19:53Z</time>
   </trkpt>
   <trkpt lat="25.0192810" lon="121.4227470">
    <ele>16.2</ele>
    <time>2025-08-10T11:19:54Z</time>
   </trkpt>
   <trkpt lat="25.0192450" lon="121.4227380">
    <ele>15.6</ele>
    <time>2025-08-10T11:19:55Z</time>
   </trkpt>
   <trkpt lat="25.0192030" lon="121.4227310">
    <ele>15.2</ele>
    <time>2025-08-10T11:19:56Z</time>
   </trkpt>
   <trkpt lat="25.0191560" lon="121.4227170">
    <ele>14.6</ele>
    <time>2025-08-10T11:19:57Z</time>
   </trkpt>
   <trkpt lat="25.0191170" lon="121.4226810">
    <ele>14.5</ele>
    <time>2025-08-10T11:19:58Z</time>
   </trkpt>
   <trkpt lat="25.0190870" lon="121.4227030">
    <ele>14.2</ele>
    <time>2025-08-10T11:20:00Z</time>
   </trkpt>
   <trkpt lat="25.0190830" lon="121.4227370">
    <ele>14.2</ele>
    <time>2025-08-10T11:20:01Z</time>
   </trkpt>
   <trkpt lat="25.0190810" lon="121.4227500">
    <ele>13.9</ele>
    <time>2025-08-10T11:20:02Z</time>
   </trkpt>
   <trkpt lat="25.0190640" lon="121.4227800">
    <ele>13.4</ele>
    <time>2025-08-10T11:20:03Z</time>
   </trkpt>
   <trkpt lat="25.0190230" lon="121.4227750">
    <ele>12.9</ele>
    <time>2025-08-10T11:20:04Z</time>
   </trkpt>
   <trkpt lat="25.0194410" lon="121.4228030">
    <ele>17.9</ele>
    <time>2025-08-10T11:20:05Z</time>
   </trkpt>
   <trkpt lat="25.0194980" lon="121.4227740">
    <ele>18.4</ele>
    <time>2025-08-10T11:20:06Z</time>
   </trkpt>
   <trkpt lat="25.0195540" lon="121.4227440">
    <ele>19.4</ele>
    <time>2025-08-10T11:20:07Z</time>
   </trkpt>
   <trkpt lat="25.0196280" lon="121.4227470">
    <ele>19.6</ele>
    <time>2025-08-10T11:20:08Z</time>
   </trkpt>
   <trkpt lat="25.0196560" lon="121.4227550">
    <ele>19.6</ele>
    <time>2025-08-10T11:20:09Z</time>
   </trkpt>
   <trkpt lat="25.0196820" lon="121.4227670">
    <ele>19.6</ele>
    <time>2025-08-10T11:20:10Z</time>
   </trkpt>
   <trkpt lat="25.0197090" lon="121.4227780">
    <ele>19.6</ele>
    <time>2025-08-10T11:20:11Z</time>
   </trkpt>
   <trkpt lat="25.0197070" lon="121.4227850">
    <ele>19.6</ele>
    <time>2025-08-10T11:20:12Z</time>
   </trkpt>
   <trkpt lat="25.0197050" lon="121.4227510">
    <ele>19.6</ele>
    <time>2025-08-10T11:20:13Z</time>
   </trkpt>
   <trkpt lat="25.0197020" lon="121.4227550">
    <ele>19.6</ele>
    <time>2025-08-10T11:20:14Z</time>
   </trkpt>
   <trkpt lat="25.0197020" lon="121.4227550">
    <ele>19.6</ele>
    <time>2025-08-10T11:20:15Z</time>
   </trkpt>
   <trkpt lat="25.0197060" lon="121.4227410">
    <ele>19.6</ele>
    <time>2025-08-10T11:20:16Z</time>
   </trkpt>
   <trkpt lat="25.0197430" lon="121.4227520">
    <ele>19.4</ele>
    <time>2025-08-10T11:20:17Z</time>
   </trkpt>
   <trkpt lat="25.0197800" lon="121.4227640">
    <ele>19.1</ele>
    <time>2025-08-10T11:20:18Z</time>
   </trkpt>
   <trkpt lat="25.0199890" lon="121.4228870">
    <ele>16.3</ele>
    <time>2025-08-10T11:20:19Z</time>
   </trkpt>
   <trkpt lat="25.0199920" lon="121.4228800">
    <ele>16.3</ele>
    <time>2025-08-10T11:20:20Z</time>
   </trkpt>
   <trkpt lat="25.0199500" lon="121.4225330">
    <ele>17.9</ele>
    <time>2025-08-10T11:20:21Z</time>
   </trkpt>
   <trkpt lat="25.0199500" lon="121.4225330">
    <ele>17.9</ele>
    <time>2025-08-10T11:20:22Z</time>
   </trkpt>
   <trkpt lat="25.0199660" lon="121.4225450">
    <ele>17.9</ele>
    <time>2025-08-10T11:20:23Z</time>
   </trkpt>
   <trkpt lat="25.0199820" lon="121.4225560">
    <ele>17.4</ele>
    <time>2025-08-10T11:20:24Z</time>
   </trkpt>
   <trkpt lat="25.0199970" lon="121.4225680">
    <ele>17.4</ele>
    <time>2025-08-10T11:20:25Z</time>
   </trkpt>
   <trkpt lat="25.0200130" lon="121.4225790">
    <ele>16.9</ele>
    <time>2025-08-10T11:20:26Z</time>
   </trkpt>
   <trkpt lat="25.0200290" lon="121.4225910">
    <ele>16.9</ele>
    <time>2025-08-10T11:20:27Z</time>
   </trkpt>
   <trkpt lat="25.0200450" lon="121.4226020">
    <ele>16.9</ele>
    <time>2025-08-10T11:20:28Z</time>
   </trkpt>
   <trkpt lat="25.0200610" lon="121.4226140">
    <ele>16.5</ele>
    <time>2025-08-10T11:20:29Z</time>
   </trkpt>
   <trkpt lat="25.0200770" lon="121.4226250">
    <ele>16.4</ele>
    <time>2025-08-10T11:20:30Z</time>
   </trkpt>
   <trkpt lat="25.0200920" lon="121.4226370">
    <ele>16.0</ele>
    <time>2025-08-10T11:20:31Z</time>
   </trkpt>
   <trkpt lat="25.0201080" lon="121.4226480">
    <ele>16.0</ele>
    <time>2025-08-10T11:20:32Z</time>
   </trkpt>
   <trkpt lat="25.0201240" lon="121.4226600">
    <ele>15.9</ele>
    <time>2025-08-10T11:20:33Z</time>
   </trkpt>
   <trkpt lat="25.0201380" lon="121.4226510">
    <ele>15.6</ele>
    <time>2025-08-10T11:20:34Z</time>
   </trkpt>
   <trkpt lat="25.0201520" lon="121.4226410">
    <ele>15.6</ele>
    <time>2025-08-10T11:20:35Z</time>
   </trkpt>
   <trkpt lat="25.0201670" lon="121.4226310">
    <ele>15.6</ele>
    <time>2025-08-10T11:20:36Z</time>
   </trkpt>
   <trkpt lat="25.0201810" lon="121.4226210">
    <ele>15.2</ele>
    <time>2025-08-10T11:20:37Z</time>
   </trkpt>
   <trkpt lat="25.0201950" lon="121.4226110">
    <ele>15.4</ele>
    <time>2025-08-10T11:20:38Z</time>
   </trkpt>
   <trkpt lat="25.0201660" lon="121.4225860">
    <ele>15.8</ele>
    <time>2025-08-10T11:20:39Z</time>
   </trkpt>
   <trkpt lat="25.0201680" lon="121.4225600">
    <ele>15.7</ele>
    <time>2025-08-10T11:20:40Z</time>
   </trkpt>
   <trkpt lat="25.0201630" lon="121.4225620">
    <ele>16.0</ele>
    <time>2025-08-10T11:20:41Z</time>
   </trkpt>
   <trkpt lat="25.0201650" lon="121.4225490">
    <ele>16.0</ele>
    <time>2025-08-10T11:20:42Z</time>
   </trkpt>
   <trkpt lat="25.0201650" lon="121.4225460">
    <ele>16.0</ele>
    <time>2025-08-10T11:20:43Z</time>
   </trkpt>
   <trkpt lat="25.0201650" lon="121.4225460">
    <ele>16.0</ele>
    <time>2025-08-10T11:20:44Z</time>
   </trkpt>
   <trkpt lat="25.0201650" lon="121.4225460">
    <ele>16.0</ele>
    <time>2025-08-10T11:20:45Z</time>
   </trkpt>
   <trkpt lat="25.0201710" lon="121.4225360">
    <ele>15.7</ele>
    <time>2025-08-10T11:20:46Z</time>
   </trkpt>
   <trkpt lat="25.0201770" lon="121.4225360">
    <ele>15.7</ele>
    <time>2025-08-10T11:20:47Z</time>
   </trkpt>
   <trkpt lat="25.0201820" lon="121.4225330">
    <ele>15.7</ele>
    <time>2025-08-10T11:20:48Z</time>
   </trkpt>
   <trkpt lat="25.0201870" lon="121.4225220">
    <ele>15.9</ele>
    <time>2025-08-10T11:20:49Z</time>
   </trkpt>
   <trkpt lat="25.0201850" lon="121.4225130">
    <ele>15.9</ele>
    <time>2025-08-10T11:20:50Z</time>
   </trkpt>
   <trkpt lat="25.0201840" lon="121.4225000">
    <ele>15.9</ele>
    <time>2025-08-10T11:20:51Z</time>
   </trkpt>
   <trkpt lat="25.0201910" lon="121.4224960">
    <ele>15.9</ele>
    <time>2025-08-10T11:20:52Z</time>
   </trkpt>
   <trkpt lat="25.0202000" lon="121.4224940">
    <ele>15.9</ele>
    <time>2025-08-10T11:20:53Z</time>
   </trkpt>
   <trkpt lat="25.0202060" lon="121.4224850">
    <ele>15.9</ele>
    <time>2025-08-10T11:20:54Z</time>
   </trkpt>
   <trkpt lat="25.0202180" lon="121.4224880">
    <ele>15.5</ele>
    <time>2025-08-10T11:20:55Z</time>
   </trkpt>
   <trkpt lat="25.0202220" lon="121.4224810">
    <ele>15.5</ele>
    <time>2025-08-10T11:20:56Z</time>
   </trkpt>
   <trkpt lat="25.0202150" lon="121.4224700">
    <ele>15.6</ele>
    <time>2025-08-10T11:20:57Z</time>
   </trkpt>
   <trkpt lat="25.0202030" lon="121.4224670">
    <ele>15.9</ele>
    <time>2025-08-10T11:20:58Z</time>
   </trkpt>
   <trkpt lat="25.0202060" lon="121.4224590">
    <ele>15.9</ele>
    <time>2025-08-10T11:20:59Z</time>
   </trkpt>
   <trkpt lat="25.0202230" lon="121.4224550">
    <ele>15.6</ele>
    <time>2025-08-10T11:21:00Z</time>
   </trkpt>
   <trkpt lat="25.0202380" lon="121.4224620">
    <ele>15.6</ele>
    <time>2025-08-10T11:21:01Z</time>
   </trkpt>
   <trkpt lat="25.0202430" lon="121.4224540">
    <ele>15.6</ele>
    <time>2025-08-10T11:21:02Z</time>
   </trkpt>
   <trkpt lat="25.0202560" lon="121.4224500">
    <ele>15.2</ele>
    <time>2025-08-10T11:21:03Z</time>
   </trkpt>
   <trkpt lat="25.0202720" lon="121.4224470">
    <ele>15.2</ele>
    <time>2025-08-10T11:21:04Z</time>
   </trkpt>
   <trkpt lat="25.0202780" lon="121.4224410">
    <ele>15.3</ele>
    <time>2025-08-10T11:21:05Z</time>
   </trkpt>
   <trkpt lat="25.0202860" lon="121.4224410">
    <ele>14.9</ele>
    <time>2025-08-10T11:21:06Z</time>
   </trkpt>
   <trkpt lat="25.0202770" lon="121.4224370">
    <ele>15.3</ele>
    <time>2025-08-10T11:21:07Z</time>
   </trkpt>
   <trkpt lat="25.0202690" lon="121.4224310">
    <ele>15.3</ele>
    <time>2025-08-10T11:21:08Z</time>
   </trkpt>
   <trkpt lat="25.0202640" lon="121.4224230">
    <ele>15.3</ele>
    <time>2025-08-10T11:21:09Z</time>
   </trkpt>
   <trkpt lat="25.0202480" lon="121.4224170">
    <ele>15.3</ele>
    <time>2025-08-10T11:21:10Z</time>
   </trkpt>
   <trkpt lat="25.0202450" lon="121.4224180">
    <ele>15.6</ele>
    <time>2025-08-10T11:21:11Z</time>
   </trkpt>
   <trkpt lat="25.0202500" lon="121.4224200">
    <ele>15.3</ele>
    <time>2025-08-10T11:21:12Z</time>
   </trkpt>
   <trkpt lat="25.0202540" lon="121.4224230">
    <ele>15.3</ele>
    <time>2025-08-10T11:21:13Z</time>
   </trkpt>
   <trkpt lat="25.0202580" lon="121.4224260">
    <ele>15.3</ele>
    <time>2025-08-10T11:21:14Z</time>
   </trkpt>
   <trkpt lat="25.0202630" lon="121.4224280">
    <ele>15.3</ele>
    <time>2025-08-10T11:21:15Z</time>
   </trkpt>
   <trkpt lat="25.0202670" lon="121.4224310">
    <ele>15.3</ele>
    <time>2025-08-10T11:21:16Z</time>
   </trkpt>
   <trkpt lat="25.0202710" lon="121.4224340">
    <ele>15.3</ele>
    <time>2025-08-10T11:21:17Z</time>
   </trkpt>
   <trkpt lat="25.0202750" lon="121.4224370">
    <ele>15.3</ele>
    <time>2025-08-10T11:21:18Z</time>
   </trkpt>
   <trkpt lat="25.0202800" lon="121.4224390">
    <ele>15.3</ele>
    <time>2025-08-10T11:21:19Z</time>
   </trkpt>
   <trkpt lat="25.0202840" lon="121.4224420">
    <ele>15.3</ele>
    <time>2025-08-10T11:21:20Z</time>
   </trkpt>
   <trkpt lat="25.0203020" lon="121.4224470">
    <ele>14.8</ele>
    <time>2025-08-10T11:21:21Z</time>
   </trkpt>
   <trkpt lat="25.0203130" lon="121.4224450">
    <ele>14.8</ele>
    <time>2025-08-10T11:21:22Z</time>
   </trkpt>
   <trkpt lat="25.0203230" lon="121.4224420">
    <ele>15.0</ele>
    <time>2025-08-10T11:21:23Z</time>
   </trkpt>
   <trkpt lat="25.0203340" lon="121.4224400">
    <ele>14.6</ele>
    <time>2025-08-10T11:21:24Z</time>
   </trkpt>
   <trkpt lat="25.0203450" lon="121.4224370">
    <ele>14.6</ele>
    <time>2025-08-10T11:21:25Z</time>
   </trkpt>
   <trkpt lat="25.0203530" lon="121.4224360">
    <ele>14.6</ele>
    <time>2025-08-10T11:21:26Z</time>
   </trkpt>
   <trkpt lat="25.0203620" lon="121.4224360">
    <ele>14.6</ele>
    <time>2025-08-10T11:21:27Z</time>
   </trkpt>
   <trkpt lat="25.0203700" lon="121.4224350">
    <ele>14.4</ele>
    <time>2025-08-10T11:21:28Z</time>
   </trkpt>
   <trkpt lat="25.0203780" lon="121.4224340">
    <ele>14.4</ele>
    <time>2025-08-10T11:21:29Z</time>
   </trkpt>
   <trkpt lat="25.0203860" lon="121.4224330">
    <ele>14.4</ele>
    <time>2025-08-10T11:21:30Z</time>
   </trkpt>
   <trkpt lat="25.0203950" lon="121.4224330">
    <ele>14.4</ele>
    <time>2025-08-10T11:21:31Z</time>
   </trkpt>
   <trkpt lat="25.0204030" lon="121.4224320">
    <ele>14.3</ele>
    <time>2025-08-10T11:21:32Z</time>
   </trkpt>
   <trkpt lat="25.0204110" lon="121.4224310">
    <ele>14.3</ele>
    <time>2025-08-10T11:21:33Z</time>
   </trkpt>
   <trkpt lat="25.0205040" lon="121.4224160">
    <ele>14.0</ele>
    <time>2025-08-10T11:21:34Z</time>
   </trkpt>
   <trkpt lat="25.0205760" lon="121.4224180">
    <ele>13.9</ele>
    <time>2025-08-10T11:21:35Z</time>
   </trkpt>
   <trkpt lat="25.0206480" lon="121.4224200">
    <ele>13.9</ele>
    <time>2025-08-10T11:21:36Z</time>
   </trkpt>
   <trkpt lat="25.0206960" lon="121.4224110">
    <ele>13.8</ele>
    <time>2025-08-10T11:21:37Z</time>
   </trkpt>
   <trkpt lat="25.0199200" lon="121.4220270">
    <ele>18.0</ele>
    <time>2025-08-10T11:21:38Z</time>
   </trkpt>
   <trkpt lat="25.0198730" lon="121.4220700">
    <ele>18.5</ele>
    <time>2025-08-10T11:21:39Z</time>
   </trkpt>
   <trkpt lat="25.0198260" lon="121.4221120">
    <ele>19.0</ele>
    <time>2025-08-10T11:21:40Z</time>
   </trkpt>
   <trkpt lat="25.0198620" lon="121.4221200">
    <ele>18.7</ele>
    <time>2025-08-10T11:21:41Z</time>
   </trkpt>
   <trkpt lat="25.0199040" lon="121.4221330">
    <ele>18.4</ele>
    <time>2025-08-10T11:21:42Z</time>
   </trkpt>
   <trkpt lat="25.0199090" lon="121.4221160">
    <ele>18.4</ele>
    <time>2025-08-10T11:21:43Z</time>
   </trkpt>
   <trkpt lat="25.0199070" lon="121.4221080">
    <ele>18.4</ele>
    <time>2025-08-10T11:21:44Z</time>
   </trkpt>
   <trkpt lat="25.0199010" lon="121.4221010">
    <ele>18.4</ele>
    <time>2025-08-10T11:21:45Z</time>
   </trkpt>
   <trkpt lat="25.0196790" lon="121.4220200">
    <ele>19.2</ele>
    <time>2025-08-10T11:21:46Z</time>
   </trkpt>
   <trkpt lat="25.0196400" lon="121.4220330">
    <ele>19.2</ele>
    <time>2025-08-10T11:21:47Z</time>
   </trkpt>
   <trkpt lat="25.0196780" lon="121.4220610">
    <ele>19.4</ele>
    <time>2025-08-10T11:21:48Z</time>
   </trkpt>
   <trkpt lat="25.0197070" lon="121.4220710">
    <ele>19.4</ele>
    <time>2025-08-10T11:21:49Z</time>
   </trkpt>
   <trkpt lat="25.0196650" lon="121.4220790">
    <ele>19.4</ele>
    <time>2025-08-10T11:21:50Z</time>
   </trkpt>
   <trkpt lat="25.0196860" lon="121.4220910">
    <ele>19.4</ele>
    <time>2025-08-10T11:21:51Z</time>
   </trkpt>
   <trkpt lat="25.0197070" lon="121.4220930">
    <ele>19.4</ele>
    <time>2025-08-10T11:21:52Z</time>
   </trkpt>
   <trkpt lat="25.0197430" lon="121.4221050">
    <ele>19.5</ele>
    <time>2025-08-10T11:21:53Z</time>
   </trkpt>
   <trkpt lat="25.0198080" lon="121.4221400">
    <ele>19.3</ele>
    <time>2025-08-10T11:21:54Z</time>
   </trkpt>
   <trkpt lat="25.0198710" lon="121.4221760">
    <ele>19.1</ele>
    <time>2025-08-10T11:21:55Z</time>
   </trkpt>
   <trkpt lat="25.0199350" lon="121.4222110">
    <ele>18.3</ele>
    <time>2025-08-10T11:21:56Z</time>
   </trkpt>
   <trkpt lat="25.0199350" lon="121.4222110">
    <ele>18.3</ele>
    <time>2025-08-10T11:21:57Z</time>
   </trkpt>
   <trkpt lat="25.0199350" lon="121.4222110">
    <ele>18.3</ele>
    <time>2025-08-10T11:21:58Z</time>
   </trkpt>
   <trkpt lat="25.0199530" lon="121.4222050">
    <ele>18.3</ele>
    <time>2025-08-10T11:21:59Z</time>
   </trkpt>
   <trkpt lat="25.0199530" lon="121.4221960">
    <ele>18.3</ele>
    <time>2025-08-10T11:22:00Z</time>
   </trkpt>
   <trkpt lat="25.0199550" lon="121.4221890">
    <ele>18.3</ele>
    <time>2025-08-10T11:22:01Z</time>
   </trkpt>
   <trkpt lat="25.0199570" lon="121.4221910">
    <ele>18.3</ele>
    <time>2025-08-10T11:22:02Z</time>
   </trkpt>
   <trkpt lat="25.0199570" lon="121.4221910">
    <ele>18.3</ele>
    <time>2025-08-10T11:22:03Z</time>
   </trkpt>
   <trkpt lat="25.0199700" lon="121.4221920">
    <ele>18.3</ele>
    <time>2025-08-10T11:22:04Z</time>
   </trkpt>
   <trkpt lat="25.0194430" lon="121.4228880">
    <ele>18.6</ele>
    <time>2025-08-10T11:22:05Z</time>
   </trkpt>
   <trkpt lat="25.0200110" lon="121.4222280">
    <ele>17.9</ele>
    <time>2025-08-10T11:22:06Z</time>
   </trkpt>
   <trkpt lat="25.0200350" lon="121.4222410">
    <ele>17.7</ele>
    <time>2025-08-10T11:22:07Z</time>
   </trkpt>
   <trkpt lat="25.0200350" lon="121.4222410">
    <ele>17.7</ele>
    <time>2025-08-10T11:22:08Z</time>
   </trkpt>
   <trkpt lat="25.0200260" lon="121.4222240">
    <ele>17.5</ele>
    <time>2025-08-10T11:22:09Z</time>
   </trkpt>
   <trkpt lat="25.0200280" lon="121.4222270">
    <ele>17.5</ele>
    <time>2025-08-10T11:22:10Z</time>
   </trkpt>
   <trkpt lat="25.0200250" lon="121.4222190">
    <ele>17.5</ele>
    <time>2025-08-10T11:22:11Z</time>
   </trkpt>
   <trkpt lat="25.0200220" lon="121.4222090">
    <ele>17.5</ele>
    <time>2025-08-10T11:22:12Z</time>
   </trkpt>
   <trkpt lat="25.0200230" lon="121.4222030">
    <ele>17.5</ele>
    <time>2025-08-10T11:22:13Z</time>
   </trkpt>
   <trkpt lat="25.0200230" lon="121.4221990">
    <ele>17.5</ele>
    <time>2025-08-10T11:22:14Z</time>
   </trkpt>
   <trkpt lat="25.0200240" lon="121.4221950">
    <ele>17.5</ele>
    <time>2025-08-10T11:22:15Z</time>
   </trkpt>
   <trkpt lat="25.0200230" lon="121.4221920">
    <ele>17.5</ele>
    <time>2025-08-10T11:22:16Z</time>
   </trkpt>
   <trkpt lat="25.0200210" lon="121.4221880">
    <ele>17.5</ele>
    <time>2025-08-10T11:22:17Z</time>
   </trkpt>
   <trkpt lat="25.0200200" lon="121.4221860">
    <ele>17.5</ele>
    <time>2025-08-10T11:22:18Z</time>
   </trkpt>
   <trkpt lat="25.0200160" lon="121.4221830">
    <ele>17.3</ele>
    <time>2025-08-10T11:22:19Z</time>
   </trkpt>
   <trkpt lat="25.0200160" lon="121.4221810">
    <ele>17.3</ele>
    <time>2025-08-10T11:22:20Z</time>
   </trkpt>
   <trkpt lat="25.0200120" lon="121.4221780">
    <ele>17.8</ele>
    <time>2025-08-10T11:22:21Z</time>
   </trkpt>
   <trkpt lat="25.0200080" lon="121.4221370">
    <ele>17.7</ele>
    <time>2025-08-10T11:22:22Z</time>
   </trkpt>
   <trkpt lat="25.0200020" lon="121.4221330">
    <ele>17.7</ele>
    <time>2025-08-10T11:22:23Z</time>
   </trkpt>
   <trkpt lat="25.0204740" lon="121.4230800">
    <ele>13.7</ele>
    <time>2025-08-10T11:22:24Z</time>
   </trkpt>
   <trkpt lat="25.0204290" lon="121.4230310">
    <ele>13.7</ele>
    <time>2025-08-10T11:22:25Z</time>
   </trkpt>
   <trkpt lat="25.0204210" lon="121.4230250">
    <ele>13.8</ele>
    <time>2025-08-10T11:22:26Z</time>
   </trkpt>
   <trkpt lat="25.0204120" lon="121.4230180">
    <ele>13.8</ele>
    <time>2025-08-10T11:22:27Z</time>
   </trkpt>
   <trkpt lat="25.0204170" lon="121.4229480">
    <ele>13.8</ele>
    <time>2025-08-10T11:22:28Z</time>
   </trkpt>
   <trkpt lat="25.0204200" lon="121.4228900">
    <ele>13.8</ele>
    <time>2025-08-10T11:22:29Z</time>
   </trkpt>
   <trkpt lat="25.0204220" lon="121.4228330">
    <ele>13.8</ele>
    <time>2025-08-10T11:22:30Z</time>
   </trkpt>
   <trkpt lat="25.0203990" lon="121.4227980">
    <ele>14.0</ele>
    <time>2025-08-10T11:22:31Z</time>
   </trkpt>
   <trkpt lat="25.0203910" lon="121.4227830">
    <ele>14.0</ele>
    <time>2025-08-10T11:22:32Z</time>
   </trkpt>
   <trkpt lat="25.0203580" lon="121.4227830">
    <ele>14.3</ele>
    <time>2025-08-10T11:22:33Z</time>
   </trkpt>
   <trkpt lat="25.0203470" lon="121.4227830">
    <ele>14.3</ele>
    <time>2025-08-10T11:22:34Z</time>
   </trkpt>
   <trkpt lat="25.0203410" lon="121.4227140">
    <ele>14.3</ele>
    <time>2025-08-10T11:22:35Z</time>
   </trkpt>
   <trkpt lat="25.0203390" lon="121.4226480">
    <ele>14.3</ele>
    <time>2025-08-10T11:22:36Z</time>
   </trkpt>
   <trkpt lat="25.0203370" lon="121.4225810">
    <ele>14.4</ele>
    <time>2025-08-10T11:22:37Z</time>
   </trkpt>
   <trkpt lat="25.0203350" lon="121.4225150">
    <ele>14.5</ele>
    <time>2025-08-10T11:22:38Z</time>
   </trkpt>
   <trkpt lat="25.0203330" lon="121.4224480">
    <ele>14.7</ele>
    <time>2025-08-10T11:22:39Z</time>
   </trkpt>
   <trkpt lat="25.0203310" lon="121.4223820">
    <ele>15.1</ele>
    <time>2025-08-10T11:22:40Z</time>
   </trkpt>
   <trkpt lat="25.0203290" lon="121.4223150">
    <ele>15.2</ele>
    <time>2025-08-10T11:22:41Z</time>
   </trkpt>
   <trkpt lat="25.0203530" lon="121.4223430">
    <ele>15.3</ele>
    <time>2025-08-10T11:22:42Z</time>
   </trkpt>
   <trkpt lat="25.0203750" lon="121.4223610">
    <ele>14.9</ele>
    <time>2025-08-10T11:22:43Z</time>
   </trkpt>
   <trkpt lat="25.0203760" lon="121.4223590">
    <ele>14.9</ele>
    <time>2025-08-10T11:22:44Z</time>
   </trkpt>
   <trkpt lat="25.0203750" lon="121.4223680">
    <ele>14.9</ele>
    <time>2025-08-10T11:22:45Z</time>
   </trkpt>
   <trkpt lat="25.0203720" lon="121.4223830">
    <ele>14.9</ele>
    <time>2025-08-10T11:22:46Z</time>
   </trkpt>
   <trkpt lat="25.0203870" lon="121.4223760">
    <ele>14.9</ele>
    <time>2025-08-10T11:22:47Z</time>
   </trkpt>
   <trkpt lat="25.0203890" lon="121.4223620">
    <ele>14.9</ele>
    <time>2025-08-10T11:22:48Z</time>
   </trkpt>
   <trkpt lat="25.0203870" lon="121.4223660">
    <ele>14.9</ele>
    <time>2025-08-10T11:22:49Z</time>
   </trkpt>
   <trkpt lat="25.0203920" lon="121.4223730">
    <ele>14.9</ele>
    <time>2025-08-10T11:22:50Z</time>
   </trkpt>
   <trkpt lat="25.0204040" lon="121.4223740">
    <ele>14.7</ele>
    <time>2025-08-10T11:22:51Z</time>
   </trkpt>
   <trkpt lat="25.0203930" lon="121.4223740">
    <ele>15.0</ele>
    <time>2025-08-10T11:22:52Z</time>
   </trkpt>
   <trkpt lat="25.0203860" lon="121.4223730">
    <ele>15.0</ele>
    <time>2025-08-10T11:22:53Z</time>
   </trkpt>
   <trkpt lat="25.0203800" lon="121.4223730">
    <ele>15.0</ele>
    <time>2025-08-10T11:22:54Z</time>
   </trkpt>
   <trkpt lat="25.0203730" lon="121.4223730">
    <ele>15.0</ele>
    <time>2025-08-10T11:22:55Z</time>
   </trkpt>
   <trkpt lat="25.0203670" lon="121.4223720">
    <ele>15.0</ele>
    <time>2025-08-10T11:22:56Z</time>
   </trkpt>
   <trkpt lat="25.0203600" lon="121.4223720">
    <ele>15.2</ele>
    <time>2025-08-10T11:22:57Z</time>
   </trkpt>
   <trkpt lat="25.0203260" lon="121.4223690">
    <ele>15.2</ele>
    <time>2025-08-10T11:22:58Z</time>
   </trkpt>
   <trkpt lat="25.0203110" lon="121.4223680">
    <ele>15.5</ele>
    <time>2025-08-10T11:22:59Z</time>
   </trkpt>
   <trkpt lat="25.0203080" lon="121.4223710">
    <ele>15.5</ele>
    <time>2025-08-10T11:23:00Z</time>
   </trkpt>
   <trkpt lat="25.0203080" lon="121.4223760">
    <ele>15.5</ele>
    <time>2025-08-10T11:23:01Z</time>
   </trkpt>
   <trkpt lat="25.0203090" lon="121.4223800">
    <ele>15.5</ele>
    <time>2025-08-10T11:23:02Z</time>
   </trkpt>
   <trkpt lat="25.0203000" lon="121.4223760">
    <ele>15.5</ele>
    <time>2025-08-10T11:23:03Z</time>
   </trkpt>
   <trkpt lat="25.0203000" lon="121.4223760">
    <ele>15.5</ele>
    <time>2025-08-10T11:23:04Z</time>
   </trkpt>
   <trkpt lat="25.0203000" lon="121.4223760">
    <ele>15.5</ele>
    <time>2025-08-10T11:23:05Z</time>
   </trkpt>
   <trkpt lat="25.0202960" lon="121.4223940">
    <ele>15.5</ele>
    <time>2025-08-10T11:23:06Z</time>
   </trkpt>
   <trkpt lat="25.0202950" lon="121.4224070">
    <ele>15.4</ele>
    <time>2025-08-10T11:23:07Z</time>
   </trkpt>
   <trkpt lat="25.0202920" lon="121.4224080">
    <ele>15.4</ele>
    <time>2025-08-10T11:23:08Z</time>
   </trkpt>
   <trkpt lat="25.0202920" lon="121.4224070">
    <ele>15.4</ele>
    <time>2025-08-10T11:23:09Z</time>
   </trkpt>
   <trkpt lat="25.0203020" lon="121.4224110">
    <ele>15.4</ele>
    <time>2025-08-10T11:23:10Z</time>
   </trkpt>
   <trkpt lat="25.0203020" lon="121.4224110">
    <ele>15.4</ele>
    <time>2025-08-10T11:23:11Z</time>
   </trkpt>
   <trkpt lat="25.0203020" lon="121.4224110">
    <ele>15.4</ele>
    <time>2025-08-10T11:23:12Z</time>
   </trkpt>
   <trkpt lat="25.0203020" lon="121.4224110">
    <ele>15.4</ele>
    <time>2025-08-10T11:23:13Z</time>
   </trkpt>
   <trkpt lat="25.0203020" lon="121.4224110">
    <ele>15.4</ele>
    <time>2025-08-10T11:23:14Z</time>
   </trkpt>
   <trkpt lat="25.0203020" lon="121.4224110">
    <ele>15.4</ele>
    <time>2025-08-10T11:23:15Z</time>
   </trkpt>
   <trkpt lat="25.0203020" lon="121.4224110">
    <ele>15.4</ele>
    <time>2025-08-10T11:23:16Z</time>
   </trkpt>
   <trkpt lat="25.0202940" lon="121.4224250">
    <ele>15.4</ele>
    <time>2025-08-10T11:23:17Z</time>
   </trkpt>
   <trkpt lat="25.0202940" lon="121.4224250">
    <ele>15.4</ele>
    <time>2025-08-10T11:23:18Z</time>
   </trkpt>
   <trkpt lat="25.0202940" lon="121.4224250">
    <ele>15.4</ele>
    <time>2025-08-10T11:23:19Z</time>
   </trkpt>
   <trkpt lat="25.0202940" lon="121.4224250">
    <ele>15.4</ele>
    <time>2025-08-10T11:23:20Z</time>
   </trkpt>
   <trkpt lat="25.0202940" lon="121.4224250">
    <ele>15.4</ele>
    <time>2025-08-10T11:23:21Z</time>
   </trkpt>
   <trkpt lat="25.0202950" lon="121.4224260">
    <ele>15.5</ele>
    <time>2025-08-10T11:23:22Z</time>
   </trkpt>
   <trkpt lat="25.0202920" lon="121.4224270">
    <ele>15.5</ele>
    <time>2025-08-10T11:23:23Z</time>
   </trkpt>
   <trkpt lat="25.0202920" lon="121.4224270">
    <ele>15.5</ele>
    <time>2025-08-10T11:23:24Z</time>
   </trkpt>
   <trkpt lat="25.0202920" lon="121.4224270">
    <ele>15.5</ele>
    <time>2025-08-10T11:23:25Z</time>
   </trkpt>
   <trkpt lat="25.0202920" lon="121.4224270">
    <ele>15.5</ele>
    <time>2025-08-10T11:23:26Z</time>
   </trkpt>
   <trkpt lat="25.0202920" lon="121.4224270">
    <ele>15.5</ele>
    <time>2025-08-10T11:23:27Z</time>
   </trkpt>
   <trkpt lat="25.0202920" lon="121.4224270">
    <ele>15.5</ele>
    <time>2025-08-10T11:23:28Z</time>
   </trkpt>
   <trkpt lat="25.0202920" lon="121.4224270">
    <ele>15.5</ele>
    <time>2025-08-10T11:23:29Z</time>
   </trkpt>
   <trkpt lat="25.0202820" lon="121.4224330">
    <ele>15.8</ele>
    <time>2025-08-10T11:23:30Z</time>
   </trkpt>
   <trkpt lat="25.0202820" lon="121.4224330">
    <ele>15.8</ele>
    <time>2025-08-10T11:23:31Z</time>
   </trkpt>
   <trkpt lat="25.0202820" lon="121.4224330">
    <ele>15.8</ele>
    <time>2025-08-10T11:23:32Z</time>
   </trkpt>
   <trkpt lat="25.0202820" lon="121.4224330">
    <ele>15.9</ele>
    <time>2025-08-10T11:23:33Z</time>
   </trkpt>
   <trkpt lat="25.0202820" lon="121.4224330">
    <ele>15.9</ele>
    <time>2025-08-10T11:23:34Z</time>
   </trkpt>
   <trkpt lat="25.0202820" lon="121.4224330">
    <ele>15.9</ele>
    <time>2025-08-10T11:23:35Z</time>
   </trkpt>
   <trkpt lat="25.0202810" lon="121.4224320">
    <ele>15.9</ele>
    <time>2025-08-10T11:23:36Z</time>
   </trkpt>
   <trkpt lat="25.0202810" lon="121.4224310">
    <ele>15.9</ele>
    <time>2025-08-10T11:23:37Z</time>
   </trkpt>
   <trkpt lat="25.0202810" lon="121.4224310">
    <ele>15.9</ele>
    <time>2025-08-10T11:23:38Z</time>
   </trkpt>
   <trkpt lat="25.0202830" lon="121.4224310">
    <ele>15.9</ele>
    <time>2025-08-10T11:23:39Z</time>
   </trkpt>
   <trkpt lat="25.0202830" lon="121.4224310">
    <ele>15.9</ele>
    <time>2025-08-10T11:23:40Z</time>
   </trkpt>
   <trkpt lat="25.0202810" lon="121.4224330">
    <ele>15.9</ele>
    <time>2025-08-10T11:23:41Z</time>
   </trkpt>
   <trkpt lat="25.0202830" lon="121.4224310">
    <ele>15.9</ele>
    <time>2025-08-10T11:23:42Z</time>
   </trkpt>
   <trkpt lat="25.0202830" lon="121.4224310">
    <ele>15.9</ele>
    <time>2025-08-10T11:23:43Z</time>
   </trkpt>
   <trkpt lat="25.0202830" lon="121.4224310">
    <ele>15.9</ele>
    <time>2025-08-10T11:23:44Z</time>
   </trkpt>
   <trkpt lat="25.0202830" lon="121.4224310">
    <ele>15.9</ele>
    <time>2025-08-10T11:23:45Z</time>
   </trkpt>
   <trkpt lat="25.0202790" lon="121.4224200">
    <ele>15.9</ele>
    <time>2025-08-10T11:23:46Z</time>
   </trkpt>
   <trkpt lat="25.0202770" lon="121.4224220">
    <ele>15.9</ele>
    <time>2025-08-10T11:23:47Z</time>
   </trkpt>
   <trkpt lat="25.0202750" lon="121.4224200">
    <ele>15.9</ele>
    <time>2025-08-10T11:23:48Z</time>
   </trkpt>
   <trkpt lat="25.0202750" lon="121.4224200">
    <ele>15.9</ele>
    <time>2025-08-10T11:23:49Z</time>
   </trkpt>
   <trkpt lat="25.0202750" lon="121.4224200">
    <ele>15.9</ele>
    <time>2025-08-10T11:23:50Z</time>
   </trkpt>
   <trkpt lat="25.0202760" lon="121.4224320">
    <ele>15.9</ele>
    <time>2025-08-10T11:23:51Z</time>
   </trkpt>
   <trkpt lat="25.0202890" lon="121.4224270">
    <ele>15.6</ele>
    <time>2025-08-10T11:23:52Z</time>
   </trkpt>
   <trkpt lat="25.0202930" lon="121.4224220">
    <ele>15.6</ele>
    <time>2025-08-10T11:23:53Z</time>
   </trkpt>
   <trkpt lat="25.0202860" lon="121.4224290">
    <ele>15.6</ele>
    <time>2025-08-10T11:23:54Z</time>
   </trkpt>
   <trkpt lat="25.0202830" lon="121.4224340">
    <ele>15.9</ele>
    <time>2025-08-10T11:23:55Z</time>
   </trkpt>
   <trkpt lat="25.0202800" lon="121.4224380">
    <ele>15.9</ele>
    <time>2025-08-10T11:23:56Z</time>
   </trkpt>
   <trkpt lat="25.0202830" lon="121.4224360">
    <ele>15.9</ele>
    <time>2025-08-10T11:23:57Z</time>
   </trkpt>
   <trkpt lat="25.0202830" lon="121.4224370">
    <ele>16.0</ele>
    <time>2025-08-10T11:23:58Z</time>
   </trkpt>
   <trkpt lat="25.0202930" lon="121.4224330">
    <ele>15.6</ele>
    <time>2025-08-10T11:23:59Z</time>
   </trkpt>
   <trkpt lat="25.0202910" lon="121.4224330">
    <ele>15.6</ele>
    <time>2025-08-10T11:24:00Z</time>
   </trkpt>
   <trkpt lat="25.0202850" lon="121.4224390">
    <ele>15.6</ele>
    <time>2025-08-10T11:24:01Z</time>
   </trkpt>
   <trkpt lat="25.0203060" lon="121.4224320">
    <ele>15.6</ele>
    <time>2025-08-10T11:24:02Z</time>
   </trkpt>
   <trkpt lat="25.0203080" lon="121.4224330">
    <ele>15.6</ele>
    <time>2025-08-10T11:24:03Z</time>
   </trkpt>
   <trkpt lat="25.0203180" lon="121.4224300">
    <ele>15.6</ele>
    <time>2025-08-10T11:24:04Z</time>
   </trkpt>
   <trkpt lat="25.0203060" lon="121.4224310">
    <ele>15.6</ele>
    <time>2025-08-10T11:24:05Z</time>
   </trkpt>
   <trkpt lat="25.0203050" lon="121.4224310">
    <ele>15.6</ele>
    <time>2025-08-10T11:24:06Z</time>
   </trkpt>
   <trkpt lat="25.0203050" lon="121.4224310">
    <ele>15.6</ele>
    <time>2025-08-10T11:24:07Z</time>
   </trkpt>
   <trkpt lat="25.0202880" lon="121.4224280">
    <ele>15.6</ele>
    <time>2025-08-10T11:24:08Z</time>
   </trkpt>
   <trkpt lat="25.0202850" lon="121.4224300">
    <ele>15.6</ele>
    <time>2025-08-10T11:24:09Z</time>
   </trkpt>
   <trkpt lat="25.0202790" lon="121.4224300">
    <ele>16.0</ele>
    <time>2025-08-10T11:24:10Z</time>
   </trkpt>
   <trkpt lat="25.0202740" lon="121.4224310">
    <ele>16.0</ele>
    <time>2025-08-10T11:24:11Z</time>
   </trkpt>
   <trkpt lat="25.0202690" lon="121.4224300">
    <ele>16.0</ele>
    <time>2025-08-10T11:24:12Z</time>
   </trkpt>
   <trkpt lat="25.0202650" lon="121.4224300">
    <ele>16.0</ele>
    <time>2025-08-10T11:24:13Z</time>
   </trkpt>
   <trkpt lat="25.0202650" lon="121.4224320">
    <ele>16.0</ele>
    <time>2025-08-10T11:24:14Z</time>
   </trkpt>
   <trkpt lat="25.0202650" lon="121.4224320">
    <ele>16.0</ele>
    <time>2025-08-10T11:24:15Z</time>
   </trkpt>
   <trkpt lat="25.0202610" lon="121.4224280">
    <ele>16.0</ele>
    <time>2025-08-10T11:24:16Z</time>
   </trkpt>
   <trkpt lat="25.0202630" lon="121.4224230">
    <ele>16.0</ele>
    <time>2025-08-10T11:24:17Z</time>
   </trkpt>
   <trkpt lat="25.0202610" lon="121.4224250">
    <ele>16.0</ele>
    <time>2025-08-10T11:24:18Z</time>
   </trkpt>
   <trkpt lat="25.0202600" lon="121.4224250">
    <ele>16.0</ele>
    <time>2025-08-10T11:24:19Z</time>
   </trkpt>
   <trkpt lat="25.0202540" lon="121.4224250">
    <ele>16.0</ele>
    <time>2025-08-10T11:24:20Z</time>
   </trkpt>
   <trkpt lat="25.0202490" lon="121.4224240">
    <ele>16.0</ele>
    <time>2025-08-10T11:24:21Z</time>
   </trkpt>
   <trkpt lat="25.0202500" lon="121.4224250">
    <ele>16.0</ele>
    <time>2025-08-10T11:24:22Z</time>
   </trkpt>
   <trkpt lat="25.0202510" lon="121.4224260">
    <ele>16.1</ele>
    <time>2025-08-10T11:24:23Z</time>
   </trkpt>
   <trkpt lat="25.0202490" lon="121.4224250">
    <ele>16.1</ele>
    <time>2025-08-10T11:24:24Z</time>
   </trkpt>
   <trkpt lat="25.0202460" lon="121.4224160">
    <ele>16.1</ele>
    <time>2025-08-10T11:24:25Z</time>
   </trkpt>
   <trkpt lat="25.0202500" lon="121.4224120">
    <ele>16.1</ele>
    <time>2025-08-10T11:24:26Z</time>
   </trkpt>
   <trkpt lat="25.0202470" lon="121.4224060">
    <ele>16.1</ele>
    <time>2025-08-10T11:24:27Z</time>
   </trkpt>
   <trkpt lat="25.0202430" lon="121.4223800">
    <ele>16.5</ele>
    <time>2025-08-10T11:24:28Z</time>
   </trkpt>
   <trkpt lat="25.0202420" lon="121.4223720">
    <ele>16.5</ele>
    <time>2025-08-10T11:24:29Z</time>
   </trkpt>
   <trkpt lat="25.0202410" lon="121.4223650">
    <ele>16.5</ele>
    <time>2025-08-10T11:24:30Z</time>
   </trkpt>
   <trkpt lat="25.0202590" lon="121.4223460">
    <ele>16.2</ele>
    <time>2025-08-10T11:24:31Z</time>
   </trkpt>
   <trkpt lat="25.0202730" lon="121.4223440">
    <ele>16.2</ele>
    <time>2025-08-10T11:24:32Z</time>
   </trkpt>
   <trkpt lat="25.0202760" lon="121.4223270">
    <ele>16.2</ele>
    <time>2025-08-10T11:24:33Z</time>
   </trkpt>
   <trkpt lat="25.0202880" lon="121.4223300">
    <ele>16.0</ele>
    <time>2025-08-10T11:24:34Z</time>
   </trkpt>
   <trkpt lat="25.0202950" lon="121.4223200">
    <ele>16.0</ele>
    <time>2025-08-10T11:24:35Z</time>
   </trkpt>
   <trkpt lat="25.0202980" lon="121.4223090">
    <ele>15.8</ele>
    <time>2025-08-10T11:24:36Z</time>
   </trkpt>
   <trkpt lat="25.0202950" lon="121.4222970">
    <ele>15.8</ele>
    <time>2025-08-10T11:24:37Z</time>
   </trkpt>
   <trkpt lat="25.0203000" lon="121.4222860">
    <ele>15.8</ele>
    <time>2025-08-10T11:24:38Z</time>
   </trkpt>
   <trkpt lat="25.0203070" lon="121.4222810">
    <ele>15.8</ele>
    <time>2025-08-10T11:24:39Z</time>
   </trkpt>
   <trkpt lat="25.0203100" lon="121.4222710">
    <ele>15.7</ele>
    <time>2025-08-10T11:24:40Z</time>
   </trkpt>
   <trkpt lat="25.0203090" lon="121.4222660">
    <ele>15.7</ele>
    <time>2025-08-10T11:24:41Z</time>
   </trkpt>
   <trkpt lat="25.0203090" lon="121.4222590">
    <ele>15.7</ele>
    <time>2025-08-10T11:24:42Z</time>
   </trkpt>
   <trkpt lat="25.0203090" lon="121.4222540">
    <ele>15.7</ele>
    <time>2025-08-10T11:24:43Z</time>
   </trkpt>
   <trkpt lat="25.0203080" lon="121.4222540">
    <ele>15.7</ele>
    <time>2025-08-10T11:24:44Z</time>
   </trkpt>
   <trkpt lat="25.0203080" lon="121.4222520">
    <ele>15.7</ele>
    <time>2025-08-10T11:24:45Z</time>
   </trkpt>
   <trkpt lat="25.0203090" lon="121.4222530">
    <ele>15.7</ele>
    <time>2025-08-10T11:24:46Z</time>
   </trkpt>
   <trkpt lat="25.0203170" lon="121.4222500">
    <ele>15.7</ele>
    <time>2025-08-10T11:24:47Z</time>
   </trkpt>
   <trkpt lat="25.0203160" lon="121.4222550">
    <ele>15.7</ele>
    <time>2025-08-10T11:24:48Z</time>
   </trkpt>
   <trkpt lat="25.0203200" lon="121.4222510">
    <ele>15.7</ele>
    <time>2025-08-10T11:24:49Z</time>
   </trkpt>
   <trkpt lat="25.0203220" lon="121.4222500">
    <ele>15.7</ele>
    <time>2025-08-10T11:24:50Z</time>
   </trkpt>
   <trkpt lat="25.0203400" lon="121.4222390">
    <ele>15.3</ele>
    <time>2025-08-10T11:24:51Z</time>
   </trkpt>
   <trkpt lat="25.0203850" lon="121.4222280">
    <ele>14.9</ele>
    <time>2025-08-10T11:24:52Z</time>
   </trkpt>
   <trkpt lat="25.0204250" lon="121.4222090">
    <ele>14.8</ele>
    <time>2025-08-10T11:24:53Z</time>
   </trkpt>
   <trkpt lat="25.0204360" lon="121.4222230">
    <ele>14.8</ele>
    <time>2025-08-10T11:24:54Z</time>
   </trkpt>
   <trkpt lat="25.0204260" lon="121.4222290">
    <ele>15.0</ele>
    <time>2025-08-10T11:24:55Z</time>
   </trkpt>
   <trkpt lat="25.0204170" lon="121.4222360">
    <ele>15.0</ele>
    <time>2025-08-10T11:24:56Z</time>
   </trkpt>
   <trkpt lat="25.0204070" lon="121.4222420">
    <ele>15.0</ele>
    <time>2025-08-10T11:24:57Z</time>
   </trkpt>
   <trkpt lat="25.0203980" lon="121.4222480">
    <ele>15.1</ele>
    <time>2025-08-10T11:24:58Z</time>
   </trkpt>
   <trkpt lat="25.0203880" lon="121.4222500">
    <ele>15.1</ele>
    <time>2025-08-10T11:24:59Z</time>
   </trkpt>
   <trkpt lat="25.0203800" lon="121.4222520">
    <ele>15.1</ele>
    <time>2025-08-10T11:25:00Z</time>
   </trkpt>
   <trkpt lat="25.0203710" lon="121.4222530">
    <ele>15.1</ele>
    <time>2025-08-10T11:25:01Z</time>
   </trkpt>
   <trkpt lat="25.0203620" lon="121.4222550">
    <ele>15.4</ele>
    <time>2025-08-10T11:25:02Z</time>
   </trkpt>
   <trkpt lat="25.0203550" lon="121.4222780">
    <ele>15.6</ele>
    <time>2025-08-10T11:25:03Z</time>
   </trkpt>
   <trkpt lat="25.0203460" lon="121.4223060">
    <ele>15.6</ele>
    <time>2025-08-10T11:25:04Z</time>
   </trkpt>
   <trkpt lat="25.0204100" lon="121.4223170">
    <ele>15.3</ele>
    <time>2025-08-10T11:25:05Z</time>
   </trkpt>
   <trkpt lat="25.0204080" lon="121.4223270">
    <ele>15.4</ele>
    <time>2025-08-10T11:25:06Z</time>
   </trkpt>
   <trkpt lat="25.0204050" lon="121.4222830">
    <ele>15.2</ele>
    <time>2025-08-10T11:25:07Z</time>
   </trkpt>
   <trkpt lat="25.0204120" lon="121.4222700">
    <ele>15.1</ele>
    <time>2025-08-10T11:25:08Z</time>
   </trkpt>
   <trkpt lat="25.0204200" lon="121.4222800">
    <ele>15.2</ele>
    <time>2025-08-10T11:25:09Z</time>
   </trkpt>
   <trkpt lat="25.0204050" lon="121.4222720">
    <ele>15.2</ele>
    <time>2025-08-10T11:25:10Z</time>
   </trkpt>
   <trkpt lat="25.0203860" lon="121.4222520">
    <ele>15.2</ele>
    <time>2025-08-10T11:25:11Z</time>
   </trkpt>
   <trkpt lat="25.0202950" lon="121.4221840">
    <ele>15.6</ele>
    <time>2025-08-10T11:25:12Z</time>
   </trkpt>
   <trkpt lat="25.0202070" lon="121.4221130">
    <ele>16.6</ele>
    <time>2025-08-10T11:25:13Z</time>
   </trkpt>
   <trkpt lat="25.0201200" lon="121.4220430">
    <ele>17.4</ele>
    <time>2025-08-10T11:25:14Z</time>
   </trkpt>
   <trkpt lat="25.0200320" lon="121.4219720">
    <ele>17.9</ele>
    <time>2025-08-10T11:25:15Z</time>
   </trkpt>
   <trkpt lat="25.0199440" lon="121.4219020">
    <ele>17.5</ele>
    <time>2025-08-10T11:25:16Z</time>
   </trkpt>
   <trkpt lat="25.0200760" lon="121.4218750">
    <ele>16.9</ele>
    <time>2025-08-10T11:25:17Z</time>
   </trkpt>
   <trkpt lat="25.0201210" lon="121.4218420">
    <ele>16.3</ele>
    <time>2025-08-10T11:25:18Z</time>
   </trkpt>
   <trkpt lat="25.0201360" lon="121.4218110">
    <ele>16.1</ele>
    <time>2025-08-10T11:25:19Z</time>
   </trkpt>
   <trkpt lat="25.0201700" lon="121.4217650">
    <ele>15.6</ele>
    <time>2025-08-10T11:25:20Z</time>
   </trkpt>
   <trkpt lat="25.0201910" lon="121.4217110">
    <ele>15.0</ele>
    <time>2025-08-10T11:25:21Z</time>
   </trkpt>
   <trkpt lat="25.0202360" lon="121.4217500">
    <ele>15.2</ele>
    <time>2025-08-10T11:25:22Z</time>
   </trkpt>
   <trkpt lat="25.0202540" lon="121.4217130">
    <ele>15.0</ele>
    <time>2025-08-10T11:25:23Z</time>
   </trkpt>
   <trkpt lat="25.0202600" lon="121.4216960">
    <ele>15.0</ele>
    <time>2025-08-10T11:25:24Z</time>
   </trkpt>
   <trkpt lat="25.0202680" lon="121.4216480">
    <ele>14.8</ele>
    <time>2025-08-10T11:25:25Z</time>
   </trkpt>
   <trkpt lat="25.0202280" lon="121.4216540">
    <ele>14.8</ele>
    <time>2025-08-10T11:25:26Z</time>
   </trkpt>
   <trkpt lat="25.0202080" lon="121.4216550">
    <ele>14.8</ele>
    <time>2025-08-10T11:25:27Z</time>
   </trkpt>
   <trkpt lat="25.0201900" lon="121.4216840">
    <ele>15.0</ele>
    <time>2025-08-10T11:25:28Z</time>
   </trkpt>
   <trkpt lat="25.0201760" lon="121.4216380">
    <ele>14.7</ele>
    <time>2025-08-10T11:25:29Z</time>
   </trkpt>
   <trkpt lat="25.0201580" lon="121.4215890">
    <ele>14.2</ele>
    <time>2025-08-10T11:25:30Z</time>
   </trkpt>
   <trkpt lat="25.0201400" lon="121.4215390">
    <ele>13.7</ele>
    <time>2025-08-10T11:25:31Z</time>
   </trkpt>
   <trkpt lat="25.0200680" lon="121.4215360">
    <ele>13.2</ele>
    <time>2025-08-10T11:25:32Z</time>
   </trkpt>
   <trkpt lat="25.0200460" lon="121.4216040">
    <ele>13.5</ele>
    <time>2025-08-10T11:25:33Z</time>
   </trkpt>
   <trkpt lat="25.0200060" lon="121.4216120">
    <ele>13.4</ele>
    <time>2025-08-10T11:25:34Z</time>
   </trkpt>
   <trkpt lat="25.0199750" lon="121.4216140">
    <ele>13.4</ele>
    <time>2025-08-10T11:25:35Z</time>
   </trkpt>
   <trkpt lat="25.0199720" lon="121.4215790">
    <ele>12.7</ele>
    <time>2025-08-10T11:25:36Z</time>
   </trkpt>
   <trkpt lat="25.0199570" lon="121.4215700">
    <ele>12.7</ele>
    <time>2025-08-10T11:25:37Z</time>
   </trkpt>
   <trkpt lat="25.0199230" lon="121.4215590">
    <ele>12.4</ele>
    <time>2025-08-10T11:25:38Z</time>
   </trkpt>
   <trkpt lat="25.0199460" lon="121.4215780">
    <ele>12.7</ele>
    <time>2025-08-10T11:25:39Z</time>
   </trkpt>
   <trkpt lat="25.0199070" lon="121.4215520">
    <ele>12.4</ele>
    <time>2025-08-10T11:25:40Z</time>
   </trkpt>
   <trkpt lat="25.0198690" lon="121.4215280">
    <ele>11.5</ele>
    <time>2025-08-10T11:25:41Z</time>
   </trkpt>
   <trkpt lat="25.0198350" lon="121.4215070">
    <ele>11.4</ele>
    <time>2025-08-10T11:25:42Z</time>
   </trkpt>
   <trkpt lat="25.0198030" lon="121.4214980">
    <ele>10.9</ele>
    <time>2025-08-10T11:25:43Z</time>
   </trkpt>
   <trkpt lat="25.0197700" lon="121.4214860">
    <ele>10.9</ele>
    <time>2025-08-10T11:25:44Z</time>
   </trkpt>
   <trkpt lat="25.0198490" lon="121.4215530">
    <ele>12.1</ele>
    <time>2025-08-10T11:25:45Z</time>
   </trkpt>
   <trkpt lat="25.0198380" lon="121.4215120">
    <ele>11.4</ele>
    <time>2025-08-10T11:25:46Z</time>
   </trkpt>
   <trkpt lat="25.0198340" lon="121.4214940">
    <ele>10.9</ele>
    <time>2025-08-10T11:25:47Z</time>
   </trkpt>
   <trkpt lat="25.0198230" lon="121.4214500">
    <ele>10.8</ele>
    <time>2025-08-10T11:25:48Z</time>
   </trkpt>
   <trkpt lat="25.0198080" lon="121.4214390">
    <ele>10.8</ele>
    <time>2025-08-10T11:25:49Z</time>
   </trkpt>
   <trkpt lat="25.0197910" lon="121.4214310">
    <ele>10.8</ele>
    <time>2025-08-10T11:25:50Z</time>
   </trkpt>
   <trkpt lat="25.0199440" lon="121.4215290">
    <ele>12.2</ele>
    <time>2025-08-10T11:25:51Z</time>
   </trkpt>
   <trkpt lat="25.0199270" lon="121.4215220">
    <ele>11.8</ele>
    <time>2025-08-10T11:25:52Z</time>
   </trkpt>
   <trkpt lat="25.0199130" lon="121.4215070">
    <ele>11.8</ele>
    <time>2025-08-10T11:25:53Z</time>
   </trkpt>
   <trkpt lat="25.0204290" lon="121.4222590">
    <ele>15.2</ele>
    <time>2025-08-10T11:25:54Z</time>
   </trkpt>
   <trkpt lat="25.0204290" lon="121.4222880">
    <ele>15.4</ele>
    <time>2025-08-10T11:25:55Z</time>
   </trkpt>
   <trkpt lat="25.0204330" lon="121.4222910">
    <ele>15.4</ele>
    <time>2025-08-10T11:25:56Z</time>
   </trkpt>
   <trkpt lat="25.0203700" lon="121.4222160">
    <ele>15.1</ele>
    <time>2025-08-10T11:25:57Z</time>
   </trkpt>
   <trkpt lat="25.0203650" lon="121.4221260">
    <ele>15.3</ele>
    <time>2025-08-10T11:25:58Z</time>
   </trkpt>
   <trkpt lat="25.0203300" lon="121.4220320">
    <ele>15.9</ele>
    <time>2025-08-10T11:25:59Z</time>
   </trkpt>
   <trkpt lat="25.0203670" lon="121.4220620">
    <ele>15.5</ele>
    <time>2025-08-10T11:26:00Z</time>
   </trkpt>
   <trkpt lat="25.0203940" lon="121.4221110">
    <ele>15.3</ele>
    <time>2025-08-10T11:26:01Z</time>
   </trkpt>
   <trkpt lat="25.0204210" lon="121.4221310">
    <ele>15.2</ele>
    <time>2025-08-10T11:26:02Z</time>
   </trkpt>
   <trkpt lat="25.0204260" lon="121.4221460">
    <ele>15.0</ele>
    <time>2025-08-10T11:26:03Z</time>
   </trkpt>
   <trkpt lat="25.0204110" lon="121.4221680">
    <ele>15.0</ele>
    <time>2025-08-10T11:26:04Z</time>
   </trkpt>
   <trkpt lat="25.0204020" lon="121.4221670">
    <ele>15.0</ele>
    <time>2025-08-10T11:26:05Z</time>
   </trkpt>
   <trkpt lat="25.0203910" lon="121.4221670">
    <ele>15.0</ele>
    <time>2025-08-10T11:26:06Z</time>
   </trkpt>
   <trkpt lat="25.0203800" lon="121.4221670">
    <ele>15.0</ele>
    <time>2025-08-10T11:26:07Z</time>
   </trkpt>
   <trkpt lat="25.0203690" lon="121.4221670">
    <ele>15.0</ele>
    <time>2025-08-10T11:26:08Z</time>
   </trkpt>
   <trkpt lat="25.0203660" lon="121.4221640">
    <ele>15.0</ele>
    <time>2025-08-10T11:26:09Z</time>
   </trkpt>
   <trkpt lat="25.0203680" lon="121.4221650">
    <ele>15.0</ele>
    <time>2025-08-10T11:26:10Z</time>
   </trkpt>
   <trkpt lat="25.0203680" lon="121.4221650">
    <ele>15.0</ele>
    <time>2025-08-10T11:26:11Z</time>
   </trkpt>
   <trkpt lat="25.0203670" lon="121.4221590">
    <ele>15.0</ele>
    <time>2025-08-10T11:26:12Z</time>
   </trkpt>
   <trkpt lat="25.0203700" lon="121.4221520">
    <ele>15.0</ele>
    <time>2025-08-10T11:26:13Z</time>
   </trkpt>
   <trkpt lat="25.0203740" lon="121.4221550">
    <ele>15.0</ele>
    <time>2025-08-10T11:26:14Z</time>
   </trkpt>
   <trkpt lat="25.0203680" lon="121.4221530">
    <ele>15.0</ele>
    <time>2025-08-10T11:26:15Z</time>
   </trkpt>
   <trkpt lat="25.0203680" lon="121.4221560">
    <ele>15.0</ele>
    <time>2025-08-10T11:26:16Z</time>
   </trkpt>
   <trkpt lat="25.0203680" lon="121.4221560">
    <ele>15.0</ele>
    <time>2025-08-10T11:26:17Z</time>
   </trkpt>
   <trkpt lat="25.0203750" lon="121.4221430">
    <ele>15.0</ele>
    <time>2025-08-10T11:26:18Z</time>
   </trkpt>
   <trkpt lat="25.0203830" lon="121.4221440">
    <ele>15.0</ele>
    <time>2025-08-10T11:26:19Z</time>
   </trkpt>
   <trkpt lat="25.0203840" lon="121.4221420">
    <ele>15.0</ele>
    <time>2025-08-10T11:26:20Z</time>
   </trkpt>
   <trkpt lat="25.0203860" lon="121.4221450">
    <ele>15.0</ele>
    <time>2025-08-10T11:26:21Z</time>
   </trkpt>
   <trkpt lat="25.0203900" lon="121.4221440">
    <ele>15.0</ele>
    <time>2025-08-10T11:26:22Z</time>
   </trkpt>
   <trkpt lat="25.0203910" lon="121.4221450">
    <ele>15.0</ele>
    <time>2025-08-10T11:26:23Z</time>
   </trkpt>
   <trkpt lat="25.0203910" lon="121.4221450">
    <ele>15.0</ele>
    <time>2025-08-10T11:26:24Z</time>
   </trkpt>
   <trkpt lat="25.0203910" lon="121.4221450">
    <ele>15.0</ele>
    <time>2025-08-10T11:26:25Z</time>
   </trkpt>
   <trkpt lat="25.0203910" lon="121.4221450">
    <ele>15.0</ele>
    <time>2025-08-10T11:26:26Z</time>
   </trkpt>
   <trkpt lat="25.0203910" lon="121.4221450">
    <ele>15.0</ele>
    <time>2025-08-10T11:26:27Z</time>
   </trkpt>
   <trkpt lat="25.0203910" lon="121.4221450">
    <ele>15.0</ele>
    <time>2025-08-10T11:26:28Z</time>
   </trkpt>
   <trkpt lat="25.0203910" lon="121.4221450">
    <ele>15.0</ele>
    <time>2025-08-10T11:26:29Z</time>
   </trkpt>
   <trkpt lat="25.0203950" lon="121.4221570">
    <ele>15.0</ele>
    <time>2025-08-10T11:26:30Z</time>
   </trkpt>
   <trkpt lat="25.0203950" lon="121.4221570">
    <ele>15.0</ele>
    <time>2025-08-10T11:26:31Z</time>
   </trkpt>
   <trkpt lat="25.0203950" lon="121.4221570">
    <ele>15.0</ele>
    <time>2025-08-10T11:26:32Z</time>
   </trkpt>
   <trkpt lat="25.0203950" lon="121.4221570">
    <ele>15.0</ele>
    <time>2025-08-10T11:26:33Z</time>
   </trkpt>
   <trkpt lat="25.0203950" lon="121.4221570">
    <ele>15.0</ele>
    <time>2025-08-10T11:26:34Z</time>
   </trkpt>
   <trkpt lat="25.0203950" lon="121.4221570">
    <ele>15.0</ele>
    <time>2025-08-10T11:26:35Z</time>
   </trkpt>
   <trkpt lat="25.0203950" lon="121.4221570">
    <ele>15.0</ele>
    <time>2025-08-10T11:26:36Z</time>
   </trkpt>
   <trkpt lat="25.0203950" lon="121.4221570">
    <ele>15.0</ele>
    <time>2025-08-10T11:26:37Z</time>
   </trkpt>
   <trkpt lat="25.0203950" lon="121.4221570">
    <ele>15.0</ele>
    <time>2025-08-10T11:26:38Z</time>
   </trkpt>
   <trkpt lat="25.0203950" lon="121.4221570">
    <ele>15.0</ele>
    <time>2025-08-10T11:26:39Z</time>
   </trkpt>
   <trkpt lat="25.0203950" lon="121.4221570">
    <ele>15.0</ele>
    <time>2025-08-10T11:26:40Z</time>
   </trkpt>
   <trkpt lat="25.0203950" lon="121.4221570">
    <ele>15.0</ele>
    <time>2025-08-10T11:26:41Z</time>
   </trkpt>
   <trkpt lat="25.0204020" lon="121.4221690">
    <ele>15.0</ele>
    <time>2025-08-10T11:26:42Z</time>
   </trkpt>
   <trkpt lat="25.0204030" lon="121.4221690">
    <ele>15.0</ele>
    <time>2025-08-10T11:26:43Z</time>
   </trkpt>
   <trkpt lat="25.0204030" lon="121.4221690">
    <ele>15.0</ele>
    <time>2025-08-10T11:26:44Z</time>
   </trkpt>
   <trkpt lat="25.0204030" lon="121.4221690">
    <ele>15.0</ele>
    <time>2025-08-10T11:26:45Z</time>
   </trkpt>
   <trkpt lat="25.0204030" lon="121.4221690">
    <ele>15.0</ele>
    <time>2025-08-10T11:26:46Z</time>
   </trkpt>
   <trkpt lat="25.0204030" lon="121.4221690">
    <ele>15.0</ele>
    <time>2025-08-10T11:26:47Z</time>
   </trkpt>
   <trkpt lat="25.0204030" lon="121.4221690">
    <ele>15.0</ele>
    <time>2025-08-10T11:26:48Z</time>
   </trkpt>
   <trkpt lat="25.0204030" lon="121.4221690">
    <ele>15.0</ele>
    <time>2025-08-10T11:26:49Z</time>
   </trkpt>
   <trkpt lat="25.0204030" lon="121.4221690">
    <ele>15.0</ele>
    <time>2025-08-10T11:26:50Z</time>
   </trkpt>
   <trkpt lat="25.0204030" lon="121.4221690">
    <ele>15.0</ele>
    <time>2025-08-10T11:26:51Z</time>
   </trkpt>
   <trkpt lat="25.0203970" lon="121.4221700">
    <ele>15.0</ele>
    <time>2025-08-10T11:26:52Z</time>
   </trkpt>
   <trkpt lat="25.0204000" lon="121.4221700">
    <ele>15.0</ele>
    <time>2025-08-10T11:26:53Z</time>
   </trkpt>
   <trkpt lat="25.0204000" lon="121.4221700">
    <ele>15.0</ele>
    <time>2025-08-10T11:26:54Z</time>
   </trkpt>
   <trkpt lat="25.0204000" lon="121.4221700">
    <ele>15.0</ele>
    <time>2025-08-10T11:26:55Z</time>
   </trkpt>
   <trkpt lat="25.0204000" lon="121.4221700">
    <ele>15.0</ele>
    <time>2025-08-10T11:26:56Z</time>
   </trkpt>
   <trkpt lat="25.0204000" lon="121.4221700">
    <ele>15.0</ele>
    <time>2025-08-10T11:26:57Z</time>
   </trkpt>
   <trkpt lat="25.0204000" lon="121.4221700">
    <ele>15.0</ele>
    <time>2025-08-10T11:26:58Z</time>
   </trkpt>
   <trkpt lat="25.0203940" lon="121.4221680">
    <ele>15.0</ele>
    <time>2025-08-10T11:26:59Z</time>
   </trkpt>
   <trkpt lat="25.0203940" lon="121.4221680">
    <ele>15.0</ele>
    <time>2025-08-10T11:27:00Z</time>
   </trkpt>
   <trkpt lat="25.0203940" lon="121.4221680">
    <ele>15.0</ele>
    <time>2025-08-10T11:27:01Z</time>
   </trkpt>
   <trkpt lat="25.0203950" lon="121.4221690">
    <ele>15.0</ele>
    <time>2025-08-10T11:27:02Z</time>
   </trkpt>
   <trkpt lat="25.0203950" lon="121.4221690">
    <ele>15.0</ele>
    <time>2025-08-10T11:27:03Z</time>
   </trkpt>
   <trkpt lat="25.0203950" lon="121.4221690">
    <ele>15.0</ele>
    <time>2025-08-10T11:27:04Z</time>
   </trkpt>
   <trkpt lat="25.0203950" lon="121.4221690">
    <ele>15.0</ele>
    <time>2025-08-10T11:27:05Z</time>
   </trkpt>
   <trkpt lat="25.0203950" lon="121.4221690">
    <ele>15.0</ele>
    <time>2025-08-10T11:27:06Z</time>
   </trkpt>
   <trkpt lat="25.0203950" lon="121.4221690">
    <ele>15.0</ele>
    <time>2025-08-10T11:27:07Z</time>
   </trkpt>
   <trkpt lat="25.0203950" lon="121.4221690">
    <ele>15.0</ele>
    <time>2025-08-10T11:27:08Z</time>
   </trkpt>
   <trkpt lat="25.0203950" lon="121.4221690">
    <ele>15.0</ele>
    <time>2025-08-10T11:27:09Z</time>
   </trkpt>
   <trkpt lat="25.0203950" lon="121.4221690">
    <ele>15.0</ele>
    <time>2025-08-10T11:27:10Z</time>
   </trkpt>
   <trkpt lat="25.0203950" lon="121.4221690">
    <ele>15.0</ele>
    <time>2025-08-10T11:27:11Z</time>
   </trkpt>
   <trkpt lat="25.0203950" lon="121.4221690">
    <ele>15.0</ele>
    <time>2025-08-10T11:27:12Z</time>
   </trkpt>
   <trkpt lat="25.0203950" lon="121.4221690">
    <ele>15.0</ele>
    <time>2025-08-10T11:27:13Z</time>
   </trkpt>
   <trkpt lat="25.0203950" lon="121.4221690">
    <ele>15.0</ele>
    <time>2025-08-10T11:27:14Z</time>
   </trkpt>
   <trkpt lat="25.0203950" lon="121.4221690">
    <ele>15.0</ele>
    <time>2025-08-10T11:27:15Z</time>
   </trkpt>
   <trkpt lat="25.0203980" lon="121.4221690">
    <ele>15.0</ele>
    <time>2025-08-10T11:27:16Z</time>
   </trkpt>
   <trkpt lat="25.0204020" lon="121.4221650">
    <ele>15.0</ele>
    <time>2025-08-10T11:27:17Z</time>
   </trkpt>
   <trkpt lat="25.0204060" lon="121.4221670">
    <ele>15.0</ele>
    <time>2025-08-10T11:27:18Z</time>
   </trkpt>
   <trkpt lat="25.0204090" lon="121.4221650">
    <ele>15.0</ele>
    <time>2025-08-10T11:27:19Z</time>
   </trkpt>
   <trkpt lat="25.0204120" lon="121.4221650">
    <ele>15.0</ele>
    <time>2025-08-10T11:27:20Z</time>
   </trkpt>
   <trkpt lat="25.0204010" lon="121.4221580">
    <ele>15.0</ele>
    <time>2025-08-10T11:27:21Z</time>
   </trkpt>
   <trkpt lat="25.0203930" lon="121.4221730">
    <ele>15.0</ele>
    <time>2025-08-10T11:27:22Z</time>
   </trkpt>
   <trkpt lat="25.0204000" lon="121.4221710">
    <ele>15.0</ele>
    <time>2025-08-10T11:27:23Z</time>
   </trkpt>
   <trkpt lat="25.0204030" lon="121.4221640">
    <ele>15.0</ele>
    <time>2025-08-10T11:27:24Z</time>
   </trkpt>
   <trkpt lat="25.0204000" lon="121.4221520">
    <ele>15.0</ele>
    <time>2025-08-10T11:27:25Z</time>
   </trkpt>
   <trkpt lat="25.0203980" lon="121.4221440">
    <ele>15.0</ele>
    <time>2025-08-10T11:27:26Z</time>
   </trkpt>
   <trkpt lat="25.0204020" lon="121.4221350">
    <ele>15.0</ele>
    <time>2025-08-10T11:27:27Z</time>
   </trkpt>
   <trkpt lat="25.0204020" lon="121.4221270">
    <ele>15.0</ele>
    <time>2025-08-10T11:27:28Z</time>
   </trkpt>
   <trkpt lat="25.0204040" lon="121.4221140">
    <ele>15.0</ele>
    <time>2025-08-10T11:27:29Z</time>
   </trkpt>
   <trkpt lat="25.0204050" lon="121.4221090">
    <ele>15.0</ele>
    <time>2025-08-10T11:27:30Z</time>
   </trkpt>
   <trkpt lat="25.0204050" lon="121.4221030">
    <ele>15.0</ele>
    <time>2025-08-10T11:27:31Z</time>
   </trkpt>
   <trkpt lat="25.0204060" lon="121.4220990">
    <ele>15.0</ele>
    <time>2025-08-10T11:27:32Z</time>
   </trkpt>
   <trkpt lat="25.0204110" lon="121.4220950">
    <ele>15.0</ele>
    <time>2025-08-10T11:27:33Z</time>
   </trkpt>
   <trkpt lat="25.0204120" lon="121.4220940">
    <ele>15.0</ele>
    <time>2025-08-10T11:27:34Z</time>
   </trkpt>
   <trkpt lat="25.0204120" lon="121.4221010">
    <ele>15.0</ele>
    <time>2025-08-10T11:27:35Z</time>
   </trkpt>
   <trkpt lat="25.0204180" lon="121.4221080">
    <ele>15.0</ele>
    <time>2025-08-10T11:27:36Z</time>
   </trkpt>
   <trkpt lat="25.0204230" lon="121.4221080">
    <ele>15.0</ele>
    <time>2025-08-10T11:27:37Z</time>
   </trkpt>
   <trkpt lat="25.0204210" lon="121.4221110">
    <ele>15.0</ele>
    <time>2025-08-10T11:27:38Z</time>
   </trkpt>
   <trkpt lat="25.0204210" lon="121.4221120">
    <ele>15.0</ele>
    <time>2025-08-10T11:27:39Z</time>
   </trkpt>
   <trkpt lat="25.0204210" lon="121.4221120">
    <ele>15.0</ele>
    <time>2025-08-10T11:27:40Z</time>
   </trkpt>
   <trkpt lat="25.0204320" lon="121.4221140">
    <ele>15.0</ele>
    <time>2025-08-10T11:27:41Z</time>
   </trkpt>
   <trkpt lat="25.0204390" lon="121.4221200">
    <ele>15.0</ele>
    <time>2025-08-10T11:27:42Z</time>
   </trkpt>
   <trkpt lat="25.0204410" lon="121.4221230">
    <ele>15.0</ele>
    <time>2025-08-10T11:27:43Z</time>
   </trkpt>
   <trkpt lat="25.0204420" lon="121.4221250">
    <ele>15.0</ele>
    <time>2025-08-10T11:27:44Z</time>
   </trkpt>
   <trkpt lat="25.0204440" lon="121.4221270">
    <ele>15.0</ele>
    <time>2025-08-10T11:27:45Z</time>
   </trkpt>
   <trkpt lat="25.0204460" lon="121.4221300">
    <ele>15.0</ele>
    <time>2025-08-10T11:27:46Z</time>
   </trkpt>
   <trkpt lat="25.0204480" lon="121.4221320">
    <ele>15.0</ele>
    <time>2025-08-10T11:27:47Z</time>
   </trkpt>
   <trkpt lat="25.0204500" lon="121.4221350">
    <ele>15.0</ele>
    <time>2025-08-10T11:27:48Z</time>
   </trkpt>
   <trkpt lat="25.0204520" lon="121.4221370">
    <ele>15.0</ele>
    <time>2025-08-10T11:27:49Z</time>
   </trkpt>
   <trkpt lat="25.0204530" lon="121.4221390">
    <ele>15.0</ele>
    <time>2025-08-10T11:27:50Z</time>
   </trkpt>
   <trkpt lat="25.0204550" lon="121.4221420">
    <ele>15.0</ele>
    <time>2025-08-10T11:27:51Z</time>
   </trkpt>
   <trkpt lat="25.0204570" lon="121.4221440">
    <ele>15.0</ele>
    <time>2025-08-10T11:27:52Z</time>
   </trkpt>
   <trkpt lat="25.0204630" lon="121.4221500">
    <ele>15.0</ele>
    <time>2025-08-10T11:27:53Z</time>
   </trkpt>
   <trkpt lat="25.0204640" lon="121.4221500">
    <ele>15.0</ele>
    <time>2025-08-10T11:27:54Z</time>
   </trkpt>
   <trkpt lat="25.0204650" lon="121.4221510">
    <ele>15.0</ele>
    <time>2025-08-10T11:27:55Z</time>
   </trkpt>
   <trkpt lat="25.0204660" lon="121.4221520">
    <ele>15.0</ele>
    <time>2025-08-10T11:27:56Z</time>
   </trkpt>
   <trkpt lat="25.0204670" lon="121.4221520">
    <ele>15.0</ele>
    <time>2025-08-10T11:27:57Z</time>
   </trkpt>
   <trkpt lat="25.0204680" lon="121.4221530">
    <ele>15.0</ele>
    <time>2025-08-10T11:27:58Z</time>
   </trkpt>
   <trkpt lat="25.0204690" lon="121.4221530">
    <ele>15.0</ele>
    <time>2025-08-10T11:27:59Z</time>
   </trkpt>
   <trkpt lat="25.0204700" lon="121.4221540">
    <ele>15.0</ele>
    <time>2025-08-10T11:28:00Z</time>
   </trkpt>
   <trkpt lat="25.0204710" lon="121.4221550">
    <ele>15.0</ele>
    <time>2025-08-10T11:28:01Z</time>
   </trkpt>
   <trkpt lat="25.0204720" lon="121.4221550">
    <ele>15.0</ele>
    <time>2025-08-10T11:28:02Z</time>
   </trkpt>
   <trkpt lat="25.0204730" lon="121.4221560">
    <ele>15.0</ele>
    <time>2025-08-10T11:28:03Z</time>
   </trkpt>
   <trkpt lat="25.0204740" lon="121.4221570">
    <ele>15.0</ele>
    <time>2025-08-10T11:28:04Z</time>
   </trkpt>
   <trkpt lat="25.0204750" lon="121.4221570">
    <ele>15.0</ele>
    <time>2025-08-10T11:28:05Z</time>
   </trkpt>
   <trkpt lat="25.0204760" lon="121.4221580">
    <ele>15.0</ele>
    <time>2025-08-10T11:28:06Z</time>
   </trkpt>
   <trkpt lat="25.0204770" lon="121.4221580">
    <ele>15.0</ele>
    <time>2025-08-10T11:28:07Z</time>
   </trkpt>
   <trkpt lat="25.0204780" lon="121.4221590">
    <ele>15.0</ele>
    <time>2025-08-10T11:28:08Z</time>
   </trkpt>
   <trkpt lat="25.0204790" lon="121.4221600">
    <ele>15.0</ele>
    <time>2025-08-10T11:28:09Z</time>
   </trkpt>
   <trkpt lat="25.0204800" lon="121.4221600">
    <ele>15.0</ele>
    <time>2025-08-10T11:28:10Z</time>
   </trkpt>
   <trkpt lat="25.0204810" lon="121.4221610">
    <ele>15.0</ele>
    <time>2025-08-10T11:28:11Z</time>
   </trkpt>
   <trkpt lat="25.0204820" lon="121.4221620">
    <ele>15.0</ele>
    <time>2025-08-10T11:28:12Z</time>
   </trkpt>
   <trkpt lat="25.0204830" lon="121.4221620">
    <ele>15.0</ele>
    <time>2025-08-10T11:28:13Z</time>
   </trkpt>
   <trkpt lat="25.0204840" lon="121.4221630">
    <ele>15.0</ele>
    <time>2025-08-10T11:28:14Z</time>
   </trkpt>
   <trkpt lat="25.0204850" lon="121.4221630">
    <ele>15.0</ele>
    <time>2025-08-10T11:28:15Z</time>
   </trkpt>
   <trkpt lat="25.0204860" lon="121.4221640">
    <ele>15.0</ele>
    <time>2025-08-10T11:28:16Z</time>
   </trkpt>
   <trkpt lat="25.0204870" lon="121.4221650">
    <ele>15.0</ele>
    <time>2025-08-10T11:28:17Z</time>
   </trkpt>
   <trkpt lat="25.0204880" lon="121.4221650">
    <ele>15.0</ele>
    <time>2025-08-10T11:28:18Z</time>
   </trkpt>
   <trkpt lat="25.0204890" lon="121.4221660">
    <ele>15.0</ele>
    <time>2025-08-10T11:28:19Z</time>
   </trkpt>
   <trkpt lat="25.0204900" lon="121.4221670">
    <ele>15.0</ele>
    <time>2025-08-10T11:28:20Z</time>
   </trkpt>
   <trkpt lat="25.0204910" lon="121.4221670">
    <ele>15.0</ele>
    <time>2025-08-10T11:28:21Z</time>
   </trkpt>
   <trkpt lat="25.0204920" lon="121.4221680">
    <ele>15.0</ele>
    <time>2025-08-10T11:28:22Z</time>
   </trkpt>
   <trkpt lat="25.0204930" lon="121.4221680">
    <ele>15.0</ele>
    <time>2025-08-10T11:28:23Z</time>
   </trkpt>
   <trkpt lat="25.0204940" lon="121.4221690">
    <ele>15.0</ele>
    <time>2025-08-10T11:28:24Z</time>
   </trkpt>
   <trkpt lat="25.0204950" lon="121.4221700">
    <ele>15.0</ele>
    <time>2025-08-10T11:28:25Z</time>
   </trkpt>
   <trkpt lat="25.0204960" lon="121.4221700">
    <ele>15.0</ele>
    <time>2025-08-10T11:28:26Z</time>
   </trkpt>
   <trkpt lat="25.0204970" lon="121.4221710">
    <ele>15.0</ele>
    <time>2025-08-10T11:28:27Z</time>
   </trkpt>
   <trkpt lat="25.0204970" lon="121.4221720">
    <ele>15.0</ele>
    <time>2025-08-10T11:28:28Z</time>
   </trkpt>
   <trkpt lat="25.0204970" lon="121.4221720">
    <ele>15.0</ele>
    <time>2025-08-10T11:28:29Z</time>
   </trkpt>
   <trkpt lat="25.0204970" lon="121.4221720">
    <ele>15.0</ele>
    <time>2025-08-10T11:28:30Z</time>
   </trkpt>
   <trkpt lat="25.0204970" lon="121.4221720">
    <ele>15.0</ele>
    <time>2025-08-10T11:28:31Z</time>
   </trkpt>
   <trkpt lat="25.0204970" lon="121.4221720">
    <ele>15.0</ele>
    <time>2025-08-10T11:28:32Z</time>
   </trkpt>
   <trkpt lat="25.0204970" lon="121.4221720">
    <ele>15.0</ele>
    <time>2025-08-10T11:28:33Z</time>
   </trkpt>
   <trkpt lat="25.0204970" lon="121.4221720">
    <ele>15.0</ele>
    <time>2025-08-10T11:28:34Z</time>
   </trkpt>
   <trkpt lat="25.0204970" lon="121.4221720">
    <ele>15.0</ele>
    <time>2025-08-10T11:28:35Z</time>
   </trkpt>
   <trkpt lat="25.0204990" lon="121.4221710">
    <ele>15.0</ele>
    <time>2025-08-10T11:28:36Z</time>
   </trkpt>
   <trkpt lat="25.0205020" lon="121.4221720">
    <ele>15.0</ele>
    <time>2025-08-10T11:28:37Z</time>
   </trkpt>
   <trkpt lat="25.0205020" lon="121.4221720">
    <ele>15.0</ele>
    <time>2025-08-10T11:28:38Z</time>
   </trkpt>
   <trkpt lat="25.0205020" lon="121.4221720">
    <ele>15.0</ele>
    <time>2025-08-10T11:28:39Z</time>
   </trkpt>
   <trkpt lat="25.0204900" lon="121.4221620">
    <ele>15.0</ele>
    <time>2025-08-10T11:28:40Z</time>
   </trkpt>
   <trkpt lat="25.0204840" lon="121.4221580">
    <ele>15.0</ele>
    <time>2025-08-10T11:28:41Z</time>
   </trkpt>
   <trkpt lat="25.0204800" lon="121.4221540">
    <ele>15.0</ele>
    <time>2025-08-10T11:28:42Z</time>
   </trkpt>
   <trkpt lat="25.0204800" lon="121.4221490">
    <ele>15.0</ele>
    <time>2025-08-10T11:28:43Z</time>
   </trkpt>
   <trkpt lat="25.0204840" lon="121.4221450">
    <ele>15.0</ele>
    <time>2025-08-10T11:28:44Z</time>
   </trkpt>
   <trkpt lat="25.0204790" lon="121.4221420">
    <ele>15.0</ele>
    <time>2025-08-10T11:28:45Z</time>
   </trkpt>
   <trkpt lat="25.0204800" lon="121.4221350">
    <ele>15.0</ele>
    <time>2025-08-10T11:28:46Z</time>
   </trkpt>
   <trkpt lat="25.0204810" lon="121.4221350">
    <ele>15.0</ele>
    <time>2025-08-10T11:28:47Z</time>
   </trkpt>
   <trkpt lat="25.0204810" lon="121.4221320">
    <ele>15.0</ele>
    <time>2025-08-10T11:28:48Z</time>
   </trkpt>
   <trkpt lat="25.0204790" lon="121.4221270">
    <ele>15.0</ele>
    <time>2025-08-10T11:28:49Z</time>
   </trkpt>
   <trkpt lat="25.0204670" lon="121.4221160">
    <ele>15.0</ele>
    <time>2025-08-10T11:28:50Z</time>
   </trkpt>
   <trkpt lat="25.0204550" lon="121.4221090">
    <ele>15.0</ele>
    <time>2025-08-10T11:28:51Z</time>
   </trkpt>
   <trkpt lat="25.0204470" lon="121.4221000">
    <ele>15.0</ele>
    <time>2025-08-10T11:28:52Z</time>
   </trkpt>
   <trkpt lat="25.0204420" lon="121.4220950">
    <ele>15.0</ele>
    <time>2025-08-10T11:28:53Z</time>
   </trkpt>
   <trkpt lat="25.0204400" lon="121.4220880">
    <ele>15.0</ele>
    <time>2025-08-10T11:28:54Z</time>
   </trkpt>
   <trkpt lat="25.0204300" lon="121.4220760">
    <ele>15.0</ele>
    <time>2025-08-10T11:28:55Z</time>
   </trkpt>
   <trkpt lat="25.0204230" lon="121.4220690">
    <ele>15.0</ele>
    <time>2025-08-10T11:28:56Z</time>
   </trkpt>
   <trkpt lat="25.0204170" lon="121.4220680">
    <ele>15.0</ele>
    <time>2025-08-10T11:28:57Z</time>
   </trkpt>
   <trkpt lat="25.0204150" lon="121.4220650">
    <ele>15.0</ele>
    <time>2025-08-10T11:28:58Z</time>
   </trkpt>
   <trkpt lat="25.0204140" lon="121.4220630">
    <ele>15.0</ele>
    <time>2025-08-10T11:28:59Z</time>
   </trkpt>
   <trkpt lat="25.0204130" lon="121.4220600">
    <ele>15.0</ele>
    <time>2025-08-10T11:29:00Z</time>
   </trkpt>
   <trkpt lat="25.0204110" lon="121.4220570">
    <ele>15.0</ele>
    <time>2025-08-10T11:29:01Z</time>
   </trkpt>
   <trkpt lat="25.0204100" lon="121.4220540">
    <ele>15.0</ele>
    <time>2025-08-10T11:29:02Z</time>
   </trkpt>
   <trkpt lat="25.0204090" lon="121.4220510">
    <ele>15.0</ele>
    <time>2025-08-10T11:29:03Z</time>
   </trkpt>
   <trkpt lat="25.0204070" lon="121.4220490">
    <ele>15.0</ele>
    <time>2025-08-10T11:29:04Z</time>
   </trkpt>
   <trkpt lat="25.0204060" lon="121.4220460">
    <ele>15.0</ele>
    <time>2025-08-10T11:29:05Z</time>
   </trkpt>
   <trkpt lat="25.0204040" lon="121.4220430">
    <ele>15.0</ele>
    <time>2025-08-10T11:29:06Z</time>
   </trkpt>
   <trkpt lat="25.0204030" lon="121.4220400">
    <ele>15.0</ele>
    <time>2025-08-10T11:29:07Z</time>
   </trkpt>
   <trkpt lat="25.0204020" lon="121.4220380">
    <ele>15.0</ele>
    <time>2025-08-10T11:29:08Z</time>
   </trkpt>
   <trkpt lat="25.0204000" lon="121.4220350">
    <ele>15.0</ele>
    <time>2025-08-10T11:29:09Z</time>
   </trkpt>
   <trkpt lat="25.0203990" lon="121.4220320">
    <ele>15.0</ele>
    <time>2025-08-10T11:29:10Z</time>
   </trkpt>
   <trkpt lat="25.0203980" lon="121.4220340">
    <ele>15.0</ele>
    <time>2025-08-10T11:29:11Z</time>
   </trkpt>
   <trkpt lat="25.0203990" lon="121.4220350">
    <ele>15.0</ele>
    <time>2025-08-10T11:29:12Z</time>
   </trkpt>
   <trkpt lat="25.0203990" lon="121.4220360">
    <ele>15.0</ele>
    <time>2025-08-10T11:29:13Z</time>
   </trkpt>
   <trkpt lat="25.0203990" lon="121.4220360">
    <ele>15.0</ele>
    <time>2025-08-10T11:29:14Z</time>
   </trkpt>
   <trkpt lat="25.0203990" lon="121.4220360">
    <ele>15.0</ele>
    <time>2025-08-10T11:29:15Z</time>
   </trkpt>
   <trkpt lat="25.0203990" lon="121.4220360">
    <ele>15.0</ele>
    <time>2025-08-10T11:29:16Z</time>
   </trkpt>
   <trkpt lat="25.0204010" lon="121.4219990">
    <ele>15.0</ele>
    <time>2025-08-10T11:29:17Z</time>
   </trkpt>
   <trkpt lat="25.0204000" lon="121.4219990">
    <ele>15.0</ele>
    <time>2025-08-10T11:29:18Z</time>
   </trkpt>
   <trkpt lat="25.0204000" lon="121.4219990">
    <ele>15.0</ele>
    <time>2025-08-10T11:29:19Z</time>
   </trkpt>
   <trkpt lat="25.0204000" lon="121.4219990">
    <ele>15.0</ele>
    <time>2025-08-10T11:29:20Z</time>
   </trkpt>
   <trkpt lat="25.0204040" lon="121.4219960">
    <ele>15.0</ele>
    <time>2025-08-10T11:29:21Z</time>
   </trkpt>
   <trkpt lat="25.0204040" lon="121.4219950">
    <ele>15.0</ele>
    <time>2025-08-10T11:29:22Z</time>
   </trkpt>
   <trkpt lat="25.0204080" lon="121.4220030">
    <ele>15.0</ele>
    <time>2025-08-10T11:29:23Z</time>
   </trkpt>
   <trkpt lat="25.0204100" lon="121.4220030">
    <ele>15.0</ele>
    <time>2025-08-10T11:29:24Z</time>
   </trkpt>
   <trkpt lat="25.0204060" lon="121.4220160">
    <ele>15.0</ele>
    <time>2025-08-10T11:29:25Z</time>
   </trkpt>
   <trkpt lat="25.0204040" lon="121.4220360">
    <ele>15.0</ele>
    <time>2025-08-10T11:29:26Z</time>
   </trkpt>
   <trkpt lat="25.0204010" lon="121.4220450">
    <ele>15.0</ele>
    <time>2025-08-10T11:29:27Z</time>
   </trkpt>
   <trkpt lat="25.0203960" lon="121.4220480">
    <ele>15.0</ele>
    <time>2025-08-10T11:29:28Z</time>
   </trkpt>
   <trkpt lat="25.0203960" lon="121.4220490">
    <ele>15.0</ele>
    <time>2025-08-10T11:29:29Z</time>
   </trkpt>
   <trkpt lat="25.0203950" lon="121.4220580">
    <ele>15.0</ele>
    <time>2025-08-10T11:29:30Z</time>
   </trkpt>
   <trkpt lat="25.0203960" lon="121.4220670">
    <ele>15.0</ele>
    <time>2025-08-10T11:29:31Z</time>
   </trkpt>
   <trkpt lat="25.0203990" lon="121.4220720">
    <ele>15.0</ele>
    <time>2025-08-10T11:29:32Z</time>
   </trkpt>
   <trkpt lat="25.0204020" lon="121.4220740">
    <ele>15.0</ele>
    <time>2025-08-10T11:29:33Z</time>
   </trkpt>
   <trkpt lat="25.0204020" lon="121.4220790">
    <ele>15.0</ele>
    <time>2025-08-10T11:29:34Z</time>
   </trkpt>
   <trkpt lat="25.0204020" lon="121.4220800">
    <ele>15.0</ele>
    <time>2025-08-10T11:29:35Z</time>
   </trkpt>
   <trkpt lat="25.0204040" lon="121.4220800">
    <ele>15.0</ele>
    <time>2025-08-10T11:29:36Z</time>
   </trkpt>
   <trkpt lat="25.0204030" lon="121.4220740">
    <ele>15.0</ele>
    <time>2025-08-10T11:29:37Z</time>
   </trkpt>
   <trkpt lat="25.0204070" lon="121.4220740">
    <ele>15.0</ele>
    <time>2025-08-10T11:29:38Z</time>
   </trkpt>
   <trkpt lat="25.0204050" lon="121.4220730">
    <ele>15.0</ele>
    <time>2025-08-10T11:29:39Z</time>
   </trkpt>
   <trkpt lat="25.0204040" lon="121.4220740">
    <ele>15.0</ele>
    <time>2025-08-10T11:29:40Z</time>
   </trkpt>
   <trkpt lat="25.0204050" lon="121.4220720">
    <ele>15.0</ele>
    <time>2025-08-10T11:29:41Z</time>
   </trkpt>
   <trkpt lat="25.0204130" lon="121.4220650">
    <ele>15.0</ele>
    <time>2025-08-10T11:29:42Z</time>
   </trkpt>
   <trkpt lat="25.0204150" lon="121.4220640">
    <ele>15.0</ele>
    <time>2025-08-10T11:29:43Z</time>
   </trkpt>
   <trkpt lat="25.0204070" lon="121.4220500">
    <ele>15.0</ele>
    <time>2025-08-10T11:29:44Z</time>
   </trkpt>
   <trkpt lat="25.0204110" lon="121.4220460">
    <ele>15.0</ele>
    <time>2025-08-10T11:29:45Z</time>
   </trkpt>
   <trkpt lat="25.0204110" lon="121.4220470">
    <ele>15.0</ele>
    <time>2025-08-10T11:29:46Z</time>
   </trkpt>
   <trkpt lat="25.0204190" lon="121.4220440">
    <ele>15.0</ele>
    <time>2025-08-10T11:29:47Z</time>
   </trkpt>
   <trkpt lat="25.0204200" lon="121.4220550">
    <ele>15.0</ele>
    <time>2025-08-10T11:29:48Z</time>
   </trkpt>
   <trkpt lat="25.0204240" lon="121.4220620">
    <ele>15.0</ele>
    <time>2025-08-10T11:29:49Z</time>
   </trkpt>
   <trkpt lat="25.0204290" lon="121.4220760">
    <ele>15.0</ele>
    <time>2025-08-10T11:29:50Z</time>
   </trkpt>
   <trkpt lat="25.0204300" lon="121.4220990">
    <ele>15.0</ele>
    <time>2025-08-10T11:29:51Z</time>
   </trkpt>
   <trkpt lat="25.0204260" lon="121.4221100">
    <ele>15.0</ele>
    <time>2025-08-10T11:29:52Z</time>
   </trkpt>
   <trkpt lat="25.0204230" lon="121.4221220">
    <ele>15.0</ele>
    <time>2025-08-10T11:29:53Z</time>
   </trkpt>
   <trkpt lat="25.0204220" lon="121.4221360">
    <ele>15.0</ele>
    <time>2025-08-10T11:29:54Z</time>
   </trkpt>
   <trkpt lat="25.0204180" lon="121.4221440">
    <ele>15.0</ele>
    <time>2025-08-10T11:29:55Z</time>
   </trkpt>
   <trkpt lat="25.0204060" lon="121.4221450">
    <ele>15.0</ele>
    <time>2025-08-10T11:29:56Z</time>
   </trkpt>
   <trkpt lat="25.0204080" lon="121.4221480">
    <ele>15.0</ele>
    <time>2025-08-10T11:29:57Z</time>
   </trkpt>
   <trkpt lat="25.0204010" lon="121.4221570">
    <ele>15.0</ele>
    <time>2025-08-10T11:29:58Z</time>
   </trkpt>
   <trkpt lat="25.0203950" lon="121.4221670">
    <ele>15.0</ele>
    <time>2025-08-10T11:29:59Z</time>
   </trkpt>
   <trkpt lat="25.0203910" lon="121.4221740">
    <ele>15.0</ele>
    <time>2025-08-10T11:30:00Z</time>
   </trkpt>
   <trkpt lat="25.0204010" lon="121.4222020">
    <ele>15.0</ele>
    <time>2025-08-10T11:30:01Z</time>
   </trkpt>
   <trkpt lat="25.0204060" lon="121.4222180">
    <ele>15.0</ele>
    <time>2025-08-10T11:30:02Z</time>
   </trkpt>
   <trkpt lat="25.0203930" lon="121.4222160">
    <ele>15.0</ele>
    <time>2025-08-10T11:30:03Z</time>
   </trkpt>
   <trkpt lat="25.0203900" lon="121.4222320">
    <ele>15.0</ele>
    <time>2025-08-10T11:30:04Z</time>
   </trkpt>
   <trkpt lat="25.0203640" lon="121.4222490">
    <ele>15.0</ele>
    <time>2025-08-10T11:30:05Z</time>
   </trkpt>
   <trkpt lat="25.0203530" lon="121.4222540">
    <ele>15.0</ele>
    <time>2025-08-10T11:30:06Z</time>
   </trkpt>
   <trkpt lat="25.0203480" lon="121.4222660">
    <ele>15.0</ele>
    <time>2025-08-10T11:30:07Z</time>
   </trkpt>
   <trkpt lat="25.0203470" lon="121.4222790">
    <ele>15.0</ele>
    <time>2025-08-10T11:30:08Z</time>
   </trkpt>
   <trkpt lat="25.0203330" lon="121.4222860">
    <ele>15.0</ele>
    <time>2025-08-10T11:30:09Z</time>
   </trkpt>
   <trkpt lat="25.0203240" lon="121.4222930">
    <ele>15.0</ele>
    <time>2025-08-10T11:30:10Z</time>
   </trkpt>
   <trkpt lat="25.0203170" lon="121.4223000">
    <ele>15.0</ele>
    <time>2025-08-10T11:30:11Z</time>
   </trkpt>
   <trkpt lat="25.0203160" lon="121.4223040">
    <ele>15.0</ele>
    <time>2025-08-10T11:30:12Z</time>
   </trkpt>
   <trkpt lat="25.0203130" lon="121.4223190">
    <ele>15.0</ele>
    <time>2025-08-10T11:30:13Z</time>
   </trkpt>
   <trkpt lat="25.0203100" lon="121.4223230">
    <ele>15.0</ele>
    <time>2025-08-10T11:30:14Z</time>
   </trkpt>
   <trkpt lat="25.0203060" lon="121.4223260">
    <ele>15.0</ele>
    <time>2025-08-10T11:30:15Z</time>
   </trkpt>
   <trkpt lat="25.0202980" lon="121.4223290">
    <ele>15.0</ele>
    <time>2025-08-10T11:30:16Z</time>
   </trkpt>
   <trkpt lat="25.0202970" lon="121.4223330">
    <ele>15.0</ele>
    <time>2025-08-10T11:30:17Z</time>
   </trkpt>
   <trkpt lat="25.0202980" lon="121.4223430">
    <ele>15.0</ele>
    <time>2025-08-10T11:30:18Z</time>
   </trkpt>
   <trkpt lat="25.0203070" lon="121.4223640">
    <ele>15.0</ele>
    <time>2025-08-10T11:30:19Z</time>
   </trkpt>
   <trkpt lat="25.0203030" lon="121.4223700">
    <ele>15.0</ele>
    <time>2025-08-10T11:30:20Z</time>
   </trkpt>
   <trkpt lat="25.0203020" lon="121.4223830">
    <ele>15.0</ele>
    <time>2025-08-10T11:30:21Z</time>
   </trkpt>
   <trkpt lat="25.0202950" lon="121.4223920">
    <ele>15.0</ele>
    <time>2025-08-10T11:30:22Z</time>
   </trkpt>
   <trkpt lat="25.0202870" lon="121.4224000">
    <ele>15.0</ele>
    <time>2025-08-10T11:30:23Z</time>
   </trkpt>
   <trkpt lat="25.0202830" lon="121.4224110">
    <ele>15.0</ele>
    <time>2025-08-10T11:30:24Z</time>
   </trkpt>
   <trkpt lat="25.0202780" lon="121.4224180">
    <ele>15.0</ele>
    <time>2025-08-10T11:30:25Z</time>
   </trkpt>
   <trkpt lat="25.0202740" lon="121.4224240">
    <ele>15.0</ele>
    <time>2025-08-10T11:30:26Z</time>
   </trkpt>
   <trkpt lat="25.0202690" lon="121.4224310">
    <ele>15.0</ele>
    <time>2025-08-10T11:30:27Z</time>
   </trkpt>
   <trkpt lat="25.0202620" lon="121.4224460">
    <ele>15.0</ele>
    <time>2025-08-10T11:30:28Z</time>
   </trkpt>
   <trkpt lat="25.0202560" lon="121.4224550">
    <ele>15.0</ele>
    <time>2025-08-10T11:30:29Z</time>
   </trkpt>
   <trkpt lat="25.0202510" lon="121.4224650">
    <ele>15.0</ele>
    <time>2025-08-10T11:30:30Z</time>
   </trkpt>
   <trkpt lat="25.0202510" lon="121.4224720">
    <ele>15.0</ele>
    <time>2025-08-10T11:30:31Z</time>
   </trkpt>
   <trkpt lat="25.0202590" lon="121.4224860">
    <ele>15.0</ele>
    <time>2025-08-10T11:30:32Z</time>
   </trkpt>
   <trkpt lat="25.0202570" lon="121.4225020">
    <ele>15.0</ele>
    <time>2025-08-10T11:30:33Z</time>
   </trkpt>
   <trkpt lat="25.0202520" lon="121.4225200">
    <ele>15.0</ele>
    <time>2025-08-10T11:30:34Z</time>
   </trkpt>
  </trkseg>
 </trk>
</gpx>
