<?xml version="1.0" encoding="UTF-8"?>
<gpx xmlns:xsi="http://www.w3.org/2001/XMLSchema-instance" xsi:schemaLocation="http://www.topografix.com/GPX/1/1 http://www.topografix.com/GPX/1/1/gpx.xsd" creator="StravaGPX" version="1.1" xmlns="http://www.topografix.com/GPX/1/1">
 <metadata>
  <time>2025-08-09T10:24:20Z</time>
 </metadata>
 <trk>
  <name>傍晚步行</name>
  <type>walking</type>
  <trkseg>
   <trkpt lat="25.0230890" lon="121.4247680">
    <ele>12.6</ele>
    <time>2025-08-09T10:24:20Z</time>
   </trkpt>
   <trkpt lat="25.0259400" lon="121.4297460">
    <ele>15.2</ele>
    <time>2025-08-10T05:02:59Z</time>
   </trkpt>
   <trkpt lat="25.0259350" lon="121.4300590">
    <ele>14.3</ele>
    <time>2025-08-10T05:03:04Z</time>
   </trkpt>
   <trkpt lat="25.0259560" lon="121.4300930">
    <ele>14.2</ele>
    <time>2025-08-10T05:03:09Z</time>
   </trkpt>
   <trkpt lat="25.0259700" lon="121.4301050">
    <ele>14.1</ele>
    <time>2025-08-10T05:03:10Z</time>
   </trkpt>
   <trkpt lat="25.0259650" lon="121.4301010">
    <ele>14.1</ele>
    <time>2025-08-10T05:03:12Z</time>
   </trkpt>
   <trkpt lat="25.0259660" lon="121.4300950">
    <ele>14.1</ele>
    <time>2025-08-10T05:03:14Z</time>
   </trkpt>
   <trkpt lat="25.0259640" lon="121.4300720">
    <ele>14.1</ele>
    <time>2025-08-10T05:03:19Z</time>
   </trkpt>
   <trkpt lat="25.0259530" lon="121.4300510">
    <ele>14.1</ele>
    <time>2025-08-10T05:03:24Z</time>
   </trkpt>
   <trkpt lat="25.0259470" lon="121.4300450">
    <ele>14.1</ele>
    <time>2025-08-10T05:03:28Z</time>
   </trkpt>
   <trkpt lat="25.0259470" lon="121.4300460">
    <ele>14.1</ele>
    <time>2025-08-10T05:03:34Z</time>
   </trkpt>
   <trkpt lat="25.0259520" lon="121.4300480">
    <ele>14.1</ele>
    <time>2025-08-10T05:03:36Z</time>
   </trkpt>
   <trkpt lat="25.0259500" lon="121.4300490">
    <ele>14.1</ele>
    <time>2025-08-10T05:03:40Z</time>
   </trkpt>
   <trkpt lat="25.0259470" lon="121.4300490">
    <ele>14.1</ele>
    <time>2025-08-10T05:03:44Z</time>
   </trkpt>
   <trkpt lat="25.0259320" lon="121.4300810">
    <ele>14.1</ele>
    <time>2025-08-10T05:03:50Z</time>
   </trkpt>
   <trkpt lat="25.0259390" lon="121.4301010">
    <ele>14.0</ele>
    <time>2025-08-10T05:03:55Z</time>
   </trkpt>
   <trkpt lat="25.0259370" lon="121.4301180">
    <ele>14.0</ele>
    <time>2025-08-10T05:04:00Z</time>
   </trkpt>
   <trkpt lat="25.0259550" lon="121.4300770">
    <ele>14.0</ele>
    <time>2025-08-10T05:04:05Z</time>
   </trkpt>
   <trkpt lat="25.0259250" lon="121.4300650">
    <ele>14.0</ele>
    <time>2025-08-10T05:04:10Z</time>
   </trkpt>
   <trkpt lat="25.0259020" lon="121.4300890">
    <ele>14.0</ele>
    <time>2025-08-10T05:04:15Z</time>
   </trkpt>
   <trkpt lat="25.0259260" lon="121.4300510">
    <ele>14.0</ele>
    <time>2025-08-10T05:04:20Z</time>
   </trkpt>
   <trkpt lat="25.0259640" lon="121.4300810">
    <ele>14.0</ele>
    <time>2025-08-10T05:04:25Z</time>
   </trkpt>
   <trkpt lat="25.0259480" lon="121.4300720">
    <ele>14.0</ele>
    <time>2025-08-10T05:04:30Z</time>
   </trkpt>
   <trkpt lat="25.0259430" lon="121.4300690">
    <ele>14.0</ele>
    <time>2025-08-10T05:04:31Z</time>
   </trkpt>
   <trkpt lat="25.0259410" lon="121.4300670">
    <ele>14.0</ele>
    <time>2025-08-10T05:04:32Z</time>
   </trkpt>
   <trkpt lat="25.0259400" lon="121.4300670">
    <ele>14.0</ele>
    <time>2025-08-10T05:04:33Z</time>
   </trkpt>
   <trkpt lat="25.0259400" lon="121.4300660">
    <ele>14.0</ele>
    <time>2025-08-10T05:04:34Z</time>
   </trkpt>
   <trkpt lat="25.0259450" lon="121.4300890">
    <ele>14.0</ele>
    <time>2025-08-10T05:04:35Z</time>
   </trkpt>
   <trkpt lat="25.0259490" lon="121.4301030">
    <ele>14.0</ele>
    <time>2025-08-10T05:04:36Z</time>
   </trkpt>
   <trkpt lat="25.0259510" lon="121.4301120">
    <ele>14.0</ele>
    <time>2025-08-10T05:04:37Z</time>
   </trkpt>
   <trkpt lat="25.0259400" lon="121.4300660">
    <ele>14.0</ele>
    <time>2025-08-10T05:04:45Z</time>
   </trkpt>
   <trkpt lat="25.0259500" lon="121.4300760">
    <ele>14.1</ele>
    <time>2025-08-10T05:04:50Z</time>
   </trkpt>
   <trkpt lat="25.0259470" lon="121.4300910">
    <ele>14.1</ele>
    <time>2025-08-10T05:04:55Z</time>
   </trkpt>
   <trkpt lat="25.0259500" lon="121.4300830">
    <ele>14.1</ele>
    <time>2025-08-10T05:05:00Z</time>
   </trkpt>
   <trkpt lat="25.0259480" lon="121.4300690">
    <ele>14.1</ele>
    <time>2025-08-10T05:05:05Z</time>
   </trkpt>
   <trkpt lat="25.0259340" lon="121.4300730">
    <ele>14.1</ele>
    <time>2025-08-10T05:05:10Z</time>
   </trkpt>
   <trkpt lat="25.0259530" lon="121.4300860">
    <ele>14.1</ele>
    <time>2025-08-10T05:05:15Z</time>
   </trkpt>
   <trkpt lat="25.0259450" lon="121.4300680">
    <ele>14.1</ele>
    <time>2025-08-10T05:05:20Z</time>
   </trkpt>
   <trkpt lat="25.0259420" lon="121.4300660">
    <ele>14.1</ele>
    <time>2025-08-10T05:05:25Z</time>
   </trkpt>
   <trkpt lat="25.0259400" lon="121.4300490">
    <ele>14.1</ele>
    <time>2025-08-10T05:05:30Z</time>
   </trkpt>
   <trkpt lat="25.0259390" lon="121.4300860">
    <ele>14.1</ele>
    <time>2025-08-10T05:05:35Z</time>
   </trkpt>
   <trkpt lat="25.0259550" lon="121.4300730">
    <ele>14.1</ele>
    <time>2025-08-10T05:05:41Z</time>
   </trkpt>
   <trkpt lat="25.0259450" lon="121.4300670">
    <ele>14.1</ele>
    <time>2025-08-10T05:05:46Z</time>
   </trkpt>
   <trkpt lat="25.0259440" lon="121.4300510">
    <ele>14.1</ele>
    <time>2025-08-10T05:05:51Z</time>
   </trkpt>
   <trkpt lat="25.0259370" lon="121.4300690">
    <ele>14.1</ele>
    <time>2025-08-10T05:05:56Z</time>
   </trkpt>
   <trkpt lat="25.0259530" lon="121.4300770">
    <ele>14.1</ele>
    <time>2025-08-10T05:06:01Z</time>
   </trkpt>
   <trkpt lat="25.0259310" lon="121.4300520">
    <ele>14.1</ele>
    <time>2025-08-10T05:06:06Z</time>
   </trkpt>
   <trkpt lat="25.0259480" lon="121.4300690">
    <ele>14.1</ele>
    <time>2025-08-10T05:06:11Z</time>
   </trkpt>
   <trkpt lat="25.0259350" lon="121.4300610">
    <ele>14.1</ele>
    <time>2025-08-10T05:06:16Z</time>
   </trkpt>
   <trkpt lat="25.0259300" lon="121.4300640">
    <ele>14.1</ele>
    <time>2025-08-10T05:06:21Z</time>
   </trkpt>
   <trkpt lat="25.0259300" lon="121.4300620">
    <ele>14.1</ele>
    <time>2025-08-10T05:06:26Z</time>
   </trkpt>
   <trkpt lat="25.0258980" lon="121.4300090">
    <ele>14.1</ele>
    <time>2025-08-10T05:06:31Z</time>
   </trkpt>
   <trkpt lat="25.0259280" lon="121.4300630">
    <ele>14.1</ele>
    <time>2025-08-10T05:06:36Z</time>
   </trkpt>
   <trkpt lat="25.0259510" lon="121.4300910">
    <ele>14.1</ele>
    <time>2025-08-10T05:06:41Z</time>
   </trkpt>
   <trkpt lat="25.0259480" lon="121.4300800">
    <ele>14.1</ele>
    <time>2025-08-10T05:06:46Z</time>
   </trkpt>
   <trkpt lat="25.0259270" lon="121.4300750">
    <ele>14.1</ele>
    <time>2025-08-10T05:06:51Z</time>
   </trkpt>
   <trkpt lat="25.0259350" lon="121.4300720">
    <ele>14.1</ele>
    <time>2025-08-10T05:06:53Z</time>
   </trkpt>
   <trkpt lat="25.0259360" lon="121.4300710">
    <ele>14.1</ele>
    <time>2025-08-10T05:06:55Z</time>
   </trkpt>
   <trkpt lat="25.0259370" lon="121.4300710">
    <ele>14.1</ele>
    <time>2025-08-10T05:06:56Z</time>
   </trkpt>
   <trkpt lat="25.0259430" lon="121.4300670">
    <ele>14.1</ele>
    <time>2025-08-10T05:06:57Z</time>
   </trkpt>
   <trkpt lat="25.0259500" lon="121.4300720">
    <ele>14.1</ele>
    <time>2025-08-10T05:06:58Z</time>
   </trkpt>
   <trkpt lat="25.0259580" lon="121.4300800">
    <ele>14.1</ele>
    <time>2025-08-10T05:07:00Z</time>
   </trkpt>
   <trkpt lat="25.0259580" lon="121.4300850">
    <ele>14.1</ele>
    <time>2025-08-10T05:07:01Z</time>
   </trkpt>
   <trkpt lat="25.0259540" lon="121.4300870">
    <ele>14.1</ele>
    <time>2025-08-10T05:07:02Z</time>
   </trkpt>
   <trkpt lat="25.0259500" lon="121.4300920">
    <ele>14.1</ele>
    <time>2025-08-10T05:07:03Z</time>
   </trkpt>
   <trkpt lat="25.0259490" lon="121.4300960">
    <ele>14.1</ele>
    <time>2025-08-10T05:07:04Z</time>
   </trkpt>
   <trkpt lat="25.0259500" lon="121.4300890">
    <ele>14.1</ele>
    <time>2025-08-10T05:07:05Z</time>
   </trkpt>
   <trkpt lat="25.0259480" lon="121.4300710">
    <ele>14.1</ele>
    <time>2025-08-10T05:07:07Z</time>
   </trkpt>
   <trkpt lat="25.0259370" lon="121.4300510">
    <ele>14.1</ele>
    <time>2025-08-10T05:07:08Z</time>
   </trkpt>
   <trkpt lat="25.0259310" lon="121.4300430">
    <ele>14.1</ele>
    <time>2025-08-10T05:07:09Z</time>
   </trkpt>
   <trkpt lat="25.0259280" lon="121.4300400">
    <ele>14.1</ele>
    <time>2025-08-10T05:07:13Z</time>
   </trkpt>
   <trkpt lat="25.0259260" lon="121.4300380">
    <ele>14.1</ele>
    <time>2025-08-10T05:07:18Z</time>
   </trkpt>
   <trkpt lat="25.0259230" lon="121.4300350">
    <ele>14.1</ele>
    <time>2025-08-10T05:07:23Z</time>
   </trkpt>
   <trkpt lat="25.0259210" lon="121.4300320">
    <ele>14.1</ele>
    <time>2025-08-10T05:07:24Z</time>
   </trkpt>
   <trkpt lat="25.0259180" lon="121.4300290">
    <ele>14.1</ele>
    <time>2025-08-10T05:07:28Z</time>
   </trkpt>
   <trkpt lat="25.0259160" lon="121.4300260">
    <ele>14.1</ele>
    <time>2025-08-10T05:07:30Z</time>
   </trkpt>
   <trkpt lat="25.0259130" lon="121.4300230">
    <ele>14.1</ele>
    <time>2025-08-10T05:07:31Z</time>
   </trkpt>
   <trkpt lat="25.0259110" lon="121.4300210">
    <ele>14.1</ele>
    <time>2025-08-10T05:07:32Z</time>
   </trkpt>
   <trkpt lat="25.0259080" lon="121.4300180">
    <ele>14.1</ele>
    <time>2025-08-10T05:07:33Z</time>
   </trkpt>
   <trkpt lat="25.0259060" lon="121.4300150">
    <ele>14.1</ele>
    <time>2025-08-10T05:07:34Z</time>
   </trkpt>
   <trkpt lat="25.0259030" lon="121.4300060">
    <ele>14.1</ele>
    <time>2025-08-10T05:07:35Z</time>
   </trkpt>
   <trkpt lat="25.0259000" lon="121.4299960">
    <ele>14.1</ele>
    <time>2025-08-10T05:07:36Z</time>
   </trkpt>
   <trkpt lat="25.0258950" lon="121.4299780">
    <ele>14.1</ele>
    <time>2025-08-10T05:07:37Z</time>
   </trkpt>
   <trkpt lat="25.0258970" lon="121.4299260">
    <ele>14.1</ele>
    <time>2025-08-10T05:07:38Z</time>
   </trkpt>
   <trkpt lat="25.0259040" lon="121.4298970">
    <ele>14.1</ele>
    <time>2025-08-10T05:07:39Z</time>
   </trkpt>
   <trkpt lat="25.0259060" lon="121.4298870">
    <ele>14.1</ele>
    <time>2025-08-10T05:07:40Z</time>
   </trkpt>
   <trkpt lat="25.0259100" lon="121.4298700">
    <ele>14.1</ele>
    <time>2025-08-10T05:07:41Z</time>
   </trkpt>
   <trkpt lat="25.0259150" lon="121.4298530">
    <ele>14.1</ele>
    <time>2025-08-10T05:07:42Z</time>
   </trkpt>
   <trkpt lat="25.0259340" lon="121.4298440">
    <ele>14.1</ele>
    <time>2025-08-10T05:07:43Z</time>
   </trkpt>
   <trkpt lat="25.0259410" lon="121.4298370">
    <ele>14.1</ele>
    <time>2025-08-10T05:07:44Z</time>
   </trkpt>
   <trkpt lat="25.0259480" lon="121.4298240">
    <ele>14.1</ele>
    <time>2025-08-10T05:07:45Z</time>
   </trkpt>
   <trkpt lat="25.0259560" lon="121.4298110">
    <ele>14.1</ele>
    <time>2025-08-10T05:07:46Z</time>
   </trkpt>
   <trkpt lat="25.0259790" lon="121.4298000">
    <ele>14.2</ele>
    <time>2025-08-10T05:07:47Z</time>
   </trkpt>
   <trkpt lat="25.0259940" lon="121.4298000">
    <ele>14.2</ele>
    <time>2025-08-10T05:07:48Z</time>
   </trkpt>
   <trkpt lat="25.0260100" lon="121.4297870">
    <ele>14.2</ele>
    <time>2025-08-10T05:07:49Z</time>
   </trkpt>
   <trkpt lat="25.0260160" lon="121.4297810">
    <ele>14.2</ele>
    <time>2025-08-10T05:07:50Z</time>
   </trkpt>
   <trkpt lat="25.0260230" lon="121.4297740">
    <ele>14.2</ele>
    <time>2025-08-10T05:07:51Z</time>
   </trkpt>
   <trkpt lat="25.0260340" lon="121.4297650">
    <ele>14.2</ele>
    <time>2025-08-10T05:07:52Z</time>
   </trkpt>
   <trkpt lat="25.0260460" lon="121.4297560">
    <ele>14.2</ele>
    <time>2025-08-10T05:07:53Z</time>
   </trkpt>
   <trkpt lat="25.0260600" lon="121.4297590">
    <ele>14.2</ele>
    <time>2025-08-10T05:07:54Z</time>
   </trkpt>
   <trkpt lat="25.0260700" lon="121.4297510">
    <ele>14.2</ele>
    <time>2025-08-10T05:07:55Z</time>
   </trkpt>
   <trkpt lat="25.0260800" lon="121.4297440">
    <ele>14.2</ele>
    <time>2025-08-10T05:07:56Z</time>
   </trkpt>
   <trkpt lat="25.0260920" lon="121.4297370">
    <ele>14.2</ele>
    <time>2025-08-10T05:07:57Z</time>
   </trkpt>
   <trkpt lat="25.0261040" lon="121.4297290">
    <ele>14.2</ele>
    <time>2025-08-10T05:07:58Z</time>
   </trkpt>
   <trkpt lat="25.0261320" lon="121.4297460">
    <ele>14.3</ele>
    <time>2025-08-10T05:07:59Z</time>
   </trkpt>
   <trkpt lat="25.0261450" lon="121.4297440">
    <ele>14.3</ele>
    <time>2025-08-10T05:08:00Z</time>
   </trkpt>
   <trkpt lat="25.0261590" lon="121.4297420">
    <ele>14.3</ele>
    <time>2025-08-10T05:08:01Z</time>
   </trkpt>
   <trkpt lat="25.0261730" lon="121.4297410">
    <ele>14.3</ele>
    <time>2025-08-10T05:08:02Z</time>
   </trkpt>
   <trkpt lat="25.0261870" lon="121.4297420">
    <ele>14.3</ele>
    <time>2025-08-10T05:08:03Z</time>
   </trkpt>
   <trkpt lat="25.0262050" lon="121.4297640">
    <ele>14.3</ele>
    <time>2025-08-10T05:08:04Z</time>
   </trkpt>
   <trkpt lat="25.0262160" lon="121.4297670">
    <ele>14.3</ele>
    <time>2025-08-10T05:08:05Z</time>
   </trkpt>
   <trkpt lat="25.0262210" lon="121.4297730">
    <ele>14.3</ele>
    <time>2025-08-10T05:08:06Z</time>
   </trkpt>
   <trkpt lat="25.0262290" lon="121.4297780">
    <ele>14.3</ele>
    <time>2025-08-10T05:08:07Z</time>
   </trkpt>
   <trkpt lat="25.0262480" lon="121.4297950">
    <ele>14.4</ele>
    <time>2025-08-10T05:08:08Z</time>
   </trkpt>
   <trkpt lat="25.0262570" lon="121.4298050">
    <ele>14.4</ele>
    <time>2025-08-10T05:08:09Z</time>
   </trkpt>
   <trkpt lat="25.0262680" lon="121.4298140">
    <ele>14.4</ele>
    <time>2025-08-10T05:08:10Z</time>
   </trkpt>
   <trkpt lat="25.0262810" lon="121.4298210">
    <ele>14.4</ele>
    <time>2025-08-10T05:08:11Z</time>
   </trkpt>
   <trkpt lat="25.0262870" lon="121.4298240">
    <ele>14.4</ele>
    <time>2025-08-10T05:08:12Z</time>
   </trkpt>
   <trkpt lat="25.0262930" lon="121.4298220">
    <ele>14.4</ele>
    <time>2025-08-10T05:08:13Z</time>
   </trkpt>
   <trkpt lat="25.0263130" lon="121.4298210">
    <ele>14.4</ele>
    <time>2025-08-10T05:08:14Z</time>
   </trkpt>
   <trkpt lat="25.0263220" lon="121.4298180">
    <ele>14.4</ele>
    <time>2025-08-10T05:08:15Z</time>
   </trkpt>
   <trkpt lat="25.0263320" lon="121.4298120">
    <ele>14.5</ele>
    <time>2025-08-10T05:08:16Z</time>
   </trkpt>
   <trkpt lat="25.0263440" lon="121.4298040">
    <ele>14.5</ele>
    <time>2025-08-10T05:08:17Z</time>
   </trkpt>
   <trkpt lat="25.0263570" lon="121.4297980">
    <ele>14.5</ele>
    <time>2025-08-10T05:08:18Z</time>
   </trkpt>
   <trkpt lat="25.0263770" lon="121.4297900">
    <ele>14.5</ele>
    <time>2025-08-10T05:08:19Z</time>
   </trkpt>
   <trkpt lat="25.0263930" lon="121.4297770">
    <ele>14.5</ele>
    <time>2025-08-10T05:08:20Z</time>
   </trkpt>
   <trkpt lat="25.0264000" lon="121.4297700">
    <ele>14.6</ele>
    <time>2025-08-10T05:08:21Z</time>
   </trkpt>
   <trkpt lat="25.0264070" lon="121.4297630">
    <ele>14.6</ele>
    <time>2025-08-10T05:08:22Z</time>
   </trkpt>
   <trkpt lat="25.0264160" lon="121.4297530">
    <ele>14.6</ele>
    <time>2025-08-10T05:08:23Z</time>
   </trkpt>
   <trkpt lat="25.0264260" lon="121.4297440">
    <ele>14.6</ele>
    <time>2025-08-10T05:08:24Z</time>
   </trkpt>
   <trkpt lat="25.0264360" lon="121.4297390">
    <ele>14.6</ele>
    <time>2025-08-10T05:08:25Z</time>
   </trkpt>
   <trkpt lat="25.0264470" lon="121.4297330">
    <ele>14.7</ele>
    <time>2025-08-10T05:08:26Z</time>
   </trkpt>
   <trkpt lat="25.0264660" lon="121.4297320">
    <ele>14.7</ele>
    <time>2025-08-10T05:08:27Z</time>
   </trkpt>
   <trkpt lat="25.0264760" lon="121.4297300">
    <ele>14.7</ele>
    <time>2025-08-10T05:08:28Z</time>
   </trkpt>
   <trkpt lat="25.0264870" lon="121.4297260">
    <ele>14.7</ele>
    <time>2025-08-10T05:08:29Z</time>
   </trkpt>
   <trkpt lat="25.0264980" lon="121.4297200">
    <ele>14.7</ele>
    <time>2025-08-10T05:08:30Z</time>
   </trkpt>
   <trkpt lat="25.0265090" lon="121.4297110">
    <ele>14.7</ele>
    <time>2025-08-10T05:08:31Z</time>
   </trkpt>
   <trkpt lat="25.0265230" lon="121.4297010">
    <ele>14.7</ele>
    <time>2025-08-10T05:08:32Z</time>
   </trkpt>
   <trkpt lat="25.0265310" lon="121.4296980">
    <ele>14.7</ele>
    <time>2025-08-10T05:08:33Z</time>
   </trkpt>
   <trkpt lat="25.0265420" lon="121.4296930">
    <ele>14.7</ele>
    <time>2025-08-10T05:08:34Z</time>
   </trkpt>
   <trkpt lat="25.0265540" lon="121.4296870">
    <ele>14.7</ele>
    <time>2025-08-10T05:08:35Z</time>
   </trkpt>
   <trkpt lat="25.0265660" lon="121.4296820">
    <ele>14.7</ele>
    <time>2025-08-10T05:08:36Z</time>
   </trkpt>
   <trkpt lat="25.0265810" lon="121.4296770">
    <ele>14.7</ele>
    <time>2025-08-10T05:08:37Z</time>
   </trkpt>
   <trkpt lat="25.0265870" lon="121.4296740">
    <ele>14.7</ele>
    <time>2025-08-10T05:08:38Z</time>
   </trkpt>
   <trkpt lat="25.0265960" lon="121.4296660">
    <ele>14.7</ele>
    <time>2025-08-10T05:08:39Z</time>
   </trkpt>
   <trkpt lat="25.0266060" lon="121.4296580">
    <ele>14.7</ele>
    <time>2025-08-10T05:08:40Z</time>
   </trkpt>
   <trkpt lat="25.0266270" lon="121.4296540">
    <ele>14.7</ele>
    <time>2025-08-10T05:08:41Z</time>
   </trkpt>
   <trkpt lat="25.0266380" lon="121.4296560">
    <ele>14.7</ele>
    <time>2025-08-10T05:08:42Z</time>
   </trkpt>
   <trkpt lat="25.0266480" lon="121.4296570">
    <ele>14.7</ele>
    <time>2025-08-10T05:08:43Z</time>
   </trkpt>
   <trkpt lat="25.0266550" lon="121.4296640">
    <ele>14.7</ele>
    <time>2025-08-10T05:08:44Z</time>
   </trkpt>
   <trkpt lat="25.0266610" lon="121.4296740">
    <ele>14.7</ele>
    <time>2025-08-10T05:08:45Z</time>
   </trkpt>
   <trkpt lat="25.0266670" lon="121.4296810">
    <ele>14.7</ele>
    <time>2025-08-10T05:08:46Z</time>
   </trkpt>
   <trkpt lat="25.0266670" lon="121.4297090">
    <ele>14.7</ele>
    <time>2025-08-10T05:08:47Z</time>
   </trkpt>
   <trkpt lat="25.0266680" lon="121.4297180">
    <ele>14.7</ele>
    <time>2025-08-10T05:08:48Z</time>
   </trkpt>
   <trkpt lat="25.0266680" lon="121.4297260">
    <ele>14.7</ele>
    <time>2025-08-10T05:08:49Z</time>
   </trkpt>
   <trkpt lat="25.0266630" lon="121.4297290">
    <ele>14.7</ele>
    <time>2025-08-10T05:08:50Z</time>
   </trkpt>
   <trkpt lat="25.0266590" lon="121.4297280">
    <ele>14.7</ele>
    <time>2025-08-10T05:08:51Z</time>
   </trkpt>
   <trkpt lat="25.0266540" lon="121.4297320">
    <ele>14.7</ele>
    <time>2025-08-10T05:08:52Z</time>
   </trkpt>
   <trkpt lat="25.0266540" lon="121.4297320">
    <ele>14.7</ele>
    <time>2025-08-10T05:08:53Z</time>
   </trkpt>
   <trkpt lat="25.0266520" lon="121.4297320">
    <ele>14.7</ele>
    <time>2025-08-10T05:08:54Z</time>
   </trkpt>
   <trkpt lat="25.0266520" lon="121.4297320">
    <ele>14.7</ele>
    <time>2025-08-10T05:08:55Z</time>
   </trkpt>
   <trkpt lat="25.0266500" lon="121.4297330">
    <ele>14.7</ele>
    <time>2025-08-10T05:08:56Z</time>
   </trkpt>
   <trkpt lat="25.0266490" lon="121.4297340">
    <ele>14.7</ele>
    <time>2025-08-10T05:08:57Z</time>
   </trkpt>
   <trkpt lat="25.0266460" lon="121.4297390">
    <ele>14.7</ele>
    <time>2025-08-10T05:08:58Z</time>
   </trkpt>
   <trkpt lat="25.0266450" lon="121.4297400">
    <ele>14.7</ele>
    <time>2025-08-10T05:08:59Z</time>
   </trkpt>
   <trkpt lat="25.0266430" lon="121.4297390">
    <ele>14.7</ele>
    <time>2025-08-10T05:09:00Z</time>
   </trkpt>
   <trkpt lat="25.0266420" lon="121.4297390">
    <ele>14.7</ele>
    <time>2025-08-10T05:09:01Z</time>
   </trkpt>
   <trkpt lat="25.0266400" lon="121.4297390">
    <ele>14.7</ele>
    <time>2025-08-10T05:09:02Z</time>
   </trkpt>
   <trkpt lat="25.0266360" lon="121.4297380">
    <ele>14.7</ele>
    <time>2025-08-10T05:09:03Z</time>
   </trkpt>
   <trkpt lat="25.0266330" lon="121.4297370">
    <ele>14.7</ele>
    <time>2025-08-10T05:09:04Z</time>
   </trkpt>
   <trkpt lat="25.0266300" lon="121.4297360">
    <ele>14.7</ele>
    <time>2025-08-10T05:09:05Z</time>
   </trkpt>
   <trkpt lat="25.0266270" lon="121.4297360">
    <ele>14.7</ele>
    <time>2025-08-10T05:09:06Z</time>
   </trkpt>
   <trkpt lat="25.0266260" lon="121.4297350">
    <ele>14.7</ele>
    <time>2025-08-10T05:09:07Z</time>
   </trkpt>
   <trkpt lat="25.0266270" lon="121.4297300">
    <ele>14.7</ele>
    <time>2025-08-10T05:09:08Z</time>
   </trkpt>
   <trkpt lat="25.0266250" lon="121.4297300">
    <ele>14.7</ele>
    <time>2025-08-10T05:09:09Z</time>
   </trkpt>
   <trkpt lat="25.0266230" lon="121.4297300">
    <ele>14.7</ele>
    <time>2025-08-10T05:09:10Z</time>
   </trkpt>
   <trkpt lat="25.0266190" lon="121.4297310">
    <ele>14.7</ele>
    <time>2025-08-10T05:09:11Z</time>
   </trkpt>
   <trkpt lat="25.0266100" lon="121.4297290">
    <ele>14.7</ele>
    <time>2025-08-10T05:09:12Z</time>
   </trkpt>
   <trkpt lat="25.0266050" lon="121.4297280">
    <ele>14.7</ele>
    <time>2025-08-10T05:09:13Z</time>
   </trkpt>
   <trkpt lat="25.0265990" lon="121.4297260">
    <ele>14.7</ele>
    <time>2025-08-10T05:09:14Z</time>
   </trkpt>
   <trkpt lat="25.0265930" lon="121.4297250">
    <ele>14.7</ele>
    <time>2025-08-10T05:09:15Z</time>
   </trkpt>
   <trkpt lat="25.0265870" lon="121.4297230">
    <ele>14.7</ele>
    <time>2025-08-10T05:09:16Z</time>
   </trkpt>
   <trkpt lat="25.0265820" lon="121.4297220">
    <ele>14.7</ele>
    <time>2025-08-10T05:09:17Z</time>
   </trkpt>
   <trkpt lat="25.0265760" lon="121.4297200">
    <ele>14.7</ele>
    <time>2025-08-10T05:09:18Z</time>
   </trkpt>
   <trkpt lat="25.0265700" lon="121.4297190">
    <ele>14.7</ele>
    <time>2025-08-10T05:09:19Z</time>
   </trkpt>
   <trkpt lat="25.0265420" lon="121.4297150">
    <ele>14.7</ele>
    <time>2025-08-10T05:09:20Z</time>
   </trkpt>
   <trkpt lat="25.0265270" lon="121.4297130">
    <ele>14.7</ele>
    <time>2025-08-10T05:09:21Z</time>
   </trkpt>
   <trkpt lat="25.0265190" lon="121.4297120">
    <ele>14.7</ele>
    <time>2025-08-10T05:09:22Z</time>
   </trkpt>
   <trkpt lat="25.0265140" lon="121.4297110">
    <ele>14.7</ele>
    <time>2025-08-10T05:09:23Z</time>
   </trkpt>
   <trkpt lat="25.0265160" lon="121.4297110">
    <ele>14.7</ele>
    <time>2025-08-10T05:09:24Z</time>
   </trkpt>
   <trkpt lat="25.0265210" lon="121.4297110">
    <ele>14.7</ele>
    <time>2025-08-10T05:09:25Z</time>
   </trkpt>
   <trkpt lat="25.0265250" lon="121.4297100">
    <ele>14.7</ele>
    <time>2025-08-10T05:09:26Z</time>
   </trkpt>
   <trkpt lat="25.0265300" lon="121.4297100">
    <ele>14.7</ele>
    <time>2025-08-10T05:09:27Z</time>
   </trkpt>
   <trkpt lat="25.0265340" lon="121.4297100">
    <ele>14.7</ele>
    <time>2025-08-10T05:09:28Z</time>
   </trkpt>
   <trkpt lat="25.0265390" lon="121.4297100">
    <ele>14.7</ele>
    <time>2025-08-10T05:09:29Z</time>
   </trkpt>
   <trkpt lat="25.0265430" lon="121.4297090">
    <ele>14.7</ele>
    <time>2025-08-10T05:09:30Z</time>
   </trkpt>
   <trkpt lat="25.0265480" lon="121.4297090">
    <ele>14.7</ele>
    <time>2025-08-10T05:09:31Z</time>
   </trkpt>
   <trkpt lat="25.0265520" lon="121.4297090">
    <ele>14.7</ele>
    <time>2025-08-10T05:09:32Z</time>
   </trkpt>
   <trkpt lat="25.0265570" lon="121.4297090">
    <ele>14.7</ele>
    <time>2025-08-10T05:09:33Z</time>
   </trkpt>
   <trkpt lat="25.0265610" lon="121.4297080">
    <ele>14.7</ele>
    <time>2025-08-10T05:09:34Z</time>
   </trkpt>
   <trkpt lat="25.0265660" lon="121.4297080">
    <ele>14.7</ele>
    <time>2025-08-10T05:09:35Z</time>
   </trkpt>
   <trkpt lat="25.0265700" lon="121.4297080">
    <ele>14.7</ele>
    <time>2025-08-10T05:09:36Z</time>
   </trkpt>
   <trkpt lat="25.0266020" lon="121.4297110">
    <ele>14.7</ele>
    <time>2025-08-10T05:09:37Z</time>
   </trkpt>
   <trkpt lat="25.0266150" lon="121.4297020">
    <ele>14.7</ele>
    <time>2025-08-10T05:09:38Z</time>
   </trkpt>
   <trkpt lat="25.0266220" lon="121.4296970">
    <ele>14.7</ele>
    <time>2025-08-10T05:09:39Z</time>
   </trkpt>
   <trkpt lat="25.0266250" lon="121.4296950">
    <ele>14.7</ele>
    <time>2025-08-10T05:09:40Z</time>
   </trkpt>
   <trkpt lat="25.0266250" lon="121.4296940">
    <ele>14.7</ele>
    <time>2025-08-10T05:09:41Z</time>
   </trkpt>
   <trkpt lat="25.0266250" lon="121.4296930">
    <ele>14.7</ele>
    <time>2025-08-10T05:09:42Z</time>
   </trkpt>
   <trkpt lat="25.0265990" lon="121.4296850">
    <ele>14.7</ele>
    <time>2025-08-10T05:09:43Z</time>
   </trkpt>
   <trkpt lat="25.0265850" lon="121.4296800">
    <ele>14.7</ele>
    <time>2025-08-10T05:09:44Z</time>
   </trkpt>
   <trkpt lat="25.0265770" lon="121.4296780">
    <ele>14.7</ele>
    <time>2025-08-10T05:09:45Z</time>
   </trkpt>
   <trkpt lat="25.0265730" lon="121.4296770">
    <ele>14.7</ele>
    <time>2025-08-10T05:09:46Z</time>
   </trkpt>
   <trkpt lat="25.0265700" lon="121.4296770">
    <ele>14.7</ele>
    <time>2025-08-10T05:09:47Z</time>
   </trkpt>
   <trkpt lat="25.0265900" lon="121.4296850">
    <ele>14.7</ele>
    <time>2025-08-10T05:09:48Z</time>
   </trkpt>
   <trkpt lat="25.0266010" lon="121.4296900">
    <ele>14.7</ele>
    <time>2025-08-10T05:09:49Z</time>
   </trkpt>
   <trkpt lat="25.0266070" lon="121.4296950">
    <ele>14.7</ele>
    <time>2025-08-10T05:09:50Z</time>
   </trkpt>
   <trkpt lat="25.0266070" lon="121.4296970">
    <ele>14.7</ele>
    <time>2025-08-10T05:09:51Z</time>
   </trkpt>
   <trkpt lat="25.0266080" lon="121.4297000">
    <ele>14.7</ele>
    <time>2025-08-10T05:09:52Z</time>
   </trkpt>
   <trkpt lat="25.0266090" lon="121.4297030">
    <ele>14.7</ele>
    <time>2025-08-10T05:09:53Z</time>
   </trkpt>
   <trkpt lat="25.0266090" lon="121.4297060">
    <ele>14.7</ele>
    <time>2025-08-10T05:09:54Z</time>
   </trkpt>
   <trkpt lat="25.0266100" lon="121.4297080">
    <ele>14.7</ele>
    <time>2025-08-10T05:09:55Z</time>
   </trkpt>
   <trkpt lat="25.0266110" lon="121.4297110">
    <ele>14.7</ele>
    <time>2025-08-10T05:09:56Z</time>
   </trkpt>
   <trkpt lat="25.0266110" lon="121.4297140">
    <ele>14.7</ele>
    <time>2025-08-10T05:09:57Z</time>
   </trkpt>
   <trkpt lat="25.0266120" lon="121.4297160">
    <ele>14.7</ele>
    <time>2025-08-10T05:09:58Z</time>
   </trkpt>
   <trkpt lat="25.0266120" lon="121.4297190">
    <ele>14.7</ele>
    <time>2025-08-10T05:09:59Z</time>
   </trkpt>
   <trkpt lat="25.0266130" lon="121.4297220">
    <ele>14.7</ele>
    <time>2025-08-10T05:10:00Z</time>
   </trkpt>
   <trkpt lat="25.0266140" lon="121.4297250">
    <ele>14.7</ele>
    <time>2025-08-10T05:10:01Z</time>
   </trkpt>
   <trkpt lat="25.0266140" lon="121.4297270">
    <ele>14.7</ele>
    <time>2025-08-10T05:10:02Z</time>
   </trkpt>
   <trkpt lat="25.0266150" lon="121.4297300">
    <ele>14.7</ele>
    <time>2025-08-10T05:10:03Z</time>
   </trkpt>
   <trkpt lat="25.0266140" lon="121.4297380">
    <ele>14.7</ele>
    <time>2025-08-10T05:10:04Z</time>
   </trkpt>
   <trkpt lat="25.0266120" lon="121.4297370">
    <ele>14.7</ele>
    <time>2025-08-10T05:10:05Z</time>
   </trkpt>
   <trkpt lat="25.0266110" lon="121.4297360">
    <ele>14.7</ele>
    <time>2025-08-10T05:10:06Z</time>
   </trkpt>
   <trkpt lat="25.0266090" lon="121.4297350">
    <ele>14.7</ele>
    <time>2025-08-10T05:10:07Z</time>
   </trkpt>
   <trkpt lat="25.0266080" lon="121.4297340">
    <ele>14.7</ele>
    <time>2025-08-10T05:10:08Z</time>
   </trkpt>
   <trkpt lat="25.0266060" lon="121.4297330">
    <ele>14.7</ele>
    <time>2025-08-10T05:10:09Z</time>
   </trkpt>
   <trkpt lat="25.0266050" lon="121.4297320">
    <ele>14.7</ele>
    <time>2025-08-10T05:10:10Z</time>
   </trkpt>
   <trkpt lat="25.0266040" lon="121.4297310">
    <ele>14.7</ele>
    <time>2025-08-10T05:10:11Z</time>
   </trkpt>
   <trkpt lat="25.0266020" lon="121.4297300">
    <ele>14.7</ele>
    <time>2025-08-10T05:10:12Z</time>
   </trkpt>
   <trkpt lat="25.0266010" lon="121.4297290">
    <ele>14.7</ele>
    <time>2025-08-10T05:10:13Z</time>
   </trkpt>
   <trkpt lat="25.0265990" lon="121.4297280">
    <ele>14.7</ele>
    <time>2025-08-10T05:10:14Z</time>
   </trkpt>
   <trkpt lat="25.0265980" lon="121.4297270">
    <ele>14.7</ele>
    <time>2025-08-10T05:10:15Z</time>
   </trkpt>
   <trkpt lat="25.0265970" lon="121.4297260">
    <ele>14.7</ele>
    <time>2025-08-10T05:10:16Z</time>
   </trkpt>
   <trkpt lat="25.0265950" lon="121.4297250">
    <ele>14.7</ele>
    <time>2025-08-10T05:10:17Z</time>
   </trkpt>
   <trkpt lat="25.0265940" lon="121.4297240">
    <ele>14.7</ele>
    <time>2025-08-10T05:10:18Z</time>
   </trkpt>
   <trkpt lat="25.0265920" lon="121.4297230">
    <ele>14.7</ele>
    <time>2025-08-10T05:10:19Z</time>
   </trkpt>
   <trkpt lat="25.0265910" lon="121.4297220">
    <ele>14.7</ele>
    <time>2025-08-10T05:10:20Z</time>
   </trkpt>
   <trkpt lat="25.0265890" lon="121.4297210">
    <ele>14.7</ele>
    <time>2025-08-10T05:10:21Z</time>
   </trkpt>
   <trkpt lat="25.0265880" lon="121.4297200">
    <ele>14.7</ele>
    <time>2025-08-10T05:10:22Z</time>
   </trkpt>
   <trkpt lat="25.0265870" lon="121.4297190">
    <ele>14.7</ele>
    <time>2025-08-10T05:10:23Z</time>
   </trkpt>
   <trkpt lat="25.0265850" lon="121.4297180">
    <ele>14.7</ele>
    <time>2025-08-10T05:10:24Z</time>
   </trkpt>
   <trkpt lat="25.0265840" lon="121.4297170">
    <ele>14.7</ele>
    <time>2025-08-10T05:10:25Z</time>
   </trkpt>
   <trkpt lat="25.0265820" lon="121.4297160">
    <ele>14.7</ele>
    <time>2025-08-10T05:10:26Z</time>
   </trkpt>
   <trkpt lat="25.0265810" lon="121.4297150">
    <ele>14.7</ele>
    <time>2025-08-10T05:10:27Z</time>
   </trkpt>
   <trkpt lat="25.0265800" lon="121.4297140">
    <ele>14.7</ele>
    <time>2025-08-10T05:10:28Z</time>
   </trkpt>
   <trkpt lat="25.0265780" lon="121.4297130">
    <ele>14.7</ele>
    <time>2025-08-10T05:10:29Z</time>
   </trkpt>
   <trkpt lat="25.0265770" lon="121.4297120">
    <ele>14.7</ele>
    <time>2025-08-10T05:10:30Z</time>
   </trkpt>
   <trkpt lat="25.0265750" lon="121.4297110">
    <ele>14.7</ele>
    <time>2025-08-10T05:10:31Z</time>
   </trkpt>
   <trkpt lat="25.0265740" lon="121.4297100">
    <ele>14.7</ele>
    <time>2025-08-10T05:10:32Z</time>
   </trkpt>
   <trkpt lat="25.0265720" lon="121.4297090">
    <ele>14.7</ele>
    <time>2025-08-10T05:10:33Z</time>
   </trkpt>
   <trkpt lat="25.0265710" lon="121.4297080">
    <ele>14.7</ele>
    <time>2025-08-10T05:10:34Z</time>
   </trkpt>
   <trkpt lat="25.0265440" lon="121.4296930">
    <ele>14.7</ele>
    <time>2025-08-10T05:10:35Z</time>
   </trkpt>
   <trkpt lat="25.0265360" lon="121.4296880">
    <ele>14.7</ele>
    <time>2025-08-10T05:10:36Z</time>
   </trkpt>
   <trkpt lat="25.0265400" lon="121.4296900">
    <ele>14.7</ele>
    <time>2025-08-10T05:10:37Z</time>
   </trkpt>
   <trkpt lat="25.0265450" lon="121.4296920">
    <ele>14.7</ele>
    <time>2025-08-10T05:10:38Z</time>
   </trkpt>
   <trkpt lat="25.0265490" lon="121.4296940">
    <ele>14.7</ele>
    <time>2025-08-10T05:10:39Z</time>
   </trkpt>
   <trkpt lat="25.0265530" lon="121.4296960">
    <ele>14.7</ele>
    <time>2025-08-10T05:10:40Z</time>
   </trkpt>
   <trkpt lat="25.0265570" lon="121.4296980">
    <ele>14.7</ele>
    <time>2025-08-10T05:10:41Z</time>
   </trkpt>
   <trkpt lat="25.0265610" lon="121.4297010">
    <ele>14.7</ele>
    <time>2025-08-10T05:10:42Z</time>
   </trkpt>
   <trkpt lat="25.0265650" lon="121.4297030">
    <ele>14.7</ele>
    <time>2025-08-10T05:10:43Z</time>
   </trkpt>
   <trkpt lat="25.0265700" lon="121.4297050">
    <ele>14.7</ele>
    <time>2025-08-10T05:10:44Z</time>
   </trkpt>
   <trkpt lat="25.0265740" lon="121.4297070">
    <ele>14.7</ele>
    <time>2025-08-10T05:10:45Z</time>
   </trkpt>
   <trkpt lat="25.0265780" lon="121.4297090">
    <ele>14.7</ele>
    <time>2025-08-10T05:10:46Z</time>
   </trkpt>
   <trkpt lat="25.0265820" lon="121.4297110">
    <ele>14.7</ele>
    <time>2025-08-10T05:10:47Z</time>
   </trkpt>
   <trkpt lat="25.0266140" lon="121.4297270">
    <ele>14.7</ele>
    <time>2025-08-10T05:10:48Z</time>
   </trkpt>
   <trkpt lat="25.0266170" lon="121.4297310">
    <ele>14.7</ele>
    <time>2025-08-10T05:10:49Z</time>
   </trkpt>
   <trkpt lat="25.0266080" lon="121.4297250">
    <ele>14.7</ele>
    <time>2025-08-10T05:10:50Z</time>
   </trkpt>
   <trkpt lat="25.0265980" lon="121.4297190">
    <ele>14.7</ele>
    <time>2025-08-10T05:10:51Z</time>
   </trkpt>
   <trkpt lat="25.0265890" lon="121.4297130">
    <ele>14.7</ele>
    <time>2025-08-10T05:10:52Z</time>
   </trkpt>
   <trkpt lat="25.0265800" lon="121.4297070">
    <ele>14.7</ele>
    <time>2025-08-10T05:10:53Z</time>
   </trkpt>
   <trkpt lat="25.0265520" lon="121.4296870">
    <ele>14.7</ele>
    <time>2025-08-10T05:10:54Z</time>
   </trkpt>
   <trkpt lat="25.0265460" lon="121.4296830">
    <ele>14.7</ele>
    <time>2025-08-10T05:10:55Z</time>
   </trkpt>
   <trkpt lat="25.0265530" lon="121.4296900">
    <ele>14.7</ele>
    <time>2025-08-10T05:10:56Z</time>
   </trkpt>
   <trkpt lat="25.0265660" lon="121.4297000">
    <ele>14.7</ele>
    <time>2025-08-10T05:10:57Z</time>
   </trkpt>
   <trkpt lat="25.0265790" lon="121.4297110">
    <ele>14.7</ele>
    <time>2025-08-10T05:10:58Z</time>
   </trkpt>
   <trkpt lat="25.0266060" lon="121.4297250">
    <ele>14.7</ele>
    <time>2025-08-10T05:10:59Z</time>
   </trkpt>
   <trkpt lat="25.0266120" lon="121.4297280">
    <ele>14.7</ele>
    <time>2025-08-10T05:11:00Z</time>
   </trkpt>
   <trkpt lat="25.0266180" lon="121.4297310">
    <ele>14.7</ele>
    <time>2025-08-10T05:11:01Z</time>
   </trkpt>
   <trkpt lat="25.0266210" lon="121.4297320">
    <ele>14.7</ele>
    <time>2025-08-10T05:11:02Z</time>
   </trkpt>
   <trkpt lat="25.0266220" lon="121.4297330">
    <ele>14.7</ele>
    <time>2025-08-10T05:11:03Z</time>
   </trkpt>
   <trkpt lat="25.0266310" lon="121.4297400">
    <ele>14.7</ele>
    <time>2025-08-10T05:11:04Z</time>
   </trkpt>
   <trkpt lat="25.0266360" lon="121.4297430">
    <ele>14.7</ele>
    <time>2025-08-10T05:11:05Z</time>
   </trkpt>
   <trkpt lat="25.0266280" lon="121.4297380">
    <ele>14.7</ele>
    <time>2025-08-10T05:11:06Z</time>
   </trkpt>
   <trkpt lat="25.0266180" lon="121.4297320">
    <ele>14.7</ele>
    <time>2025-08-10T05:11:07Z</time>
   </trkpt>
   <trkpt lat="25.0266080" lon="121.4297250">
    <ele>14.7</ele>
    <time>2025-08-10T05:11:08Z</time>
   </trkpt>
   <trkpt lat="25.0265980" lon="121.4297190">
    <ele>14.7</ele>
    <time>2025-08-10T05:11:09Z</time>
   </trkpt>
   <trkpt lat="25.0265880" lon="121.4297120">
    <ele>14.7</ele>
    <time>2025-08-10T05:11:10Z</time>
   </trkpt>
   <trkpt lat="25.0265780" lon="121.4297060">
    <ele>14.7</ele>
    <time>2025-08-10T05:11:11Z</time>
   </trkpt>
   <trkpt lat="25.0265510" lon="121.4296890">
    <ele>14.7</ele>
    <time>2025-08-10T05:11:12Z</time>
   </trkpt>
   <trkpt lat="25.0265630" lon="121.4296930">
    <ele>14.7</ele>
    <time>2025-08-10T05:11:13Z</time>
   </trkpt>
   <trkpt lat="25.0265870" lon="121.4297070">
    <ele>14.7</ele>
    <time>2025-08-10T05:11:14Z</time>
   </trkpt>
   <trkpt lat="25.0266140" lon="121.4297230">
    <ele>14.7</ele>
    <time>2025-08-10T05:11:15Z</time>
   </trkpt>
   <trkpt lat="25.0266260" lon="121.4297290">
    <ele>14.8</ele>
    <time>2025-08-10T05:11:16Z</time>
   </trkpt>
   <trkpt lat="25.0266280" lon="121.4297310">
    <ele>14.7</ele>
    <time>2025-08-10T05:11:17Z</time>
   </trkpt>
   <trkpt lat="25.0266280" lon="121.4297310">
    <ele>14.7</ele>
    <time>2025-08-10T05:11:18Z</time>
   </trkpt>
   <trkpt lat="25.0266290" lon="121.4297360">
    <ele>14.7</ele>
    <time>2025-08-10T05:11:19Z</time>
   </trkpt>
   <trkpt lat="25.0266290" lon="121.4297380">
    <ele>14.7</ele>
    <time>2025-08-10T05:11:20Z</time>
   </trkpt>
   <trkpt lat="25.0266280" lon="121.4297380">
    <ele>14.7</ele>
    <time>2025-08-10T05:11:21Z</time>
   </trkpt>
   <trkpt lat="25.0266280" lon="121.4297370">
    <ele>14.7</ele>
    <time>2025-08-10T05:11:22Z</time>
   </trkpt>
   <trkpt lat="25.0266280" lon="121.4297370">
    <ele>14.7</ele>
    <time>2025-08-10T05:11:23Z</time>
   </trkpt>
   <trkpt lat="25.0266270" lon="121.4297500">
    <ele>14.7</ele>
    <time>2025-08-10T05:11:24Z</time>
   </trkpt>
   <trkpt lat="25.0266270" lon="121.4297530">
    <ele>14.7</ele>
    <time>2025-08-10T05:11:25Z</time>
   </trkpt>
   <trkpt lat="25.0266270" lon="121.4297540">
    <ele>14.7</ele>
    <time>2025-08-10T05:11:26Z</time>
   </trkpt>
   <trkpt lat="25.0266270" lon="121.4297530">
    <ele>14.7</ele>
    <time>2025-08-10T05:11:27Z</time>
   </trkpt>
   <trkpt lat="25.0266270" lon="121.4297530">
    <ele>14.7</ele>
    <time>2025-08-10T05:11:28Z</time>
   </trkpt>
   <trkpt lat="25.0266160" lon="121.4297500">
    <ele>14.7</ele>
    <time>2025-08-10T05:11:29Z</time>
   </trkpt>
   <trkpt lat="25.0266130" lon="121.4297490">
    <ele>14.7</ele>
    <time>2025-08-10T05:11:30Z</time>
   </trkpt>
   <trkpt lat="25.0266150" lon="121.4297480">
    <ele>14.7</ele>
    <time>2025-08-10T05:11:31Z</time>
   </trkpt>
   <trkpt lat="25.0266150" lon="121.4297480">
    <ele>14.7</ele>
    <time>2025-08-10T05:11:32Z</time>
   </trkpt>
   <trkpt lat="25.0266160" lon="121.4297470">
    <ele>14.7</ele>
    <time>2025-08-10T05:11:33Z</time>
   </trkpt>
   <trkpt lat="25.0266180" lon="121.4297360">
    <ele>14.7</ele>
    <time>2025-08-10T05:11:34Z</time>
   </trkpt>
   <trkpt lat="25.0266200" lon="121.4297290">
    <ele>14.7</ele>
    <time>2025-08-10T05:11:35Z</time>
   </trkpt>
   <trkpt lat="25.0266210" lon="121.4297260">
    <ele>14.7</ele>
    <time>2025-08-10T05:11:36Z</time>
   </trkpt>
   <trkpt lat="25.0266210" lon="121.4297240">
    <ele>14.7</ele>
    <time>2025-08-10T05:11:37Z</time>
   </trkpt>
   <trkpt lat="25.0266210" lon="121.4297230">
    <ele>14.7</ele>
    <time>2025-08-10T05:11:38Z</time>
   </trkpt>
   <trkpt lat="25.0266170" lon="121.4297110">
    <ele>14.7</ele>
    <time>2025-08-10T05:11:39Z</time>
   </trkpt>
   <trkpt lat="25.0266150" lon="121.4297050">
    <ele>14.7</ele>
    <time>2025-08-10T05:11:40Z</time>
   </trkpt>
   <trkpt lat="25.0266140" lon="121.4297020">
    <ele>14.7</ele>
    <time>2025-08-10T05:11:41Z</time>
   </trkpt>
   <trkpt lat="25.0266130" lon="121.4297000">
    <ele>14.7</ele>
    <time>2025-08-10T05:11:42Z</time>
   </trkpt>
   <trkpt lat="25.0266130" lon="121.4297000">
    <ele>14.7</ele>
    <time>2025-08-10T05:11:43Z</time>
   </trkpt>
   <trkpt lat="25.0266290" lon="121.4297050">
    <ele>14.7</ele>
    <time>2025-08-10T05:11:44Z</time>
   </trkpt>
   <trkpt lat="25.0266380" lon="121.4297080">
    <ele>14.7</ele>
    <time>2025-08-10T05:11:45Z</time>
   </trkpt>
   <trkpt lat="25.0266420" lon="121.4297100">
    <ele>14.7</ele>
    <time>2025-08-10T05:11:46Z</time>
   </trkpt>
   <trkpt lat="25.0266430" lon="121.4297110">
    <ele>14.7</ele>
    <time>2025-08-10T05:11:47Z</time>
   </trkpt>
   <trkpt lat="25.0266430" lon="121.4297110">
    <ele>14.7</ele>
    <time>2025-08-10T05:11:48Z</time>
   </trkpt>
   <trkpt lat="25.0266330" lon="121.4297040">
    <ele>14.7</ele>
    <time>2025-08-10T05:11:49Z</time>
   </trkpt>
   <trkpt lat="25.0266310" lon="121.4297020">
    <ele>14.7</ele>
    <time>2025-08-10T05:11:50Z</time>
   </trkpt>
   <trkpt lat="25.0266310" lon="121.4297010">
    <ele>14.7</ele>
    <time>2025-08-10T05:11:51Z</time>
   </trkpt>
   <trkpt lat="25.0266330" lon="121.4297030">
    <ele>14.7</ele>
    <time>2025-08-10T05:11:52Z</time>
   </trkpt>
   <trkpt lat="25.0266360" lon="121.4297040">
    <ele>14.7</ele>
    <time>2025-08-10T05:11:53Z</time>
   </trkpt>
   <trkpt lat="25.0266330" lon="121.4297090">
    <ele>14.7</ele>
    <time>2025-08-10T05:11:54Z</time>
   </trkpt>
   <trkpt lat="25.0266320" lon="121.4297100">
    <ele>14.7</ele>
    <time>2025-08-10T05:11:55Z</time>
   </trkpt>
   <trkpt lat="25.0266320" lon="121.4297110">
    <ele>14.7</ele>
    <time>2025-08-10T05:11:56Z</time>
   </trkpt>
   <trkpt lat="25.0266320" lon="121.4297110">
    <ele>14.7</ele>
    <time>2025-08-10T05:11:57Z</time>
   </trkpt>
   <trkpt lat="25.0266320" lon="121.4297100">
    <ele>14.7</ele>
    <time>2025-08-10T05:11:58Z</time>
   </trkpt>
   <trkpt lat="25.0266280" lon="121.4297210">
    <ele>14.7</ele>
    <time>2025-08-10T05:11:59Z</time>
   </trkpt>
   <trkpt lat="25.0266270" lon="121.4297240">
    <ele>14.7</ele>
    <time>2025-08-10T05:12:00Z</time>
   </trkpt>
   <trkpt lat="25.0266270" lon="121.4297240">
    <ele>14.7</ele>
    <time>2025-08-10T05:12:01Z</time>
   </trkpt>
   <trkpt lat="25.0266310" lon="121.4297200">
    <ele>14.7</ele>
    <time>2025-08-10T05:12:02Z</time>
   </trkpt>
   <trkpt lat="25.0266320" lon="121.4297200">
    <ele>14.7</ele>
    <time>2025-08-10T05:12:03Z</time>
   </trkpt>
   <trkpt lat="25.0266370" lon="121.4297190">
    <ele>14.7</ele>
    <time>2025-08-10T05:12:04Z</time>
   </trkpt>
   <trkpt lat="25.0266410" lon="121.4297180">
    <ele>14.7</ele>
    <time>2025-08-10T05:12:05Z</time>
   </trkpt>
   <trkpt lat="25.0266280" lon="121.4297120">
    <ele>14.7</ele>
    <time>2025-08-10T05:12:06Z</time>
   </trkpt>
   <trkpt lat="25.0266270" lon="121.4297120">
    <ele>14.7</ele>
    <time>2025-08-10T05:12:07Z</time>
   </trkpt>
   <trkpt lat="25.0266270" lon="121.4297120">
    <ele>14.7</ele>
    <time>2025-08-10T05:12:08Z</time>
   </trkpt>
   <trkpt lat="25.0266270" lon="121.4297120">
    <ele>14.7</ele>
    <time>2025-08-10T05:12:10Z</time>
   </trkpt>
   <trkpt lat="25.0266300" lon="121.4297110">
    <ele>14.7</ele>
    <time>2025-08-10T05:12:11Z</time>
   </trkpt>
   <trkpt lat="25.0266290" lon="121.4297100">
    <ele>14.7</ele>
    <time>2025-08-10T05:12:12Z</time>
   </trkpt>
   <trkpt lat="25.0266280" lon="121.4297100">
    <ele>14.7</ele>
    <time>2025-08-10T05:12:13Z</time>
   </trkpt>
   <trkpt lat="25.0266280" lon="121.4297100">
    <ele>14.7</ele>
    <time>2025-08-10T05:12:14Z</time>
   </trkpt>
   <trkpt lat="25.0266370" lon="121.4297140">
    <ele>14.7</ele>
    <time>2025-08-10T05:12:15Z</time>
   </trkpt>
   <trkpt lat="25.0266380" lon="121.4297150">
    <ele>14.7</ele>
    <time>2025-08-10T05:12:16Z</time>
   </trkpt>
   <trkpt lat="25.0266390" lon="121.4297140">
    <ele>14.7</ele>
    <time>2025-08-10T05:12:17Z</time>
   </trkpt>
   <trkpt lat="25.0266390" lon="121.4297150">
    <ele>14.7</ele>
    <time>2025-08-10T05:12:18Z</time>
   </trkpt>
   <trkpt lat="25.0266390" lon="121.4297140">
    <ele>14.7</ele>
    <time>2025-08-10T05:12:19Z</time>
   </trkpt>
   <trkpt lat="25.0266430" lon="121.4297130">
    <ele>14.7</ele>
    <time>2025-08-10T05:12:20Z</time>
   </trkpt>
   <trkpt lat="25.0266430" lon="121.4297130">
    <ele>14.7</ele>
    <time>2025-08-10T05:12:21Z</time>
   </trkpt>
   <trkpt lat="25.0266420" lon="121.4297130">
    <ele>14.7</ele>
    <time>2025-08-10T05:12:22Z</time>
   </trkpt>
   <trkpt lat="25.0266420" lon="121.4297120">
    <ele>14.7</ele>
    <time>2025-08-10T05:12:23Z</time>
   </trkpt>
   <trkpt lat="25.0266410" lon="121.4297120">
    <ele>14.7</ele>
    <time>2025-08-10T05:12:24Z</time>
   </trkpt>
   <trkpt lat="25.0266430" lon="121.4297160">
    <ele>14.7</ele>
    <time>2025-08-10T05:12:25Z</time>
   </trkpt>
   <trkpt lat="25.0266450" lon="121.4297170">
    <ele>14.7</ele>
    <time>2025-08-10T05:12:26Z</time>
   </trkpt>
   <trkpt lat="25.0266530" lon="121.4297070">
    <ele>14.7</ele>
    <time>2025-08-10T05:12:28Z</time>
   </trkpt>
   <trkpt lat="25.0266600" lon="121.4296990">
    <ele>14.7</ele>
    <time>2025-08-10T05:12:29Z</time>
   </trkpt>
   <trkpt lat="25.0266680" lon="121.4296900">
    <ele>14.7</ele>
    <time>2025-08-10T05:12:30Z</time>
   </trkpt>
   <trkpt lat="25.0266750" lon="121.4296820">
    <ele>14.7</ele>
    <time>2025-08-10T05:12:31Z</time>
   </trkpt>
   <trkpt lat="25.0266830" lon="121.4296730">
    <ele>14.7</ele>
    <time>2025-08-10T05:12:32Z</time>
   </trkpt>
   <trkpt lat="25.0266920" lon="121.4296620">
    <ele>14.7</ele>
    <time>2025-08-10T05:12:33Z</time>
   </trkpt>
   <trkpt lat="25.0266960" lon="121.4296570">
    <ele>14.7</ele>
    <time>2025-08-10T05:12:34Z</time>
   </trkpt>
   <trkpt lat="25.0266980" lon="121.4296540">
    <ele>14.7</ele>
    <time>2025-08-10T05:12:35Z</time>
   </trkpt>
   <trkpt lat="25.0267000" lon="121.4296530">
    <ele>14.7</ele>
    <time>2025-08-10T05:12:36Z</time>
   </trkpt>
   <trkpt lat="25.0267000" lon="121.4296520">
    <ele>14.7</ele>
    <time>2025-08-10T05:12:37Z</time>
   </trkpt>
   <trkpt lat="25.0267010" lon="121.4296520">
    <ele>14.7</ele>
    <time>2025-08-10T05:12:38Z</time>
   </trkpt>
   <trkpt lat="25.0267010" lon="121.4296520">
    <ele>14.7</ele>
    <time>2025-08-10T05:12:39Z</time>
   </trkpt>
   <trkpt lat="25.0267010" lon="121.4296520">
    <ele>14.7</ele>
    <time>2025-08-10T05:12:40Z</time>
   </trkpt>
   <trkpt lat="25.0267010" lon="121.4296520">
    <ele>14.7</ele>
    <time>2025-08-10T05:12:41Z</time>
   </trkpt>
   <trkpt lat="25.0267000" lon="121.4296520">
    <ele>14.7</ele>
    <time>2025-08-10T05:12:42Z</time>
   </trkpt>
   <trkpt lat="25.0267000" lon="121.4296520">
    <ele>14.7</ele>
    <time>2025-08-10T05:12:43Z</time>
   </trkpt>
   <trkpt lat="25.0267000" lon="121.4296520">
    <ele>14.7</ele>
    <time>2025-08-10T05:12:44Z</time>
   </trkpt>
   <trkpt lat="25.0266990" lon="121.4296510">
    <ele>14.7</ele>
    <time>2025-08-10T05:12:45Z</time>
   </trkpt>
   <trkpt lat="25.0266920" lon="121.4296530">
    <ele>14.7</ele>
    <time>2025-08-10T05:12:46Z</time>
   </trkpt>
   <trkpt lat="25.0266850" lon="121.4296540">
    <ele>14.7</ele>
    <time>2025-08-10T05:12:47Z</time>
   </trkpt>
   <trkpt lat="25.0266810" lon="121.4296540">
    <ele>14.7</ele>
    <time>2025-08-10T05:12:48Z</time>
   </trkpt>
   <trkpt lat="25.0266790" lon="121.4296540">
    <ele>14.7</ele>
    <time>2025-08-10T05:12:49Z</time>
   </trkpt>
   <trkpt lat="25.0266780" lon="121.4296550">
    <ele>14.7</ele>
    <time>2025-08-10T05:12:50Z</time>
   </trkpt>
   <trkpt lat="25.0266770" lon="121.4296550">
    <ele>14.7</ele>
    <time>2025-08-10T05:12:51Z</time>
   </trkpt>
   <trkpt lat="25.0266770" lon="121.4296540">
    <ele>14.7</ele>
    <time>2025-08-10T05:12:52Z</time>
   </trkpt>
   <trkpt lat="25.0266770" lon="121.4296540">
    <ele>14.7</ele>
    <time>2025-08-10T05:12:53Z</time>
   </trkpt>
   <trkpt lat="25.0266770" lon="121.4296540">
    <ele>14.7</ele>
    <time>2025-08-10T05:12:54Z</time>
   </trkpt>
   <trkpt lat="25.0266770" lon="121.4296540">
    <ele>14.7</ele>
    <time>2025-08-10T05:12:55Z</time>
   </trkpt>
   <trkpt lat="25.0266770" lon="121.4296540">
    <ele>14.7</ele>
    <time>2025-08-10T05:12:56Z</time>
   </trkpt>
   <trkpt lat="25.0266770" lon="121.4296540">
    <ele>14.7</ele>
    <time>2025-08-10T05:12:57Z</time>
   </trkpt>
   <trkpt lat="25.0266770" lon="121.4296540">
    <ele>14.7</ele>
    <time>2025-08-10T05:12:58Z</time>
   </trkpt>
   <trkpt lat="25.0266770" lon="121.4296530">
    <ele>14.7</ele>
    <time>2025-08-10T05:12:59Z</time>
   </trkpt>
   <trkpt lat="25.0266770" lon="121.4296530">
    <ele>14.7</ele>
    <time>2025-08-10T05:13:00Z</time>
   </trkpt>
   <trkpt lat="25.0266770" lon="121.4296530">
    <ele>14.7</ele>
    <time>2025-08-10T05:13:01Z</time>
   </trkpt>
   <trkpt lat="25.0266760" lon="121.4296530">
    <ele>14.7</ele>
    <time>2025-08-10T05:13:02Z</time>
   </trkpt>
   <trkpt lat="25.0266750" lon="121.4296540">
    <ele>14.7</ele>
    <time>2025-08-10T05:13:03Z</time>
   </trkpt>
   <trkpt lat="25.0266730" lon="121.4296550">
    <ele>14.7</ele>
    <time>2025-08-10T05:13:04Z</time>
   </trkpt>
   <trkpt lat="25.0266720" lon="121.4296560">
    <ele>14.7</ele>
    <time>2025-08-10T05:13:05Z</time>
   </trkpt>
   <trkpt lat="25.0266710" lon="121.4296560">
    <ele>14.7</ele>
    <time>2025-08-10T05:13:06Z</time>
   </trkpt>
   <trkpt lat="25.0266710" lon="121.4296560">
    <ele>14.7</ele>
    <time>2025-08-10T05:13:07Z</time>
   </trkpt>
   <trkpt lat="25.0266710" lon="121.4296560">
    <ele>14.7</ele>
    <time>2025-08-10T05:13:08Z</time>
   </trkpt>
   <trkpt lat="25.0266710" lon="121.4296560">
    <ele>14.7</ele>
    <time>2025-08-10T05:13:09Z</time>
   </trkpt>
   <trkpt lat="25.0266710" lon="121.4296560">
    <ele>14.7</ele>
    <time>2025-08-10T05:13:10Z</time>
   </trkpt>
   <trkpt lat="25.0266710" lon="121.4296560">
    <ele>14.7</ele>
    <time>2025-08-10T05:13:11Z</time>
   </trkpt>
   <trkpt lat="25.0266710" lon="121.4296560">
    <ele>14.7</ele>
    <time>2025-08-10T05:13:12Z</time>
   </trkpt>
   <trkpt lat="25.0266710" lon="121.4296560">
    <ele>14.7</ele>
    <time>2025-08-10T05:13:13Z</time>
   </trkpt>
   <trkpt lat="25.0266710" lon="121.4296560">
    <ele>14.7</ele>
    <time>2025-08-10T05:13:14Z</time>
   </trkpt>
   <trkpt lat="25.0266700" lon="121.4296570">
    <ele>14.7</ele>
    <time>2025-08-10T05:13:15Z</time>
   </trkpt>
   <trkpt lat="25.0266690" lon="121.4296570">
    <ele>14.7</ele>
    <time>2025-08-10T05:13:16Z</time>
   </trkpt>
   <trkpt lat="25.0266690" lon="121.4296580">
    <ele>14.7</ele>
    <time>2025-08-10T05:13:17Z</time>
   </trkpt>
   <trkpt lat="25.0266700" lon="121.4296580">
    <ele>14.7</ele>
    <time>2025-08-10T05:13:18Z</time>
   </trkpt>
   <trkpt lat="25.0266710" lon="121.4296680">
    <ele>14.7</ele>
    <time>2025-08-10T05:13:19Z</time>
   </trkpt>
   <trkpt lat="25.0266640" lon="121.4296800">
    <ele>14.7</ele>
    <time>2025-08-10T05:13:20Z</time>
   </trkpt>
   <trkpt lat="25.0266590" lon="121.4296820">
    <ele>14.7</ele>
    <time>2025-08-10T05:13:21Z</time>
   </trkpt>
   <trkpt lat="25.0266540" lon="121.4296820">
    <ele>14.7</ele>
    <time>2025-08-10T05:13:22Z</time>
   </trkpt>
   <trkpt lat="25.0266520" lon="121.4296820">
    <ele>14.7</ele>
    <time>2025-08-10T05:13:23Z</time>
   </trkpt>
   <trkpt lat="25.0266510" lon="121.4296820">
    <ele>14.7</ele>
    <time>2025-08-10T05:13:24Z</time>
   </trkpt>
   <trkpt lat="25.0266480" lon="121.4296780">
    <ele>14.7</ele>
    <time>2025-08-10T05:13:25Z</time>
   </trkpt>
   <trkpt lat="25.0266460" lon="121.4296750">
    <ele>14.7</ele>
    <time>2025-08-10T05:13:26Z</time>
   </trkpt>
   <trkpt lat="25.0266450" lon="121.4296730">
    <ele>14.7</ele>
    <time>2025-08-10T05:13:27Z</time>
   </trkpt>
   <trkpt lat="25.0266440" lon="121.4296720">
    <ele>14.7</ele>
    <time>2025-08-10T05:13:28Z</time>
   </trkpt>
   <trkpt lat="25.0266440" lon="121.4296710">
    <ele>14.7</ele>
    <time>2025-08-10T05:13:29Z</time>
   </trkpt>
   <trkpt lat="25.0266440" lon="121.4296700">
    <ele>14.7</ele>
    <time>2025-08-10T05:13:30Z</time>
   </trkpt>
   <trkpt lat="25.0266450" lon="121.4296690">
    <ele>14.7</ele>
    <time>2025-08-10T05:13:31Z</time>
   </trkpt>
   <trkpt lat="25.0266450" lon="121.4296690">
    <ele>14.7</ele>
    <time>2025-08-10T05:13:32Z</time>
   </trkpt>
   <trkpt lat="25.0266450" lon="121.4296690">
    <ele>14.7</ele>
    <time>2025-08-10T05:13:33Z</time>
   </trkpt>
   <trkpt lat="25.0266450" lon="121.4296690">
    <ele>14.7</ele>
    <time>2025-08-10T05:13:34Z</time>
   </trkpt>
   <trkpt lat="25.0266450" lon="121.4296690">
    <ele>14.7</ele>
    <time>2025-08-10T05:13:35Z</time>
   </trkpt>
   <trkpt lat="25.0266450" lon="121.4296690">
    <ele>14.7</ele>
    <time>2025-08-10T05:13:36Z</time>
   </trkpt>
   <trkpt lat="25.0266460" lon="121.4296690">
    <ele>14.7</ele>
    <time>2025-08-10T05:13:37Z</time>
   </trkpt>
   <trkpt lat="25.0266460" lon="121.4296690">
    <ele>14.7</ele>
    <time>2025-08-10T05:13:38Z</time>
   </trkpt>
   <trkpt lat="25.0266460" lon="121.4296690">
    <ele>14.7</ele>
    <time>2025-08-10T05:13:39Z</time>
   </trkpt>
   <trkpt lat="25.0266460" lon="121.4296690">
    <ele>14.7</ele>
    <time>2025-08-10T05:13:40Z</time>
   </trkpt>
   <trkpt lat="25.0266460" lon="121.4296690">
    <ele>14.7</ele>
    <time>2025-08-10T05:13:41Z</time>
   </trkpt>
   <trkpt lat="25.0266460" lon="121.4296690">
    <ele>14.7</ele>
    <time>2025-08-10T05:13:42Z</time>
   </trkpt>
   <trkpt lat="25.0266460" lon="121.4296690">
    <ele>14.7</ele>
    <time>2025-08-10T05:13:43Z</time>
   </trkpt>
   <trkpt lat="25.0266450" lon="121.4296680">
    <ele>14.7</ele>
    <time>2025-08-10T05:13:44Z</time>
   </trkpt>
   <trkpt lat="25.0266440" lon="121.4296680">
    <ele>14.7</ele>
    <time>2025-08-10T05:13:45Z</time>
   </trkpt>
   <trkpt lat="25.0266440" lon="121.4296670">
    <ele>14.7</ele>
    <time>2025-08-10T05:13:46Z</time>
   </trkpt>
   <trkpt lat="25.0266440" lon="121.4296670">
    <ele>14.7</ele>
    <time>2025-08-10T05:13:47Z</time>
   </trkpt>
   <trkpt lat="25.0266440" lon="121.4296670">
    <ele>14.7</ele>
    <time>2025-08-10T05:13:48Z</time>
   </trkpt>
   <trkpt lat="25.0266440" lon="121.4296670">
    <ele>14.7</ele>
    <time>2025-08-10T05:13:49Z</time>
   </trkpt>
   <trkpt lat="25.0266440" lon="121.4296670">
    <ele>14.7</ele>
    <time>2025-08-10T05:13:50Z</time>
   </trkpt>
   <trkpt lat="25.0266440" lon="121.4296670">
    <ele>14.7</ele>
    <time>2025-08-10T05:13:51Z</time>
   </trkpt>
   <trkpt lat="25.0266440" lon="121.4296670">
    <ele>14.7</ele>
    <time>2025-08-10T05:13:52Z</time>
   </trkpt>
   <trkpt lat="25.0266440" lon="121.4296670">
    <ele>14.7</ele>
    <time>2025-08-10T05:13:53Z</time>
   </trkpt>
   <trkpt lat="25.0266440" lon="121.4296670">
    <ele>14.7</ele>
    <time>2025-08-10T05:13:54Z</time>
   </trkpt>
   <trkpt lat="25.0266440" lon="121.4296670">
    <ele>14.7</ele>
    <time>2025-08-10T05:13:55Z</time>
   </trkpt>
   <trkpt lat="25.0266440" lon="121.4296670">
    <ele>14.7</ele>
    <time>2025-08-10T05:13:56Z</time>
   </trkpt>
   <trkpt lat="25.0266440" lon="121.4296670">
    <ele>14.7</ele>
    <time>2025-08-10T05:13:57Z</time>
   </trkpt>
   <trkpt lat="25.0266440" lon="121.4296670">
    <ele>14.7</ele>
    <time>2025-08-10T05:13:58Z</time>
   </trkpt>
   <trkpt lat="25.0266420" lon="121.4296680">
    <ele>14.7</ele>
    <time>2025-08-10T05:13:59Z</time>
   </trkpt>
   <trkpt lat="25.0266410" lon="121.4296680">
    <ele>14.7</ele>
    <time>2025-08-10T05:14:00Z</time>
   </trkpt>
   <trkpt lat="25.0266410" lon="121.4296690">
    <ele>14.7</ele>
    <time>2025-08-10T05:14:01Z</time>
   </trkpt>
   <trkpt lat="25.0266400" lon="121.4296690">
    <ele>14.7</ele>
    <time>2025-08-10T05:14:02Z</time>
   </trkpt>
   <trkpt lat="25.0266400" lon="121.4296690">
    <ele>14.7</ele>
    <time>2025-08-10T05:14:03Z</time>
   </trkpt>
   <trkpt lat="25.0266400" lon="121.4296690">
    <ele>14.7</ele>
    <time>2025-08-10T05:14:04Z</time>
   </trkpt>
   <trkpt lat="25.0266400" lon="121.4296690">
    <ele>14.7</ele>
    <time>2025-08-10T05:14:05Z</time>
   </trkpt>
   <trkpt lat="25.0266400" lon="121.4296690">
    <ele>14.7</ele>
    <time>2025-08-10T05:14:06Z</time>
   </trkpt>
   <trkpt lat="25.0266420" lon="121.4296660">
    <ele>14.7</ele>
    <time>2025-08-10T05:14:07Z</time>
   </trkpt>
   <trkpt lat="25.0266430" lon="121.4296630">
    <ele>14.7</ele>
    <time>2025-08-10T05:14:08Z</time>
   </trkpt>
   <trkpt lat="25.0266440" lon="121.4296610">
    <ele>14.7</ele>
    <time>2025-08-10T05:14:09Z</time>
   </trkpt>
   <trkpt lat="25.0266440" lon="121.4296600">
    <ele>14.7</ele>
    <time>2025-08-10T05:14:10Z</time>
   </trkpt>
   <trkpt lat="25.0266440" lon="121.4296590">
    <ele>14.7</ele>
    <time>2025-08-10T05:14:11Z</time>
   </trkpt>
   <trkpt lat="25.0266440" lon="121.4296590">
    <ele>14.7</ele>
    <time>2025-08-10T05:14:12Z</time>
   </trkpt>
   <trkpt lat="25.0266440" lon="121.4296590">
    <ele>14.7</ele>
    <time>2025-08-10T05:14:13Z</time>
   </trkpt>
   <trkpt lat="25.0266440" lon="121.4296590">
    <ele>14.7</ele>
    <time>2025-08-10T05:14:14Z</time>
   </trkpt>
   <trkpt lat="25.0266430" lon="121.4296590">
    <ele>14.7</ele>
    <time>2025-08-10T05:14:15Z</time>
   </trkpt>
   <trkpt lat="25.0266430" lon="121.4296600">
    <ele>14.7</ele>
    <time>2025-08-10T05:14:16Z</time>
   </trkpt>
   <trkpt lat="25.0266410" lon="121.4296610">
    <ele>14.7</ele>
    <time>2025-08-10T05:14:17Z</time>
   </trkpt>
   <trkpt lat="25.0266400" lon="121.4296610">
    <ele>14.7</ele>
    <time>2025-08-10T05:14:18Z</time>
   </trkpt>
   <trkpt lat="25.0266370" lon="121.4296620">
    <ele>14.7</ele>
    <time>2025-08-10T05:14:19Z</time>
   </trkpt>
   <trkpt lat="25.0266350" lon="121.4296600">
    <ele>14.7</ele>
    <time>2025-08-10T05:14:20Z</time>
   </trkpt>
   <trkpt lat="25.0266340" lon="121.4296580">
    <ele>14.7</ele>
    <time>2025-08-10T05:14:21Z</time>
   </trkpt>
   <trkpt lat="25.0266330" lon="121.4296570">
    <ele>14.7</ele>
    <time>2025-08-10T05:14:22Z</time>
   </trkpt>
   <trkpt lat="25.0266330" lon="121.4296560">
    <ele>14.7</ele>
    <time>2025-08-10T05:14:23Z</time>
   </trkpt>
   <trkpt lat="25.0266310" lon="121.4296540">
    <ele>14.7</ele>
    <time>2025-08-10T05:14:24Z</time>
   </trkpt>
   <trkpt lat="25.0266250" lon="121.4296500">
    <ele>14.7</ele>
    <time>2025-08-10T05:14:25Z</time>
   </trkpt>
   <trkpt lat="25.0266210" lon="121.4296470">
    <ele>14.7</ele>
    <time>2025-08-10T05:14:26Z</time>
   </trkpt>
   <trkpt lat="25.0266180" lon="121.4296460">
    <ele>14.7</ele>
    <time>2025-08-10T05:14:27Z</time>
   </trkpt>
   <trkpt lat="25.0266170" lon="121.4296450">
    <ele>14.7</ele>
    <time>2025-08-10T05:14:28Z</time>
   </trkpt>
   <trkpt lat="25.0266160" lon="121.4296450">
    <ele>14.7</ele>
    <time>2025-08-10T05:14:29Z</time>
   </trkpt>
   <trkpt lat="25.0266160" lon="121.4296450">
    <ele>14.7</ele>
    <time>2025-08-10T05:14:30Z</time>
   </trkpt>
   <trkpt lat="25.0266160" lon="121.4296450">
    <ele>14.7</ele>
    <time>2025-08-10T05:14:31Z</time>
   </trkpt>
   <trkpt lat="25.0266160" lon="121.4296450">
    <ele>14.7</ele>
    <time>2025-08-10T05:14:32Z</time>
   </trkpt>
   <trkpt lat="25.0266160" lon="121.4296450">
    <ele>14.7</ele>
    <time>2025-08-10T05:14:33Z</time>
   </trkpt>
   <trkpt lat="25.0266160" lon="121.4296460">
    <ele>14.7</ele>
    <time>2025-08-10T05:14:34Z</time>
   </trkpt>
   <trkpt lat="25.0266160" lon="121.4296460">
    <ele>14.7</ele>
    <time>2025-08-10T05:14:35Z</time>
   </trkpt>
   <trkpt lat="25.0266160" lon="121.4296460">
    <ele>14.7</ele>
    <time>2025-08-10T05:14:36Z</time>
   </trkpt>
   <trkpt lat="25.0266170" lon="121.4296460">
    <ele>14.7</ele>
    <time>2025-08-10T05:14:37Z</time>
   </trkpt>
   <trkpt lat="25.0266170" lon="121.4296460">
    <ele>14.7</ele>
    <time>2025-08-10T05:14:38Z</time>
   </trkpt>
   <trkpt lat="25.0266170" lon="121.4296460">
    <ele>14.7</ele>
    <time>2025-08-10T05:14:39Z</time>
   </trkpt>
   <trkpt lat="25.0266170" lon="121.4296460">
    <ele>14.7</ele>
    <time>2025-08-10T05:14:40Z</time>
   </trkpt>
   <trkpt lat="25.0266170" lon="121.4296460">
    <ele>14.7</ele>
    <time>2025-08-10T05:14:41Z</time>
   </trkpt>
   <trkpt lat="25.0266170" lon="121.4296460">
    <ele>14.7</ele>
    <time>2025-08-10T05:14:42Z</time>
   </trkpt>
   <trkpt lat="25.0266170" lon="121.4296490">
    <ele>14.7</ele>
    <time>2025-08-10T05:14:43Z</time>
   </trkpt>
   <trkpt lat="25.0266140" lon="121.4296520">
    <ele>14.7</ele>
    <time>2025-08-10T05:14:44Z</time>
   </trkpt>
   <trkpt lat="25.0266160" lon="121.4296510">
    <ele>14.7</ele>
    <time>2025-08-10T05:14:45Z</time>
   </trkpt>
   <trkpt lat="25.0266170" lon="121.4296520">
    <ele>14.7</ele>
    <time>2025-08-10T05:14:46Z</time>
   </trkpt>
   <trkpt lat="25.0266190" lon="121.4296530">
    <ele>14.7</ele>
    <time>2025-08-10T05:14:47Z</time>
   </trkpt>
   <trkpt lat="25.0266200" lon="121.4296530">
    <ele>14.7</ele>
    <time>2025-08-10T05:14:48Z</time>
   </trkpt>
   <trkpt lat="25.0266200" lon="121.4296530">
    <ele>14.7</ele>
    <time>2025-08-10T05:14:49Z</time>
   </trkpt>
   <trkpt lat="25.0266200" lon="121.4296530">
    <ele>14.7</ele>
    <time>2025-08-10T05:14:50Z</time>
   </trkpt>
   <trkpt lat="25.0266200" lon="121.4296540">
    <ele>14.7</ele>
    <time>2025-08-10T05:14:51Z</time>
   </trkpt>
   <trkpt lat="25.0266200" lon="121.4296540">
    <ele>14.7</ele>
    <time>2025-08-10T05:14:52Z</time>
   </trkpt>
   <trkpt lat="25.0266200" lon="121.4296540">
    <ele>14.7</ele>
    <time>2025-08-10T05:14:53Z</time>
   </trkpt>
   <trkpt lat="25.0266200" lon="121.4296540">
    <ele>14.7</ele>
    <time>2025-08-10T05:14:54Z</time>
   </trkpt>
   <trkpt lat="25.0266190" lon="121.4296540">
    <ele>14.7</ele>
    <time>2025-08-10T05:14:55Z</time>
   </trkpt>
   <trkpt lat="25.0266190" lon="121.4296540">
    <ele>14.7</ele>
    <time>2025-08-10T05:14:56Z</time>
   </trkpt>
   <trkpt lat="25.0266190" lon="121.4296550">
    <ele>14.7</ele>
    <time>2025-08-10T05:14:57Z</time>
   </trkpt>
   <trkpt lat="25.0266190" lon="121.4296550">
    <ele>14.7</ele>
    <time>2025-08-10T05:14:58Z</time>
   </trkpt>
   <trkpt lat="25.0266190" lon="121.4296550">
    <ele>14.7</ele>
    <time>2025-08-10T05:14:59Z</time>
   </trkpt>
   <trkpt lat="25.0266190" lon="121.4296550">
    <ele>14.7</ele>
    <time>2025-08-10T05:15:00Z</time>
   </trkpt>
   <trkpt lat="25.0266190" lon="121.4296550">
    <ele>14.7</ele>
    <time>2025-08-10T05:15:01Z</time>
   </trkpt>
   <trkpt lat="25.0266170" lon="121.4296560">
    <ele>14.7</ele>
    <time>2025-08-10T05:15:02Z</time>
   </trkpt>
   <trkpt lat="25.0266070" lon="121.4296570">
    <ele>14.7</ele>
    <time>2025-08-10T05:15:03Z</time>
   </trkpt>
   <trkpt lat="25.0265990" lon="121.4296590">
    <ele>14.7</ele>
    <time>2025-08-10T05:15:04Z</time>
   </trkpt>
   <trkpt lat="25.0265940" lon="121.4296590">
    <ele>14.7</ele>
    <time>2025-08-10T05:15:05Z</time>
   </trkpt>
   <trkpt lat="25.0265920" lon="121.4296600">
    <ele>14.7</ele>
    <time>2025-08-10T05:15:06Z</time>
   </trkpt>
   <trkpt lat="25.0265900" lon="121.4296600">
    <ele>14.7</ele>
    <time>2025-08-10T05:15:07Z</time>
   </trkpt>
   <trkpt lat="25.0265900" lon="121.4296600">
    <ele>14.7</ele>
    <time>2025-08-10T05:15:08Z</time>
   </trkpt>
   <trkpt lat="25.0265910" lon="121.4296600">
    <ele>14.7</ele>
    <time>2025-08-10T05:15:09Z</time>
   </trkpt>
   <trkpt lat="25.0265940" lon="121.4296570">
    <ele>14.7</ele>
    <time>2025-08-10T05:15:10Z</time>
   </trkpt>
   <trkpt lat="25.0265960" lon="121.4296550">
    <ele>14.7</ele>
    <time>2025-08-10T05:15:11Z</time>
   </trkpt>
   <trkpt lat="25.0265960" lon="121.4296540">
    <ele>14.7</ele>
    <time>2025-08-10T05:15:12Z</time>
   </trkpt>
   <trkpt lat="25.0265950" lon="121.4296500">
    <ele>14.7</ele>
    <time>2025-08-10T05:15:13Z</time>
   </trkpt>
   <trkpt lat="25.0265950" lon="121.4296480">
    <ele>14.7</ele>
    <time>2025-08-10T05:15:14Z</time>
   </trkpt>
   <trkpt lat="25.0265940" lon="121.4296460">
    <ele>14.7</ele>
    <time>2025-08-10T05:15:15Z</time>
   </trkpt>
   <trkpt lat="25.0265930" lon="121.4296450">
    <ele>14.7</ele>
    <time>2025-08-10T05:15:16Z</time>
   </trkpt>
   <trkpt lat="25.0265880" lon="121.4296410">
    <ele>14.7</ele>
    <time>2025-08-10T05:15:17Z</time>
   </trkpt>
   <trkpt lat="25.0265830" lon="121.4296360">
    <ele>14.7</ele>
    <time>2025-08-10T05:15:18Z</time>
   </trkpt>
   <trkpt lat="25.0265820" lon="121.4296310">
    <ele>14.7</ele>
    <time>2025-08-10T05:15:19Z</time>
   </trkpt>
   <trkpt lat="25.0265860" lon="121.4296290">
    <ele>14.7</ele>
    <time>2025-08-10T05:15:20Z</time>
   </trkpt>
   <trkpt lat="25.0265890" lon="121.4296280">
    <ele>14.7</ele>
    <time>2025-08-10T05:15:21Z</time>
   </trkpt>
   <trkpt lat="25.0265930" lon="121.4296260">
    <ele>14.7</ele>
    <time>2025-08-10T05:15:22Z</time>
   </trkpt>
   <trkpt lat="25.0265960" lon="121.4296240">
    <ele>14.7</ele>
    <time>2025-08-10T05:15:23Z</time>
   </trkpt>
   <trkpt lat="25.0266000" lon="121.4296220">
    <ele>14.7</ele>
    <time>2025-08-10T05:15:24Z</time>
   </trkpt>
   <trkpt lat="25.0266030" lon="121.4296200">
    <ele>14.7</ele>
    <time>2025-08-10T05:15:25Z</time>
   </trkpt>
   <trkpt lat="25.0266070" lon="121.4296180">
    <ele>14.7</ele>
    <time>2025-08-10T05:15:26Z</time>
   </trkpt>
   <trkpt lat="25.0266100" lon="121.4296170">
    <ele>14.7</ele>
    <time>2025-08-10T05:15:27Z</time>
   </trkpt>
   <trkpt lat="25.0266130" lon="121.4296150">
    <ele>14.7</ele>
    <time>2025-08-10T05:15:28Z</time>
   </trkpt>
   <trkpt lat="25.0266170" lon="121.4296130">
    <ele>14.7</ele>
    <time>2025-08-10T05:15:29Z</time>
   </trkpt>
   <trkpt lat="25.0266200" lon="121.4296110">
    <ele>14.7</ele>
    <time>2025-08-10T05:15:30Z</time>
   </trkpt>
   <trkpt lat="25.0266240" lon="121.4296090">
    <ele>14.7</ele>
    <time>2025-08-10T05:15:31Z</time>
   </trkpt>
   <trkpt lat="25.0266270" lon="121.4296070">
    <ele>14.7</ele>
    <time>2025-08-10T05:15:32Z</time>
   </trkpt>
   <trkpt lat="25.0266310" lon="121.4296060">
    <ele>14.7</ele>
    <time>2025-08-10T05:15:33Z</time>
   </trkpt>
   <trkpt lat="25.0266340" lon="121.4296040">
    <ele>14.7</ele>
    <time>2025-08-10T05:15:34Z</time>
   </trkpt>
   <trkpt lat="25.0266380" lon="121.4296020">
    <ele>14.7</ele>
    <time>2025-08-10T05:15:35Z</time>
   </trkpt>
   <trkpt lat="25.0266410" lon="121.4296000">
    <ele>14.7</ele>
    <time>2025-08-10T05:15:36Z</time>
   </trkpt>
   <trkpt lat="25.0266410" lon="121.4295970">
    <ele>14.7</ele>
    <time>2025-08-10T05:15:37Z</time>
   </trkpt>
   <trkpt lat="25.0266360" lon="121.4296040">
    <ele>14.7</ele>
    <time>2025-08-10T05:15:38Z</time>
   </trkpt>
   <trkpt lat="25.0266320" lon="121.4296100">
    <ele>14.7</ele>
    <time>2025-08-10T05:15:39Z</time>
   </trkpt>
   <trkpt lat="25.0266290" lon="121.4296150">
    <ele>14.7</ele>
    <time>2025-08-10T05:15:40Z</time>
   </trkpt>
   <trkpt lat="25.0266260" lon="121.4296180">
    <ele>14.7</ele>
    <time>2025-08-10T05:15:41Z</time>
   </trkpt>
   <trkpt lat="25.0266250" lon="121.4296200">
    <ele>14.7</ele>
    <time>2025-08-10T05:15:42Z</time>
   </trkpt>
   <trkpt lat="25.0266190" lon="121.4296210">
    <ele>14.7</ele>
    <time>2025-08-10T05:15:43Z</time>
   </trkpt>
   <trkpt lat="25.0266160" lon="121.4296190">
    <ele>14.7</ele>
    <time>2025-08-10T05:15:44Z</time>
   </trkpt>
   <trkpt lat="25.0266120" lon="121.4296140">
    <ele>14.7</ele>
    <time>2025-08-10T05:15:45Z</time>
   </trkpt>
   <trkpt lat="25.0266100" lon="121.4296060">
    <ele>14.7</ele>
    <time>2025-08-10T05:15:46Z</time>
   </trkpt>
   <trkpt lat="25.0266090" lon="121.4296000">
    <ele>14.7</ele>
    <time>2025-08-10T05:15:47Z</time>
   </trkpt>
   <trkpt lat="25.0266110" lon="121.4295860">
    <ele>14.7</ele>
    <time>2025-08-10T05:15:48Z</time>
   </trkpt>
   <trkpt lat="25.0266220" lon="121.4295580">
    <ele>14.7</ele>
    <time>2025-08-10T05:15:49Z</time>
   </trkpt>
   <trkpt lat="25.0266270" lon="121.4295490">
    <ele>14.7</ele>
    <time>2025-08-10T05:15:50Z</time>
   </trkpt>
   <trkpt lat="25.0266390" lon="121.4295420">
    <ele>14.7</ele>
    <time>2025-08-10T05:15:51Z</time>
   </trkpt>
   <trkpt lat="25.0266550" lon="121.4295400">
    <ele>14.7</ele>
    <time>2025-08-10T05:15:52Z</time>
   </trkpt>
   <trkpt lat="25.0266720" lon="121.4295400">
    <ele>14.7</ele>
    <time>2025-08-10T05:15:53Z</time>
   </trkpt>
   <trkpt lat="25.0266910" lon="121.4295400">
    <ele>14.7</ele>
    <time>2025-08-10T05:15:54Z</time>
   </trkpt>
   <trkpt lat="25.0267060" lon="121.4295450">
    <ele>14.7</ele>
    <time>2025-08-10T05:15:55Z</time>
   </trkpt>
   <trkpt lat="25.0267190" lon="121.4295510">
    <ele>14.7</ele>
    <time>2025-08-10T05:15:56Z</time>
   </trkpt>
   <trkpt lat="25.0267310" lon="121.4295580">
    <ele>14.7</ele>
    <time>2025-08-10T05:15:57Z</time>
   </trkpt>
   <trkpt lat="25.0267420" lon="121.4295600">
    <ele>14.6</ele>
    <time>2025-08-10T05:15:58Z</time>
   </trkpt>
   <trkpt lat="25.0267530" lon="121.4295600">
    <ele>14.6</ele>
    <time>2025-08-10T05:15:59Z</time>
   </trkpt>
   <trkpt lat="25.0267580" lon="121.4295570">
    <ele>14.6</ele>
    <time>2025-08-10T05:16:00Z</time>
   </trkpt>
   <trkpt lat="25.0267680" lon="121.4295520">
    <ele>14.6</ele>
    <time>2025-08-10T05:16:01Z</time>
   </trkpt>
   <trkpt lat="25.0267730" lon="121.4295550">
    <ele>14.6</ele>
    <time>2025-08-10T05:16:02Z</time>
   </trkpt>
   <trkpt lat="25.0267840" lon="121.4295500">
    <ele>14.6</ele>
    <time>2025-08-10T05:16:03Z</time>
   </trkpt>
   <trkpt lat="25.0268040" lon="121.4295430">
    <ele>14.6</ele>
    <time>2025-08-10T05:16:04Z</time>
   </trkpt>
   <trkpt lat="25.0268120" lon="121.4295400">
    <ele>14.6</ele>
    <time>2025-08-10T05:16:05Z</time>
   </trkpt>
   <trkpt lat="25.0268200" lon="121.4295380">
    <ele>14.6</ele>
    <time>2025-08-10T05:16:06Z</time>
   </trkpt>
   <trkpt lat="25.0268420" lon="121.4295410">
    <ele>14.6</ele>
    <time>2025-08-10T05:16:07Z</time>
   </trkpt>
   <trkpt lat="25.0268490" lon="121.4295370">
    <ele>14.6</ele>
    <time>2025-08-10T05:16:08Z</time>
   </trkpt>
   <trkpt lat="25.0268570" lon="121.4295330">
    <ele>14.5</ele>
    <time>2025-08-10T05:16:09Z</time>
   </trkpt>
   <trkpt lat="25.0268780" lon="121.4295220">
    <ele>14.5</ele>
    <time>2025-08-10T05:16:10Z</time>
   </trkpt>
   <trkpt lat="25.0268860" lon="121.4295170">
    <ele>14.5</ele>
    <time>2025-08-10T05:16:11Z</time>
   </trkpt>
   <trkpt lat="25.0268950" lon="121.4295130">
    <ele>14.5</ele>
    <time>2025-08-10T05:16:12Z</time>
   </trkpt>
   <trkpt lat="25.0269060" lon="121.4295080">
    <ele>14.5</ele>
    <time>2025-08-10T05:16:13Z</time>
   </trkpt>
   <trkpt lat="25.0269210" lon="121.4295020">
    <ele>14.5</ele>
    <time>2025-08-10T05:16:14Z</time>
   </trkpt>
   <trkpt lat="25.0269330" lon="121.4294970">
    <ele>14.5</ele>
    <time>2025-08-10T05:16:15Z</time>
   </trkpt>
   <trkpt lat="25.0269500" lon="121.4294850">
    <ele>14.5</ele>
    <time>2025-08-10T05:16:16Z</time>
   </trkpt>
   <trkpt lat="25.0269590" lon="121.4294800">
    <ele>14.5</ele>
    <time>2025-08-10T05:16:17Z</time>
   </trkpt>
   <trkpt lat="25.0269690" lon="121.4294740">
    <ele>14.5</ele>
    <time>2025-08-10T05:16:18Z</time>
   </trkpt>
   <trkpt lat="25.0269790" lon="121.4294680">
    <ele>14.5</ele>
    <time>2025-08-10T05:16:19Z</time>
   </trkpt>
   <trkpt lat="25.0269910" lon="121.4294630">
    <ele>14.5</ele>
    <time>2025-08-10T05:16:20Z</time>
   </trkpt>
   <trkpt lat="25.0270070" lon="121.4294650">
    <ele>14.5</ele>
    <time>2025-08-10T05:16:21Z</time>
   </trkpt>
   <trkpt lat="25.0270140" lon="121.4294730">
    <ele>14.5</ele>
    <time>2025-08-10T05:16:22Z</time>
   </trkpt>
   <trkpt lat="25.0270160" lon="121.4294840">
    <ele>14.5</ele>
    <time>2025-08-10T05:16:24Z</time>
   </trkpt>
   <trkpt lat="25.0270160" lon="121.4294920">
    <ele>14.5</ele>
    <time>2025-08-10T05:16:25Z</time>
   </trkpt>
   <trkpt lat="25.0270190" lon="121.4295010">
    <ele>14.5</ele>
    <time>2025-08-10T05:16:26Z</time>
   </trkpt>
   <trkpt lat="25.0270130" lon="121.4295220">
    <ele>14.5</ele>
    <time>2025-08-10T05:16:27Z</time>
   </trkpt>
   <trkpt lat="25.0270100" lon="121.4295320">
    <ele>14.5</ele>
    <time>2025-08-10T05:16:28Z</time>
   </trkpt>
   <trkpt lat="25.0270040" lon="121.4295350">
    <ele>14.5</ele>
    <time>2025-08-10T05:16:29Z</time>
   </trkpt>
   <trkpt lat="25.0270030" lon="121.4295330">
    <ele>14.5</ele>
    <time>2025-08-10T05:16:30Z</time>
   </trkpt>
   <trkpt lat="25.0270010" lon="121.4295310">
    <ele>14.5</ele>
    <time>2025-08-10T05:16:31Z</time>
   </trkpt>
   <trkpt lat="25.0270000" lon="121.4295290">
    <ele>14.5</ele>
    <time>2025-08-10T05:16:33Z</time>
   </trkpt>
   <trkpt lat="25.0269990" lon="121.4295270">
    <ele>14.5</ele>
    <time>2025-08-10T05:16:34Z</time>
   </trkpt>
   <trkpt lat="25.0269980" lon="121.4295250">
    <ele>14.5</ele>
    <time>2025-08-10T05:16:35Z</time>
   </trkpt>
   <trkpt lat="25.0269970" lon="121.4295230">
    <ele>14.5</ele>
    <time>2025-08-10T05:16:36Z</time>
   </trkpt>
   <trkpt lat="25.0269950" lon="121.4295210">
    <ele>14.5</ele>
    <time>2025-08-10T05:16:37Z</time>
   </trkpt>
   <trkpt lat="25.0269940" lon="121.4295190">
    <ele>14.5</ele>
    <time>2025-08-10T05:16:38Z</time>
   </trkpt>
   <trkpt lat="25.0269930" lon="121.4295170">
    <ele>14.5</ele>
    <time>2025-08-10T05:16:39Z</time>
   </trkpt>
   <trkpt lat="25.0269920" lon="121.4295160">
    <ele>14.5</ele>
    <time>2025-08-10T05:16:41Z</time>
   </trkpt>
   <trkpt lat="25.0269910" lon="121.4295140">
    <ele>14.5</ele>
    <time>2025-08-10T05:16:42Z</time>
   </trkpt>
   <trkpt lat="25.0269900" lon="121.4295120">
    <ele>14.5</ele>
    <time>2025-08-10T05:16:43Z</time>
   </trkpt>
   <trkpt lat="25.0269880" lon="121.4295100">
    <ele>14.5</ele>
    <time>2025-08-10T05:16:44Z</time>
   </trkpt>
   <trkpt lat="25.0269870" lon="121.4295080">
    <ele>14.5</ele>
    <time>2025-08-10T05:16:45Z</time>
   </trkpt>
   <trkpt lat="25.0269860" lon="121.4295060">
    <ele>14.5</ele>
    <time>2025-08-10T05:16:46Z</time>
   </trkpt>
   <trkpt lat="25.0269850" lon="121.4295040">
    <ele>14.5</ele>
    <time>2025-08-10T05:16:47Z</time>
   </trkpt>
   <trkpt lat="25.0269840" lon="121.4295020">
    <ele>14.5</ele>
    <time>2025-08-10T05:16:48Z</time>
   </trkpt>
   <trkpt lat="25.0269820" lon="121.4295000">
    <ele>14.5</ele>
    <time>2025-08-10T05:16:49Z</time>
   </trkpt>
   <trkpt lat="25.0269810" lon="121.4294980">
    <ele>14.5</ele>
    <time>2025-08-10T05:16:50Z</time>
   </trkpt>
   <trkpt lat="25.0269800" lon="121.4294960">
    <ele>14.5</ele>
    <time>2025-08-10T05:16:51Z</time>
   </trkpt>
   <trkpt lat="25.0269740" lon="121.4294630">
    <ele>14.5</ele>
    <time>2025-08-10T05:16:52Z</time>
   </trkpt>
   <trkpt lat="25.0269720" lon="121.4294560">
    <ele>14.5</ele>
    <time>2025-08-10T05:16:53Z</time>
   </trkpt>
   <trkpt lat="25.0269700" lon="121.4294470">
    <ele>14.5</ele>
    <time>2025-08-10T05:16:54Z</time>
   </trkpt>
   <trkpt lat="25.0269690" lon="121.4294420">
    <ele>14.5</ele>
    <time>2025-08-10T05:16:55Z</time>
   </trkpt>
   <trkpt lat="25.0269680" lon="121.4294400">
    <ele>14.5</ele>
    <time>2025-08-10T05:16:56Z</time>
   </trkpt>
   <trkpt lat="25.0269680" lon="121.4294390">
    <ele>14.5</ele>
    <time>2025-08-10T05:16:57Z</time>
   </trkpt>
   <trkpt lat="25.0269680" lon="121.4294380">
    <ele>14.5</ele>
    <time>2025-08-10T05:16:58Z</time>
   </trkpt>
   <trkpt lat="25.0269680" lon="121.4294390">
    <ele>14.5</ele>
    <time>2025-08-10T05:16:59Z</time>
   </trkpt>
   <trkpt lat="25.0269680" lon="121.4294390">
    <ele>14.5</ele>
    <time>2025-08-10T05:17:00Z</time>
   </trkpt>
   <trkpt lat="25.0269680" lon="121.4294390">
    <ele>14.5</ele>
    <time>2025-08-10T05:17:01Z</time>
   </trkpt>
   <trkpt lat="25.0269680" lon="121.4294390">
    <ele>14.5</ele>
    <time>2025-08-10T05:17:02Z</time>
   </trkpt>
   <trkpt lat="25.0269680" lon="121.4294390">
    <ele>14.5</ele>
    <time>2025-08-10T05:17:03Z</time>
   </trkpt>
   <trkpt lat="25.0269680" lon="121.4294390">
    <ele>14.5</ele>
    <time>2025-08-10T05:17:04Z</time>
   </trkpt>
   <trkpt lat="25.0269680" lon="121.4294390">
    <ele>14.5</ele>
    <time>2025-08-10T05:17:05Z</time>
   </trkpt>
   <trkpt lat="25.0269680" lon="121.4294390">
    <ele>14.5</ele>
    <time>2025-08-10T05:17:06Z</time>
   </trkpt>
   <trkpt lat="25.0269680" lon="121.4294390">
    <ele>14.5</ele>
    <time>2025-08-10T05:17:07Z</time>
   </trkpt>
   <trkpt lat="25.0269680" lon="121.4294390">
    <ele>14.5</ele>
    <time>2025-08-10T05:17:08Z</time>
   </trkpt>
   <trkpt lat="25.0269680" lon="121.4294390">
    <ele>14.5</ele>
    <time>2025-08-10T05:17:09Z</time>
   </trkpt>
   <trkpt lat="25.0269680" lon="121.4294390">
    <ele>14.5</ele>
    <time>2025-08-10T05:17:10Z</time>
   </trkpt>
   <trkpt lat="25.0269680" lon="121.4294390">
    <ele>14.5</ele>
    <time>2025-08-10T05:17:11Z</time>
   </trkpt>
   <trkpt lat="25.0269680" lon="121.4294390">
    <ele>14.5</ele>
    <time>2025-08-10T05:17:12Z</time>
   </trkpt>
   <trkpt lat="25.0269680" lon="121.4294390">
    <ele>14.5</ele>
    <time>2025-08-10T05:17:13Z</time>
   </trkpt>
   <trkpt lat="25.0269690" lon="121.4294390">
    <ele>14.5</ele>
    <time>2025-08-10T05:17:14Z</time>
   </trkpt>
   <trkpt lat="25.0269730" lon="121.4294380">
    <ele>14.5</ele>
    <time>2025-08-10T05:17:15Z</time>
   </trkpt>
   <trkpt lat="25.0269750" lon="121.4294370">
    <ele>14.5</ele>
    <time>2025-08-10T05:17:16Z</time>
   </trkpt>
   <trkpt lat="25.0269760" lon="121.4294350">
    <ele>14.5</ele>
    <time>2025-08-10T05:17:17Z</time>
   </trkpt>
   <trkpt lat="25.0269770" lon="121.4294310">
    <ele>14.5</ele>
    <time>2025-08-10T05:17:18Z</time>
   </trkpt>
   <trkpt lat="25.0269780" lon="121.4294280">
    <ele>14.5</ele>
    <time>2025-08-10T05:17:19Z</time>
   </trkpt>
   <trkpt lat="25.0269780" lon="121.4294270">
    <ele>14.5</ele>
    <time>2025-08-10T05:17:20Z</time>
   </trkpt>
   <trkpt lat="25.0269790" lon="121.4294300">
    <ele>14.5</ele>
    <time>2025-08-10T05:17:21Z</time>
   </trkpt>
   <trkpt lat="25.0269790" lon="121.4294320">
    <ele>14.5</ele>
    <time>2025-08-10T05:17:22Z</time>
   </trkpt>
   <trkpt lat="25.0269790" lon="121.4294350">
    <ele>14.5</ele>
    <time>2025-08-10T05:17:23Z</time>
   </trkpt>
   <trkpt lat="25.0269790" lon="121.4294370">
    <ele>14.5</ele>
    <time>2025-08-10T05:17:24Z</time>
   </trkpt>
   <trkpt lat="25.0269790" lon="121.4294400">
    <ele>14.5</ele>
    <time>2025-08-10T05:17:25Z</time>
   </trkpt>
   <trkpt lat="25.0269790" lon="121.4294420">
    <ele>14.5</ele>
    <time>2025-08-10T05:17:26Z</time>
   </trkpt>
   <trkpt lat="25.0269790" lon="121.4294450">
    <ele>14.5</ele>
    <time>2025-08-10T05:17:27Z</time>
   </trkpt>
   <trkpt lat="25.0269790" lon="121.4294470">
    <ele>14.5</ele>
    <time>2025-08-10T05:17:28Z</time>
   </trkpt>
   <trkpt lat="25.0269780" lon="121.4294500">
    <ele>14.5</ele>
    <time>2025-08-10T05:17:29Z</time>
   </trkpt>
   <trkpt lat="25.0269780" lon="121.4294520">
    <ele>14.5</ele>
    <time>2025-08-10T05:17:30Z</time>
   </trkpt>
   <trkpt lat="25.0269780" lon="121.4294550">
    <ele>14.5</ele>
    <time>2025-08-10T05:17:31Z</time>
   </trkpt>
   <trkpt lat="25.0269780" lon="121.4294570">
    <ele>14.5</ele>
    <time>2025-08-10T05:17:32Z</time>
   </trkpt>
   <trkpt lat="25.0269780" lon="121.4294600">
    <ele>14.5</ele>
    <time>2025-08-10T05:17:33Z</time>
   </trkpt>
   <trkpt lat="25.0269780" lon="121.4294620">
    <ele>14.5</ele>
    <time>2025-08-10T05:17:34Z</time>
   </trkpt>
   <trkpt lat="25.0269780" lon="121.4294650">
    <ele>14.5</ele>
    <time>2025-08-10T05:17:35Z</time>
   </trkpt>
   <trkpt lat="25.0269780" lon="121.4294670">
    <ele>14.5</ele>
    <time>2025-08-10T05:17:36Z</time>
   </trkpt>
   <trkpt lat="25.0269780" lon="121.4294700">
    <ele>14.5</ele>
    <time>2025-08-10T05:17:37Z</time>
   </trkpt>
   <trkpt lat="25.0269790" lon="121.4295020">
    <ele>14.5</ele>
    <time>2025-08-10T05:17:38Z</time>
   </trkpt>
   <trkpt lat="25.0269810" lon="121.4295200">
    <ele>14.5</ele>
    <time>2025-08-10T05:17:39Z</time>
   </trkpt>
   <trkpt lat="25.0269810" lon="121.4295300">
    <ele>14.5</ele>
    <time>2025-08-10T05:17:40Z</time>
   </trkpt>
   <trkpt lat="25.0269820" lon="121.4295350">
    <ele>14.5</ele>
    <time>2025-08-10T05:17:41Z</time>
   </trkpt>
   <trkpt lat="25.0269960" lon="121.4295360">
    <ele>14.5</ele>
    <time>2025-08-10T05:17:42Z</time>
   </trkpt>
   <trkpt lat="25.0270030" lon="121.4295360">
    <ele>14.5</ele>
    <time>2025-08-10T05:17:43Z</time>
   </trkpt>
   <trkpt lat="25.0270060" lon="121.4295360">
    <ele>14.5</ele>
    <time>2025-08-10T05:17:44Z</time>
   </trkpt>
   <trkpt lat="25.0270080" lon="121.4295350">
    <ele>14.5</ele>
    <time>2025-08-10T05:17:45Z</time>
   </trkpt>
   <trkpt lat="25.0270090" lon="121.4295350">
    <ele>14.5</ele>
    <time>2025-08-10T05:17:46Z</time>
   </trkpt>
   <trkpt lat="25.0269980" lon="121.4295380">
    <ele>14.5</ele>
    <time>2025-08-10T05:17:47Z</time>
   </trkpt>
   <trkpt lat="25.0269970" lon="121.4295330">
    <ele>14.5</ele>
    <time>2025-08-10T05:17:48Z</time>
   </trkpt>
   <trkpt lat="25.0269970" lon="121.4295290">
    <ele>14.5</ele>
    <time>2025-08-10T05:17:49Z</time>
   </trkpt>
   <trkpt lat="25.0269960" lon="121.4295240">
    <ele>14.5</ele>
    <time>2025-08-10T05:17:50Z</time>
   </trkpt>
   <trkpt lat="25.0269950" lon="121.4295190">
    <ele>14.5</ele>
    <time>2025-08-10T05:17:51Z</time>
   </trkpt>
   <trkpt lat="25.0269940" lon="121.4295140">
    <ele>14.5</ele>
    <time>2025-08-10T05:17:52Z</time>
   </trkpt>
   <trkpt lat="25.0269930" lon="121.4295100">
    <ele>14.5</ele>
    <time>2025-08-10T05:17:53Z</time>
   </trkpt>
   <trkpt lat="25.0269920" lon="121.4295050">
    <ele>14.5</ele>
    <time>2025-08-10T05:17:54Z</time>
   </trkpt>
   <trkpt lat="25.0269920" lon="121.4295000">
    <ele>14.5</ele>
    <time>2025-08-10T05:17:55Z</time>
   </trkpt>
   <trkpt lat="25.0269910" lon="121.4294950">
    <ele>14.5</ele>
    <time>2025-08-10T05:17:56Z</time>
   </trkpt>
   <trkpt lat="25.0269900" lon="121.4294900">
    <ele>14.5</ele>
    <time>2025-08-10T05:17:57Z</time>
   </trkpt>
   <trkpt lat="25.0269890" lon="121.4294860">
    <ele>14.5</ele>
    <time>2025-08-10T05:17:58Z</time>
   </trkpt>
   <trkpt lat="25.0269880" lon="121.4294810">
    <ele>14.5</ele>
    <time>2025-08-10T05:17:59Z</time>
   </trkpt>
   <trkpt lat="25.0269870" lon="121.4294760">
    <ele>14.5</ele>
    <time>2025-08-10T05:18:00Z</time>
   </trkpt>
   <trkpt lat="25.0269870" lon="121.4294710">
    <ele>14.5</ele>
    <time>2025-08-10T05:18:01Z</time>
   </trkpt>
   <trkpt lat="25.0269860" lon="121.4294670">
    <ele>14.5</ele>
    <time>2025-08-10T05:18:02Z</time>
   </trkpt>
   <trkpt lat="25.0269850" lon="121.4294620">
    <ele>14.5</ele>
    <time>2025-08-10T05:18:03Z</time>
   </trkpt>
   <trkpt lat="25.0269840" lon="121.4294570">
    <ele>14.5</ele>
    <time>2025-08-10T05:18:04Z</time>
   </trkpt>
   <trkpt lat="25.0269880" lon="121.4294910">
    <ele>14.5</ele>
    <time>2025-08-10T05:18:05Z</time>
   </trkpt>
   <trkpt lat="25.0269890" lon="121.4294990">
    <ele>14.5</ele>
    <time>2025-08-10T05:18:06Z</time>
   </trkpt>
   <trkpt lat="25.0269840" lon="121.4295080">
    <ele>14.5</ele>
    <time>2025-08-10T05:18:07Z</time>
   </trkpt>
   <trkpt lat="25.0269820" lon="121.4295130">
    <ele>14.5</ele>
    <time>2025-08-10T05:18:08Z</time>
   </trkpt>
   <trkpt lat="25.0269810" lon="121.4295160">
    <ele>14.5</ele>
    <time>2025-08-10T05:18:09Z</time>
   </trkpt>
   <trkpt lat="25.0269810" lon="121.4295180">
    <ele>14.5</ele>
    <time>2025-08-10T05:18:10Z</time>
   </trkpt>
   <trkpt lat="25.0269810" lon="121.4295190">
    <ele>14.5</ele>
    <time>2025-08-10T05:18:11Z</time>
   </trkpt>
   <trkpt lat="25.0269810" lon="121.4295200">
    <ele>14.5</ele>
    <time>2025-08-10T05:18:12Z</time>
   </trkpt>
   <trkpt lat="25.0269830" lon="121.4295310">
    <ele>14.5</ele>
    <time>2025-08-10T05:18:13Z</time>
   </trkpt>
   <trkpt lat="25.0269840" lon="121.4295360">
    <ele>14.5</ele>
    <time>2025-08-10T05:18:14Z</time>
   </trkpt>
   <trkpt lat="25.0269840" lon="121.4295380">
    <ele>14.5</ele>
    <time>2025-08-10T05:18:15Z</time>
   </trkpt>
   <trkpt lat="25.0269830" lon="121.4295360">
    <ele>14.5</ele>
    <time>2025-08-10T05:18:16Z</time>
   </trkpt>
   <trkpt lat="25.0269810" lon="121.4295350">
    <ele>14.5</ele>
    <time>2025-08-10T05:18:17Z</time>
   </trkpt>
   <trkpt lat="25.0269620" lon="121.4295190">
    <ele>14.5</ele>
    <time>2025-08-10T05:18:18Z</time>
   </trkpt>
   <trkpt lat="25.0269570" lon="121.4295130">
    <ele>14.5</ele>
    <time>2025-08-10T05:18:19Z</time>
   </trkpt>
   <trkpt lat="25.0269640" lon="121.4294880">
    <ele>14.5</ele>
    <time>2025-08-10T05:18:20Z</time>
   </trkpt>
   <trkpt lat="25.0269720" lon="121.4294630">
    <ele>14.5</ele>
    <time>2025-08-10T05:18:21Z</time>
   </trkpt>
   <trkpt lat="25.0269800" lon="121.4294720">
    <ele>14.5</ele>
    <time>2025-08-10T05:18:22Z</time>
   </trkpt>
   <trkpt lat="25.0269780" lon="121.4294930">
    <ele>14.5</ele>
    <time>2025-08-10T05:18:23Z</time>
   </trkpt>
   <trkpt lat="25.0269770" lon="121.4295140">
    <ele>14.5</ele>
    <time>2025-08-10T05:18:24Z</time>
   </trkpt>
   <trkpt lat="25.0269760" lon="121.4295160">
    <ele>14.5</ele>
    <time>2025-08-10T05:18:26Z</time>
   </trkpt>
   <trkpt lat="25.0269760" lon="121.4295150">
    <ele>14.5</ele>
    <time>2025-08-10T05:18:27Z</time>
   </trkpt>
   <trkpt lat="25.0269770" lon="121.4295140">
    <ele>14.5</ele>
    <time>2025-08-10T05:18:28Z</time>
   </trkpt>
   <trkpt lat="25.0269720" lon="121.4295340">
    <ele>14.5</ele>
    <time>2025-08-10T05:18:29Z</time>
   </trkpt>
   <trkpt lat="25.0269710" lon="121.4295380">
    <ele>14.5</ele>
    <time>2025-08-10T05:18:30Z</time>
   </trkpt>
   <trkpt lat="25.0269730" lon="121.4295320">
    <ele>14.5</ele>
    <time>2025-08-10T05:18:31Z</time>
   </trkpt>
   <trkpt lat="25.0269740" lon="121.4295220">
    <ele>14.5</ele>
    <time>2025-08-10T05:18:32Z</time>
   </trkpt>
   <trkpt lat="25.0269740" lon="121.4295190">
    <ele>14.5</ele>
    <time>2025-08-10T05:18:33Z</time>
   </trkpt>
   <trkpt lat="25.0269750" lon="121.4295220">
    <ele>14.5</ele>
    <time>2025-08-10T05:18:34Z</time>
   </trkpt>
   <trkpt lat="25.0269750" lon="121.4295210">
    <ele>14.5</ele>
    <time>2025-08-10T05:18:35Z</time>
   </trkpt>
   <trkpt lat="25.0269740" lon="121.4295210">
    <ele>14.5</ele>
    <time>2025-08-10T05:18:36Z</time>
   </trkpt>
   <trkpt lat="25.0269740" lon="121.4295200">
    <ele>14.5</ele>
    <time>2025-08-10T05:18:37Z</time>
   </trkpt>
   <trkpt lat="25.0269740" lon="121.4295200">
    <ele>14.5</ele>
    <time>2025-08-10T05:18:38Z</time>
   </trkpt>
   <trkpt lat="25.0269740" lon="121.4295240">
    <ele>14.5</ele>
    <time>2025-08-10T05:18:39Z</time>
   </trkpt>
   <trkpt lat="25.0269750" lon="121.4295240">
    <ele>14.5</ele>
    <time>2025-08-10T05:18:40Z</time>
   </trkpt>
   <trkpt lat="25.0269760" lon="121.4295240">
    <ele>14.5</ele>
    <time>2025-08-10T05:18:41Z</time>
   </trkpt>
   <trkpt lat="25.0269770" lon="121.4295250">
    <ele>14.5</ele>
    <time>2025-08-10T05:18:42Z</time>
   </trkpt>
   <trkpt lat="25.0269770" lon="121.4295260">
    <ele>14.5</ele>
    <time>2025-08-10T05:18:43Z</time>
   </trkpt>
   <trkpt lat="25.0269740" lon="121.4295300">
    <ele>14.5</ele>
    <time>2025-08-10T05:18:44Z</time>
   </trkpt>
   <trkpt lat="25.0269740" lon="121.4295310">
    <ele>14.5</ele>
    <time>2025-08-10T05:18:45Z</time>
   </trkpt>
   <trkpt lat="25.0269740" lon="121.4295320">
    <ele>14.5</ele>
    <time>2025-08-10T05:18:46Z</time>
   </trkpt>
   <trkpt lat="25.0269730" lon="121.4295330">
    <ele>14.5</ele>
    <time>2025-08-10T05:18:47Z</time>
   </trkpt>
   <trkpt lat="25.0269730" lon="121.4295340">
    <ele>14.5</ele>
    <time>2025-08-10T05:18:48Z</time>
   </trkpt>
   <trkpt lat="25.0269710" lon="121.4295380">
    <ele>14.5</ele>
    <time>2025-08-10T05:18:49Z</time>
   </trkpt>
   <trkpt lat="25.0269710" lon="121.4295390">
    <ele>14.5</ele>
    <time>2025-08-10T05:18:50Z</time>
   </trkpt>
   <trkpt lat="25.0269710" lon="121.4295390">
    <ele>14.5</ele>
    <time>2025-08-10T05:18:51Z</time>
   </trkpt>
   <trkpt lat="25.0269720" lon="121.4295400">
    <ele>14.5</ele>
    <time>2025-08-10T05:18:52Z</time>
   </trkpt>
   <trkpt lat="25.0269670" lon="121.4295350">
    <ele>14.5</ele>
    <time>2025-08-10T05:18:53Z</time>
   </trkpt>
   <trkpt lat="25.0269550" lon="121.4295300">
    <ele>14.5</ele>
    <time>2025-08-10T05:18:54Z</time>
   </trkpt>
   <trkpt lat="25.0269470" lon="121.4295260">
    <ele>14.5</ele>
    <time>2025-08-10T05:18:55Z</time>
   </trkpt>
   <trkpt lat="25.0269420" lon="121.4295240">
    <ele>14.5</ele>
    <time>2025-08-10T05:18:56Z</time>
   </trkpt>
   <trkpt lat="25.0269380" lon="121.4295220">
    <ele>14.5</ele>
    <time>2025-08-10T05:18:57Z</time>
   </trkpt>
   <trkpt lat="25.0269370" lon="121.4295210">
    <ele>14.5</ele>
    <time>2025-08-10T05:18:58Z</time>
   </trkpt>
   <trkpt lat="25.0269500" lon="121.4295270">
    <ele>14.5</ele>
    <time>2025-08-10T05:18:59Z</time>
   </trkpt>
   <trkpt lat="25.0269570" lon="121.4295300">
    <ele>14.5</ele>
    <time>2025-08-10T05:19:00Z</time>
   </trkpt>
   <trkpt lat="25.0269610" lon="121.4295320">
    <ele>14.5</ele>
    <time>2025-08-10T05:19:01Z</time>
   </trkpt>
   <trkpt lat="25.0269630" lon="121.4295330">
    <ele>14.5</ele>
    <time>2025-08-10T05:19:02Z</time>
   </trkpt>
   <trkpt lat="25.0269650" lon="121.4295340">
    <ele>14.5</ele>
    <time>2025-08-10T05:19:03Z</time>
   </trkpt>
   <trkpt lat="25.0269550" lon="121.4295280">
    <ele>14.5</ele>
    <time>2025-08-10T05:19:04Z</time>
   </trkpt>
   <trkpt lat="25.0269490" lon="121.4295250">
    <ele>14.5</ele>
    <time>2025-08-10T05:19:05Z</time>
   </trkpt>
   <trkpt lat="25.0269460" lon="121.4295230">
    <ele>14.5</ele>
    <time>2025-08-10T05:19:06Z</time>
   </trkpt>
   <trkpt lat="25.0269440" lon="121.4295220">
    <ele>14.5</ele>
    <time>2025-08-10T05:19:07Z</time>
   </trkpt>
   <trkpt lat="25.0269430" lon="121.4295210">
    <ele>14.5</ele>
    <time>2025-08-10T05:19:08Z</time>
   </trkpt>
   <trkpt lat="25.0269430" lon="121.4295200">
    <ele>14.5</ele>
    <time>2025-08-10T05:19:09Z</time>
   </trkpt>
   <trkpt lat="25.0269360" lon="121.4295280">
    <ele>14.5</ele>
    <time>2025-08-10T05:19:10Z</time>
   </trkpt>
   <trkpt lat="25.0269320" lon="121.4295320">
    <ele>14.5</ele>
    <time>2025-08-10T05:19:11Z</time>
   </trkpt>
   <trkpt lat="25.0269300" lon="121.4295340">
    <ele>14.5</ele>
    <time>2025-08-10T05:19:12Z</time>
   </trkpt>
   <trkpt lat="25.0269280" lon="121.4295360">
    <ele>14.5</ele>
    <time>2025-08-10T05:19:13Z</time>
   </trkpt>
   <trkpt lat="25.0269280" lon="121.4295360">
    <ele>14.5</ele>
    <time>2025-08-10T05:19:14Z</time>
   </trkpt>
   <trkpt lat="25.0269270" lon="121.4295380">
    <ele>14.5</ele>
    <time>2025-08-10T05:19:15Z</time>
   </trkpt>
   <trkpt lat="25.0269260" lon="121.4295390">
    <ele>14.5</ele>
    <time>2025-08-10T05:19:16Z</time>
   </trkpt>
   <trkpt lat="25.0269250" lon="121.4295390">
    <ele>14.5</ele>
    <time>2025-08-10T05:19:17Z</time>
   </trkpt>
   <trkpt lat="25.0269250" lon="121.4295400">
    <ele>14.5</ele>
    <time>2025-08-10T05:19:18Z</time>
   </trkpt>
   <trkpt lat="25.0269250" lon="121.4295400">
    <ele>14.5</ele>
    <time>2025-08-10T05:19:19Z</time>
   </trkpt>
   <trkpt lat="25.0269510" lon="121.4295280">
    <ele>14.5</ele>
    <time>2025-08-10T05:19:20Z</time>
   </trkpt>
   <trkpt lat="25.0269620" lon="121.4295230">
    <ele>14.5</ele>
    <time>2025-08-10T05:19:21Z</time>
   </trkpt>
   <trkpt lat="25.0269680" lon="121.4295200">
    <ele>14.5</ele>
    <time>2025-08-10T05:19:22Z</time>
   </trkpt>
   <trkpt lat="25.0269700" lon="121.4295190">
    <ele>14.5</ele>
    <time>2025-08-10T05:19:23Z</time>
   </trkpt>
   <trkpt lat="25.0269720" lon="121.4295190">
    <ele>14.5</ele>
    <time>2025-08-10T05:19:24Z</time>
   </trkpt>
   <trkpt lat="25.0269680" lon="121.4295030">
    <ele>14.5</ele>
    <time>2025-08-10T05:19:25Z</time>
   </trkpt>
   <trkpt lat="25.0269640" lon="121.4294910">
    <ele>14.5</ele>
    <time>2025-08-10T05:19:26Z</time>
   </trkpt>
   <trkpt lat="25.0269620" lon="121.4294840">
    <ele>14.5</ele>
    <time>2025-08-10T05:19:27Z</time>
   </trkpt>
   <trkpt lat="25.0269600" lon="121.4294800">
    <ele>14.5</ele>
    <time>2025-08-10T05:19:28Z</time>
   </trkpt>
   <trkpt lat="25.0269590" lon="121.4294770">
    <ele>14.6</ele>
    <time>2025-08-10T05:19:29Z</time>
   </trkpt>
   <trkpt lat="25.0269540" lon="121.4295110">
    <ele>14.6</ele>
    <time>2025-08-10T05:19:30Z</time>
   </trkpt>
   <trkpt lat="25.0269510" lon="121.4295280">
    <ele>14.6</ele>
    <time>2025-08-10T05:19:31Z</time>
   </trkpt>
   <trkpt lat="25.0269500" lon="121.4295370">
    <ele>14.6</ele>
    <time>2025-08-10T05:19:32Z</time>
   </trkpt>
   <trkpt lat="25.0269500" lon="121.4295430">
    <ele>14.6</ele>
    <time>2025-08-10T05:19:33Z</time>
   </trkpt>
   <trkpt lat="25.0269490" lon="121.4295450">
    <ele>14.6</ele>
    <time>2025-08-10T05:19:34Z</time>
   </trkpt>
   <trkpt lat="25.0269620" lon="121.4295390">
    <ele>14.6</ele>
    <time>2025-08-10T05:19:35Z</time>
   </trkpt>
   <trkpt lat="25.0269690" lon="121.4295350">
    <ele>14.6</ele>
    <time>2025-08-10T05:19:36Z</time>
   </trkpt>
   <trkpt lat="25.0269730" lon="121.4295320">
    <ele>14.6</ele>
    <time>2025-08-10T05:19:37Z</time>
   </trkpt>
   <trkpt lat="25.0269740" lon="121.4295310">
    <ele>14.6</ele>
    <time>2025-08-10T05:19:38Z</time>
   </trkpt>
   <trkpt lat="25.0269750" lon="121.4295300">
    <ele>14.6</ele>
    <time>2025-08-10T05:19:39Z</time>
   </trkpt>
   <trkpt lat="25.0269740" lon="121.4295380">
    <ele>14.6</ele>
    <time>2025-08-10T05:19:40Z</time>
   </trkpt>
   <trkpt lat="25.0269730" lon="121.4295420">
    <ele>14.6</ele>
    <time>2025-08-10T05:19:41Z</time>
   </trkpt>
   <trkpt lat="25.0269730" lon="121.4295440">
    <ele>14.6</ele>
    <time>2025-08-10T05:19:42Z</time>
   </trkpt>
   <trkpt lat="25.0269730" lon="121.4295450">
    <ele>14.6</ele>
    <time>2025-08-10T05:19:43Z</time>
   </trkpt>
   <trkpt lat="25.0269720" lon="121.4295460">
    <ele>14.6</ele>
    <time>2025-08-10T05:19:44Z</time>
   </trkpt>
   <trkpt lat="25.0269550" lon="121.4295430">
    <ele>14.6</ele>
    <time>2025-08-10T05:19:45Z</time>
   </trkpt>
   <trkpt lat="25.0269450" lon="121.4295400">
    <ele>14.6</ele>
    <time>2025-08-10T05:19:46Z</time>
   </trkpt>
   <trkpt lat="25.0269380" lon="121.4295390">
    <ele>14.6</ele>
    <time>2025-08-10T05:19:47Z</time>
   </trkpt>
   <trkpt lat="25.0269350" lon="121.4295380">
    <ele>14.6</ele>
    <time>2025-08-10T05:19:48Z</time>
   </trkpt>
   <trkpt lat="25.0269330" lon="121.4295380">
    <ele>14.6</ele>
    <time>2025-08-10T05:19:49Z</time>
   </trkpt>
   <trkpt lat="25.0269480" lon="121.4295430">
    <ele>14.6</ele>
    <time>2025-08-10T05:19:50Z</time>
   </trkpt>
   <trkpt lat="25.0269570" lon="121.4295460">
    <ele>14.6</ele>
    <time>2025-08-10T05:19:51Z</time>
   </trkpt>
   <trkpt lat="25.0269620" lon="121.4295470">
    <ele>14.6</ele>
    <time>2025-08-10T05:19:52Z</time>
   </trkpt>
   <trkpt lat="25.0269650" lon="121.4295490">
    <ele>14.6</ele>
    <time>2025-08-10T05:19:53Z</time>
   </trkpt>
   <trkpt lat="25.0269670" lon="121.4295500">
    <ele>14.6</ele>
    <time>2025-08-10T05:19:54Z</time>
   </trkpt>
   <trkpt lat="25.0269810" lon="121.4295320">
    <ele>14.6</ele>
    <time>2025-08-10T05:19:55Z</time>
   </trkpt>
   <trkpt lat="25.0269870" lon="121.4295240">
    <ele>14.6</ele>
    <time>2025-08-10T05:19:56Z</time>
   </trkpt>
   <trkpt lat="25.0269900" lon="121.4295200">
    <ele>14.6</ele>
    <time>2025-08-10T05:19:57Z</time>
   </trkpt>
   <trkpt lat="25.0269910" lon="121.4295170">
    <ele>14.6</ele>
    <time>2025-08-10T05:19:58Z</time>
   </trkpt>
   <trkpt lat="25.0269930" lon="121.4295160">
    <ele>14.6</ele>
    <time>2025-08-10T05:19:59Z</time>
   </trkpt>
   <trkpt lat="25.0269720" lon="121.4295190">
    <ele>14.6</ele>
    <time>2025-08-10T05:20:00Z</time>
   </trkpt>
   <trkpt lat="25.0269600" lon="121.4295210">
    <ele>14.6</ele>
    <time>2025-08-10T05:20:01Z</time>
   </trkpt>
   <trkpt lat="25.0269530" lon="121.4295230">
    <ele>14.6</ele>
    <time>2025-08-10T05:20:02Z</time>
   </trkpt>
   <trkpt lat="25.0269480" lon="121.4295180">
    <ele>14.6</ele>
    <time>2025-08-10T05:20:03Z</time>
   </trkpt>
   <trkpt lat="25.0269480" lon="121.4295140">
    <ele>14.6</ele>
    <time>2025-08-10T05:20:04Z</time>
   </trkpt>
   <trkpt lat="25.0269470" lon="121.4295090">
    <ele>14.6</ele>
    <time>2025-08-10T05:20:05Z</time>
   </trkpt>
   <trkpt lat="25.0269470" lon="121.4295040">
    <ele>14.6</ele>
    <time>2025-08-10T05:20:06Z</time>
   </trkpt>
   <trkpt lat="25.0269460" lon="121.4295000">
    <ele>14.6</ele>
    <time>2025-08-10T05:20:07Z</time>
   </trkpt>
   <trkpt lat="25.0269460" lon="121.4294950">
    <ele>14.6</ele>
    <time>2025-08-10T05:20:08Z</time>
   </trkpt>
   <trkpt lat="25.0269450" lon="121.4294900">
    <ele>14.6</ele>
    <time>2025-08-10T05:20:09Z</time>
   </trkpt>
   <trkpt lat="25.0269450" lon="121.4294860">
    <ele>14.6</ele>
    <time>2025-08-10T05:20:10Z</time>
   </trkpt>
   <trkpt lat="25.0269440" lon="121.4294810">
    <ele>14.6</ele>
    <time>2025-08-10T05:20:11Z</time>
   </trkpt>
   <trkpt lat="25.0269260" lon="121.4294540">
    <ele>14.6</ele>
    <time>2025-08-10T05:20:12Z</time>
   </trkpt>
   <trkpt lat="25.0269150" lon="121.4294380">
    <ele>14.6</ele>
    <time>2025-08-10T05:20:13Z</time>
   </trkpt>
   <trkpt lat="25.0269100" lon="121.4294300">
    <ele>14.6</ele>
    <time>2025-08-10T05:20:14Z</time>
   </trkpt>
   <trkpt lat="25.0269070" lon="121.4294250">
    <ele>14.6</ele>
    <time>2025-08-10T05:20:15Z</time>
   </trkpt>
   <trkpt lat="25.0269070" lon="121.4294240">
    <ele>14.6</ele>
    <time>2025-08-10T05:20:16Z</time>
   </trkpt>
   <trkpt lat="25.0269080" lon="121.4294260">
    <ele>14.6</ele>
    <time>2025-08-10T05:20:17Z</time>
   </trkpt>
   <trkpt lat="25.0269090" lon="121.4294280">
    <ele>14.6</ele>
    <time>2025-08-10T05:20:18Z</time>
   </trkpt>
   <trkpt lat="25.0269100" lon="121.4294300">
    <ele>14.6</ele>
    <time>2025-08-10T05:20:19Z</time>
   </trkpt>
   <trkpt lat="25.0269110" lon="121.4294330">
    <ele>14.6</ele>
    <time>2025-08-10T05:20:20Z</time>
   </trkpt>
   <trkpt lat="25.0269120" lon="121.4294350">
    <ele>14.6</ele>
    <time>2025-08-10T05:20:21Z</time>
   </trkpt>
   <trkpt lat="25.0269140" lon="121.4294370">
    <ele>14.6</ele>
    <time>2025-08-10T05:20:22Z</time>
   </trkpt>
   <trkpt lat="25.0269150" lon="121.4294390">
    <ele>14.6</ele>
    <time>2025-08-10T05:20:23Z</time>
   </trkpt>
   <trkpt lat="25.0269160" lon="121.4294410">
    <ele>14.6</ele>
    <time>2025-08-10T05:20:24Z</time>
   </trkpt>
   <trkpt lat="25.0269170" lon="121.4294430">
    <ele>14.6</ele>
    <time>2025-08-10T05:20:25Z</time>
   </trkpt>
   <trkpt lat="25.0269180" lon="121.4294450">
    <ele>14.6</ele>
    <time>2025-08-10T05:20:26Z</time>
   </trkpt>
   <trkpt lat="25.0269190" lon="121.4294470">
    <ele>14.6</ele>
    <time>2025-08-10T05:20:27Z</time>
   </trkpt>
   <trkpt lat="25.0269200" lon="121.4294500">
    <ele>14.6</ele>
    <time>2025-08-10T05:20:28Z</time>
   </trkpt>
   <trkpt lat="25.0269210" lon="121.4294520">
    <ele>14.6</ele>
    <time>2025-08-10T05:20:29Z</time>
   </trkpt>
   <trkpt lat="25.0269220" lon="121.4294540">
    <ele>14.6</ele>
    <time>2025-08-10T05:20:30Z</time>
   </trkpt>
   <trkpt lat="25.0269230" lon="121.4294560">
    <ele>14.6</ele>
    <time>2025-08-10T05:20:31Z</time>
   </trkpt>
   <trkpt lat="25.0269240" lon="121.4294580">
    <ele>14.6</ele>
    <time>2025-08-10T05:20:32Z</time>
   </trkpt>
   <trkpt lat="25.0269250" lon="121.4294600">
    <ele>14.6</ele>
    <time>2025-08-10T05:20:33Z</time>
   </trkpt>
   <trkpt lat="25.0269270" lon="121.4294620">
    <ele>14.6</ele>
    <time>2025-08-10T05:20:34Z</time>
   </trkpt>
   <trkpt lat="25.0269280" lon="121.4294640">
    <ele>14.6</ele>
    <time>2025-08-10T05:20:35Z</time>
   </trkpt>
   <trkpt lat="25.0269290" lon="121.4294670">
    <ele>14.6</ele>
    <time>2025-08-10T05:20:36Z</time>
   </trkpt>
   <trkpt lat="25.0269300" lon="121.4294690">
    <ele>14.6</ele>
    <time>2025-08-10T05:20:37Z</time>
   </trkpt>
   <trkpt lat="25.0269310" lon="121.4294710">
    <ele>14.6</ele>
    <time>2025-08-10T05:20:38Z</time>
   </trkpt>
   <trkpt lat="25.0269320" lon="121.4294730">
    <ele>14.6</ele>
    <time>2025-08-10T05:20:39Z</time>
   </trkpt>
   <trkpt lat="25.0269330" lon="121.4294750">
    <ele>14.6</ele>
    <time>2025-08-10T05:20:40Z</time>
   </trkpt>
   <trkpt lat="25.0269600" lon="121.4294950">
    <ele>14.6</ele>
    <time>2025-08-10T05:20:41Z</time>
   </trkpt>
   <trkpt lat="25.0269730" lon="121.4295040">
    <ele>14.6</ele>
    <time>2025-08-10T05:20:42Z</time>
   </trkpt>
   <trkpt lat="25.0269690" lon="121.4295010">
    <ele>14.6</ele>
    <time>2025-08-10T05:20:43Z</time>
   </trkpt>
   <trkpt lat="25.0269650" lon="121.4294970">
    <ele>14.6</ele>
    <time>2025-08-10T05:20:44Z</time>
   </trkpt>
   <trkpt lat="25.0269610" lon="121.4294940">
    <ele>14.6</ele>
    <time>2025-08-10T05:20:45Z</time>
   </trkpt>
   <trkpt lat="25.0269560" lon="121.4294900">
    <ele>14.6</ele>
    <time>2025-08-10T05:20:46Z</time>
   </trkpt>
   <trkpt lat="25.0269520" lon="121.4294870">
    <ele>14.6</ele>
    <time>2025-08-10T05:20:47Z</time>
   </trkpt>
   <trkpt lat="25.0269480" lon="121.4294830">
    <ele>14.6</ele>
    <time>2025-08-10T05:20:48Z</time>
   </trkpt>
   <trkpt lat="25.0269440" lon="121.4294800">
    <ele>14.6</ele>
    <time>2025-08-10T05:20:49Z</time>
   </trkpt>
   <trkpt lat="25.0269270" lon="121.4294780">
    <ele>14.6</ele>
    <time>2025-08-10T05:20:50Z</time>
   </trkpt>
   <trkpt lat="25.0269100" lon="121.4294820">
    <ele>14.6</ele>
    <time>2025-08-10T05:20:51Z</time>
   </trkpt>
   <trkpt lat="25.0268820" lon="121.4294970">
    <ele>14.6</ele>
    <time>2025-08-10T05:20:52Z</time>
   </trkpt>
   <trkpt lat="25.0268680" lon="121.4295080">
    <ele>14.6</ele>
    <time>2025-08-10T05:20:53Z</time>
   </trkpt>
   <trkpt lat="25.0268560" lon="121.4295150">
    <ele>14.6</ele>
    <time>2025-08-10T05:20:54Z</time>
   </trkpt>
   <trkpt lat="25.0268350" lon="121.4295220">
    <ele>14.6</ele>
    <time>2025-08-10T05:20:55Z</time>
   </trkpt>
   <trkpt lat="25.0268240" lon="121.4295230">
    <ele>14.6</ele>
    <time>2025-08-10T05:20:56Z</time>
   </trkpt>
   <trkpt lat="25.0268130" lon="121.4295250">
    <ele>14.6</ele>
    <time>2025-08-10T05:20:57Z</time>
   </trkpt>
   <trkpt lat="25.0267930" lon="121.4295210">
    <ele>14.6</ele>
    <time>2025-08-10T05:20:58Z</time>
   </trkpt>
   <trkpt lat="25.0267840" lon="121.4295190">
    <ele>14.6</ele>
    <time>2025-08-10T05:20:59Z</time>
   </trkpt>
   <trkpt lat="25.0267740" lon="121.4295160">
    <ele>14.6</ele>
    <time>2025-08-10T05:21:00Z</time>
   </trkpt>
   <trkpt lat="25.0267610" lon="121.4295110">
    <ele>14.9</ele>
    <time>2025-08-10T05:21:01Z</time>
   </trkpt>
   <trkpt lat="25.0267450" lon="121.4294930">
    <ele>15.2</ele>
    <time>2025-08-10T05:21:02Z</time>
   </trkpt>
   <trkpt lat="25.0267370" lon="121.4294900">
    <ele>15.4</ele>
    <time>2025-08-10T05:21:03Z</time>
   </trkpt>
   <trkpt lat="25.0267250" lon="121.4294870">
    <ele>15.6</ele>
    <time>2025-08-10T05:21:04Z</time>
   </trkpt>
   <trkpt lat="25.0267140" lon="121.4294840">
    <ele>15.8</ele>
    <time>2025-08-10T05:21:05Z</time>
   </trkpt>
   <trkpt lat="25.0267010" lon="121.4294810">
    <ele>16.0</ele>
    <time>2025-08-10T05:21:06Z</time>
   </trkpt>
   <trkpt lat="25.0266860" lon="121.4294700">
    <ele>16.3</ele>
    <time>2025-08-10T05:21:07Z</time>
   </trkpt>
   <trkpt lat="25.0266810" lon="121.4294620">
    <ele>16.5</ele>
    <time>2025-08-10T05:21:08Z</time>
   </trkpt>
   <trkpt lat="25.0266760" lon="121.4294520">
    <ele>16.7</ele>
    <time>2025-08-10T05:21:09Z</time>
   </trkpt>
   <trkpt lat="25.0266700" lon="121.4294420">
    <ele>16.9</ele>
    <time>2025-08-10T05:21:10Z</time>
   </trkpt>
   <trkpt lat="25.0266720" lon="121.4294170">
    <ele>17.2</ele>
    <time>2025-08-10T05:21:11Z</time>
   </trkpt>
   <trkpt lat="25.0266790" lon="121.4294000">
    <ele>17.5</ele>
    <time>2025-08-10T05:21:12Z</time>
   </trkpt>
   <trkpt lat="25.0266800" lon="121.4293890">
    <ele>17.7</ele>
    <time>2025-08-10T05:21:13Z</time>
   </trkpt>
   <trkpt lat="25.0266750" lon="121.4293780">
    <ele>17.9</ele>
    <time>2025-08-10T05:21:14Z</time>
   </trkpt>
   <trkpt lat="25.0266700" lon="121.4293690">
    <ele>18.1</ele>
    <time>2025-08-10T05:21:15Z</time>
   </trkpt>
   <trkpt lat="25.0266650" lon="121.4293590">
    <ele>18.2</ele>
    <time>2025-08-10T05:21:16Z</time>
   </trkpt>
   <trkpt lat="25.0266670" lon="121.4293590">
    <ele>18.3</ele>
    <time>2025-08-10T05:21:17Z</time>
   </trkpt>
   <trkpt lat="25.0266670" lon="121.4293550">
    <ele>18.3</ele>
    <time>2025-08-10T05:21:18Z</time>
   </trkpt>
   <trkpt lat="25.0266640" lon="121.4293450">
    <ele>18.5</ele>
    <time>2025-08-10T05:21:19Z</time>
   </trkpt>
   <trkpt lat="25.0266590" lon="121.4293340">
    <ele>18.7</ele>
    <time>2025-08-10T05:21:20Z</time>
   </trkpt>
   <trkpt lat="25.0266540" lon="121.4293240">
    <ele>18.9</ele>
    <time>2025-08-10T05:21:21Z</time>
   </trkpt>
   <trkpt lat="25.0266550" lon="121.4293160">
    <ele>19.0</ele>
    <time>2025-08-10T05:21:22Z</time>
   </trkpt>
   <trkpt lat="25.0266530" lon="121.4293090">
    <ele>19.1</ele>
    <time>2025-08-10T05:21:23Z</time>
   </trkpt>
   <trkpt lat="25.0266490" lon="121.4292980">
    <ele>19.3</ele>
    <time>2025-08-10T05:21:24Z</time>
   </trkpt>
   <trkpt lat="25.0266470" lon="121.4292740">
    <ele>19.7</ele>
    <time>2025-08-10T05:21:25Z</time>
   </trkpt>
   <trkpt lat="25.0266490" lon="121.4292650">
    <ele>19.8</ele>
    <time>2025-08-10T05:21:26Z</time>
   </trkpt>
   <trkpt lat="25.0266500" lon="121.4292550">
    <ele>20.0</ele>
    <time>2025-08-10T05:21:27Z</time>
   </trkpt>
   <trkpt lat="25.0266450" lon="121.4292440">
    <ele>20.2</ele>
    <time>2025-08-10T05:21:28Z</time>
   </trkpt>
   <trkpt lat="25.0266400" lon="121.4292360">
    <ele>20.3</ele>
    <time>2025-08-10T05:21:29Z</time>
   </trkpt>
   <trkpt lat="25.0266350" lon="121.4292290">
    <ele>20.5</ele>
    <time>2025-08-10T05:21:30Z</time>
   </trkpt>
   <trkpt lat="25.0266300" lon="121.4292210">
    <ele>20.7</ele>
    <time>2025-08-10T05:21:31Z</time>
   </trkpt>
   <trkpt lat="25.0266560" lon="121.4292200">
    <ele>21.1</ele>
    <time>2025-08-10T05:21:32Z</time>
   </trkpt>
   <trkpt lat="25.0266610" lon="121.4292120">
    <ele>21.3</ele>
    <time>2025-08-10T05:21:33Z</time>
   </trkpt>
   <trkpt lat="25.0266610" lon="121.4291990">
    <ele>21.5</ele>
    <time>2025-08-10T05:21:34Z</time>
   </trkpt>
   <trkpt lat="25.0266610" lon="121.4291860">
    <ele>21.7</ele>
    <time>2025-08-10T05:21:35Z</time>
   </trkpt>
   <trkpt lat="25.0266610" lon="121.4291720">
    <ele>21.9</ele>
    <time>2025-08-10T05:21:36Z</time>
   </trkpt>
   <trkpt lat="25.0266610" lon="121.4291570">
    <ele>21.9</ele>
    <time>2025-08-10T05:21:37Z</time>
   </trkpt>
   <trkpt lat="25.0266840" lon="121.4291590">
    <ele>21.6</ele>
    <time>2025-08-10T05:21:38Z</time>
   </trkpt>
   <trkpt lat="25.0266850" lon="121.4291460">
    <ele>21.5</ele>
    <time>2025-08-10T05:21:39Z</time>
   </trkpt>
   <trkpt lat="25.0266850" lon="121.4291320">
    <ele>21.3</ele>
    <time>2025-08-10T05:21:40Z</time>
   </trkpt>
   <trkpt lat="25.0266850" lon="121.4291180">
    <ele>21.1</ele>
    <time>2025-08-10T05:21:41Z</time>
   </trkpt>
   <trkpt lat="25.0266850" lon="121.4291060">
    <ele>21.0</ele>
    <time>2025-08-10T05:21:42Z</time>
   </trkpt>
   <trkpt lat="25.0267000" lon="121.4291050">
    <ele>20.8</ele>
    <time>2025-08-10T05:21:43Z</time>
   </trkpt>
   <trkpt lat="25.0267000" lon="121.4290930">
    <ele>20.7</ele>
    <time>2025-08-10T05:21:44Z</time>
   </trkpt>
   <trkpt lat="25.0266970" lon="121.4290780">
    <ele>20.5</ele>
    <time>2025-08-10T05:21:45Z</time>
   </trkpt>
   <trkpt lat="25.0266950" lon="121.4290640">
    <ele>20.3</ele>
    <time>2025-08-10T05:21:46Z</time>
   </trkpt>
   <trkpt lat="25.0266900" lon="121.4290420">
    <ele>20.1</ele>
    <time>2025-08-10T05:21:47Z</time>
   </trkpt>
   <trkpt lat="25.0266890" lon="121.4290330">
    <ele>20.0</ele>
    <time>2025-08-10T05:21:48Z</time>
   </trkpt>
   <trkpt lat="25.0266870" lon="121.4290200">
    <ele>19.8</ele>
    <time>2025-08-10T05:21:49Z</time>
   </trkpt>
   <trkpt lat="25.0266870" lon="121.4290060">
    <ele>19.6</ele>
    <time>2025-08-10T05:21:50Z</time>
   </trkpt>
   <trkpt lat="25.0266770" lon="121.4289820">
    <ele>19.3</ele>
    <time>2025-08-10T05:21:51Z</time>
   </trkpt>
   <trkpt lat="25.0266690" lon="121.4289710">
    <ele>19.2</ele>
    <time>2025-08-10T05:21:52Z</time>
   </trkpt>
   <trkpt lat="25.0266600" lon="121.4289610">
    <ele>19.0</ele>
    <time>2025-08-10T05:21:53Z</time>
   </trkpt>
   <trkpt lat="25.0266480" lon="121.4289460">
    <ele>18.8</ele>
    <time>2025-08-10T05:21:54Z</time>
   </trkpt>
   <trkpt lat="25.0266440" lon="121.4289320">
    <ele>18.6</ele>
    <time>2025-08-10T05:21:55Z</time>
   </trkpt>
   <trkpt lat="25.0266350" lon="121.4289100">
    <ele>18.4</ele>
    <time>2025-08-10T05:21:56Z</time>
   </trkpt>
   <trkpt lat="25.0266310" lon="121.4289010">
    <ele>18.3</ele>
    <time>2025-08-10T05:21:57Z</time>
   </trkpt>
   <trkpt lat="25.0266270" lon="121.4288930">
    <ele>18.2</ele>
    <time>2025-08-10T05:21:58Z</time>
   </trkpt>
   <trkpt lat="25.0266210" lon="121.4288720">
    <ele>17.9</ele>
    <time>2025-08-10T05:21:59Z</time>
   </trkpt>
   <trkpt lat="25.0266190" lon="121.4288630">
    <ele>17.8</ele>
    <time>2025-08-10T05:22:00Z</time>
   </trkpt>
   <trkpt lat="25.0266170" lon="121.4288530">
    <ele>17.7</ele>
    <time>2025-08-10T05:22:01Z</time>
   </trkpt>
   <trkpt lat="25.0266140" lon="121.4288380">
    <ele>17.5</ele>
    <time>2025-08-10T05:22:02Z</time>
   </trkpt>
   <trkpt lat="25.0266010" lon="121.4288260">
    <ele>17.3</ele>
    <time>2025-08-10T05:22:03Z</time>
   </trkpt>
   <trkpt lat="25.0265970" lon="121.4288150">
    <ele>17.2</ele>
    <time>2025-08-10T05:22:04Z</time>
   </trkpt>
   <trkpt lat="25.0265930" lon="121.4288020">
    <ele>17.1</ele>
    <time>2025-08-10T05:22:05Z</time>
   </trkpt>
   <trkpt lat="25.0265890" lon="121.4287890">
    <ele>16.9</ele>
    <time>2025-08-10T05:22:06Z</time>
   </trkpt>
   <trkpt lat="25.0265850" lon="121.4287760">
    <ele>16.8</ele>
    <time>2025-08-10T05:22:07Z</time>
   </trkpt>
   <trkpt lat="25.0265730" lon="121.4287570">
    <ele>16.5</ele>
    <time>2025-08-10T05:22:08Z</time>
   </trkpt>
   <trkpt lat="25.0265680" lon="121.4287480">
    <ele>16.4</ele>
    <time>2025-08-10T05:22:09Z</time>
   </trkpt>
   <trkpt lat="25.0265630" lon="121.4287380">
    <ele>16.3</ele>
    <time>2025-08-10T05:22:10Z</time>
   </trkpt>
   <trkpt lat="25.0265580" lon="121.4287280">
    <ele>16.2</ele>
    <time>2025-08-10T05:22:11Z</time>
   </trkpt>
   <trkpt lat="25.0265520" lon="121.4287180">
    <ele>16.1</ele>
    <time>2025-08-10T05:22:12Z</time>
   </trkpt>
   <trkpt lat="25.0265270" lon="121.4287110">
    <ele>15.8</ele>
    <time>2025-08-10T05:22:13Z</time>
   </trkpt>
   <trkpt lat="25.0265200" lon="121.4287050">
    <ele>15.6</ele>
    <time>2025-08-10T05:22:14Z</time>
   </trkpt>
   <trkpt lat="25.0265130" lon="121.4286940">
    <ele>15.5</ele>
    <time>2025-08-10T05:22:15Z</time>
   </trkpt>
   <trkpt lat="25.0265110" lon="121.4286800">
    <ele>15.4</ele>
    <time>2025-08-10T05:22:16Z</time>
   </trkpt>
   <trkpt lat="25.0265090" lon="121.4286660">
    <ele>15.2</ele>
    <time>2025-08-10T05:22:17Z</time>
   </trkpt>
   <trkpt lat="25.0264920" lon="121.4286530">
    <ele>15.0</ele>
    <time>2025-08-10T05:22:18Z</time>
   </trkpt>
   <trkpt lat="25.0264870" lon="121.4286460">
    <ele>14.9</ele>
    <time>2025-08-10T05:22:19Z</time>
   </trkpt>
   <trkpt lat="25.0264850" lon="121.4286360">
    <ele>14.8</ele>
    <time>2025-08-10T05:22:20Z</time>
   </trkpt>
   <trkpt lat="25.0264850" lon="121.4286240">
    <ele>14.6</ele>
    <time>2025-08-10T05:22:21Z</time>
   </trkpt>
   <trkpt lat="25.0264860" lon="121.4286120">
    <ele>14.5</ele>
    <time>2025-08-10T05:22:22Z</time>
   </trkpt>
   <trkpt lat="25.0264830" lon="121.4286170">
    <ele>14.5</ele>
    <time>2025-08-10T05:22:23Z</time>
   </trkpt>
   <trkpt lat="25.0264820" lon="121.4286080">
    <ele>14.4</ele>
    <time>2025-08-10T05:22:24Z</time>
   </trkpt>
   <trkpt lat="25.0264780" lon="121.4285990">
    <ele>14.3</ele>
    <time>2025-08-10T05:22:25Z</time>
   </trkpt>
   <trkpt lat="25.0264700" lon="121.4285930">
    <ele>14.2</ele>
    <time>2025-08-10T05:22:26Z</time>
   </trkpt>
   <trkpt lat="25.0264490" lon="121.4286110">
    <ele>14.2</ele>
    <time>2025-08-10T05:22:27Z</time>
   </trkpt>
   <trkpt lat="25.0264380" lon="121.4286270">
    <ele>14.2</ele>
    <time>2025-08-10T05:22:28Z</time>
   </trkpt>
   <trkpt lat="25.0264300" lon="121.4286340">
    <ele>14.2</ele>
    <time>2025-08-10T05:22:29Z</time>
   </trkpt>
   <trkpt lat="25.0264200" lon="121.4286380">
    <ele>14.2</ele>
    <time>2025-08-10T05:22:30Z</time>
   </trkpt>
   <trkpt lat="25.0264100" lon="121.4286410">
    <ele>14.2</ele>
    <time>2025-08-10T05:22:31Z</time>
   </trkpt>
   <trkpt lat="25.0264010" lon="121.4286410">
    <ele>14.2</ele>
    <time>2025-08-10T05:22:32Z</time>
   </trkpt>
   <trkpt lat="25.0264010" lon="121.4286560">
    <ele>14.2</ele>
    <time>2025-08-10T05:22:33Z</time>
   </trkpt>
   <trkpt lat="25.0263960" lon="121.4286510">
    <ele>14.2</ele>
    <time>2025-08-10T05:22:34Z</time>
   </trkpt>
   <trkpt lat="25.0263980" lon="121.4286380">
    <ele>14.2</ele>
    <time>2025-08-10T05:22:35Z</time>
   </trkpt>
   <trkpt lat="25.0264080" lon="121.4286330">
    <ele>14.2</ele>
    <time>2025-08-10T05:22:36Z</time>
   </trkpt>
   <trkpt lat="25.0264170" lon="121.4286330">
    <ele>14.2</ele>
    <time>2025-08-10T05:22:37Z</time>
   </trkpt>
   <trkpt lat="25.0264160" lon="121.4286520">
    <ele>14.2</ele>
    <time>2025-08-10T05:22:38Z</time>
   </trkpt>
   <trkpt lat="25.0264140" lon="121.4286540">
    <ele>14.2</ele>
    <time>2025-08-10T05:22:39Z</time>
   </trkpt>
   <trkpt lat="25.0264130" lon="121.4286530">
    <ele>14.2</ele>
    <time>2025-08-10T05:22:40Z</time>
   </trkpt>
   <trkpt lat="25.0264140" lon="121.4286520">
    <ele>14.2</ele>
    <time>2025-08-10T05:22:41Z</time>
   </trkpt>
   <trkpt lat="25.0264150" lon="121.4286520">
    <ele>14.2</ele>
    <time>2025-08-10T05:22:42Z</time>
   </trkpt>
   <trkpt lat="25.0264080" lon="121.4286690">
    <ele>14.2</ele>
    <time>2025-08-10T05:22:43Z</time>
   </trkpt>
   <trkpt lat="25.0264070" lon="121.4286720">
    <ele>14.2</ele>
    <time>2025-08-10T05:22:44Z</time>
   </trkpt>
   <trkpt lat="25.0264080" lon="121.4286720">
    <ele>14.2</ele>
    <time>2025-08-10T05:22:45Z</time>
   </trkpt>
   <trkpt lat="25.0264110" lon="121.4286690">
    <ele>14.2</ele>
    <time>2025-08-10T05:22:46Z</time>
   </trkpt>
   <trkpt lat="25.0264130" lon="121.4286670">
    <ele>14.2</ele>
    <time>2025-08-10T05:22:47Z</time>
   </trkpt>
   <trkpt lat="25.0264070" lon="121.4286760">
    <ele>14.2</ele>
    <time>2025-08-10T05:22:48Z</time>
   </trkpt>
   <trkpt lat="25.0264090" lon="121.4286750">
    <ele>14.2</ele>
    <time>2025-08-10T05:22:49Z</time>
   </trkpt>
   <trkpt lat="25.0264110" lon="121.4286740">
    <ele>14.2</ele>
    <time>2025-08-10T05:22:50Z</time>
   </trkpt>
   <trkpt lat="25.0264120" lon="121.4286720">
    <ele>14.2</ele>
    <time>2025-08-10T05:22:51Z</time>
   </trkpt>
   <trkpt lat="25.0264150" lon="121.4286710">
    <ele>14.2</ele>
    <time>2025-08-10T05:22:52Z</time>
   </trkpt>
   <trkpt lat="25.0264020" lon="121.4286840">
    <ele>14.2</ele>
    <time>2025-08-10T05:22:53Z</time>
   </trkpt>
   <trkpt lat="25.0263980" lon="121.4287040">
    <ele>14.2</ele>
    <time>2025-08-10T05:22:54Z</time>
   </trkpt>
   <trkpt lat="25.0263940" lon="121.4287210">
    <ele>14.2</ele>
    <time>2025-08-10T05:22:55Z</time>
   </trkpt>
   <trkpt lat="25.0263920" lon="121.4287330">
    <ele>14.2</ele>
    <time>2025-08-10T05:22:56Z</time>
   </trkpt>
   <trkpt lat="25.0263910" lon="121.4287400">
    <ele>14.2</ele>
    <time>2025-08-10T05:22:57Z</time>
   </trkpt>
   <trkpt lat="25.0263900" lon="121.4287460">
    <ele>14.2</ele>
    <time>2025-08-10T05:22:58Z</time>
   </trkpt>
   <trkpt lat="25.0263900" lon="121.4287500">
    <ele>14.2</ele>
    <time>2025-08-10T05:22:59Z</time>
   </trkpt>
   <trkpt lat="25.0263890" lon="121.4287520">
    <ele>14.2</ele>
    <time>2025-08-10T05:23:00Z</time>
   </trkpt>
   <trkpt lat="25.0263890" lon="121.4287540">
    <ele>14.2</ele>
    <time>2025-08-10T05:23:01Z</time>
   </trkpt>
   <trkpt lat="25.0263890" lon="121.4287560">
    <ele>14.2</ele>
    <time>2025-08-10T05:23:02Z</time>
   </trkpt>
   <trkpt lat="25.0264100" lon="121.4287620">
    <ele>14.2</ele>
    <time>2025-08-10T05:23:03Z</time>
   </trkpt>
   <trkpt lat="25.0264270" lon="121.4287660">
    <ele>14.2</ele>
    <time>2025-08-10T05:23:04Z</time>
   </trkpt>
   <trkpt lat="25.0264380" lon="121.4287690">
    <ele>14.2</ele>
    <time>2025-08-10T05:23:05Z</time>
   </trkpt>
   <trkpt lat="25.0264450" lon="121.4287700">
    <ele>14.2</ele>
    <time>2025-08-10T05:23:06Z</time>
   </trkpt>
   <trkpt lat="25.0264490" lon="121.4287700">
    <ele>14.2</ele>
    <time>2025-08-10T05:23:07Z</time>
   </trkpt>
   <trkpt lat="25.0264400" lon="121.4287580">
    <ele>14.2</ele>
    <time>2025-08-10T05:23:08Z</time>
   </trkpt>
   <trkpt lat="25.0264360" lon="121.4287520">
    <ele>14.2</ele>
    <time>2025-08-10T05:23:09Z</time>
   </trkpt>
   <trkpt lat="25.0264330" lon="121.4287480">
    <ele>14.2</ele>
    <time>2025-08-10T05:23:10Z</time>
   </trkpt>
   <trkpt lat="25.0264310" lon="121.4287470">
    <ele>14.2</ele>
    <time>2025-08-10T05:23:11Z</time>
   </trkpt>
   <trkpt lat="25.0264300" lon="121.4287460">
    <ele>14.2</ele>
    <time>2025-08-10T05:23:12Z</time>
   </trkpt>
   <trkpt lat="25.0264420" lon="121.4287440">
    <ele>14.2</ele>
    <time>2025-08-10T05:23:13Z</time>
   </trkpt>
   <trkpt lat="25.0264490" lon="121.4287420">
    <ele>14.2</ele>
    <time>2025-08-10T05:23:14Z</time>
   </trkpt>
   <trkpt lat="25.0264540" lon="121.4287420">
    <ele>14.2</ele>
    <time>2025-08-10T05:23:15Z</time>
   </trkpt>
   <trkpt lat="25.0264560" lon="121.4287410">
    <ele>14.2</ele>
    <time>2025-08-10T05:23:16Z</time>
   </trkpt>
   <trkpt lat="25.0264580" lon="121.4287410">
    <ele>14.2</ele>
    <time>2025-08-10T05:23:17Z</time>
   </trkpt>
   <trkpt lat="25.0264490" lon="121.4287580">
    <ele>14.2</ele>
    <time>2025-08-10T05:23:18Z</time>
   </trkpt>
   <trkpt lat="25.0264440" lon="121.4287670">
    <ele>14.2</ele>
    <time>2025-08-10T05:23:19Z</time>
   </trkpt>
   <trkpt lat="25.0264420" lon="121.4287710">
    <ele>14.2</ele>
    <time>2025-08-10T05:23:20Z</time>
   </trkpt>
   <trkpt lat="25.0264400" lon="121.4287740">
    <ele>14.2</ele>
    <time>2025-08-10T05:23:21Z</time>
   </trkpt>
   <trkpt lat="25.0264400" lon="121.4287750">
    <ele>14.2</ele>
    <time>2025-08-10T05:23:22Z</time>
   </trkpt>
   <trkpt lat="25.0264120" lon="121.4287750">
    <ele>14.2</ele>
    <time>2025-08-10T05:23:23Z</time>
   </trkpt>
   <trkpt lat="25.0263980" lon="121.4287760">
    <ele>14.2</ele>
    <time>2025-08-10T05:23:24Z</time>
   </trkpt>
   <trkpt lat="25.0263900" lon="121.4287760">
    <ele>14.2</ele>
    <time>2025-08-10T05:23:25Z</time>
   </trkpt>
   <trkpt lat="25.0263870" lon="121.4287760">
    <ele>14.2</ele>
    <time>2025-08-10T05:23:26Z</time>
   </trkpt>
   <trkpt lat="25.0263850" lon="121.4287750">
    <ele>14.2</ele>
    <time>2025-08-10T05:23:27Z</time>
   </trkpt>
   <trkpt lat="25.0264020" lon="121.4287530">
    <ele>14.2</ele>
    <time>2025-08-10T05:23:28Z</time>
   </trkpt>
   <trkpt lat="25.0264130" lon="121.4287400">
    <ele>14.2</ele>
    <time>2025-08-10T05:23:29Z</time>
   </trkpt>
   <trkpt lat="25.0264080" lon="121.4287350">
    <ele>14.2</ele>
    <time>2025-08-10T05:23:30Z</time>
   </trkpt>
   <trkpt lat="25.0263990" lon="121.4287370">
    <ele>14.2</ele>
    <time>2025-08-10T05:23:31Z</time>
   </trkpt>
   <trkpt lat="25.0263890" lon="121.4287380">
    <ele>14.2</ele>
    <time>2025-08-10T05:23:32Z</time>
   </trkpt>
   <trkpt lat="25.0263800" lon="121.4287400">
    <ele>14.2</ele>
    <time>2025-08-10T05:23:33Z</time>
   </trkpt>
   <trkpt lat="25.0263700" lon="121.4287420">
    <ele>14.2</ele>
    <time>2025-08-10T05:23:34Z</time>
   </trkpt>
   <trkpt lat="25.0263600" lon="121.4287450">
    <ele>14.2</ele>
    <time>2025-08-10T05:23:35Z</time>
   </trkpt>
   <trkpt lat="25.0263540" lon="121.4287460">
    <ele>14.2</ele>
    <time>2025-08-10T05:23:36Z</time>
   </trkpt>
   <trkpt lat="25.0263510" lon="121.4287470">
    <ele>14.2</ele>
    <time>2025-08-10T05:23:37Z</time>
   </trkpt>
   <trkpt lat="25.0263500" lon="121.4287480">
    <ele>14.2</ele>
    <time>2025-08-10T05:23:38Z</time>
   </trkpt>
   <trkpt lat="25.0263550" lon="121.4287480">
    <ele>14.2</ele>
    <time>2025-08-10T05:23:39Z</time>
   </trkpt>
   <trkpt lat="25.0263580" lon="121.4287480">
    <ele>14.2</ele>
    <time>2025-08-10T05:23:40Z</time>
   </trkpt>
   <trkpt lat="25.0263600" lon="121.4287490">
    <ele>14.2</ele>
    <time>2025-08-10T05:23:41Z</time>
   </trkpt>
   <trkpt lat="25.0263610" lon="121.4287490">
    <ele>14.2</ele>
    <time>2025-08-10T05:23:42Z</time>
   </trkpt>
   <trkpt lat="25.0263620" lon="121.4287490">
    <ele>14.2</ele>
    <time>2025-08-10T05:23:43Z</time>
   </trkpt>
   <trkpt lat="25.0263640" lon="121.4287540">
    <ele>14.2</ele>
    <time>2025-08-10T05:23:44Z</time>
   </trkpt>
   <trkpt lat="25.0263650" lon="121.4287570">
    <ele>14.2</ele>
    <time>2025-08-10T05:23:45Z</time>
   </trkpt>
   <trkpt lat="25.0263660" lon="121.4287590">
    <ele>14.2</ele>
    <time>2025-08-10T05:23:46Z</time>
   </trkpt>
   <trkpt lat="25.0263660" lon="121.4287600">
    <ele>14.2</ele>
    <time>2025-08-10T05:23:47Z</time>
   </trkpt>
   <trkpt lat="25.0263660" lon="121.4287600">
    <ele>14.2</ele>
    <time>2025-08-10T05:23:48Z</time>
   </trkpt>
   <trkpt lat="25.0263650" lon="121.4287400">
    <ele>14.2</ele>
    <time>2025-08-10T05:23:49Z</time>
   </trkpt>
   <trkpt lat="25.0263640" lon="121.4287290">
    <ele>14.2</ele>
    <time>2025-08-10T05:23:50Z</time>
   </trkpt>
   <trkpt lat="25.0263630" lon="121.4287230">
    <ele>14.2</ele>
    <time>2025-08-10T05:23:51Z</time>
   </trkpt>
   <trkpt lat="25.0263630" lon="121.4287200">
    <ele>14.2</ele>
    <time>2025-08-10T05:23:52Z</time>
   </trkpt>
   <trkpt lat="25.0263620" lon="121.4287180">
    <ele>14.2</ele>
    <time>2025-08-10T05:23:53Z</time>
   </trkpt>
   <trkpt lat="25.0263820" lon="121.4287340">
    <ele>14.2</ele>
    <time>2025-08-10T05:23:54Z</time>
   </trkpt>
   <trkpt lat="25.0263920" lon="121.4287440">
    <ele>14.2</ele>
    <time>2025-08-10T05:23:55Z</time>
   </trkpt>
   <trkpt lat="25.0263980" lon="121.4287490">
    <ele>14.2</ele>
    <time>2025-08-10T05:23:56Z</time>
   </trkpt>
   <trkpt lat="25.0264010" lon="121.4287510">
    <ele>14.2</ele>
    <time>2025-08-10T05:23:57Z</time>
   </trkpt>
   <trkpt lat="25.0264030" lon="121.4287520">
    <ele>14.2</ele>
    <time>2025-08-10T05:23:58Z</time>
   </trkpt>
   <trkpt lat="25.0264050" lon="121.4287700">
    <ele>14.2</ele>
    <time>2025-08-10T05:23:59Z</time>
   </trkpt>
   <trkpt lat="25.0264060" lon="121.4287800">
    <ele>14.2</ele>
    <time>2025-08-10T05:24:00Z</time>
   </trkpt>
   <trkpt lat="25.0264060" lon="121.4287850">
    <ele>14.2</ele>
    <time>2025-08-10T05:24:01Z</time>
   </trkpt>
   <trkpt lat="25.0264060" lon="121.4287880">
    <ele>14.2</ele>
    <time>2025-08-10T05:24:02Z</time>
   </trkpt>
   <trkpt lat="25.0264060" lon="121.4287890">
    <ele>14.2</ele>
    <time>2025-08-10T05:24:03Z</time>
   </trkpt>
   <trkpt lat="25.0264150" lon="121.4287790">
    <ele>14.2</ele>
    <time>2025-08-10T05:24:04Z</time>
   </trkpt>
   <trkpt lat="25.0264210" lon="121.4287720">
    <ele>14.2</ele>
    <time>2025-08-10T05:24:05Z</time>
   </trkpt>
   <trkpt lat="25.0264240" lon="121.4287680">
    <ele>14.2</ele>
    <time>2025-08-10T05:24:06Z</time>
   </trkpt>
   <trkpt lat="25.0264260" lon="121.4287660">
    <ele>14.2</ele>
    <time>2025-08-10T05:24:07Z</time>
   </trkpt>
   <trkpt lat="25.0264270" lon="121.4287640">
    <ele>14.2</ele>
    <time>2025-08-10T05:24:08Z</time>
   </trkpt>
   <trkpt lat="25.0264150" lon="121.4287650">
    <ele>14.2</ele>
    <time>2025-08-10T05:24:09Z</time>
   </trkpt>
   <trkpt lat="25.0264090" lon="121.4287660">
    <ele>14.2</ele>
    <time>2025-08-10T05:24:10Z</time>
   </trkpt>
   <trkpt lat="25.0264060" lon="121.4287660">
    <ele>14.2</ele>
    <time>2025-08-10T05:24:11Z</time>
   </trkpt>
   <trkpt lat="25.0264050" lon="121.4287660">
    <ele>14.2</ele>
    <time>2025-08-10T05:24:12Z</time>
   </trkpt>
   <trkpt lat="25.0264040" lon="121.4287660">
    <ele>14.2</ele>
    <time>2025-08-10T05:24:13Z</time>
   </trkpt>
   <trkpt lat="25.0264000" lon="121.4287600">
    <ele>14.2</ele>
    <time>2025-08-10T05:24:14Z</time>
   </trkpt>
   <trkpt lat="25.0263980" lon="121.4287560">
    <ele>14.2</ele>
    <time>2025-08-10T05:24:15Z</time>
   </trkpt>
   <trkpt lat="25.0263960" lon="121.4287530">
    <ele>14.2</ele>
    <time>2025-08-10T05:24:16Z</time>
   </trkpt>
   <trkpt lat="25.0263960" lon="121.4287520">
    <ele>14.2</ele>
    <time>2025-08-10T05:24:17Z</time>
   </trkpt>
   <trkpt lat="25.0263960" lon="121.4287510">
    <ele>14.2</ele>
    <time>2025-08-10T05:24:18Z</time>
   </trkpt>
   <trkpt lat="25.0263770" lon="121.4287480">
    <ele>14.2</ele>
    <time>2025-08-10T05:24:19Z</time>
   </trkpt>
   <trkpt lat="25.0263660" lon="121.4287460">
    <ele>14.2</ele>
    <time>2025-08-10T05:24:20Z</time>
   </trkpt>
   <trkpt lat="25.0263600" lon="121.4287450">
    <ele>14.2</ele>
    <time>2025-08-10T05:24:21Z</time>
   </trkpt>
   <trkpt lat="25.0263570" lon="121.4287440">
    <ele>14.2</ele>
    <time>2025-08-10T05:24:22Z</time>
   </trkpt>
   <trkpt lat="25.0263560" lon="121.4287440">
    <ele>14.2</ele>
    <time>2025-08-10T05:24:23Z</time>
   </trkpt>
   <trkpt lat="25.0263590" lon="121.4287520">
    <ele>14.3</ele>
    <time>2025-08-10T05:24:24Z</time>
   </trkpt>
   <trkpt lat="25.0263610" lon="121.4287560">
    <ele>14.3</ele>
    <time>2025-08-10T05:24:25Z</time>
   </trkpt>
   <trkpt lat="25.0263620" lon="121.4287580">
    <ele>14.3</ele>
    <time>2025-08-10T05:24:26Z</time>
   </trkpt>
   <trkpt lat="25.0263630" lon="121.4287590">
    <ele>14.3</ele>
    <time>2025-08-10T05:24:27Z</time>
   </trkpt>
   <trkpt lat="25.0263630" lon="121.4287600">
    <ele>14.3</ele>
    <time>2025-08-10T05:24:28Z</time>
   </trkpt>
   <trkpt lat="25.0263840" lon="121.4287620">
    <ele>14.3</ele>
    <time>2025-08-10T05:24:29Z</time>
   </trkpt>
   <trkpt lat="25.0263960" lon="121.4287630">
    <ele>14.3</ele>
    <time>2025-08-10T05:24:30Z</time>
   </trkpt>
   <trkpt lat="25.0264030" lon="121.4287630">
    <ele>14.3</ele>
    <time>2025-08-10T05:24:31Z</time>
   </trkpt>
   <trkpt lat="25.0264060" lon="121.4287630">
    <ele>14.3</ele>
    <time>2025-08-10T05:24:32Z</time>
   </trkpt>
   <trkpt lat="25.0264080" lon="121.4287630">
    <ele>14.3</ele>
    <time>2025-08-10T05:24:33Z</time>
   </trkpt>
   <trkpt lat="25.0263870" lon="121.4287660">
    <ele>14.3</ele>
    <time>2025-08-10T05:24:34Z</time>
   </trkpt>
   <trkpt lat="25.0263780" lon="121.4287670">
    <ele>14.3</ele>
    <time>2025-08-10T05:24:35Z</time>
   </trkpt>
   <trkpt lat="25.0263720" lon="121.4287670">
    <ele>14.3</ele>
    <time>2025-08-10T05:24:36Z</time>
   </trkpt>
   <trkpt lat="25.0263700" lon="121.4287670">
    <ele>14.3</ele>
    <time>2025-08-10T05:24:37Z</time>
   </trkpt>
   <trkpt lat="25.0263680" lon="121.4287670">
    <ele>14.3</ele>
    <time>2025-08-10T05:24:38Z</time>
   </trkpt>
   <trkpt lat="25.0263800" lon="121.4287630">
    <ele>14.3</ele>
    <time>2025-08-10T05:24:39Z</time>
   </trkpt>
   <trkpt lat="25.0263910" lon="121.4287580">
    <ele>14.3</ele>
    <time>2025-08-10T05:24:40Z</time>
   </trkpt>
   <trkpt lat="25.0263980" lon="121.4287550">
    <ele>14.3</ele>
    <time>2025-08-10T05:24:41Z</time>
   </trkpt>
   <trkpt lat="25.0263990" lon="121.4287600">
    <ele>14.3</ele>
    <time>2025-08-10T05:24:42Z</time>
   </trkpt>
   <trkpt lat="25.0264020" lon="121.4287560">
    <ele>14.3</ele>
    <time>2025-08-10T05:24:43Z</time>
   </trkpt>
   <trkpt lat="25.0263910" lon="121.4287470">
    <ele>14.3</ele>
    <time>2025-08-10T05:24:44Z</time>
   </trkpt>
   <trkpt lat="25.0263840" lon="121.4287430">
    <ele>14.3</ele>
    <time>2025-08-10T05:24:45Z</time>
   </trkpt>
   <trkpt lat="25.0263770" lon="121.4287450">
    <ele>14.3</ele>
    <time>2025-08-10T05:24:46Z</time>
   </trkpt>
   <trkpt lat="25.0264580" lon="121.4286490">
    <ele>14.3</ele>
    <time>2025-08-10T05:24:49Z</time>
   </trkpt>
   <trkpt lat="25.0264590" lon="121.4286610">
    <ele>14.3</ele>
    <time>2025-08-10T05:24:50Z</time>
   </trkpt>
   <trkpt lat="25.0264500" lon="121.4286870">
    <ele>14.3</ele>
    <time>2025-08-10T05:24:51Z</time>
   </trkpt>
   <trkpt lat="25.0264410" lon="121.4287130">
    <ele>14.3</ele>
    <time>2025-08-10T05:24:52Z</time>
   </trkpt>
   <trkpt lat="25.0264430" lon="121.4287140">
    <ele>14.3</ele>
    <time>2025-08-10T05:24:53Z</time>
   </trkpt>
   <trkpt lat="25.0264510" lon="121.4286930">
    <ele>14.3</ele>
    <time>2025-08-10T05:24:54Z</time>
   </trkpt>
   <trkpt lat="25.0264580" lon="121.4286730">
    <ele>14.3</ele>
    <time>2025-08-10T05:24:55Z</time>
   </trkpt>
   <trkpt lat="25.0264670" lon="121.4286710">
    <ele>14.3</ele>
    <time>2025-08-10T05:24:56Z</time>
   </trkpt>
   <trkpt lat="25.0264670" lon="121.4286840">
    <ele>14.3</ele>
    <time>2025-08-10T05:24:57Z</time>
   </trkpt>
   <trkpt lat="25.0264660" lon="121.4286960">
    <ele>14.3</ele>
    <time>2025-08-10T05:24:58Z</time>
   </trkpt>
   <trkpt lat="25.0264660" lon="121.4287090">
    <ele>14.3</ele>
    <time>2025-08-10T05:24:59Z</time>
   </trkpt>
   <trkpt lat="25.0264650" lon="121.4287220">
    <ele>14.3</ele>
    <time>2025-08-10T05:25:00Z</time>
   </trkpt>
   <trkpt lat="25.0264620" lon="121.4287470">
    <ele>14.3</ele>
    <time>2025-08-10T05:25:01Z</time>
   </trkpt>
   <trkpt lat="25.0264610" lon="121.4287590">
    <ele>14.3</ele>
    <time>2025-08-10T05:25:02Z</time>
   </trkpt>
   <trkpt lat="25.0264650" lon="121.4287590">
    <ele>14.3</ele>
    <time>2025-08-10T05:25:03Z</time>
   </trkpt>
   <trkpt lat="25.0264260" lon="121.4287610">
    <ele>14.3</ele>
    <time>2025-08-10T05:25:04Z</time>
   </trkpt>
   <trkpt lat="25.0264050" lon="121.4287630">
    <ele>14.3</ele>
    <time>2025-08-10T05:25:05Z</time>
   </trkpt>
   <trkpt lat="25.0263940" lon="121.4287640">
    <ele>14.3</ele>
    <time>2025-08-10T05:25:06Z</time>
   </trkpt>
   <trkpt lat="25.0263860" lon="121.4287660">
    <ele>14.3</ele>
    <time>2025-08-10T05:25:07Z</time>
   </trkpt>
   <trkpt lat="25.0263820" lon="121.4287670">
    <ele>14.3</ele>
    <time>2025-08-10T05:25:08Z</time>
   </trkpt>
   <trkpt lat="25.0263800" lon="121.4287670">
    <ele>14.3</ele>
    <time>2025-08-10T05:25:09Z</time>
   </trkpt>
   <trkpt lat="25.0263790" lon="121.4287680">
    <ele>14.3</ele>
    <time>2025-08-10T05:25:10Z</time>
   </trkpt>
   <trkpt lat="25.0263710" lon="121.4287730">
    <ele>14.3</ele>
    <time>2025-08-10T05:25:11Z</time>
   </trkpt>
   <trkpt lat="25.0263770" lon="121.4287770">
    <ele>14.3</ele>
    <time>2025-08-10T05:25:12Z</time>
   </trkpt>
   <trkpt lat="25.0263880" lon="121.4287690">
    <ele>14.3</ele>
    <time>2025-08-10T05:25:13Z</time>
   </trkpt>
   <trkpt lat="25.0263940" lon="121.4287650">
    <ele>14.3</ele>
    <time>2025-08-10T05:25:14Z</time>
   </trkpt>
   <trkpt lat="25.0263970" lon="121.4287620">
    <ele>14.3</ele>
    <time>2025-08-10T05:25:15Z</time>
   </trkpt>
   <trkpt lat="25.0263990" lon="121.4287590">
    <ele>14.3</ele>
    <time>2025-08-10T05:25:16Z</time>
   </trkpt>
   <trkpt lat="25.0263730" lon="121.4287600">
    <ele>14.3</ele>
    <time>2025-08-10T05:25:17Z</time>
   </trkpt>
   <trkpt lat="25.0263630" lon="121.4287610">
    <ele>14.3</ele>
    <time>2025-08-10T05:25:18Z</time>
   </trkpt>
   <trkpt lat="25.0263750" lon="121.4287460">
    <ele>14.3</ele>
    <time>2025-08-10T05:25:19Z</time>
   </trkpt>
   <trkpt lat="25.0263800" lon="121.4287390">
    <ele>14.3</ele>
    <time>2025-08-10T05:25:20Z</time>
   </trkpt>
   <trkpt lat="25.0263850" lon="121.4287360">
    <ele>14.3</ele>
    <time>2025-08-10T05:25:21Z</time>
   </trkpt>
   <trkpt lat="25.0263860" lon="121.4287580">
    <ele>14.3</ele>
    <time>2025-08-10T05:25:22Z</time>
   </trkpt>
   <trkpt lat="25.0263860" lon="121.4287670">
    <ele>14.3</ele>
    <time>2025-08-10T05:25:23Z</time>
   </trkpt>
   <trkpt lat="25.0263850" lon="121.4287710">
    <ele>14.3</ele>
    <time>2025-08-10T05:25:24Z</time>
   </trkpt>
   <trkpt lat="25.0263840" lon="121.4287720">
    <ele>14.3</ele>
    <time>2025-08-10T05:25:25Z</time>
   </trkpt>
   <trkpt lat="25.0263830" lon="121.4287720">
    <ele>14.3</ele>
    <time>2025-08-10T05:25:26Z</time>
   </trkpt>
   <trkpt lat="25.0264030" lon="121.4287880">
    <ele>14.3</ele>
    <time>2025-08-10T05:25:27Z</time>
   </trkpt>
   <trkpt lat="25.0264110" lon="121.4287910">
    <ele>14.3</ele>
    <time>2025-08-10T05:25:28Z</time>
   </trkpt>
   <trkpt lat="25.0264140" lon="121.4287890">
    <ele>14.3</ele>
    <time>2025-08-10T05:25:29Z</time>
   </trkpt>
   <trkpt lat="25.0264150" lon="121.4287870">
    <ele>14.3</ele>
    <time>2025-08-10T05:25:30Z</time>
   </trkpt>
   <trkpt lat="25.0264150" lon="121.4287850">
    <ele>14.3</ele>
    <time>2025-08-10T05:25:31Z</time>
   </trkpt>
   <trkpt lat="25.0263920" lon="121.4287650">
    <ele>14.3</ele>
    <time>2025-08-10T05:25:32Z</time>
   </trkpt>
   <trkpt lat="25.0263870" lon="121.4287580">
    <ele>14.3</ele>
    <time>2025-08-10T05:25:33Z</time>
   </trkpt>
   <trkpt lat="25.0263900" lon="121.4287590">
    <ele>14.3</ele>
    <time>2025-08-10T05:25:34Z</time>
   </trkpt>
   <trkpt lat="25.0263900" lon="121.4287520">
    <ele>14.3</ele>
    <time>2025-08-10T05:25:35Z</time>
   </trkpt>
   <trkpt lat="25.0263950" lon="121.4287500">
    <ele>14.3</ele>
    <time>2025-08-10T05:25:36Z</time>
   </trkpt>
   <trkpt lat="25.0263980" lon="121.4287480">
    <ele>14.3</ele>
    <time>2025-08-10T05:25:37Z</time>
   </trkpt>
   <trkpt lat="25.0264000" lon="121.4287530">
    <ele>14.3</ele>
    <time>2025-08-10T05:25:38Z</time>
   </trkpt>
   <trkpt lat="25.0264020" lon="121.4287550">
    <ele>14.3</ele>
    <time>2025-08-10T05:25:39Z</time>
   </trkpt>
   <trkpt lat="25.0264040" lon="121.4287560">
    <ele>14.3</ele>
    <time>2025-08-10T05:25:40Z</time>
   </trkpt>
   <trkpt lat="25.0264030" lon="121.4287560">
    <ele>14.3</ele>
    <time>2025-08-10T05:25:41Z</time>
   </trkpt>
   <trkpt lat="25.0264020" lon="121.4287550">
    <ele>14.3</ele>
    <time>2025-08-10T05:25:42Z</time>
   </trkpt>
   <trkpt lat="25.0264020" lon="121.4287600">
    <ele>14.3</ele>
    <time>2025-08-10T05:25:43Z</time>
   </trkpt>
   <trkpt lat="25.0264020" lon="121.4287620">
    <ele>14.3</ele>
    <time>2025-08-10T05:25:44Z</time>
   </trkpt>
   <trkpt lat="25.0264020" lon="121.4287610">
    <ele>14.3</ele>
    <time>2025-08-10T05:25:45Z</time>
   </trkpt>
   <trkpt lat="25.0264010" lon="121.4287610">
    <ele>14.3</ele>
    <time>2025-08-10T05:25:46Z</time>
   </trkpt>
   <trkpt lat="25.0264000" lon="121.4287590">
    <ele>14.3</ele>
    <time>2025-08-10T05:25:47Z</time>
   </trkpt>
   <trkpt lat="25.0263960" lon="121.4287570">
    <ele>14.3</ele>
    <time>2025-08-10T05:25:48Z</time>
   </trkpt>
   <trkpt lat="25.0263960" lon="121.4287560">
    <ele>14.3</ele>
    <time>2025-08-10T05:25:49Z</time>
   </trkpt>
   <trkpt lat="25.0263950" lon="121.4287550">
    <ele>14.3</ele>
    <time>2025-08-10T05:25:50Z</time>
   </trkpt>
   <trkpt lat="25.0263950" lon="121.4287550">
    <ele>14.3</ele>
    <time>2025-08-10T05:25:52Z</time>
   </trkpt>
   <trkpt lat="25.0263780" lon="121.4287840">
    <ele>14.3</ele>
    <time>2025-08-10T05:25:53Z</time>
   </trkpt>
   <trkpt lat="25.0263720" lon="121.4287920">
    <ele>14.3</ele>
    <time>2025-08-10T05:25:54Z</time>
   </trkpt>
   <trkpt lat="25.0263820" lon="121.4288080">
    <ele>14.3</ele>
    <time>2025-08-10T05:25:55Z</time>
   </trkpt>
   <trkpt lat="25.0263950" lon="121.4288190">
    <ele>14.3</ele>
    <time>2025-08-10T05:25:56Z</time>
   </trkpt>
   <trkpt lat="25.0264080" lon="121.4288310">
    <ele>14.3</ele>
    <time>2025-08-10T05:25:57Z</time>
   </trkpt>
   <trkpt lat="25.0264210" lon="121.4288420">
    <ele>14.3</ele>
    <time>2025-08-10T05:25:58Z</time>
   </trkpt>
   <trkpt lat="25.0264330" lon="121.4288510">
    <ele>14.3</ele>
    <time>2025-08-10T05:25:59Z</time>
   </trkpt>
   <trkpt lat="25.0264380" lon="121.4288570">
    <ele>14.3</ele>
    <time>2025-08-10T05:26:00Z</time>
   </trkpt>
   <trkpt lat="25.0264180" lon="121.4288090">
    <ele>14.3</ele>
    <time>2025-08-10T05:26:01Z</time>
   </trkpt>
   <trkpt lat="25.0264050" lon="121.4288030">
    <ele>14.3</ele>
    <time>2025-08-10T05:26:02Z</time>
   </trkpt>
   <trkpt lat="25.0263910" lon="121.4287980">
    <ele>14.3</ele>
    <time>2025-08-10T05:26:03Z</time>
   </trkpt>
   <trkpt lat="25.0263780" lon="121.4287920">
    <ele>14.3</ele>
    <time>2025-08-10T05:26:04Z</time>
   </trkpt>
   <trkpt lat="25.0263710" lon="121.4287870">
    <ele>14.4</ele>
    <time>2025-08-10T05:26:05Z</time>
   </trkpt>
   <trkpt lat="25.0263720" lon="121.4287870">
    <ele>14.4</ele>
    <time>2025-08-10T05:26:06Z</time>
   </trkpt>
   <trkpt lat="25.0263740" lon="121.4287870">
    <ele>14.4</ele>
    <time>2025-08-10T05:26:07Z</time>
   </trkpt>
   <trkpt lat="25.0263760" lon="121.4287860">
    <ele>14.4</ele>
    <time>2025-08-10T05:26:08Z</time>
   </trkpt>
   <trkpt lat="25.0263780" lon="121.4287860">
    <ele>14.4</ele>
    <time>2025-08-10T05:26:09Z</time>
   </trkpt>
   <trkpt lat="25.0263790" lon="121.4287860">
    <ele>14.4</ele>
    <time>2025-08-10T05:26:10Z</time>
   </trkpt>
   <trkpt lat="25.0263810" lon="121.4287860">
    <ele>14.4</ele>
    <time>2025-08-10T05:26:11Z</time>
   </trkpt>
   <trkpt lat="25.0263830" lon="121.4287860">
    <ele>14.4</ele>
    <time>2025-08-10T05:26:12Z</time>
   </trkpt>
   <trkpt lat="25.0263850" lon="121.4287860">
    <ele>14.4</ele>
    <time>2025-08-10T05:26:13Z</time>
   </trkpt>
   <trkpt lat="25.0263860" lon="121.4287860">
    <ele>14.4</ele>
    <time>2025-08-10T05:26:14Z</time>
   </trkpt>
   <trkpt lat="25.0263880" lon="121.4287850">
    <ele>14.4</ele>
    <time>2025-08-10T05:26:15Z</time>
   </trkpt>
   <trkpt lat="25.0263900" lon="121.4287850">
    <ele>14.4</ele>
    <time>2025-08-10T05:26:16Z</time>
   </trkpt>
   <trkpt lat="25.0263910" lon="121.4287850">
    <ele>14.4</ele>
    <time>2025-08-10T05:26:17Z</time>
   </trkpt>
   <trkpt lat="25.0263930" lon="121.4287850">
    <ele>14.4</ele>
    <time>2025-08-10T05:26:18Z</time>
   </trkpt>
   <trkpt lat="25.0263950" lon="121.4287850">
    <ele>14.4</ele>
    <time>2025-08-10T05:26:19Z</time>
   </trkpt>
   <trkpt lat="25.0263970" lon="121.4287850">
    <ele>14.4</ele>
    <time>2025-08-10T05:26:20Z</time>
   </trkpt>
   <trkpt lat="25.0263980" lon="121.4287850">
    <ele>14.4</ele>
    <time>2025-08-10T05:26:21Z</time>
   </trkpt>
   <trkpt lat="25.0264000" lon="121.4287850">
    <ele>14.4</ele>
    <time>2025-08-10T05:26:22Z</time>
   </trkpt>
   <trkpt lat="25.0264020" lon="121.4287840">
    <ele>14.4</ele>
    <time>2025-08-10T05:26:23Z</time>
   </trkpt>
   <trkpt lat="25.0264030" lon="121.4287840">
    <ele>14.4</ele>
    <time>2025-08-10T05:26:24Z</time>
   </trkpt>
   <trkpt lat="25.0264050" lon="121.4287840">
    <ele>14.4</ele>
    <time>2025-08-10T05:26:25Z</time>
   </trkpt>
   <trkpt lat="25.0264070" lon="121.4287840">
    <ele>14.4</ele>
    <time>2025-08-10T05:26:26Z</time>
   </trkpt>
   <trkpt lat="25.0264090" lon="121.4287840">
    <ele>14.4</ele>
    <time>2025-08-10T05:26:27Z</time>
   </trkpt>
   <trkpt lat="25.0264100" lon="121.4287840">
    <ele>14.4</ele>
    <time>2025-08-10T05:26:28Z</time>
   </trkpt>
   <trkpt lat="25.0264120" lon="121.4287840">
    <ele>14.4</ele>
    <time>2025-08-10T05:26:29Z</time>
   </trkpt>
   <trkpt lat="25.0264140" lon="121.4287830">
    <ele>14.4</ele>
    <time>2025-08-10T05:26:30Z</time>
   </trkpt>
   <trkpt lat="25.0264160" lon="121.4287830">
    <ele>14.4</ele>
    <time>2025-08-10T05:26:31Z</time>
   </trkpt>
   <trkpt lat="25.0264170" lon="121.4287830">
    <ele>14.4</ele>
    <time>2025-08-10T05:26:32Z</time>
   </trkpt>
   <trkpt lat="25.0264190" lon="121.4287830">
    <ele>14.4</ele>
    <time>2025-08-10T05:26:33Z</time>
   </trkpt>
   <trkpt lat="25.0264490" lon="121.4287890">
    <ele>14.4</ele>
    <time>2025-08-10T05:26:34Z</time>
   </trkpt>
   <trkpt lat="25.0264680" lon="121.4287930">
    <ele>14.4</ele>
    <time>2025-08-10T05:26:35Z</time>
   </trkpt>
   <trkpt lat="25.0264760" lon="121.4287960">
    <ele>14.4</ele>
    <time>2025-08-10T05:26:36Z</time>
   </trkpt>
   <trkpt lat="25.0264380" lon="121.4287880">
    <ele>14.4</ele>
    <time>2025-08-10T05:26:37Z</time>
   </trkpt>
   <trkpt lat="25.0263980" lon="121.4287800">
    <ele>14.4</ele>
    <time>2025-08-10T05:26:38Z</time>
   </trkpt>
   <trkpt lat="25.0263710" lon="121.4287750">
    <ele>14.4</ele>
    <time>2025-08-10T05:26:39Z</time>
   </trkpt>
   <trkpt lat="25.0263870" lon="121.4287840">
    <ele>14.4</ele>
    <time>2025-08-10T05:26:40Z</time>
   </trkpt>
   <trkpt lat="25.0264090" lon="121.4287930">
    <ele>14.4</ele>
    <time>2025-08-10T05:26:41Z</time>
   </trkpt>
   <trkpt lat="25.0264300" lon="121.4288030">
    <ele>14.4</ele>
    <time>2025-08-10T05:26:42Z</time>
   </trkpt>
   <trkpt lat="25.0264510" lon="121.4288130">
    <ele>14.4</ele>
    <time>2025-08-10T05:26:43Z</time>
   </trkpt>
   <trkpt lat="25.0264750" lon="121.4288190">
    <ele>14.4</ele>
    <time>2025-08-10T05:26:44Z</time>
   </trkpt>
   <trkpt lat="25.0264830" lon="121.4288210">
    <ele>14.4</ele>
    <time>2025-08-10T05:26:45Z</time>
   </trkpt>
   <trkpt lat="25.0264580" lon="121.4288180">
    <ele>14.4</ele>
    <time>2025-08-10T05:26:46Z</time>
   </trkpt>
   <trkpt lat="25.0264340" lon="121.4288140">
    <ele>14.4</ele>
    <time>2025-08-10T05:26:47Z</time>
   </trkpt>
   <trkpt lat="25.0264090" lon="121.4288090">
    <ele>14.4</ele>
    <time>2025-08-10T05:26:48Z</time>
   </trkpt>
   <trkpt lat="25.0263770" lon="121.4288010">
    <ele>14.4</ele>
    <time>2025-08-10T05:26:49Z</time>
   </trkpt>
   <trkpt lat="25.0263720" lon="121.4287990">
    <ele>14.4</ele>
    <time>2025-08-10T05:26:50Z</time>
   </trkpt>
   <trkpt lat="25.0263740" lon="121.4287990">
    <ele>14.4</ele>
    <time>2025-08-10T05:26:51Z</time>
   </trkpt>
   <trkpt lat="25.0263770" lon="121.4287980">
    <ele>14.4</ele>
    <time>2025-08-10T05:26:52Z</time>
   </trkpt>
   <trkpt lat="25.0263790" lon="121.4287980">
    <ele>14.4</ele>
    <time>2025-08-10T05:26:53Z</time>
   </trkpt>
   <trkpt lat="25.0263820" lon="121.4287980">
    <ele>14.4</ele>
    <time>2025-08-10T05:26:54Z</time>
   </trkpt>
   <trkpt lat="25.0263840" lon="121.4287980">
    <ele>14.4</ele>
    <time>2025-08-10T05:26:55Z</time>
   </trkpt>
   <trkpt lat="25.0263870" lon="121.4287980">
    <ele>14.4</ele>
    <time>2025-08-10T05:26:56Z</time>
   </trkpt>
   <trkpt lat="25.0263890" lon="121.4287970">
    <ele>14.4</ele>
    <time>2025-08-10T05:26:57Z</time>
   </trkpt>
   <trkpt lat="25.0263920" lon="121.4287970">
    <ele>14.4</ele>
    <time>2025-08-10T05:26:58Z</time>
   </trkpt>
   <trkpt lat="25.0263940" lon="121.4287970">
    <ele>14.4</ele>
    <time>2025-08-10T05:26:59Z</time>
   </trkpt>
   <trkpt lat="25.0263970" lon="121.4287970">
    <ele>14.4</ele>
    <time>2025-08-10T05:27:00Z</time>
   </trkpt>
   <trkpt lat="25.0263990" lon="121.4287960">
    <ele>14.4</ele>
    <time>2025-08-10T05:27:01Z</time>
   </trkpt>
   <trkpt lat="25.0264020" lon="121.4287960">
    <ele>14.4</ele>
    <time>2025-08-10T05:27:02Z</time>
   </trkpt>
   <trkpt lat="25.0264040" lon="121.4287960">
    <ele>14.4</ele>
    <time>2025-08-10T05:27:03Z</time>
   </trkpt>
   <trkpt lat="25.0264070" lon="121.4287960">
    <ele>14.4</ele>
    <time>2025-08-10T05:27:04Z</time>
   </trkpt>
   <trkpt lat="25.0264090" lon="121.4287960">
    <ele>14.4</ele>
    <time>2025-08-10T05:27:05Z</time>
   </trkpt>
   <trkpt lat="25.0264120" lon="121.4287950">
    <ele>14.4</ele>
    <time>2025-08-10T05:27:06Z</time>
   </trkpt>
   <trkpt lat="25.0264140" lon="121.4287950">
    <ele>14.4</ele>
    <time>2025-08-10T05:27:07Z</time>
   </trkpt>
   <trkpt lat="25.0264170" lon="121.4287950">
    <ele>14.4</ele>
    <time>2025-08-10T05:27:08Z</time>
   </trkpt>
   <trkpt lat="25.0264310" lon="121.4287940">
    <ele>14.4</ele>
    <time>2025-08-10T05:27:09Z</time>
   </trkpt>
   <trkpt lat="25.0264390" lon="121.4287930">
    <ele>14.4</ele>
    <time>2025-08-10T05:27:10Z</time>
   </trkpt>
   <trkpt lat="25.0264440" lon="121.4287920">
    <ele>14.4</ele>
    <time>2025-08-10T05:27:11Z</time>
   </trkpt>
   <trkpt lat="25.0264350" lon="121.4288000">
    <ele>14.4</ele>
    <time>2025-08-10T05:27:12Z</time>
   </trkpt>
   <trkpt lat="25.0264220" lon="121.4288090">
    <ele>14.4</ele>
    <time>2025-08-10T05:27:13Z</time>
   </trkpt>
   <trkpt lat="25.0264100" lon="121.4288170">
    <ele>14.4</ele>
    <time>2025-08-10T05:27:14Z</time>
   </trkpt>
   <trkpt lat="25.0263990" lon="121.4288270">
    <ele>14.4</ele>
    <time>2025-08-10T05:27:15Z</time>
   </trkpt>
   <trkpt lat="25.0263900" lon="121.4288330">
    <ele>14.4</ele>
    <time>2025-08-10T05:27:16Z</time>
   </trkpt>
   <trkpt lat="25.0263840" lon="121.4288370">
    <ele>14.4</ele>
    <time>2025-08-10T05:27:17Z</time>
   </trkpt>
   <trkpt lat="25.0263580" lon="121.4288040">
    <ele>14.4</ele>
    <time>2025-08-10T05:27:18Z</time>
   </trkpt>
   <trkpt lat="25.0263440" lon="121.4287920">
    <ele>14.4</ele>
    <time>2025-08-10T05:27:19Z</time>
   </trkpt>
   <trkpt lat="25.0263370" lon="121.4287830">
    <ele>14.4</ele>
    <time>2025-08-10T05:27:21Z</time>
   </trkpt>
   <trkpt lat="25.0263360" lon="121.4287810">
    <ele>14.4</ele>
    <time>2025-08-10T05:27:22Z</time>
   </trkpt>
   <trkpt lat="25.0263310" lon="121.4287690">
    <ele>14.4</ele>
    <time>2025-08-10T05:27:23Z</time>
   </trkpt>
   <trkpt lat="25.0263320" lon="121.4287630">
    <ele>14.4</ele>
    <time>2025-08-10T05:27:24Z</time>
   </trkpt>
   <trkpt lat="25.0263330" lon="121.4287600">
    <ele>14.4</ele>
    <time>2025-08-10T05:27:25Z</time>
   </trkpt>
   <trkpt lat="25.0263350" lon="121.4287580">
    <ele>14.4</ele>
    <time>2025-08-10T05:27:26Z</time>
   </trkpt>
   <trkpt lat="25.0263370" lon="121.4287590">
    <ele>14.4</ele>
    <time>2025-08-10T05:27:27Z</time>
   </trkpt>
   <trkpt lat="25.0263580" lon="121.4287800">
    <ele>14.4</ele>
    <time>2025-08-10T05:27:28Z</time>
   </trkpt>
   <trkpt lat="25.0263680" lon="121.4287900">
    <ele>14.4</ele>
    <time>2025-08-10T05:27:29Z</time>
   </trkpt>
   <trkpt lat="25.0263730" lon="121.4287940">
    <ele>14.4</ele>
    <time>2025-08-10T05:27:30Z</time>
   </trkpt>
   <trkpt lat="25.0263760" lon="121.4287960">
    <ele>14.4</ele>
    <time>2025-08-10T05:27:31Z</time>
   </trkpt>
   <trkpt lat="25.0263780" lon="121.4287970">
    <ele>14.4</ele>
    <time>2025-08-10T05:27:32Z</time>
   </trkpt>
   <trkpt lat="25.0263810" lon="121.4287990">
    <ele>14.4</ele>
    <time>2025-08-10T05:27:33Z</time>
   </trkpt>
   <trkpt lat="25.0263840" lon="121.4288010">
    <ele>14.4</ele>
    <time>2025-08-10T05:27:34Z</time>
   </trkpt>
   <trkpt lat="25.0263870" lon="121.4288030">
    <ele>14.4</ele>
    <time>2025-08-10T05:27:35Z</time>
   </trkpt>
   <trkpt lat="25.0263900" lon="121.4288050">
    <ele>14.4</ele>
    <time>2025-08-10T05:27:36Z</time>
   </trkpt>
   <trkpt lat="25.0263930" lon="121.4288070">
    <ele>14.4</ele>
    <time>2025-08-10T05:27:37Z</time>
   </trkpt>
   <trkpt lat="25.0263950" lon="121.4288080">
    <ele>14.4</ele>
    <time>2025-08-10T05:27:38Z</time>
   </trkpt>
   <trkpt lat="25.0263980" lon="121.4288100">
    <ele>14.4</ele>
    <time>2025-08-10T05:27:39Z</time>
   </trkpt>
   <trkpt lat="25.0264010" lon="121.4288120">
    <ele>14.4</ele>
    <time>2025-08-10T05:27:40Z</time>
   </trkpt>
   <trkpt lat="25.0264100" lon="121.4288140">
    <ele>14.4</ele>
    <time>2025-08-10T05:27:41Z</time>
   </trkpt>
   <trkpt lat="25.0264790" lon="121.4288080">
    <ele>14.5</ele>
    <time>2025-08-10T05:27:48Z</time>
   </trkpt>
   <trkpt lat="25.0264800" lon="121.4288130">
    <ele>14.5</ele>
    <time>2025-08-10T05:27:53Z</time>
   </trkpt>
   <trkpt lat="25.0263970" lon="121.4288090">
    <ele>14.5</ele>
    <time>2025-08-10T05:27:58Z</time>
   </trkpt>
   <trkpt lat="25.0263520" lon="121.4287950">
    <ele>14.5</ele>
    <time>2025-08-10T05:28:03Z</time>
   </trkpt>
   <trkpt lat="25.0263250" lon="121.4287770">
    <ele>14.5</ele>
    <time>2025-08-10T05:28:08Z</time>
   </trkpt>
   <trkpt lat="25.0264590" lon="121.4288290">
    <ele>14.5</ele>
    <time>2025-08-10T05:28:13Z</time>
   </trkpt>
   <trkpt lat="25.0263700" lon="121.4288150">
    <ele>14.5</ele>
    <time>2025-08-10T05:28:19Z</time>
   </trkpt>
   <trkpt lat="25.0263770" lon="121.4288080">
    <ele>14.5</ele>
    <time>2025-08-10T05:28:20Z</time>
   </trkpt>
   <trkpt lat="25.0263800" lon="121.4288070">
    <ele>14.5</ele>
    <time>2025-08-10T05:28:25Z</time>
   </trkpt>
   <trkpt lat="25.0263610" lon="121.4287910">
    <ele>14.5</ele>
    <time>2025-08-10T05:28:30Z</time>
   </trkpt>
   <trkpt lat="25.0263510" lon="121.4287860">
    <ele>14.5</ele>
    <time>2025-08-10T05:28:31Z</time>
   </trkpt>
   <trkpt lat="25.0263490" lon="121.4287860">
    <ele>14.5</ele>
    <time>2025-08-10T05:28:32Z</time>
   </trkpt>
   <trkpt lat="25.0263490" lon="121.4287850">
    <ele>14.5</ele>
    <time>2025-08-10T05:28:33Z</time>
   </trkpt>
   <trkpt lat="25.0263480" lon="121.4287850">
    <ele>14.5</ele>
    <time>2025-08-10T05:28:34Z</time>
   </trkpt>
   <trkpt lat="25.0263440" lon="121.4287900">
    <ele>14.5</ele>
    <time>2025-08-10T05:28:35Z</time>
   </trkpt>
   <trkpt lat="25.0263440" lon="121.4287920">
    <ele>14.5</ele>
    <time>2025-08-10T05:28:36Z</time>
   </trkpt>
   <trkpt lat="25.0263430" lon="121.4287930">
    <ele>14.5</ele>
    <time>2025-08-10T05:28:37Z</time>
   </trkpt>
   <trkpt lat="25.0263430" lon="121.4287930">
    <ele>14.5</ele>
    <time>2025-08-10T05:28:38Z</time>
   </trkpt>
   <trkpt lat="25.0263400" lon="121.4287930">
    <ele>14.5</ele>
    <time>2025-08-10T05:28:39Z</time>
   </trkpt>
   <trkpt lat="25.0263330" lon="121.4287990">
    <ele>14.5</ele>
    <time>2025-08-10T05:28:40Z</time>
   </trkpt>
   <trkpt lat="25.0263310" lon="121.4288000">
    <ele>14.5</ele>
    <time>2025-08-10T05:28:41Z</time>
   </trkpt>
   <trkpt lat="25.0263300" lon="121.4288010">
    <ele>14.5</ele>
    <time>2025-08-10T05:28:42Z</time>
   </trkpt>
   <trkpt lat="25.0263280" lon="121.4288020">
    <ele>14.5</ele>
    <time>2025-08-10T05:28:43Z</time>
   </trkpt>
   <trkpt lat="25.0263280" lon="121.4288020">
    <ele>14.5</ele>
    <time>2025-08-10T05:28:44Z</time>
   </trkpt>
   <trkpt lat="25.0263260" lon="121.4288110">
    <ele>14.5</ele>
    <time>2025-08-10T05:28:45Z</time>
   </trkpt>
   <trkpt lat="25.0263180" lon="121.4288160">
    <ele>14.5</ele>
    <time>2025-08-10T05:28:46Z</time>
   </trkpt>
   <trkpt lat="25.0263120" lon="121.4288190">
    <ele>14.5</ele>
    <time>2025-08-10T05:28:47Z</time>
   </trkpt>
   <trkpt lat="25.0263050" lon="121.4288230">
    <ele>14.5</ele>
    <time>2025-08-10T05:28:50Z</time>
   </trkpt>
   <trkpt lat="25.0262980" lon="121.4288260">
    <ele>14.5</ele>
    <time>2025-08-10T05:28:52Z</time>
   </trkpt>
   <trkpt lat="25.0262920" lon="121.4288300">
    <ele>14.5</ele>
    <time>2025-08-10T05:28:55Z</time>
   </trkpt>
   <trkpt lat="25.0262850" lon="121.4288330">
    <ele>14.5</ele>
    <time>2025-08-10T05:28:56Z</time>
   </trkpt>
   <trkpt lat="25.0262780" lon="121.4288360">
    <ele>14.5</ele>
    <time>2025-08-10T05:28:57Z</time>
   </trkpt>
   <trkpt lat="25.0262720" lon="121.4288390">
    <ele>14.5</ele>
    <time>2025-08-10T05:28:58Z</time>
   </trkpt>
   <trkpt lat="25.0262650" lon="121.4288410">
    <ele>14.5</ele>
    <time>2025-08-10T05:29:00Z</time>
   </trkpt>
   <trkpt lat="25.0262580" lon="121.4288440">
    <ele>14.5</ele>
    <time>2025-08-10T05:29:05Z</time>
   </trkpt>
   <trkpt lat="25.0262510" lon="121.4288460">
    <ele>14.5</ele>
    <time>2025-08-10T05:29:06Z</time>
   </trkpt>
   <trkpt lat="25.0262450" lon="121.4288490">
    <ele>14.5</ele>
    <time>2025-08-10T05:29:07Z</time>
   </trkpt>
   <trkpt lat="25.0262380" lon="121.4288510">
    <ele>14.5</ele>
    <time>2025-08-10T05:29:08Z</time>
   </trkpt>
   <trkpt lat="25.0262020" lon="121.4288540">
    <ele>14.5</ele>
    <time>2025-08-10T05:29:09Z</time>
   </trkpt>
   <trkpt lat="25.0261910" lon="121.4288550">
    <ele>14.5</ele>
    <time>2025-08-10T05:29:10Z</time>
   </trkpt>
   <trkpt lat="25.0261890" lon="121.4288510">
    <ele>14.5</ele>
    <time>2025-08-10T05:29:11Z</time>
   </trkpt>
   <trkpt lat="25.0261900" lon="121.4288460">
    <ele>14.5</ele>
    <time>2025-08-10T05:29:12Z</time>
   </trkpt>
   <trkpt lat="25.0261910" lon="121.4288430">
    <ele>14.5</ele>
    <time>2025-08-10T05:29:13Z</time>
   </trkpt>
   <trkpt lat="25.0261910" lon="121.4288380">
    <ele>14.5</ele>
    <time>2025-08-10T05:29:14Z</time>
   </trkpt>
   <trkpt lat="25.0261920" lon="121.4288450">
    <ele>14.7</ele>
    <time>2025-08-10T05:29:15Z</time>
   </trkpt>
   <trkpt lat="25.0261920" lon="121.4288530">
    <ele>14.7</ele>
    <time>2025-08-10T05:29:16Z</time>
   </trkpt>
   <trkpt lat="25.0261920" lon="121.4288590">
    <ele>14.7</ele>
    <time>2025-08-10T05:29:17Z</time>
   </trkpt>
   <trkpt lat="25.0261910" lon="121.4288640">
    <ele>14.7</ele>
    <time>2025-08-10T05:29:18Z</time>
   </trkpt>
   <trkpt lat="25.0261930" lon="121.4288670">
    <ele>14.8</ele>
    <time>2025-08-10T05:29:19Z</time>
   </trkpt>
   <trkpt lat="25.0261950" lon="121.4288690">
    <ele>14.8</ele>
    <time>2025-08-10T05:29:20Z</time>
   </trkpt>
   <trkpt lat="25.0261730" lon="121.4288630">
    <ele>14.8</ele>
    <time>2025-08-10T05:29:21Z</time>
   </trkpt>
   <trkpt lat="25.0261590" lon="121.4288590">
    <ele>14.9</ele>
    <time>2025-08-10T05:29:22Z</time>
   </trkpt>
   <trkpt lat="25.0261450" lon="121.4288510">
    <ele>14.9</ele>
    <time>2025-08-10T05:29:23Z</time>
   </trkpt>
   <trkpt lat="25.0261410" lon="121.4288440">
    <ele>14.9</ele>
    <time>2025-08-10T05:29:24Z</time>
   </trkpt>
   <trkpt lat="25.0261370" lon="121.4288370">
    <ele>15.0</ele>
    <time>2025-08-10T05:29:25Z</time>
   </trkpt>
   <trkpt lat="25.0261330" lon="121.4288300">
    <ele>15.0</ele>
    <time>2025-08-10T05:29:26Z</time>
   </trkpt>
   <trkpt lat="25.0261280" lon="121.4288170">
    <ele>15.0</ele>
    <time>2025-08-10T05:29:27Z</time>
   </trkpt>
   <trkpt lat="25.0261270" lon="121.4288120">
    <ele>15.0</ele>
    <time>2025-08-10T05:29:28Z</time>
   </trkpt>
   <trkpt lat="25.0261280" lon="121.4288120">
    <ele>15.0</ele>
    <time>2025-08-10T05:29:29Z</time>
   </trkpt>
   <trkpt lat="25.0261280" lon="121.4288130">
    <ele>15.0</ele>
    <time>2025-08-10T05:29:30Z</time>
   </trkpt>
   <trkpt lat="25.0261390" lon="121.4288150">
    <ele>15.1</ele>
    <time>2025-08-10T05:29:31Z</time>
   </trkpt>
   <trkpt lat="25.0261460" lon="121.4288140">
    <ele>15.1</ele>
    <time>2025-08-10T05:29:32Z</time>
   </trkpt>
   <trkpt lat="25.0261510" lon="121.4288130">
    <ele>15.1</ele>
    <time>2025-08-10T05:29:33Z</time>
   </trkpt>
   <trkpt lat="25.0261550" lon="121.4288120">
    <ele>15.1</ele>
    <time>2025-08-10T05:29:34Z</time>
   </trkpt>
   <trkpt lat="25.0261570" lon="121.4288090">
    <ele>15.1</ele>
    <time>2025-08-10T05:29:35Z</time>
   </trkpt>
   <trkpt lat="25.0261580" lon="121.4288060">
    <ele>15.1</ele>
    <time>2025-08-10T05:29:36Z</time>
   </trkpt>
   <trkpt lat="25.0261590" lon="121.4288050">
    <ele>15.1</ele>
    <time>2025-08-10T05:29:37Z</time>
   </trkpt>
   <trkpt lat="25.0261580" lon="121.4288040">
    <ele>15.1</ele>
    <time>2025-08-10T05:29:38Z</time>
   </trkpt>
   <trkpt lat="25.0261540" lon="121.4288050">
    <ele>15.1</ele>
    <time>2025-08-10T05:29:39Z</time>
   </trkpt>
   <trkpt lat="25.0261530" lon="121.4288060">
    <ele>15.1</ele>
    <time>2025-08-10T05:29:40Z</time>
   </trkpt>
   <trkpt lat="25.0261520" lon="121.4288080">
    <ele>15.1</ele>
    <time>2025-08-10T05:29:41Z</time>
   </trkpt>
   <trkpt lat="25.0261420" lon="121.4288110">
    <ele>15.2</ele>
    <time>2025-08-10T05:29:42Z</time>
   </trkpt>
   <trkpt lat="25.0261350" lon="121.4288110">
    <ele>15.2</ele>
    <time>2025-08-10T05:29:43Z</time>
   </trkpt>
   <trkpt lat="25.0261310" lon="121.4288100">
    <ele>15.2</ele>
    <time>2025-08-10T05:29:44Z</time>
   </trkpt>
   <trkpt lat="25.0261280" lon="121.4288100">
    <ele>15.2</ele>
    <time>2025-08-10T05:29:45Z</time>
   </trkpt>
   <trkpt lat="25.0261260" lon="121.4288090">
    <ele>15.2</ele>
    <time>2025-08-10T05:29:46Z</time>
   </trkpt>
   <trkpt lat="25.0261400" lon="121.4288110">
    <ele>15.3</ele>
    <time>2025-08-10T05:29:47Z</time>
   </trkpt>
   <trkpt lat="25.0261490" lon="121.4288120">
    <ele>15.3</ele>
    <time>2025-08-10T05:29:48Z</time>
   </trkpt>
   <trkpt lat="25.0261550" lon="121.4288130">
    <ele>15.3</ele>
    <time>2025-08-10T05:29:49Z</time>
   </trkpt>
   <trkpt lat="25.0261580" lon="121.4288150">
    <ele>15.3</ele>
    <time>2025-08-10T05:29:50Z</time>
   </trkpt>
   <trkpt lat="25.0261590" lon="121.4288110">
    <ele>15.3</ele>
    <time>2025-08-10T05:29:51Z</time>
   </trkpt>
   <trkpt lat="25.0261500" lon="121.4288060">
    <ele>15.4</ele>
    <time>2025-08-10T05:29:52Z</time>
   </trkpt>
   <trkpt lat="25.0261440" lon="121.4288010">
    <ele>15.4</ele>
    <time>2025-08-10T05:29:53Z</time>
   </trkpt>
   <trkpt lat="25.0261400" lon="121.4288000">
    <ele>15.4</ele>
    <time>2025-08-10T05:29:54Z</time>
   </trkpt>
   <trkpt lat="25.0261370" lon="121.4288010">
    <ele>15.4</ele>
    <time>2025-08-10T05:29:55Z</time>
   </trkpt>
   <trkpt lat="25.0261340" lon="121.4288030">
    <ele>15.4</ele>
    <time>2025-08-10T05:29:56Z</time>
   </trkpt>
   <trkpt lat="25.0261350" lon="121.4288090">
    <ele>15.4</ele>
    <time>2025-08-10T05:29:57Z</time>
   </trkpt>
   <trkpt lat="25.0261360" lon="121.4288120">
    <ele>15.4</ele>
    <time>2025-08-10T05:29:58Z</time>
   </trkpt>
   <trkpt lat="25.0261370" lon="121.4288150">
    <ele>15.4</ele>
    <time>2025-08-10T05:29:59Z</time>
   </trkpt>
   <trkpt lat="25.0261370" lon="121.4288170">
    <ele>15.4</ele>
    <time>2025-08-10T05:30:00Z</time>
   </trkpt>
   <trkpt lat="25.0261380" lon="121.4288180">
    <ele>15.4</ele>
    <time>2025-08-10T05:30:01Z</time>
   </trkpt>
   <trkpt lat="25.0261430" lon="121.4288220">
    <ele>15.5</ele>
    <time>2025-08-10T05:30:02Z</time>
   </trkpt>
   <trkpt lat="25.0261470" lon="121.4288230">
    <ele>15.5</ele>
    <time>2025-08-10T05:30:03Z</time>
   </trkpt>
   <trkpt lat="25.0261510" lon="121.4288200">
    <ele>15.5</ele>
    <time>2025-08-10T05:30:04Z</time>
   </trkpt>
   <trkpt lat="25.0261510" lon="121.4288160">
    <ele>15.5</ele>
    <time>2025-08-10T05:30:05Z</time>
   </trkpt>
   <trkpt lat="25.0261500" lon="121.4288110">
    <ele>15.5</ele>
    <time>2025-08-10T05:30:06Z</time>
   </trkpt>
   <trkpt lat="25.0261370" lon="121.4288040">
    <ele>15.6</ele>
    <time>2025-08-10T05:30:07Z</time>
   </trkpt>
   <trkpt lat="25.0261320" lon="121.4288010">
    <ele>15.6</ele>
    <time>2025-08-10T05:30:08Z</time>
   </trkpt>
   <trkpt lat="25.0261300" lon="121.4287990">
    <ele>15.6</ele>
    <time>2025-08-10T05:30:09Z</time>
   </trkpt>
   <trkpt lat="25.0261320" lon="121.4288030">
    <ele>15.6</ele>
    <time>2025-08-10T05:30:10Z</time>
   </trkpt>
   <trkpt lat="25.0261340" lon="121.4288090">
    <ele>15.6</ele>
    <time>2025-08-10T05:30:11Z</time>
   </trkpt>
   <trkpt lat="25.0261370" lon="121.4288150">
    <ele>15.6</ele>
    <time>2025-08-10T05:30:12Z</time>
   </trkpt>
   <trkpt lat="25.0261390" lon="121.4288210">
    <ele>15.6</ele>
    <time>2025-08-10T05:30:13Z</time>
   </trkpt>
   <trkpt lat="25.0261420" lon="121.4288270">
    <ele>15.7</ele>
    <time>2025-08-10T05:30:14Z</time>
   </trkpt>
   <trkpt lat="25.0261440" lon="121.4288330">
    <ele>15.7</ele>
    <time>2025-08-10T05:30:15Z</time>
   </trkpt>
   <trkpt lat="25.0261470" lon="121.4288380">
    <ele>15.7</ele>
    <time>2025-08-10T05:30:16Z</time>
   </trkpt>
   <trkpt lat="25.0261490" lon="121.4288440">
    <ele>15.7</ele>
    <time>2025-08-10T05:30:17Z</time>
   </trkpt>
   <trkpt lat="25.0261520" lon="121.4288500">
    <ele>15.7</ele>
    <time>2025-08-10T05:30:18Z</time>
   </trkpt>
   <trkpt lat="25.0261540" lon="121.4288560">
    <ele>15.7</ele>
    <time>2025-08-10T05:30:19Z</time>
   </trkpt>
   <trkpt lat="25.0261570" lon="121.4288620">
    <ele>15.8</ele>
    <time>2025-08-10T05:30:20Z</time>
   </trkpt>
   <trkpt lat="25.0261590" lon="121.4288680">
    <ele>15.8</ele>
    <time>2025-08-10T05:30:21Z</time>
   </trkpt>
   <trkpt lat="25.0261620" lon="121.4288740">
    <ele>15.8</ele>
    <time>2025-08-10T05:30:22Z</time>
   </trkpt>
   <trkpt lat="25.0261810" lon="121.4289220">
    <ele>15.9</ele>
    <time>2025-08-10T05:30:23Z</time>
   </trkpt>
   <trkpt lat="25.0261910" lon="121.4289420">
    <ele>16.0</ele>
    <time>2025-08-10T05:30:24Z</time>
   </trkpt>
   <trkpt lat="25.0261980" lon="121.4289530">
    <ele>16.0</ele>
    <time>2025-08-10T05:30:25Z</time>
   </trkpt>
   <trkpt lat="25.0261940" lon="121.4289520">
    <ele>16.0</ele>
    <time>2025-08-10T05:30:26Z</time>
   </trkpt>
   <trkpt lat="25.0261880" lon="121.4289450">
    <ele>16.0</ele>
    <time>2025-08-10T05:30:27Z</time>
   </trkpt>
   <trkpt lat="25.0261810" lon="121.4289390">
    <ele>16.1</ele>
    <time>2025-08-10T05:30:28Z</time>
   </trkpt>
   <trkpt lat="25.0261750" lon="121.4289330">
    <ele>16.1</ele>
    <time>2025-08-10T05:30:29Z</time>
   </trkpt>
   <trkpt lat="25.0261680" lon="121.4289270">
    <ele>16.1</ele>
    <time>2025-08-10T05:30:30Z</time>
   </trkpt>
   <trkpt lat="25.0261620" lon="121.4289200">
    <ele>16.1</ele>
    <time>2025-08-10T05:30:31Z</time>
   </trkpt>
   <trkpt lat="25.0261550" lon="121.4289140">
    <ele>16.2</ele>
    <time>2025-08-10T05:30:32Z</time>
   </trkpt>
   <trkpt lat="25.0261520" lon="121.4289170">
    <ele>16.2</ele>
    <time>2025-08-10T05:30:33Z</time>
   </trkpt>
   <trkpt lat="25.0261510" lon="121.4289210">
    <ele>16.2</ele>
    <time>2025-08-10T05:30:34Z</time>
   </trkpt>
   <trkpt lat="25.0261500" lon="121.4289250">
    <ele>16.2</ele>
    <time>2025-08-10T05:30:35Z</time>
   </trkpt>
   <trkpt lat="25.0261480" lon="121.4289290">
    <ele>16.2</ele>
    <time>2025-08-10T05:30:36Z</time>
   </trkpt>
   <trkpt lat="25.0261510" lon="121.4288970">
    <ele>16.3</ele>
    <time>2025-08-10T05:30:37Z</time>
   </trkpt>
   <trkpt lat="25.0261510" lon="121.4288940">
    <ele>16.3</ele>
    <time>2025-08-10T05:30:38Z</time>
   </trkpt>
   <trkpt lat="25.0261520" lon="121.4288920">
    <ele>16.3</ele>
    <time>2025-08-10T05:30:39Z</time>
   </trkpt>
   <trkpt lat="25.0261520" lon="121.4288910">
    <ele>16.3</ele>
    <time>2025-08-10T05:30:40Z</time>
   </trkpt>
   <trkpt lat="25.0261510" lon="121.4288890">
    <ele>16.3</ele>
    <time>2025-08-10T05:30:41Z</time>
   </trkpt>
   <trkpt lat="25.0261470" lon="121.4288800">
    <ele>16.3</ele>
    <time>2025-08-10T05:30:42Z</time>
   </trkpt>
   <trkpt lat="25.0261480" lon="121.4288680">
    <ele>16.4</ele>
    <time>2025-08-10T05:30:43Z</time>
   </trkpt>
   <trkpt lat="25.0261490" lon="121.4288560">
    <ele>16.4</ele>
    <time>2025-08-10T05:30:44Z</time>
   </trkpt>
   <trkpt lat="25.0261510" lon="121.4288450">
    <ele>16.4</ele>
    <time>2025-08-10T05:30:45Z</time>
   </trkpt>
   <trkpt lat="25.0261520" lon="121.4288330">
    <ele>16.5</ele>
    <time>2025-08-10T05:30:46Z</time>
   </trkpt>
   <trkpt lat="25.0261540" lon="121.4288210">
    <ele>16.5</ele>
    <time>2025-08-10T05:30:47Z</time>
   </trkpt>
   <trkpt lat="25.0261610" lon="121.4288100">
    <ele>16.5</ele>
    <time>2025-08-10T05:30:48Z</time>
   </trkpt>
   <trkpt lat="25.0261650" lon="121.4288030">
    <ele>16.5</ele>
    <time>2025-08-10T05:30:49Z</time>
   </trkpt>
   <trkpt lat="25.0261680" lon="121.4288000">
    <ele>16.6</ele>
    <time>2025-08-10T05:30:50Z</time>
   </trkpt>
   <trkpt lat="25.0261710" lon="121.4287990">
    <ele>16.6</ele>
    <time>2025-08-10T05:30:51Z</time>
   </trkpt>
   <trkpt lat="25.0261680" lon="121.4287980">
    <ele>16.6</ele>
    <time>2025-08-10T05:30:52Z</time>
   </trkpt>
   <trkpt lat="25.0261660" lon="121.4287980">
    <ele>16.6</ele>
    <time>2025-08-10T05:30:53Z</time>
   </trkpt>
   <trkpt lat="25.0261650" lon="121.4287990">
    <ele>16.6</ele>
    <time>2025-08-10T05:30:54Z</time>
   </trkpt>
   <trkpt lat="25.0261640" lon="121.4288000">
    <ele>16.6</ele>
    <time>2025-08-10T05:30:55Z</time>
   </trkpt>
   <trkpt lat="25.0261620" lon="121.4288000">
    <ele>16.6</ele>
    <time>2025-08-10T05:30:56Z</time>
   </trkpt>
   <trkpt lat="25.0261540" lon="121.4287990">
    <ele>16.6</ele>
    <time>2025-08-10T05:30:57Z</time>
   </trkpt>
   <trkpt lat="25.0261490" lon="121.4287990">
    <ele>16.6</ele>
    <time>2025-08-10T05:30:58Z</time>
   </trkpt>
   <trkpt lat="25.0261460" lon="121.4287990">
    <ele>16.6</ele>
    <time>2025-08-10T05:30:59Z</time>
   </trkpt>
   <trkpt lat="25.0261440" lon="121.4287990">
    <ele>16.6</ele>
    <time>2025-08-10T05:31:00Z</time>
   </trkpt>
   <trkpt lat="25.0261420" lon="121.4287990">
    <ele>16.7</ele>
    <time>2025-08-10T05:31:01Z</time>
   </trkpt>
   <trkpt lat="25.0261500" lon="121.4288030">
    <ele>16.7</ele>
    <time>2025-08-10T05:31:02Z</time>
   </trkpt>
   <trkpt lat="25.0261540" lon="121.4288060">
    <ele>16.7</ele>
    <time>2025-08-10T05:31:03Z</time>
   </trkpt>
   <trkpt lat="25.0261570" lon="121.4288090">
    <ele>16.7</ele>
    <time>2025-08-10T05:31:04Z</time>
   </trkpt>
   <trkpt lat="25.0261580" lon="121.4288110">
    <ele>16.7</ele>
    <time>2025-08-10T05:31:05Z</time>
   </trkpt>
   <trkpt lat="25.0261580" lon="121.4288130">
    <ele>16.7</ele>
    <time>2025-08-10T05:31:06Z</time>
   </trkpt>
   <trkpt lat="25.0261580" lon="121.4288140">
    <ele>16.7</ele>
    <time>2025-08-10T05:31:07Z</time>
   </trkpt>
   <trkpt lat="25.0261570" lon="121.4288150">
    <ele>16.7</ele>
    <time>2025-08-10T05:31:08Z</time>
   </trkpt>
   <trkpt lat="25.0261560" lon="121.4288150">
    <ele>16.7</ele>
    <time>2025-08-10T05:31:09Z</time>
   </trkpt>
   <trkpt lat="25.0261510" lon="121.4288180">
    <ele>16.7</ele>
    <time>2025-08-10T05:31:10Z</time>
   </trkpt>
   <trkpt lat="25.0261450" lon="121.4288210">
    <ele>16.8</ele>
    <time>2025-08-10T05:31:11Z</time>
   </trkpt>
   <trkpt lat="25.0261630" lon="121.4288000">
    <ele>16.8</ele>
    <time>2025-08-10T05:31:16Z</time>
   </trkpt>
   <trkpt lat="25.0261650" lon="121.4287970">
    <ele>16.8</ele>
    <time>2025-08-10T05:31:19Z</time>
   </trkpt>
   <trkpt lat="25.0261920" lon="121.4287990">
    <ele>16.9</ele>
    <time>2025-08-10T05:31:24Z</time>
   </trkpt>
   <trkpt lat="25.0262220" lon="121.4288030">
    <ele>17.0</ele>
    <time>2025-08-10T05:31:29Z</time>
   </trkpt>
   <trkpt lat="25.0262570" lon="121.4288660">
    <ele>17.2</ele>
    <time>2025-08-10T05:31:34Z</time>
   </trkpt>
   <trkpt lat="25.0263040" lon="121.4288870">
    <ele>17.3</ele>
    <time>2025-08-10T05:31:39Z</time>
   </trkpt>
   <trkpt lat="25.0263310" lon="121.4288830">
    <ele>17.4</ele>
    <time>2025-08-10T05:31:44Z</time>
   </trkpt>
   <trkpt lat="25.0263500" lon="121.4288930">
    <ele>17.5</ele>
    <time>2025-08-10T05:31:49Z</time>
   </trkpt>
   <trkpt lat="25.0263100" lon="121.4289100">
    <ele>17.6</ele>
    <time>2025-08-10T05:31:55Z</time>
   </trkpt>
   <trkpt lat="25.0263290" lon="121.4289940">
    <ele>17.8</ele>
    <time>2025-08-10T05:32:00Z</time>
   </trkpt>
   <trkpt lat="25.0262930" lon="121.4288860">
    <ele>16.0</ele>
    <time>2025-08-10T05:32:05Z</time>
   </trkpt>
   <trkpt lat="25.0263020" lon="121.4289260">
    <ele>15.9</ele>
    <time>2025-08-10T05:32:10Z</time>
   </trkpt>
   <trkpt lat="25.0263080" lon="121.4289300">
    <ele>15.9</ele>
    <time>2025-08-10T05:32:15Z</time>
   </trkpt>
   <trkpt lat="25.0263150" lon="121.4289350">
    <ele>15.8</ele>
    <time>2025-08-10T05:32:20Z</time>
   </trkpt>
   <trkpt lat="25.0263210" lon="121.4289390">
    <ele>15.8</ele>
    <time>2025-08-10T05:32:25Z</time>
   </trkpt>
   <trkpt lat="25.0263270" lon="121.4289430">
    <ele>15.8</ele>
    <time>2025-08-10T05:32:26Z</time>
   </trkpt>
   <trkpt lat="25.0263330" lon="121.4289470">
    <ele>15.8</ele>
    <time>2025-08-10T05:32:27Z</time>
   </trkpt>
   <trkpt lat="25.0263390" lon="121.4289510">
    <ele>15.7</ele>
    <time>2025-08-10T05:32:28Z</time>
   </trkpt>
   <trkpt lat="25.0263460" lon="121.4289560">
    <ele>15.7</ele>
    <time>2025-08-10T05:32:29Z</time>
   </trkpt>
   <trkpt lat="25.0263520" lon="121.4289600">
    <ele>15.7</ele>
    <time>2025-08-10T05:32:30Z</time>
   </trkpt>
   <trkpt lat="25.0263580" lon="121.4289640">
    <ele>15.7</ele>
    <time>2025-08-10T05:32:31Z</time>
   </trkpt>
   <trkpt lat="25.0263610" lon="121.4289770">
    <ele>15.6</ele>
    <time>2025-08-10T05:32:35Z</time>
   </trkpt>
   <trkpt lat="25.0262450" lon="121.4289330">
    <ele>15.3</ele>
    <time>2025-08-10T05:32:41Z</time>
   </trkpt>
   <trkpt lat="25.0261900" lon="121.4289020">
    <ele>14.6</ele>
    <time>2025-08-10T05:32:45Z</time>
   </trkpt>
   <trkpt lat="25.0261660" lon="121.4288810">
    <ele>14.6</ele>
    <time>2025-08-10T05:32:47Z</time>
   </trkpt>
   <trkpt lat="25.0261430" lon="121.4288610">
    <ele>14.7</ele>
    <time>2025-08-10T05:32:48Z</time>
   </trkpt>
   <trkpt lat="25.0261330" lon="121.4288650">
    <ele>14.7</ele>
    <time>2025-08-10T05:32:49Z</time>
   </trkpt>
   <trkpt lat="25.0261250" lon="121.4288720">
    <ele>14.7</ele>
    <time>2025-08-10T05:32:50Z</time>
   </trkpt>
   <trkpt lat="25.0261170" lon="121.4288790">
    <ele>14.7</ele>
    <time>2025-08-10T05:32:52Z</time>
   </trkpt>
   <trkpt lat="25.0261100" lon="121.4288870">
    <ele>14.8</ele>
    <time>2025-08-10T05:32:53Z</time>
   </trkpt>
   <trkpt lat="25.0261020" lon="121.4288940">
    <ele>14.8</ele>
    <time>2025-08-10T05:32:54Z</time>
   </trkpt>
   <trkpt lat="25.0260940" lon="121.4289010">
    <ele>14.8</ele>
    <time>2025-08-10T05:32:55Z</time>
   </trkpt>
   <trkpt lat="25.0260860" lon="121.4289080">
    <ele>14.8</ele>
    <time>2025-08-10T05:32:56Z</time>
   </trkpt>
   <trkpt lat="25.0260780" lon="121.4289150">
    <ele>14.8</ele>
    <time>2025-08-10T05:32:57Z</time>
   </trkpt>
   <trkpt lat="25.0260510" lon="121.4289330">
    <ele>14.9</ele>
    <time>2025-08-10T05:32:59Z</time>
   </trkpt>
   <trkpt lat="25.0260380" lon="121.4289450">
    <ele>14.9</ele>
    <time>2025-08-10T05:33:00Z</time>
   </trkpt>
   <trkpt lat="25.0260260" lon="121.4289580">
    <ele>14.9</ele>
    <time>2025-08-10T05:33:01Z</time>
   </trkpt>
   <trkpt lat="25.0260000" lon="121.4289560">
    <ele>15.0</ele>
    <time>2025-08-10T05:33:02Z</time>
   </trkpt>
   <trkpt lat="25.0259930" lon="121.4289580">
    <ele>15.0</ele>
    <time>2025-08-10T05:33:03Z</time>
   </trkpt>
   <trkpt lat="25.0259930" lon="121.4289620">
    <ele>15.0</ele>
    <time>2025-08-10T05:33:04Z</time>
   </trkpt>
   <trkpt lat="25.0259910" lon="121.4289690">
    <ele>15.0</ele>
    <time>2025-08-10T05:33:05Z</time>
   </trkpt>
   <trkpt lat="25.0259890" lon="121.4289790">
    <ele>15.0</ele>
    <time>2025-08-10T05:33:06Z</time>
   </trkpt>
   <trkpt lat="25.0259830" lon="121.4289810">
    <ele>15.0</ele>
    <time>2025-08-10T05:33:07Z</time>
   </trkpt>
   <trkpt lat="25.0259800" lon="121.4289910">
    <ele>15.0</ele>
    <time>2025-08-10T05:33:08Z</time>
   </trkpt>
   <trkpt lat="25.0259770" lon="121.4290040">
    <ele>15.0</ele>
    <time>2025-08-10T05:33:09Z</time>
   </trkpt>
   <trkpt lat="25.0259730" lon="121.4290160">
    <ele>15.0</ele>
    <time>2025-08-10T05:33:10Z</time>
   </trkpt>
   <trkpt lat="25.0259690" lon="121.4290190">
    <ele>15.0</ele>
    <time>2025-08-10T05:33:11Z</time>
   </trkpt>
   <trkpt lat="25.0259670" lon="121.4290290">
    <ele>15.0</ele>
    <time>2025-08-10T05:33:12Z</time>
   </trkpt>
   <trkpt lat="25.0259650" lon="121.4290290">
    <ele>15.0</ele>
    <time>2025-08-10T05:33:13Z</time>
   </trkpt>
   <trkpt lat="25.0259610" lon="121.4290300">
    <ele>15.0</ele>
    <time>2025-08-10T05:33:14Z</time>
   </trkpt>
   <trkpt lat="25.0259570" lon="121.4290250">
    <ele>15.0</ele>
    <time>2025-08-10T05:33:15Z</time>
   </trkpt>
   <trkpt lat="25.0259530" lon="121.4290230">
    <ele>15.0</ele>
    <time>2025-08-10T05:33:16Z</time>
   </trkpt>
   <trkpt lat="25.0259640" lon="121.4290260">
    <ele>15.0</ele>
    <time>2025-08-10T05:33:17Z</time>
   </trkpt>
   <trkpt lat="25.0259640" lon="121.4290250">
    <ele>15.0</ele>
    <time>2025-08-10T05:33:18Z</time>
   </trkpt>
   <trkpt lat="25.0259640" lon="121.4290170">
    <ele>15.0</ele>
    <time>2025-08-10T05:33:19Z</time>
   </trkpt>
   <trkpt lat="25.0259650" lon="121.4290130">
    <ele>15.0</ele>
    <time>2025-08-10T05:33:20Z</time>
   </trkpt>
   <trkpt lat="25.0259650" lon="121.4290120">
    <ele>15.0</ele>
    <time>2025-08-10T05:33:21Z</time>
   </trkpt>
   <trkpt lat="25.0259690" lon="121.4290190">
    <ele>15.0</ele>
    <time>2025-08-10T05:33:22Z</time>
   </trkpt>
   <trkpt lat="25.0259690" lon="121.4290190">
    <ele>15.0</ele>
    <time>2025-08-10T05:33:23Z</time>
   </trkpt>
   <trkpt lat="25.0259690" lon="121.4290190">
    <ele>15.0</ele>
    <time>2025-08-10T05:33:24Z</time>
   </trkpt>
   <trkpt lat="25.0259690" lon="121.4290190">
    <ele>15.0</ele>
    <time>2025-08-10T05:33:25Z</time>
   </trkpt>
   <trkpt lat="25.0259680" lon="121.4290200">
    <ele>15.0</ele>
    <time>2025-08-10T05:33:26Z</time>
   </trkpt>
   <trkpt lat="25.0259720" lon="121.4290260">
    <ele>15.0</ele>
    <time>2025-08-10T05:33:27Z</time>
   </trkpt>
   <trkpt lat="25.0259730" lon="121.4290270">
    <ele>15.0</ele>
    <time>2025-08-10T05:33:28Z</time>
   </trkpt>
   <trkpt lat="25.0259740" lon="121.4290280">
    <ele>15.0</ele>
    <time>2025-08-10T05:33:29Z</time>
   </trkpt>
   <trkpt lat="25.0259740" lon="121.4290290">
    <ele>15.0</ele>
    <time>2025-08-10T05:33:30Z</time>
   </trkpt>
   <trkpt lat="25.0259740" lon="121.4290300">
    <ele>15.0</ele>
    <time>2025-08-10T05:33:31Z</time>
   </trkpt>
   <trkpt lat="25.0259740" lon="121.4290320">
    <ele>15.0</ele>
    <time>2025-08-10T05:33:32Z</time>
   </trkpt>
   <trkpt lat="25.0259730" lon="121.4290330">
    <ele>15.0</ele>
    <time>2025-08-10T05:33:33Z</time>
   </trkpt>
   <trkpt lat="25.0259740" lon="121.4290330">
    <ele>15.0</ele>
    <time>2025-08-10T05:33:34Z</time>
   </trkpt>
   <trkpt lat="25.0259750" lon="121.4290330">
    <ele>15.0</ele>
    <time>2025-08-10T05:33:35Z</time>
   </trkpt>
   <trkpt lat="25.0259750" lon="121.4290330">
    <ele>15.0</ele>
    <time>2025-08-10T05:33:36Z</time>
   </trkpt>
   <trkpt lat="25.0259830" lon="121.4290470">
    <ele>15.0</ele>
    <time>2025-08-10T05:33:37Z</time>
   </trkpt>
   <trkpt lat="25.0259840" lon="121.4290500">
    <ele>15.0</ele>
    <time>2025-08-10T05:33:38Z</time>
   </trkpt>
   <trkpt lat="25.0259850" lon="121.4290520">
    <ele>15.0</ele>
    <time>2025-08-10T05:33:39Z</time>
   </trkpt>
   <trkpt lat="25.0259860" lon="121.4290530">
    <ele>15.0</ele>
    <time>2025-08-10T05:33:40Z</time>
   </trkpt>
   <trkpt lat="25.0259870" lon="121.4290550">
    <ele>15.0</ele>
    <time>2025-08-10T05:33:41Z</time>
   </trkpt>
   <trkpt lat="25.0259920" lon="121.4290630">
    <ele>15.0</ele>
    <time>2025-08-10T05:33:42Z</time>
   </trkpt>
   <trkpt lat="25.0259930" lon="121.4290660">
    <ele>15.0</ele>
    <time>2025-08-10T05:33:43Z</time>
   </trkpt>
   <trkpt lat="25.0259940" lon="121.4290690">
    <ele>15.0</ele>
    <time>2025-08-10T05:33:44Z</time>
   </trkpt>
   <trkpt lat="25.0259940" lon="121.4290710">
    <ele>15.0</ele>
    <time>2025-08-10T05:33:45Z</time>
   </trkpt>
   <trkpt lat="25.0259930" lon="121.4290710">
    <ele>15.0</ele>
    <time>2025-08-10T05:33:46Z</time>
   </trkpt>
   <trkpt lat="25.0259930" lon="121.4290720">
    <ele>15.0</ele>
    <time>2025-08-10T05:33:47Z</time>
   </trkpt>
   <trkpt lat="25.0259930" lon="121.4290730">
    <ele>15.0</ele>
    <time>2025-08-10T05:33:48Z</time>
   </trkpt>
   <trkpt lat="25.0259930" lon="121.4290730">
    <ele>15.0</ele>
    <time>2025-08-10T05:33:49Z</time>
   </trkpt>
   <trkpt lat="25.0259970" lon="121.4290770">
    <ele>15.0</ele>
    <time>2025-08-10T05:33:50Z</time>
   </trkpt>
   <trkpt lat="25.0259980" lon="121.4290770">
    <ele>15.0</ele>
    <time>2025-08-10T05:33:51Z</time>
   </trkpt>
   <trkpt lat="25.0259980" lon="121.4290770">
    <ele>15.0</ele>
    <time>2025-08-10T05:33:52Z</time>
   </trkpt>
   <trkpt lat="25.0259980" lon="121.4290770">
    <ele>15.0</ele>
    <time>2025-08-10T05:33:53Z</time>
   </trkpt>
   <trkpt lat="25.0259970" lon="121.4290770">
    <ele>15.0</ele>
    <time>2025-08-10T05:33:54Z</time>
   </trkpt>
   <trkpt lat="25.0259980" lon="121.4290640">
    <ele>15.0</ele>
    <time>2025-08-10T05:33:55Z</time>
   </trkpt>
   <trkpt lat="25.0259980" lon="121.4290630">
    <ele>15.0</ele>
    <time>2025-08-10T05:33:57Z</time>
   </trkpt>
   <trkpt lat="25.0259970" lon="121.4290630">
    <ele>15.0</ele>
    <time>2025-08-10T05:33:58Z</time>
   </trkpt>
   <trkpt lat="25.0259960" lon="121.4290630">
    <ele>15.0</ele>
    <time>2025-08-10T05:33:59Z</time>
   </trkpt>
   <trkpt lat="25.0259980" lon="121.4290600">
    <ele>15.0</ele>
    <time>2025-08-10T05:34:00Z</time>
   </trkpt>
   <trkpt lat="25.0260000" lon="121.4290570">
    <ele>15.0</ele>
    <time>2025-08-10T05:34:01Z</time>
   </trkpt>
   <trkpt lat="25.0260000" lon="121.4290560">
    <ele>15.0</ele>
    <time>2025-08-10T05:34:02Z</time>
   </trkpt>
  </trkseg>
 </trk>
</gpx>
