<?xml version="1.0" encoding="UTF-8"?>
<gpx xmlns:xsi="http://www.w3.org/2001/XMLSchema-instance" xsi:schemaLocation="http://www.topografix.com/GPX/1/1 http://www.topografix.com/GPX/1/1/gpx.xsd" creator="StravaGPX" version="1.1" xmlns="http://www.topografix.com/GPX/1/1">
 <metadata>
  <time>2025-08-14T07:02:59Z</time>
 </metadata>
 <trk>
  <name>午後騎乘</name>
  <type>cycling</type>
  <trkseg>
   <trkpt lat="25.0267470" lon="121.4268260">
    <ele>13.5</ele>
    <time>2025-08-14T07:02:59Z</time>
   </trkpt>
   <trkpt lat="25.0267570" lon="121.4268390">
    <ele>13.5</ele>
    <time>2025-08-14T07:03:02Z</time>
   </trkpt>
   <trkpt lat="25.0267680" lon="121.4268530">
    <ele>13.4</ele>
    <time>2025-08-14T07:03:03Z</time>
   </trkpt>
   <trkpt lat="25.0267780" lon="121.4268660">
    <ele>13.4</ele>
    <time>2025-08-14T07:03:04Z</time>
   </trkpt>
   <trkpt lat="25.0267890" lon="121.4268790">
    <ele>13.4</ele>
    <time>2025-08-14T07:03:05Z</time>
   </trkpt>
   <trkpt lat="25.0267990" lon="121.4268930">
    <ele>13.4</ele>
    <time>2025-08-14T07:03:06Z</time>
   </trkpt>
   <trkpt lat="25.0268100" lon="121.4269060">
    <ele>13.4</ele>
    <time>2025-08-14T07:03:07Z</time>
   </trkpt>
   <trkpt lat="25.0268200" lon="121.4269190">
    <ele>13.4</ele>
    <time>2025-08-14T07:03:08Z</time>
   </trkpt>
   <trkpt lat="25.0268310" lon="121.4269330">
    <ele>13.4</ele>
    <time>2025-08-14T07:03:09Z</time>
   </trkpt>
   <trkpt lat="25.0268410" lon="121.4269460">
    <ele>13.5</ele>
    <time>2025-08-14T07:03:49Z</time>
   </trkpt>
   <trkpt lat="25.0268520" lon="121.4269590">
    <ele>13.5</ele>
    <time>2025-08-14T07:03:50Z</time>
   </trkpt>
   <trkpt lat="25.0268620" lon="121.4269730">
    <ele>13.6</ele>
    <time>2025-08-14T07:03:51Z</time>
   </trkpt>
   <trkpt lat="25.0268730" lon="121.4269860">
    <ele>13.6</ele>
    <time>2025-08-14T07:03:52Z</time>
   </trkpt>
   <trkpt lat="25.0268830" lon="121.4269990">
    <ele>13.6</ele>
    <time>2025-08-14T07:03:53Z</time>
   </trkpt>
   <trkpt lat="25.0268930" lon="121.4270130">
    <ele>13.7</ele>
    <time>2025-08-14T07:03:54Z</time>
   </trkpt>
   <trkpt lat="25.0269040" lon="121.4270260">
    <ele>13.7</ele>
    <time>2025-08-14T07:03:55Z</time>
   </trkpt>
   <trkpt lat="25.0269140" lon="121.4270390">
    <ele>13.8</ele>
    <time>2025-08-14T07:03:56Z</time>
   </trkpt>
   <trkpt lat="25.0269250" lon="121.4270530">
    <ele>13.8</ele>
    <time>2025-08-14T07:03:57Z</time>
   </trkpt>
   <trkpt lat="25.0269350" lon="121.4270660">
    <ele>13.8</ele>
    <time>2025-08-14T07:03:58Z</time>
   </trkpt>
   <trkpt lat="25.0269460" lon="121.4270790">
    <ele>13.9</ele>
    <time>2025-08-14T07:03:59Z</time>
   </trkpt>
   <trkpt lat="25.0269560" lon="121.4270930">
    <ele>13.9</ele>
    <time>2025-08-14T07:04:00Z</time>
   </trkpt>
   <trkpt lat="25.0269670" lon="121.4271060">
    <ele>14.0</ele>
    <time>2025-08-14T07:04:01Z</time>
   </trkpt>
   <trkpt lat="25.0269770" lon="121.4271190">
    <ele>14.0</ele>
    <time>2025-08-14T07:04:12Z</time>
   </trkpt>
   <trkpt lat="25.0269880" lon="121.4271330">
    <ele>14.0</ele>
    <time>2025-08-14T07:04:13Z</time>
   </trkpt>
   <trkpt lat="25.0269980" lon="121.4271460">
    <ele>14.1</ele>
    <time>2025-08-14T07:04:14Z</time>
   </trkpt>
   <trkpt lat="25.0269960" lon="121.4271600">
    <ele>14.1</ele>
    <time>2025-08-14T07:04:15Z</time>
   </trkpt>
   <trkpt lat="25.0269950" lon="121.4271700">
    <ele>14.1</ele>
    <time>2025-08-14T07:04:16Z</time>
   </trkpt>
   <trkpt lat="25.0269940" lon="121.4271760">
    <ele>14.2</ele>
    <time>2025-08-14T07:04:17Z</time>
   </trkpt>
   <trkpt lat="25.0269950" lon="121.4271850">
    <ele>14.2</ele>
    <time>2025-08-14T07:04:18Z</time>
   </trkpt>
   <trkpt lat="25.0269970" lon="121.4271950">
    <ele>14.2</ele>
    <time>2025-08-14T07:04:19Z</time>
   </trkpt>
   <trkpt lat="25.0270000" lon="121.4272070">
    <ele>14.2</ele>
    <time>2025-08-14T07:04:20Z</time>
   </trkpt>
   <trkpt lat="25.0270030" lon="121.4272130">
    <ele>14.3</ele>
    <time>2025-08-14T07:04:21Z</time>
   </trkpt>
   <trkpt lat="25.0270030" lon="121.4272170">
    <ele>14.3</ele>
    <time>2025-08-14T07:04:22Z</time>
   </trkpt>
   <trkpt lat="25.0270090" lon="121.4272260">
    <ele>14.3</ele>
    <time>2025-08-14T07:04:23Z</time>
   </trkpt>
   <trkpt lat="25.0270090" lon="121.4272270">
    <ele>14.3</ele>
    <time>2025-08-14T07:04:24Z</time>
   </trkpt>
   <trkpt lat="25.0270080" lon="121.4272420">
    <ele>14.3</ele>
    <time>2025-08-14T07:04:25Z</time>
   </trkpt>
   <trkpt lat="25.0270090" lon="121.4272490">
    <ele>14.4</ele>
    <time>2025-08-14T07:04:26Z</time>
   </trkpt>
   <trkpt lat="25.0270190" lon="121.4272370">
    <ele>14.4</ele>
    <time>2025-08-14T07:04:27Z</time>
   </trkpt>
   <trkpt lat="25.0270240" lon="121.4272360">
    <ele>14.4</ele>
    <time>2025-08-14T07:04:28Z</time>
   </trkpt>
   <trkpt lat="25.0270240" lon="121.4272260">
    <ele>14.4</ele>
    <time>2025-08-14T07:04:29Z</time>
   </trkpt>
   <trkpt lat="25.0270210" lon="121.4272410">
    <ele>14.5</ele>
    <time>2025-08-14T07:04:30Z</time>
   </trkpt>
   <trkpt lat="25.0270210" lon="121.4272450">
    <ele>14.5</ele>
    <time>2025-08-14T07:04:31Z</time>
   </trkpt>
   <trkpt lat="25.0270220" lon="121.4272400">
    <ele>14.5</ele>
    <time>2025-08-14T07:04:32Z</time>
   </trkpt>
   <trkpt lat="25.0270220" lon="121.4272400">
    <ele>14.5</ele>
    <time>2025-08-14T07:04:33Z</time>
   </trkpt>
   <trkpt lat="25.0270220" lon="121.4272400">
    <ele>14.5</ele>
    <time>2025-08-14T07:04:34Z</time>
   </trkpt>
   <trkpt lat="25.0270220" lon="121.4272400">
    <ele>14.5</ele>
    <time>2025-08-14T07:04:35Z</time>
   </trkpt>
   <trkpt lat="25.0270220" lon="121.4272400">
    <ele>14.5</ele>
    <time>2025-08-14T07:04:36Z</time>
   </trkpt>
   <trkpt lat="25.0270220" lon="121.4272400">
    <ele>14.5</ele>
    <time>2025-08-14T07:04:37Z</time>
   </trkpt>
   <trkpt lat="25.0270220" lon="121.4272400">
    <ele>14.5</ele>
    <time>2025-08-14T07:04:38Z</time>
   </trkpt>
   <trkpt lat="25.0269700" lon="121.4271920">
    <ele>14.7</ele>
    <time>2025-08-14T07:04:44Z</time>
   </trkpt>
   <trkpt lat="25.0269800" lon="121.4271890">
    <ele>14.7</ele>
    <time>2025-08-14T07:04:45Z</time>
   </trkpt>
   <trkpt lat="25.0269850" lon="121.4271770">
    <ele>14.8</ele>
    <time>2025-08-14T07:04:46Z</time>
   </trkpt>
   <trkpt lat="25.0270000" lon="121.4272110">
    <ele>14.8</ele>
    <time>2025-08-14T07:04:47Z</time>
   </trkpt>
   <trkpt lat="25.0270020" lon="121.4272290">
    <ele>14.9</ele>
    <time>2025-08-14T07:04:48Z</time>
   </trkpt>
   <trkpt lat="25.0269940" lon="121.4272300">
    <ele>14.9</ele>
    <time>2025-08-14T07:04:49Z</time>
   </trkpt>
   <trkpt lat="25.0269860" lon="121.4272300">
    <ele>14.9</ele>
    <time>2025-08-14T07:04:50Z</time>
   </trkpt>
   <trkpt lat="25.0269780" lon="121.4272310">
    <ele>15.0</ele>
    <time>2025-08-14T07:04:51Z</time>
   </trkpt>
   <trkpt lat="25.0269700" lon="121.4272310">
    <ele>15.0</ele>
    <time>2025-08-14T07:04:52Z</time>
   </trkpt>
   <trkpt lat="25.0269620" lon="121.4272320">
    <ele>15.0</ele>
    <time>2025-08-14T07:04:53Z</time>
   </trkpt>
   <trkpt lat="25.0269540" lon="121.4272320">
    <ele>15.0</ele>
    <time>2025-08-14T07:05:31Z</time>
   </trkpt>
   <trkpt lat="25.0269460" lon="121.4272330">
    <ele>15.1</ele>
    <time>2025-08-14T07:05:32Z</time>
   </trkpt>
   <trkpt lat="25.0269380" lon="121.4272330">
    <ele>15.1</ele>
    <time>2025-08-14T07:05:33Z</time>
   </trkpt>
   <trkpt lat="25.0269260" lon="121.4272560">
    <ele>15.2</ele>
    <time>2025-08-14T07:05:34Z</time>
   </trkpt>
   <trkpt lat="25.0269150" lon="121.4272660">
    <ele>15.2</ele>
    <time>2025-08-14T07:05:35Z</time>
   </trkpt>
   <trkpt lat="25.0269590" lon="121.4272810">
    <ele>15.4</ele>
    <time>2025-08-14T07:05:36Z</time>
   </trkpt>
   <trkpt lat="25.0270010" lon="121.4272770">
    <ele>15.5</ele>
    <time>2025-08-14T07:05:37Z</time>
   </trkpt>
   <trkpt lat="25.0270130" lon="121.4272950">
    <ele>15.5</ele>
    <time>2025-08-14T07:05:38Z</time>
   </trkpt>
   <trkpt lat="25.0270180" lon="121.4272890">
    <ele>15.6</ele>
    <time>2025-08-14T07:05:39Z</time>
   </trkpt>
   <trkpt lat="25.0270130" lon="121.4272880">
    <ele>15.6</ele>
    <time>2025-08-14T07:05:40Z</time>
   </trkpt>
   <trkpt lat="25.0270020" lon="121.4273040">
    <ele>15.6</ele>
    <time>2025-08-14T07:05:41Z</time>
   </trkpt>
   <trkpt lat="25.0269910" lon="121.4273140">
    <ele>15.7</ele>
    <time>2025-08-14T07:05:42Z</time>
   </trkpt>
   <trkpt lat="25.0269920" lon="121.4273040">
    <ele>15.7</ele>
    <time>2025-08-14T07:05:43Z</time>
   </trkpt>
   <trkpt lat="25.0269870" lon="121.4273010">
    <ele>15.7</ele>
    <time>2025-08-14T07:05:44Z</time>
   </trkpt>
   <trkpt lat="25.0269780" lon="121.4273020">
    <ele>15.8</ele>
    <time>2025-08-14T07:05:45Z</time>
   </trkpt>
   <trkpt lat="25.0269610" lon="121.4273100">
    <ele>15.8</ele>
    <time>2025-08-14T07:05:46Z</time>
   </trkpt>
   <trkpt lat="25.0269800" lon="121.4273010">
    <ele>15.9</ele>
    <time>2025-08-14T07:05:47Z</time>
   </trkpt>
   <trkpt lat="25.0269830" lon="121.4273030">
    <ele>15.9</ele>
    <time>2025-08-14T07:05:48Z</time>
   </trkpt>
   <trkpt lat="25.0269670" lon="121.4273030">
    <ele>16.0</ele>
    <time>2025-08-14T07:05:49Z</time>
   </trkpt>
   <trkpt lat="25.0269720" lon="121.4272940">
    <ele>16.0</ele>
    <time>2025-08-14T07:05:50Z</time>
   </trkpt>
   <trkpt lat="25.0269720" lon="121.4272950">
    <ele>16.0</ele>
    <time>2025-08-14T07:05:51Z</time>
   </trkpt>
   <trkpt lat="25.0269720" lon="121.4272950">
    <ele>16.0</ele>
    <time>2025-08-14T07:05:52Z</time>
   </trkpt>
   <trkpt lat="25.0269720" lon="121.4272950">
    <ele>16.0</ele>
    <time>2025-08-14T07:05:53Z</time>
   </trkpt>
   <trkpt lat="25.0269660" lon="121.4272920">
    <ele>16.0</ele>
    <time>2025-08-14T07:05:54Z</time>
   </trkpt>
   <trkpt lat="25.0269700" lon="121.4272990">
    <ele>16.0</ele>
    <time>2025-08-14T07:05:55Z</time>
   </trkpt>
   <trkpt lat="25.0269730" lon="121.4273010">
    <ele>16.1</ele>
    <time>2025-08-14T07:05:56Z</time>
   </trkpt>
   <trkpt lat="25.0269780" lon="121.4272970">
    <ele>16.1</ele>
    <time>2025-08-14T07:05:57Z</time>
   </trkpt>
   <trkpt lat="25.0269790" lon="121.4272930">
    <ele>16.1</ele>
    <time>2025-08-14T07:05:58Z</time>
   </trkpt>
   <trkpt lat="25.0269590" lon="121.4273320">
    <ele>16.2</ele>
    <time>2025-08-14T07:06:29Z</time>
   </trkpt>
   <trkpt lat="25.0269500" lon="121.4273220">
    <ele>16.3</ele>
    <time>2025-08-14T07:06:30Z</time>
   </trkpt>
   <trkpt lat="25.0269710" lon="121.4273360">
    <ele>16.4</ele>
    <time>2025-08-14T07:06:31Z</time>
   </trkpt>
   <trkpt lat="25.0269860" lon="121.4273130">
    <ele>16.5</ele>
    <time>2025-08-14T07:06:32Z</time>
   </trkpt>
   <trkpt lat="25.0269910" lon="121.4273380">
    <ele>16.5</ele>
    <time>2025-08-14T07:06:33Z</time>
   </trkpt>
   <trkpt lat="25.0269970" lon="121.4273390">
    <ele>16.6</ele>
    <time>2025-08-14T07:06:34Z</time>
   </trkpt>
   <trkpt lat="25.0270030" lon="121.4273410">
    <ele>16.6</ele>
    <time>2025-08-14T07:06:35Z</time>
   </trkpt>
   <trkpt lat="25.0270090" lon="121.4273420">
    <ele>16.6</ele>
    <time>2025-08-14T07:06:36Z</time>
   </trkpt>
   <trkpt lat="25.0270160" lon="121.4273430">
    <ele>16.6</ele>
    <time>2025-08-14T07:06:37Z</time>
   </trkpt>
   <trkpt lat="25.0270220" lon="121.4273440">
    <ele>16.7</ele>
    <time>2025-08-14T07:06:38Z</time>
   </trkpt>
   <trkpt lat="25.0270280" lon="121.4273460">
    <ele>16.7</ele>
    <time>2025-08-14T07:06:39Z</time>
   </trkpt>
   <trkpt lat="25.0270340" lon="121.4273470">
    <ele>16.7</ele>
    <time>2025-08-14T07:06:40Z</time>
   </trkpt>
   <trkpt lat="25.0270400" lon="121.4273480">
    <ele>16.7</ele>
    <time>2025-08-14T07:06:41Z</time>
   </trkpt>
   <trkpt lat="25.0270500" lon="121.4273360">
    <ele>16.8</ele>
    <time>2025-08-14T07:06:42Z</time>
   </trkpt>
   <trkpt lat="25.0270640" lon="121.4273250">
    <ele>16.9</ele>
    <time>2025-08-14T07:06:43Z</time>
   </trkpt>
   <trkpt lat="25.0270770" lon="121.4273130">
    <ele>16.9</ele>
    <time>2025-08-14T07:06:44Z</time>
   </trkpt>
   <trkpt lat="25.0270900" lon="121.4273010">
    <ele>17.0</ele>
    <time>2025-08-14T07:06:45Z</time>
   </trkpt>
   <trkpt lat="25.0270120" lon="121.4273330">
    <ele>17.3</ele>
    <time>2025-08-14T07:06:46Z</time>
   </trkpt>
   <trkpt lat="25.0269970" lon="121.4273440">
    <ele>17.4</ele>
    <time>2025-08-14T07:06:47Z</time>
   </trkpt>
   <trkpt lat="25.0269760" lon="121.4273560">
    <ele>17.5</ele>
    <time>2025-08-14T07:06:48Z</time>
   </trkpt>
   <trkpt lat="25.0269560" lon="121.4273670">
    <ele>17.6</ele>
    <time>2025-08-14T07:07:08Z</time>
   </trkpt>
   <trkpt lat="25.0269350" lon="121.4273780">
    <ele>17.7</ele>
    <time>2025-08-14T07:07:09Z</time>
   </trkpt>
   <trkpt lat="25.0270190" lon="121.4273720">
    <ele>18.0</ele>
    <time>2025-08-14T07:07:10Z</time>
   </trkpt>
   <trkpt lat="25.0270140" lon="121.4273840">
    <ele>18.1</ele>
    <time>2025-08-14T07:07:11Z</time>
   </trkpt>
   <trkpt lat="25.0270000" lon="121.4273960">
    <ele>18.2</ele>
    <time>2025-08-14T07:07:12Z</time>
   </trkpt>
   <trkpt lat="25.0269850" lon="121.4274070">
    <ele>18.2</ele>
    <time>2025-08-14T07:07:13Z</time>
   </trkpt>
   <trkpt lat="25.0269710" lon="121.4274190">
    <ele>18.3</ele>
    <time>2025-08-14T07:07:14Z</time>
   </trkpt>
   <trkpt lat="25.0269670" lon="121.4274300">
    <ele>18.3</ele>
    <time>2025-08-14T07:07:15Z</time>
   </trkpt>
   <trkpt lat="25.0269720" lon="121.4274140">
    <ele>18.4</ele>
    <time>2025-08-14T07:07:16Z</time>
   </trkpt>
   <trkpt lat="25.0269740" lon="121.4274280">
    <ele>18.5</ele>
    <time>2025-08-14T07:07:17Z</time>
   </trkpt>
   <trkpt lat="25.0269800" lon="121.4274350">
    <ele>18.5</ele>
    <time>2025-08-14T07:07:18Z</time>
   </trkpt>
   <trkpt lat="25.0269880" lon="121.4274420">
    <ele>18.5</ele>
    <time>2025-08-14T07:07:19Z</time>
   </trkpt>
   <trkpt lat="25.0269830" lon="121.4274550">
    <ele>18.6</ele>
    <time>2025-08-14T07:07:20Z</time>
   </trkpt>
   <trkpt lat="25.0269880" lon="121.4274620">
    <ele>18.6</ele>
    <time>2025-08-14T07:07:21Z</time>
   </trkpt>
   <trkpt lat="25.0270110" lon="121.4274680">
    <ele>18.7</ele>
    <time>2025-08-14T07:07:22Z</time>
   </trkpt>
   <trkpt lat="25.0270070" lon="121.4274690">
    <ele>18.8</ele>
    <time>2025-08-14T07:07:23Z</time>
   </trkpt>
   <trkpt lat="25.0269990" lon="121.4274750">
    <ele>18.8</ele>
    <time>2025-08-14T07:07:24Z</time>
   </trkpt>
   <trkpt lat="25.0270060" lon="121.4274790">
    <ele>18.8</ele>
    <time>2025-08-14T07:07:25Z</time>
   </trkpt>
   <trkpt lat="25.0270210" lon="121.4274830">
    <ele>18.9</ele>
    <time>2025-08-14T07:07:26Z</time>
   </trkpt>
   <trkpt lat="25.0270360" lon="121.4274880">
    <ele>19.0</ele>
    <time>2025-08-14T07:07:27Z</time>
   </trkpt>
   <trkpt lat="25.0270510" lon="121.4274920">
    <ele>19.0</ele>
    <time>2025-08-14T07:07:28Z</time>
   </trkpt>
   <trkpt lat="25.0270660" lon="121.4274970">
    <ele>19.1</ele>
    <time>2025-08-14T07:07:29Z</time>
   </trkpt>
   <trkpt lat="25.0270810" lon="121.4275010">
    <ele>19.2</ele>
    <time>2025-08-14T07:07:30Z</time>
   </trkpt>
   <trkpt lat="25.0270960" lon="121.4275060">
    <ele>19.2</ele>
    <time>2025-08-14T07:07:31Z</time>
   </trkpt>
   <trkpt lat="25.0270810" lon="121.4275080">
    <ele>19.3</ele>
    <time>2025-08-14T07:07:32Z</time>
   </trkpt>
   <trkpt lat="25.0270670" lon="121.4275100">
    <ele>19.3</ele>
    <time>2025-08-14T07:07:33Z</time>
   </trkpt>
   <trkpt lat="25.0270540" lon="121.4275120">
    <ele>19.4</ele>
    <time>2025-08-14T07:07:34Z</time>
   </trkpt>
   <trkpt lat="25.0270410" lon="121.4275150">
    <ele>19.5</ele>
    <time>2025-08-14T07:07:37Z</time>
   </trkpt>
   <trkpt lat="25.0270280" lon="121.4275170">
    <ele>19.5</ele>
    <time>2025-08-14T07:07:38Z</time>
   </trkpt>
   <trkpt lat="25.0270140" lon="121.4275190">
    <ele>19.6</ele>
    <time>2025-08-14T07:07:39Z</time>
   </trkpt>
   <trkpt lat="25.0270010" lon="121.4275210">
    <ele>19.6</ele>
    <time>2025-08-14T07:07:40Z</time>
   </trkpt>
   <trkpt lat="25.0270040" lon="121.4275230">
    <ele>19.6</ele>
    <time>2025-08-14T07:07:41Z</time>
   </trkpt>
   <trkpt lat="25.0270010" lon="121.4275260">
    <ele>19.7</ele>
    <time>2025-08-14T07:07:42Z</time>
   </trkpt>
   <trkpt lat="25.0269980" lon="121.4275290">
    <ele>19.7</ele>
    <time>2025-08-14T07:07:43Z</time>
   </trkpt>
   <trkpt lat="25.0269950" lon="121.4275320">
    <ele>19.7</ele>
    <time>2025-08-14T07:07:44Z</time>
   </trkpt>
   <trkpt lat="25.0269920" lon="121.4275350">
    <ele>19.7</ele>
    <time>2025-08-14T07:07:45Z</time>
   </trkpt>
   <trkpt lat="25.0269900" lon="121.4275390">
    <ele>19.7</ele>
    <time>2025-08-14T07:07:46Z</time>
   </trkpt>
   <trkpt lat="25.0269870" lon="121.4275420">
    <ele>19.7</ele>
    <time>2025-08-14T07:07:47Z</time>
   </trkpt>
   <trkpt lat="25.0269840" lon="121.4275450">
    <ele>19.8</ele>
    <time>2025-08-14T07:07:48Z</time>
   </trkpt>
   <trkpt lat="25.0269810" lon="121.4275480">
    <ele>19.8</ele>
    <time>2025-08-14T07:07:49Z</time>
   </trkpt>
   <trkpt lat="25.0269780" lon="121.4275510">
    <ele>19.8</ele>
    <time>2025-08-14T07:07:50Z</time>
   </trkpt>
   <trkpt lat="25.0269750" lon="121.4275540">
    <ele>19.8</ele>
    <time>2025-08-14T07:07:51Z</time>
   </trkpt>
   <trkpt lat="25.0269770" lon="121.4275420">
    <ele>19.9</ele>
    <time>2025-08-14T07:07:52Z</time>
   </trkpt>
   <trkpt lat="25.0270040" lon="121.4275450">
    <ele>20.0</ele>
    <time>2025-08-14T07:07:53Z</time>
   </trkpt>
   <trkpt lat="25.0270080" lon="121.4275290">
    <ele>20.0</ele>
    <time>2025-08-14T07:07:54Z</time>
   </trkpt>
   <trkpt lat="25.0270080" lon="121.4275360">
    <ele>20.0</ele>
    <time>2025-08-14T07:07:55Z</time>
   </trkpt>
   <trkpt lat="25.0270000" lon="121.4275270">
    <ele>20.1</ele>
    <time>2025-08-14T07:07:56Z</time>
   </trkpt>
   <trkpt lat="25.0270090" lon="121.4275270">
    <ele>20.1</ele>
    <time>2025-08-14T07:07:57Z</time>
   </trkpt>
   <trkpt lat="25.0270090" lon="121.4275260">
    <ele>20.1</ele>
    <time>2025-08-14T07:07:58Z</time>
   </trkpt>
   <trkpt lat="25.0270240" lon="121.4275160">
    <ele>20.2</ele>
    <time>2025-08-14T07:07:59Z</time>
   </trkpt>
   <trkpt lat="25.0270160" lon="121.4275110">
    <ele>20.2</ele>
    <time>2025-08-14T07:08:00Z</time>
   </trkpt>
   <trkpt lat="25.0270080" lon="121.4275070">
    <ele>20.3</ele>
    <time>2025-08-14T07:08:01Z</time>
   </trkpt>
   <trkpt lat="25.0270010" lon="121.4275020">
    <ele>20.3</ele>
    <time>2025-08-14T07:08:02Z</time>
   </trkpt>
   <trkpt lat="25.0269930" lon="121.4274980">
    <ele>20.3</ele>
    <time>2025-08-14T07:08:03Z</time>
   </trkpt>
   <trkpt lat="25.0269850" lon="121.4274930">
    <ele>20.4</ele>
    <time>2025-08-14T07:08:33Z</time>
   </trkpt>
   <trkpt lat="25.0269770" lon="121.4274890">
    <ele>20.4</ele>
    <time>2025-08-14T07:08:34Z</time>
   </trkpt>
   <trkpt lat="25.0269740" lon="121.4275110">
    <ele>20.5</ele>
    <time>2025-08-14T07:08:35Z</time>
   </trkpt>
   <trkpt lat="25.0269760" lon="121.4275090">
    <ele>20.5</ele>
    <time>2025-08-14T07:08:36Z</time>
   </trkpt>
   <trkpt lat="25.0269970" lon="121.4275100">
    <ele>20.6</ele>
    <time>2025-08-14T07:08:37Z</time>
   </trkpt>
   <trkpt lat="25.0269880" lon="121.4275380">
    <ele>20.7</ele>
    <time>2025-08-14T07:08:38Z</time>
   </trkpt>
   <trkpt lat="25.0270050" lon="121.4275430">
    <ele>20.8</ele>
    <time>2025-08-14T07:08:39Z</time>
   </trkpt>
   <trkpt lat="25.0269930" lon="121.4275740">
    <ele>20.9</ele>
    <time>2025-08-14T07:08:40Z</time>
   </trkpt>
   <trkpt lat="25.0270370" lon="121.4275780">
    <ele>20.8</ele>
    <time>2025-08-14T07:08:41Z</time>
   </trkpt>
   <trkpt lat="25.0270700" lon="121.4275960">
    <ele>20.8</ele>
    <time>2025-08-14T07:08:42Z</time>
   </trkpt>
   <trkpt lat="25.0270800" lon="121.4275960">
    <ele>20.8</ele>
    <time>2025-08-14T07:08:43Z</time>
   </trkpt>
   <trkpt lat="25.0270880" lon="121.4276080">
    <ele>20.8</ele>
    <time>2025-08-14T07:08:44Z</time>
   </trkpt>
   <trkpt lat="25.0270920" lon="121.4276170">
    <ele>20.8</ele>
    <time>2025-08-14T07:08:45Z</time>
   </trkpt>
   <trkpt lat="25.0270990" lon="121.4276220">
    <ele>20.8</ele>
    <time>2025-08-14T07:08:46Z</time>
   </trkpt>
   <trkpt lat="25.0271020" lon="121.4276320">
    <ele>20.8</ele>
    <time>2025-08-14T07:08:47Z</time>
   </trkpt>
   <trkpt lat="25.0271030" lon="121.4276350">
    <ele>20.8</ele>
    <time>2025-08-14T07:08:48Z</time>
   </trkpt>
   <trkpt lat="25.0271050" lon="121.4276450">
    <ele>20.8</ele>
    <time>2025-08-14T07:08:49Z</time>
   </trkpt>
   <trkpt lat="25.0271050" lon="121.4276590">
    <ele>20.8</ele>
    <time>2025-08-14T07:08:50Z</time>
   </trkpt>
   <trkpt lat="25.0271060" lon="121.4276690">
    <ele>20.8</ele>
    <time>2025-08-14T07:08:51Z</time>
   </trkpt>
   <trkpt lat="25.0271050" lon="121.4276790">
    <ele>20.8</ele>
    <time>2025-08-14T07:08:52Z</time>
   </trkpt>
   <trkpt lat="25.0271040" lon="121.4276890">
    <ele>20.8</ele>
    <time>2025-08-14T07:08:53Z</time>
   </trkpt>
   <trkpt lat="25.0271040" lon="121.4276970">
    <ele>20.8</ele>
    <time>2025-08-14T07:08:54Z</time>
   </trkpt>
   <trkpt lat="25.0271040" lon="121.4276910">
    <ele>20.7</ele>
    <time>2025-08-14T07:08:55Z</time>
   </trkpt>
   <trkpt lat="25.0271030" lon="121.4276990">
    <ele>20.7</ele>
    <time>2025-08-14T07:08:56Z</time>
   </trkpt>
   <trkpt lat="25.0271030" lon="121.4277080">
    <ele>20.7</ele>
    <time>2025-08-14T07:08:57Z</time>
   </trkpt>
   <trkpt lat="25.0271030" lon="121.4277120">
    <ele>20.7</ele>
    <time>2025-08-14T07:08:58Z</time>
   </trkpt>
   <trkpt lat="25.0271090" lon="121.4276960">
    <ele>20.7</ele>
    <time>2025-08-14T07:08:59Z</time>
   </trkpt>
   <trkpt lat="25.0271150" lon="121.4276950">
    <ele>20.7</ele>
    <time>2025-08-14T07:09:00Z</time>
   </trkpt>
   <trkpt lat="25.0271150" lon="121.4276900">
    <ele>20.7</ele>
    <time>2025-08-14T07:09:01Z</time>
   </trkpt>
   <trkpt lat="25.0271180" lon="121.4276880">
    <ele>20.7</ele>
    <time>2025-08-14T07:09:02Z</time>
   </trkpt>
   <trkpt lat="25.0271130" lon="121.4276840">
    <ele>20.7</ele>
    <time>2025-08-14T07:09:03Z</time>
   </trkpt>
   <trkpt lat="25.0271140" lon="121.4276880">
    <ele>20.7</ele>
    <time>2025-08-14T07:09:04Z</time>
   </trkpt>
   <trkpt lat="25.0271110" lon="121.4276910">
    <ele>20.7</ele>
    <time>2025-08-14T07:09:05Z</time>
   </trkpt>
   <trkpt lat="25.0271090" lon="121.4276940">
    <ele>20.7</ele>
    <time>2025-08-14T07:09:06Z</time>
   </trkpt>
   <trkpt lat="25.0271130" lon="121.4276770">
    <ele>20.7</ele>
    <time>2025-08-14T07:09:07Z</time>
   </trkpt>
   <trkpt lat="25.0271180" lon="121.4276580">
    <ele>20.7</ele>
    <time>2025-08-14T07:09:08Z</time>
   </trkpt>
   <trkpt lat="25.0271220" lon="121.4276400">
    <ele>20.7</ele>
    <time>2025-08-14T07:09:28Z</time>
   </trkpt>
   <trkpt lat="25.0271270" lon="121.4276210">
    <ele>20.7</ele>
    <time>2025-08-14T07:09:29Z</time>
   </trkpt>
   <trkpt lat="25.0271310" lon="121.4276030">
    <ele>20.6</ele>
    <time>2025-08-14T07:09:30Z</time>
   </trkpt>
   <trkpt lat="25.0271360" lon="121.4275840">
    <ele>20.6</ele>
    <time>2025-08-14T07:09:31Z</time>
   </trkpt>
   <trkpt lat="25.0271320" lon="121.4275890">
    <ele>20.6</ele>
    <time>2025-08-14T07:09:32Z</time>
   </trkpt>
   <trkpt lat="25.0271350" lon="121.4275950">
    <ele>20.6</ele>
    <time>2025-08-14T07:09:33Z</time>
   </trkpt>
   <trkpt lat="25.0271370" lon="121.4276020">
    <ele>20.6</ele>
    <time>2025-08-14T07:09:34Z</time>
   </trkpt>
   <trkpt lat="25.0271400" lon="121.4276080">
    <ele>20.6</ele>
    <time>2025-08-14T07:09:35Z</time>
   </trkpt>
   <trkpt lat="25.0271430" lon="121.4276150">
    <ele>20.6</ele>
    <time>2025-08-14T07:09:36Z</time>
   </trkpt>
   <trkpt lat="25.0271460" lon="121.4276220">
    <ele>20.6</ele>
    <time>2025-08-14T07:09:37Z</time>
   </trkpt>
   <trkpt lat="25.0271480" lon="121.4276280">
    <ele>20.6</ele>
    <time>2025-08-14T07:09:38Z</time>
   </trkpt>
   <trkpt lat="25.0271510" lon="121.4276350">
    <ele>20.6</ele>
    <time>2025-08-14T07:09:39Z</time>
   </trkpt>
   <trkpt lat="25.0271860" lon="121.4276290">
    <ele>20.6</ele>
    <time>2025-08-14T07:09:40Z</time>
   </trkpt>
   <trkpt lat="25.0272190" lon="121.4276300">
    <ele>20.5</ele>
    <time>2025-08-14T07:09:41Z</time>
   </trkpt>
   <trkpt lat="25.0272260" lon="121.4276360">
    <ele>20.5</ele>
    <time>2025-08-14T07:09:42Z</time>
   </trkpt>
   <trkpt lat="25.0272000" lon="121.4276260">
    <ele>20.5</ele>
    <time>2025-08-14T07:09:43Z</time>
   </trkpt>
   <trkpt lat="25.0271770" lon="121.4276170">
    <ele>20.5</ele>
    <time>2025-08-14T07:09:44Z</time>
   </trkpt>
   <trkpt lat="25.0271770" lon="121.4276170">
    <ele>20.5</ele>
    <time>2025-08-14T07:09:45Z</time>
   </trkpt>
   <trkpt lat="25.0271770" lon="121.4276170">
    <ele>20.5</ele>
    <time>2025-08-14T07:09:46Z</time>
   </trkpt>
   <trkpt lat="25.0271640" lon="121.4276160">
    <ele>20.5</ele>
    <time>2025-08-14T07:09:47Z</time>
   </trkpt>
   <trkpt lat="25.0271640" lon="121.4276150">
    <ele>20.5</ele>
    <time>2025-08-14T07:09:48Z</time>
   </trkpt>
   <trkpt lat="25.0271640" lon="121.4276150">
    <ele>20.5</ele>
    <time>2025-08-14T07:09:49Z</time>
   </trkpt>
   <trkpt lat="25.0271620" lon="121.4276020">
    <ele>20.5</ele>
    <time>2025-08-14T07:09:50Z</time>
   </trkpt>
   <trkpt lat="25.0271630" lon="121.4276020">
    <ele>20.5</ele>
    <time>2025-08-14T07:09:52Z</time>
   </trkpt>
   <trkpt lat="25.0271860" lon="121.4275670">
    <ele>20.4</ele>
    <time>2025-08-14T07:10:17Z</time>
   </trkpt>
   <trkpt lat="25.0271940" lon="121.4275720">
    <ele>20.4</ele>
    <time>2025-08-14T07:10:18Z</time>
   </trkpt>
   <trkpt lat="25.0272020" lon="121.4275710">
    <ele>20.4</ele>
    <time>2025-08-14T07:10:19Z</time>
   </trkpt>
   <trkpt lat="25.0271950" lon="121.4276330">
    <ele>20.4</ele>
    <time>2025-08-14T07:10:20Z</time>
   </trkpt>
   <trkpt lat="25.0272160" lon="121.4276600">
    <ele>20.3</ele>
    <time>2025-08-14T07:10:21Z</time>
   </trkpt>
   <trkpt lat="25.0272230" lon="121.4276680">
    <ele>20.3</ele>
    <time>2025-08-14T07:10:22Z</time>
   </trkpt>
   <trkpt lat="25.0272450" lon="121.4277310">
    <ele>20.3</ele>
    <time>2025-08-14T07:10:23Z</time>
   </trkpt>
   <trkpt lat="25.0272540" lon="121.4277770">
    <ele>20.2</ele>
    <time>2025-08-14T07:10:31Z</time>
   </trkpt>
   <trkpt lat="25.0272620" lon="121.4278230">
    <ele>20.2</ele>
    <time>2025-08-14T07:10:32Z</time>
   </trkpt>
   <trkpt lat="25.0272730" lon="121.4278590">
    <ele>20.2</ele>
    <time>2025-08-14T07:10:33Z</time>
   </trkpt>
   <trkpt lat="25.0272770" lon="121.4278700">
    <ele>20.2</ele>
    <time>2025-08-14T07:10:34Z</time>
   </trkpt>
   <trkpt lat="25.0272820" lon="121.4278810">
    <ele>20.2</ele>
    <time>2025-08-14T07:10:35Z</time>
   </trkpt>
   <trkpt lat="25.0272910" lon="121.4278960">
    <ele>20.1</ele>
    <time>2025-08-14T07:10:36Z</time>
   </trkpt>
   <trkpt lat="25.0272950" lon="121.4279100">
    <ele>20.1</ele>
    <time>2025-08-14T07:10:37Z</time>
   </trkpt>
   <trkpt lat="25.0272750" lon="121.4278610">
    <ele>20.1</ele>
    <time>2025-08-14T07:10:38Z</time>
   </trkpt>
   <trkpt lat="25.0272740" lon="121.4278580">
    <ele>20.1</ele>
    <time>2025-08-14T07:10:39Z</time>
   </trkpt>
   <trkpt lat="25.0272810" lon="121.4278530">
    <ele>20.1</ele>
    <time>2025-08-14T07:10:40Z</time>
   </trkpt>
   <trkpt lat="25.0272920" lon="121.4278550">
    <ele>20.1</ele>
    <time>2025-08-14T07:10:41Z</time>
   </trkpt>
   <trkpt lat="25.0272920" lon="121.4278540">
    <ele>20.1</ele>
    <time>2025-08-14T07:10:42Z</time>
   </trkpt>
   <trkpt lat="25.0272930" lon="121.4278540">
    <ele>20.1</ele>
    <time>2025-08-14T07:10:43Z</time>
   </trkpt>
   <trkpt lat="25.0272910" lon="121.4278590">
    <ele>20.1</ele>
    <time>2025-08-14T07:10:44Z</time>
   </trkpt>
   <trkpt lat="25.0272910" lon="121.4278590">
    <ele>20.1</ele>
    <time>2025-08-14T07:10:45Z</time>
   </trkpt>
   <trkpt lat="25.0272910" lon="121.4278590">
    <ele>20.1</ele>
    <time>2025-08-14T07:10:46Z</time>
   </trkpt>
   <trkpt lat="25.0272840" lon="121.4279000">
    <ele>20.0</ele>
    <time>2025-08-14T07:10:47Z</time>
   </trkpt>
   <trkpt lat="25.0272800" lon="121.4278950">
    <ele>20.0</ele>
    <time>2025-08-14T07:10:48Z</time>
   </trkpt>
   <trkpt lat="25.0272750" lon="121.4278890">
    <ele>20.0</ele>
    <time>2025-08-14T07:10:49Z</time>
   </trkpt>
   <trkpt lat="25.0272710" lon="121.4278840">
    <ele>20.0</ele>
    <time>2025-08-14T07:10:50Z</time>
   </trkpt>
   <trkpt lat="25.0272670" lon="121.4278780">
    <ele>20.0</ele>
    <time>2025-08-14T07:10:51Z</time>
   </trkpt>
   <trkpt lat="25.0272620" lon="121.4278730">
    <ele>20.0</ele>
    <time>2025-08-14T07:10:52Z</time>
   </trkpt>
   <trkpt lat="25.0272580" lon="121.4278670">
    <ele>20.0</ele>
    <time>2025-08-14T07:10:53Z</time>
   </trkpt>
   <trkpt lat="25.0272530" lon="121.4278620">
    <ele>20.0</ele>
    <time>2025-08-14T07:10:54Z</time>
   </trkpt>
   <trkpt lat="25.0272490" lon="121.4278560">
    <ele>20.0</ele>
    <time>2025-08-14T07:10:55Z</time>
   </trkpt>
   <trkpt lat="25.0272450" lon="121.4278510">
    <ele>20.0</ele>
    <time>2025-08-14T07:10:56Z</time>
   </trkpt>
   <trkpt lat="25.0272400" lon="121.4278450">
    <ele>20.0</ele>
    <time>2025-08-14T07:10:57Z</time>
   </trkpt>
   <trkpt lat="25.0272360" lon="121.4278400">
    <ele>20.0</ele>
    <time>2025-08-14T07:10:58Z</time>
   </trkpt>
   <trkpt lat="25.0272250" lon="121.4278970">
    <ele>19.9</ele>
    <time>2025-08-14T07:11:31Z</time>
   </trkpt>
   <trkpt lat="25.0272240" lon="121.4279080">
    <ele>19.9</ele>
    <time>2025-08-14T07:11:32Z</time>
   </trkpt>
   <trkpt lat="25.0272240" lon="121.4279200">
    <ele>19.9</ele>
    <time>2025-08-14T07:11:33Z</time>
   </trkpt>
   <trkpt lat="25.0272260" lon="121.4279370">
    <ele>19.9</ele>
    <time>2025-08-14T07:11:34Z</time>
   </trkpt>
   <trkpt lat="25.0272240" lon="121.4279340">
    <ele>19.9</ele>
    <time>2025-08-14T07:11:35Z</time>
   </trkpt>
   <trkpt lat="25.0272230" lon="121.4279320">
    <ele>19.9</ele>
    <time>2025-08-14T07:11:36Z</time>
   </trkpt>
   <trkpt lat="25.0272180" lon="121.4279240">
    <ele>19.9</ele>
    <time>2025-08-14T07:11:37Z</time>
   </trkpt>
   <trkpt lat="25.0272040" lon="121.4279090">
    <ele>19.9</ele>
    <time>2025-08-14T07:11:38Z</time>
   </trkpt>
   <trkpt lat="25.0271940" lon="121.4279090">
    <ele>19.9</ele>
    <time>2025-08-14T07:11:39Z</time>
   </trkpt>
   <trkpt lat="25.0271790" lon="121.4279070">
    <ele>19.9</ele>
    <time>2025-08-14T07:11:40Z</time>
   </trkpt>
   <trkpt lat="25.0271820" lon="121.4279160">
    <ele>19.8</ele>
    <time>2025-08-14T07:11:41Z</time>
   </trkpt>
   <trkpt lat="25.0271750" lon="121.4279140">
    <ele>19.8</ele>
    <time>2025-08-14T07:11:42Z</time>
   </trkpt>
   <trkpt lat="25.0271640" lon="121.4279100">
    <ele>19.9</ele>
    <time>2025-08-14T07:11:43Z</time>
   </trkpt>
   <trkpt lat="25.0271530" lon="121.4278640">
    <ele>20.0</ele>
    <time>2025-08-14T07:11:44Z</time>
   </trkpt>
   <trkpt lat="25.0271090" lon="121.4278430">
    <ele>20.1</ele>
    <time>2025-08-14T07:11:45Z</time>
   </trkpt>
   <trkpt lat="25.0270600" lon="121.4278140">
    <ele>20.2</ele>
    <time>2025-08-14T07:11:46Z</time>
   </trkpt>
   <trkpt lat="25.0270070" lon="121.4277720">
    <ele>20.4</ele>
    <time>2025-08-14T07:11:47Z</time>
   </trkpt>
   <trkpt lat="25.0269250" lon="121.4276980">
    <ele>20.2</ele>
    <time>2025-08-14T07:11:48Z</time>
   </trkpt>
   <trkpt lat="25.0268590" lon="121.4276330">
    <ele>17.5</ele>
    <time>2025-08-14T07:11:49Z</time>
   </trkpt>
   <trkpt lat="25.0268500" lon="121.4276020">
    <ele>16.6</ele>
    <time>2025-08-14T07:11:50Z</time>
   </trkpt>
   <trkpt lat="25.0267970" lon="121.4275880">
    <ele>14.9</ele>
    <time>2025-08-14T07:11:51Z</time>
   </trkpt>
   <trkpt lat="25.0267540" lon="121.4275770">
    <ele>13.6</ele>
    <time>2025-08-14T07:11:52Z</time>
   </trkpt>
   <trkpt lat="25.0267170" lon="121.4275640">
    <ele>14.0</ele>
    <time>2025-08-14T07:11:53Z</time>
   </trkpt>
   <trkpt lat="25.0266770" lon="121.4275520">
    <ele>14.6</ele>
    <time>2025-08-14T07:11:54Z</time>
   </trkpt>
   <trkpt lat="25.0266250" lon="121.4275640">
    <ele>15.4</ele>
    <time>2025-08-14T07:11:55Z</time>
   </trkpt>
   <trkpt lat="25.0266110" lon="121.4276100">
    <ele>16.1</ele>
    <time>2025-08-14T07:11:56Z</time>
   </trkpt>
   <trkpt lat="25.0266190" lon="121.4277390">
    <ele>16.9</ele>
    <time>2025-08-14T07:11:57Z</time>
   </trkpt>
   <trkpt lat="25.0266470" lon="121.4277860">
    <ele>16.8</ele>
    <time>2025-08-14T07:11:58Z</time>
   </trkpt>
   <trkpt lat="25.0266640" lon="121.4278310">
    <ele>16.6</ele>
    <time>2025-08-14T07:11:59Z</time>
   </trkpt>
   <trkpt lat="25.0268870" lon="121.4277230">
    <ele>15.2</ele>
    <time>2025-08-14T07:12:00Z</time>
   </trkpt>
   <trkpt lat="25.0269230" lon="121.4277200">
    <ele>15.5</ele>
    <time>2025-08-14T07:12:01Z</time>
   </trkpt>
   <trkpt lat="25.0269710" lon="121.4277130">
    <ele>15.9</ele>
    <time>2025-08-14T07:12:02Z</time>
   </trkpt>
   <trkpt lat="25.0269670" lon="121.4277270">
    <ele>16.0</ele>
    <time>2025-08-14T07:12:03Z</time>
   </trkpt>
   <trkpt lat="25.0269660" lon="121.4277370">
    <ele>16.1</ele>
    <time>2025-08-14T07:12:04Z</time>
   </trkpt>
   <trkpt lat="25.0269720" lon="121.4277440">
    <ele>16.2</ele>
    <time>2025-08-14T07:12:05Z</time>
   </trkpt>
   <trkpt lat="25.0270020" lon="121.4277420">
    <ele>16.4</ele>
    <time>2025-08-14T07:12:06Z</time>
   </trkpt>
   <trkpt lat="25.0270440" lon="121.4277620">
    <ele>16.8</ele>
    <time>2025-08-14T07:12:07Z</time>
   </trkpt>
   <trkpt lat="25.0270650" lon="121.4277780">
    <ele>17.0</ele>
    <time>2025-08-14T07:12:08Z</time>
   </trkpt>
   <trkpt lat="25.0269930" lon="121.4277810">
    <ele>17.6</ele>
    <time>2025-08-14T07:12:09Z</time>
   </trkpt>
   <trkpt lat="25.0269240" lon="121.4277790">
    <ele>18.1</ele>
    <time>2025-08-14T07:12:10Z</time>
   </trkpt>
   <trkpt lat="25.0268560" lon="121.4277770">
    <ele>18.7</ele>
    <time>2025-08-14T07:12:11Z</time>
   </trkpt>
   <trkpt lat="25.0267870" lon="121.4277750">
    <ele>19.2</ele>
    <time>2025-08-14T07:12:12Z</time>
   </trkpt>
   <trkpt lat="25.0268870" lon="121.4277810">
    <ele>20.0</ele>
    <time>2025-08-14T07:12:13Z</time>
   </trkpt>
   <trkpt lat="25.0269850" lon="121.4277870">
    <ele>20.8</ele>
    <time>2025-08-14T07:12:14Z</time>
   </trkpt>
   <trkpt lat="25.0270820" lon="121.4277930">
    <ele>20.4</ele>
    <time>2025-08-14T07:12:15Z</time>
   </trkpt>
   <trkpt lat="25.0270870" lon="121.4277930">
    <ele>20.4</ele>
    <time>2025-08-14T07:12:16Z</time>
   </trkpt>
   <trkpt lat="25.0270910" lon="121.4277780">
    <ele>20.4</ele>
    <time>2025-08-14T07:12:17Z</time>
   </trkpt>
   <trkpt lat="25.0270960" lon="121.4277810">
    <ele>20.4</ele>
    <time>2025-08-14T07:12:18Z</time>
   </trkpt>
   <trkpt lat="25.0271610" lon="121.4279470">
    <ele>20.1</ele>
    <time>2025-08-14T07:12:22Z</time>
   </trkpt>
   <trkpt lat="25.0271400" lon="121.4279620">
    <ele>20.1</ele>
    <time>2025-08-14T07:12:23Z</time>
   </trkpt>
   <trkpt lat="25.0271330" lon="121.4279750">
    <ele>20.1</ele>
    <time>2025-08-14T07:12:24Z</time>
   </trkpt>
   <trkpt lat="25.0271270" lon="121.4279890">
    <ele>20.1</ele>
    <time>2025-08-14T07:12:25Z</time>
   </trkpt>
   <trkpt lat="25.0271220" lon="121.4280110">
    <ele>20.0</ele>
    <time>2025-08-14T07:12:26Z</time>
   </trkpt>
   <trkpt lat="25.0271170" lon="121.4280240">
    <ele>20.0</ele>
    <time>2025-08-14T07:12:27Z</time>
   </trkpt>
   <trkpt lat="25.0271130" lon="121.4280370">
    <ele>20.0</ele>
    <time>2025-08-14T07:12:28Z</time>
   </trkpt>
   <trkpt lat="25.0271030" lon="121.4280540">
    <ele>20.0</ele>
    <time>2025-08-14T07:12:29Z</time>
   </trkpt>
   <trkpt lat="25.0271030" lon="121.4280580">
    <ele>20.0</ele>
    <time>2025-08-14T07:12:30Z</time>
   </trkpt>
   <trkpt lat="25.0270940" lon="121.4280580">
    <ele>20.0</ele>
    <time>2025-08-14T07:12:31Z</time>
   </trkpt>
   <trkpt lat="25.0270980" lon="121.4280440">
    <ele>19.9</ele>
    <time>2025-08-14T07:12:32Z</time>
   </trkpt>
   <trkpt lat="25.0271060" lon="121.4280360">
    <ele>19.9</ele>
    <time>2025-08-14T07:12:33Z</time>
   </trkpt>
   <trkpt lat="25.0271030" lon="121.4280430">
    <ele>19.9</ele>
    <time>2025-08-14T07:12:34Z</time>
   </trkpt>
   <trkpt lat="25.0271160" lon="121.4280350">
    <ele>19.9</ele>
    <time>2025-08-14T07:12:35Z</time>
   </trkpt>
   <trkpt lat="25.0271210" lon="121.4280310">
    <ele>19.9</ele>
    <time>2025-08-14T07:12:36Z</time>
   </trkpt>
   <trkpt lat="25.0271340" lon="121.4280310">
    <ele>19.9</ele>
    <time>2025-08-14T07:12:37Z</time>
   </trkpt>
   <trkpt lat="25.0271370" lon="121.4280320">
    <ele>19.9</ele>
    <time>2025-08-14T07:12:38Z</time>
   </trkpt>
   <trkpt lat="25.0271410" lon="121.4280310">
    <ele>19.8</ele>
    <time>2025-08-14T07:12:39Z</time>
   </trkpt>
   <trkpt lat="25.0271550" lon="121.4280300">
    <ele>19.8</ele>
    <time>2025-08-14T07:12:40Z</time>
   </trkpt>
   <trkpt lat="25.0271680" lon="121.4280290">
    <ele>19.8</ele>
    <time>2025-08-14T07:12:41Z</time>
   </trkpt>
   <trkpt lat="25.0271820" lon="121.4280280">
    <ele>19.8</ele>
    <time>2025-08-14T07:12:42Z</time>
   </trkpt>
   <trkpt lat="25.0271960" lon="121.4280280">
    <ele>19.8</ele>
    <time>2025-08-14T07:12:43Z</time>
   </trkpt>
   <trkpt lat="25.0272100" lon="121.4280270">
    <ele>19.7</ele>
    <time>2025-08-14T07:12:44Z</time>
   </trkpt>
   <trkpt lat="25.0272230" lon="121.4280260">
    <ele>19.7</ele>
    <time>2025-08-14T07:13:05Z</time>
   </trkpt>
   <trkpt lat="25.0272370" lon="121.4280250">
    <ele>19.7</ele>
    <time>2025-08-14T07:13:06Z</time>
   </trkpt>
   <trkpt lat="25.0272390" lon="121.4280220">
    <ele>19.7</ele>
    <time>2025-08-14T07:13:07Z</time>
   </trkpt>
   <trkpt lat="25.0272350" lon="121.4280280">
    <ele>19.7</ele>
    <time>2025-08-14T07:13:09Z</time>
   </trkpt>
   <trkpt lat="25.0272280" lon="121.4280150">
    <ele>19.7</ele>
    <time>2025-08-14T07:13:10Z</time>
   </trkpt>
   <trkpt lat="25.0272200" lon="121.4279980">
    <ele>19.6</ele>
    <time>2025-08-14T07:13:11Z</time>
   </trkpt>
   <trkpt lat="25.0272130" lon="121.4279820">
    <ele>19.6</ele>
    <time>2025-08-14T07:13:12Z</time>
   </trkpt>
   <trkpt lat="25.0272040" lon="121.4279680">
    <ele>19.6</ele>
    <time>2025-08-14T07:13:13Z</time>
   </trkpt>
   <trkpt lat="25.0271990" lon="121.4279690">
    <ele>19.6</ele>
    <time>2025-08-14T07:13:14Z</time>
   </trkpt>
   <trkpt lat="25.0271990" lon="121.4279780">
    <ele>19.6</ele>
    <time>2025-08-14T07:13:15Z</time>
   </trkpt>
   <trkpt lat="25.0271990" lon="121.4279860">
    <ele>19.6</ele>
    <time>2025-08-14T07:13:16Z</time>
   </trkpt>
   <trkpt lat="25.0271980" lon="121.4279940">
    <ele>19.6</ele>
    <time>2025-08-14T07:13:17Z</time>
   </trkpt>
   <trkpt lat="25.0271980" lon="121.4280020">
    <ele>19.5</ele>
    <time>2025-08-14T07:13:18Z</time>
   </trkpt>
   <trkpt lat="25.0271980" lon="121.4280110">
    <ele>19.5</ele>
    <time>2025-08-14T07:13:50Z</time>
   </trkpt>
   <trkpt lat="25.0271980" lon="121.4280190">
    <ele>19.5</ele>
    <time>2025-08-14T07:13:51Z</time>
   </trkpt>
   <trkpt lat="25.0271740" lon="121.4280430">
    <ele>19.5</ele>
    <time>2025-08-14T07:13:52Z</time>
   </trkpt>
   <trkpt lat="25.0271490" lon="121.4280660">
    <ele>19.4</ele>
    <time>2025-08-14T07:13:53Z</time>
   </trkpt>
   <trkpt lat="25.0271430" lon="121.4280760">
    <ele>19.4</ele>
    <time>2025-08-14T07:13:54Z</time>
   </trkpt>
   <trkpt lat="25.0271480" lon="121.4280770">
    <ele>19.4</ele>
    <time>2025-08-14T07:13:55Z</time>
   </trkpt>
   <trkpt lat="25.0271510" lon="121.4280790">
    <ele>19.4</ele>
    <time>2025-08-14T07:13:56Z</time>
   </trkpt>
   <trkpt lat="25.0271430" lon="121.4280930">
    <ele>19.4</ele>
    <time>2025-08-14T07:13:57Z</time>
   </trkpt>
   <trkpt lat="25.0271520" lon="121.4281030">
    <ele>19.3</ele>
    <time>2025-08-14T07:13:58Z</time>
   </trkpt>
   <trkpt lat="25.0271680" lon="121.4280990">
    <ele>19.3</ele>
    <time>2025-08-14T07:13:59Z</time>
   </trkpt>
   <trkpt lat="25.0271860" lon="121.4281050">
    <ele>19.3</ele>
    <time>2025-08-14T07:14:00Z</time>
   </trkpt>
   <trkpt lat="25.0272000" lon="121.4281080">
    <ele>19.2</ele>
    <time>2025-08-14T07:14:01Z</time>
   </trkpt>
   <trkpt lat="25.0272130" lon="121.4281110">
    <ele>19.2</ele>
    <time>2025-08-14T07:14:02Z</time>
   </trkpt>
   <trkpt lat="25.0272270" lon="121.4281140">
    <ele>19.2</ele>
    <time>2025-08-14T07:14:03Z</time>
   </trkpt>
   <trkpt lat="25.0272400" lon="121.4281170">
    <ele>19.2</ele>
    <time>2025-08-14T07:14:04Z</time>
   </trkpt>
   <trkpt lat="25.0272540" lon="121.4281200">
    <ele>19.1</ele>
    <time>2025-08-14T07:14:05Z</time>
   </trkpt>
   <trkpt lat="25.0272670" lon="121.4281230">
    <ele>19.1</ele>
    <time>2025-08-14T07:14:06Z</time>
   </trkpt>
   <trkpt lat="25.0272810" lon="121.4281260">
    <ele>19.1</ele>
    <time>2025-08-14T07:14:07Z</time>
   </trkpt>
   <trkpt lat="25.0272940" lon="121.4281290">
    <ele>19.0</ele>
    <time>2025-08-14T07:14:08Z</time>
   </trkpt>
   <trkpt lat="25.0273080" lon="121.4281320">
    <ele>19.0</ele>
    <time>2025-08-14T07:15:04Z</time>
   </trkpt>
   <trkpt lat="25.0273210" lon="121.4281350">
    <ele>19.0</ele>
    <time>2025-08-14T07:15:05Z</time>
   </trkpt>
   <trkpt lat="25.0273290" lon="121.4281390">
    <ele>19.0</ele>
    <time>2025-08-14T07:15:06Z</time>
   </trkpt>
   <trkpt lat="25.0273310" lon="121.4281410">
    <ele>19.0</ele>
    <time>2025-08-14T07:15:07Z</time>
   </trkpt>
   <trkpt lat="25.0273320" lon="121.4281440">
    <ele>18.9</ele>
    <time>2025-08-14T07:15:08Z</time>
   </trkpt>
   <trkpt lat="25.0273340" lon="121.4281460">
    <ele>18.9</ele>
    <time>2025-08-14T07:15:09Z</time>
   </trkpt>
   <trkpt lat="25.0273360" lon="121.4281490">
    <ele>18.9</ele>
    <time>2025-08-14T07:15:10Z</time>
   </trkpt>
   <trkpt lat="25.0273380" lon="121.4281510">
    <ele>18.9</ele>
    <time>2025-08-14T07:15:11Z</time>
   </trkpt>
   <trkpt lat="25.0273400" lon="121.4281540">
    <ele>18.9</ele>
    <time>2025-08-14T07:15:12Z</time>
   </trkpt>
   <trkpt lat="25.0273410" lon="121.4281570">
    <ele>18.9</ele>
    <time>2025-08-14T07:15:13Z</time>
   </trkpt>
   <trkpt lat="25.0273430" lon="121.4281590">
    <ele>18.9</ele>
    <time>2025-08-14T07:15:14Z</time>
   </trkpt>
   <trkpt lat="25.0273450" lon="121.4281620">
    <ele>18.9</ele>
    <time>2025-08-14T07:15:15Z</time>
   </trkpt>
   <trkpt lat="25.0273470" lon="121.4281640">
    <ele>18.9</ele>
    <time>2025-08-14T07:15:21Z</time>
   </trkpt>
   <trkpt lat="25.0273480" lon="121.4281670">
    <ele>18.9</ele>
    <time>2025-08-14T07:15:22Z</time>
   </trkpt>
   <trkpt lat="25.0273500" lon="121.4281690">
    <ele>18.9</ele>
    <time>2025-08-14T07:15:23Z</time>
   </trkpt>
   <trkpt lat="25.0273520" lon="121.4281720">
    <ele>18.9</ele>
    <time>2025-08-14T07:15:24Z</time>
   </trkpt>
   <trkpt lat="25.0273570" lon="121.4281750">
    <ele>18.9</ele>
    <time>2025-08-14T07:15:25Z</time>
   </trkpt>
   <trkpt lat="25.0273310" lon="121.4281870">
    <ele>18.8</ele>
    <time>2025-08-14T07:15:26Z</time>
   </trkpt>
   <trkpt lat="25.0273270" lon="121.4281590">
    <ele>18.8</ele>
    <time>2025-08-14T07:15:27Z</time>
   </trkpt>
   <trkpt lat="25.0273190" lon="121.4281160">
    <ele>18.7</ele>
    <time>2025-08-14T07:15:28Z</time>
   </trkpt>
   <trkpt lat="25.0273020" lon="121.4280950">
    <ele>18.6</ele>
    <time>2025-08-14T07:15:29Z</time>
   </trkpt>
   <trkpt lat="25.0273040" lon="121.4281100">
    <ele>18.6</ele>
    <time>2025-08-14T07:15:30Z</time>
   </trkpt>
   <trkpt lat="25.0273050" lon="121.4281190">
    <ele>18.6</ele>
    <time>2025-08-14T07:15:31Z</time>
   </trkpt>
   <trkpt lat="25.0273050" lon="121.4281290">
    <ele>18.6</ele>
    <time>2025-08-14T07:15:32Z</time>
   </trkpt>
   <trkpt lat="25.0273060" lon="121.4281380">
    <ele>18.6</ele>
    <time>2025-08-14T07:15:33Z</time>
   </trkpt>
   <trkpt lat="25.0273010" lon="121.4281430">
    <ele>18.5</ele>
    <time>2025-08-14T07:15:34Z</time>
   </trkpt>
   <trkpt lat="25.0273070" lon="121.4281520">
    <ele>18.5</ele>
    <time>2025-08-14T07:15:35Z</time>
   </trkpt>
   <trkpt lat="25.0273100" lon="121.4281610">
    <ele>18.5</ele>
    <time>2025-08-14T07:15:36Z</time>
   </trkpt>
   <trkpt lat="25.0273080" lon="121.4281630">
    <ele>18.5</ele>
    <time>2025-08-14T07:15:37Z</time>
   </trkpt>
   <trkpt lat="25.0273130" lon="121.4281670">
    <ele>18.5</ele>
    <time>2025-08-14T07:15:38Z</time>
   </trkpt>
   <trkpt lat="25.0272980" lon="121.4281750">
    <ele>18.4</ele>
    <time>2025-08-14T07:15:39Z</time>
   </trkpt>
   <trkpt lat="25.0272950" lon="121.4281860">
    <ele>18.4</ele>
    <time>2025-08-14T07:15:40Z</time>
   </trkpt>
   <trkpt lat="25.0273020" lon="121.4281920">
    <ele>18.4</ele>
    <time>2025-08-14T07:15:41Z</time>
   </trkpt>
   <trkpt lat="25.0273100" lon="121.4282050">
    <ele>18.4</ele>
    <time>2025-08-14T07:15:42Z</time>
   </trkpt>
   <trkpt lat="25.0273110" lon="121.4282150">
    <ele>18.4</ele>
    <time>2025-08-14T07:15:43Z</time>
   </trkpt>
   <trkpt lat="25.0273120" lon="121.4282240">
    <ele>18.3</ele>
    <time>2025-08-14T07:15:44Z</time>
   </trkpt>
   <trkpt lat="25.0273140" lon="121.4282370">
    <ele>18.3</ele>
    <time>2025-08-14T07:15:45Z</time>
   </trkpt>
   <trkpt lat="25.0273200" lon="121.4282500">
    <ele>18.3</ele>
    <time>2025-08-14T07:15:46Z</time>
   </trkpt>
   <trkpt lat="25.0273240" lon="121.4282580">
    <ele>18.3</ele>
    <time>2025-08-14T07:15:47Z</time>
   </trkpt>
   <trkpt lat="25.0273300" lon="121.4282680">
    <ele>18.3</ele>
    <time>2025-08-14T07:15:48Z</time>
   </trkpt>
   <trkpt lat="25.0273360" lon="121.4282830">
    <ele>18.2</ele>
    <time>2025-08-14T07:15:49Z</time>
   </trkpt>
   <trkpt lat="25.0273410" lon="121.4282970">
    <ele>18.2</ele>
    <time>2025-08-14T07:15:50Z</time>
   </trkpt>
   <trkpt lat="25.0273440" lon="121.4283130">
    <ele>18.2</ele>
    <time>2025-08-14T07:15:51Z</time>
   </trkpt>
   <trkpt lat="25.0273420" lon="121.4283170">
    <ele>18.2</ele>
    <time>2025-08-14T07:15:52Z</time>
   </trkpt>
   <trkpt lat="25.0273440" lon="121.4283270">
    <ele>18.1</ele>
    <time>2025-08-14T07:15:53Z</time>
   </trkpt>
   <trkpt lat="25.0273400" lon="121.4283390">
    <ele>18.1</ele>
    <time>2025-08-14T07:15:54Z</time>
   </trkpt>
   <trkpt lat="25.0273320" lon="121.4283370">
    <ele>18.1</ele>
    <time>2025-08-14T07:15:55Z</time>
   </trkpt>
   <trkpt lat="25.0273240" lon="121.4283360">
    <ele>18.1</ele>
    <time>2025-08-14T07:15:56Z</time>
   </trkpt>
   <trkpt lat="25.0273160" lon="121.4283350">
    <ele>18.1</ele>
    <time>2025-08-14T07:15:57Z</time>
   </trkpt>
   <trkpt lat="25.0273080" lon="121.4283340">
    <ele>18.1</ele>
    <time>2025-08-14T07:15:58Z</time>
   </trkpt>
   <trkpt lat="25.0273000" lon="121.4283320">
    <ele>18.0</ele>
    <time>2025-08-14T07:15:59Z</time>
   </trkpt>
   <trkpt lat="25.0272920" lon="121.4283310">
    <ele>18.0</ele>
    <time>2025-08-14T07:16:00Z</time>
   </trkpt>
   <trkpt lat="25.0272850" lon="121.4283300">
    <ele>18.0</ele>
    <time>2025-08-14T07:16:01Z</time>
   </trkpt>
   <trkpt lat="25.0272770" lon="121.4283290">
    <ele>18.0</ele>
    <time>2025-08-14T07:16:02Z</time>
   </trkpt>
   <trkpt lat="25.0272690" lon="121.4283270">
    <ele>18.0</ele>
    <time>2025-08-14T07:16:03Z</time>
   </trkpt>
   <trkpt lat="25.0272610" lon="121.4283260">
    <ele>18.0</ele>
    <time>2025-08-14T07:16:04Z</time>
   </trkpt>
   <trkpt lat="25.0272530" lon="121.4283250">
    <ele>17.9</ele>
    <time>2025-08-14T07:16:05Z</time>
   </trkpt>
   <trkpt lat="25.0272450" lon="121.4283240">
    <ele>17.9</ele>
    <time>2025-08-14T07:16:30Z</time>
   </trkpt>
   <trkpt lat="25.0272370" lon="121.4283220">
    <ele>17.9</ele>
    <time>2025-08-14T07:16:31Z</time>
   </trkpt>
   <trkpt lat="25.0272290" lon="121.4283210">
    <ele>17.9</ele>
    <time>2025-08-14T07:16:32Z</time>
   </trkpt>
   <trkpt lat="25.0272450" lon="121.4283250">
    <ele>17.9</ele>
    <time>2025-08-14T07:16:33Z</time>
   </trkpt>
   <trkpt lat="25.0272430" lon="121.4283180">
    <ele>17.8</ele>
    <time>2025-08-14T07:16:34Z</time>
   </trkpt>
   <trkpt lat="25.0272620" lon="121.4283260">
    <ele>17.8</ele>
    <time>2025-08-14T07:16:35Z</time>
   </trkpt>
   <trkpt lat="25.0272910" lon="121.4283230">
    <ele>17.7</ele>
    <time>2025-08-14T07:16:36Z</time>
   </trkpt>
   <trkpt lat="25.0272860" lon="121.4283510">
    <ele>17.7</ele>
    <time>2025-08-14T07:16:37Z</time>
   </trkpt>
   <trkpt lat="25.0272960" lon="121.4283410">
    <ele>17.7</ele>
    <time>2025-08-14T07:16:38Z</time>
   </trkpt>
   <trkpt lat="25.0273160" lon="121.4283480">
    <ele>17.6</ele>
    <time>2025-08-14T07:16:39Z</time>
   </trkpt>
   <trkpt lat="25.0273160" lon="121.4283480">
    <ele>17.6</ele>
    <time>2025-08-14T07:16:40Z</time>
   </trkpt>
   <trkpt lat="25.0273160" lon="121.4283480">
    <ele>17.6</ele>
    <time>2025-08-14T07:16:41Z</time>
   </trkpt>
   <trkpt lat="25.0273510" lon="121.4283650">
    <ele>17.5</ele>
    <time>2025-08-14T07:16:42Z</time>
   </trkpt>
   <trkpt lat="25.0273520" lon="121.4283700">
    <ele>17.5</ele>
    <time>2025-08-14T07:16:43Z</time>
   </trkpt>
   <trkpt lat="25.0273490" lon="121.4283680">
    <ele>17.5</ele>
    <time>2025-08-14T07:16:44Z</time>
   </trkpt>
   <trkpt lat="25.0273490" lon="121.4283680">
    <ele>17.5</ele>
    <time>2025-08-14T07:16:45Z</time>
   </trkpt>
   <trkpt lat="25.0273020" lon="121.4283340">
    <ele>17.4</ele>
    <time>2025-08-14T07:16:46Z</time>
   </trkpt>
   <trkpt lat="25.0273230" lon="121.4283580">
    <ele>17.4</ele>
    <time>2025-08-14T07:16:47Z</time>
   </trkpt>
   <trkpt lat="25.0273430" lon="121.4283810">
    <ele>17.3</ele>
    <time>2025-08-14T07:16:48Z</time>
   </trkpt>
   <trkpt lat="25.0273430" lon="121.4283810">
    <ele>17.3</ele>
    <time>2025-08-14T07:16:49Z</time>
   </trkpt>
   <trkpt lat="25.0273430" lon="121.4283810">
    <ele>17.3</ele>
    <time>2025-08-14T07:16:50Z</time>
   </trkpt>
   <trkpt lat="25.0273120" lon="121.4283800">
    <ele>17.2</ele>
    <time>2025-08-14T07:16:51Z</time>
   </trkpt>
   <trkpt lat="25.0273110" lon="121.4283790">
    <ele>17.2</ele>
    <time>2025-08-14T07:16:53Z</time>
   </trkpt>
   <trkpt lat="25.0273110" lon="121.4283960">
    <ele>17.2</ele>
    <time>2025-08-14T07:16:54Z</time>
   </trkpt>
   <trkpt lat="25.0273000" lon="121.4283930">
    <ele>17.2</ele>
    <time>2025-08-14T07:16:55Z</time>
   </trkpt>
   <trkpt lat="25.0272980" lon="121.4283940">
    <ele>17.2</ele>
    <time>2025-08-14T07:16:56Z</time>
   </trkpt>
   <trkpt lat="25.0272890" lon="121.4283860">
    <ele>17.1</ele>
    <time>2025-08-14T07:16:57Z</time>
   </trkpt>
   <trkpt lat="25.0272860" lon="121.4283800">
    <ele>17.1</ele>
    <time>2025-08-14T07:16:58Z</time>
   </trkpt>
   <trkpt lat="25.0272870" lon="121.4283770">
    <ele>17.1</ele>
    <time>2025-08-14T07:16:59Z</time>
   </trkpt>
   <trkpt lat="25.0272920" lon="121.4283780">
    <ele>17.1</ele>
    <time>2025-08-14T07:17:00Z</time>
   </trkpt>
   <trkpt lat="25.0273030" lon="121.4284070">
    <ele>17.1</ele>
    <time>2025-08-14T07:17:01Z</time>
   </trkpt>
   <trkpt lat="25.0273010" lon="121.4284090">
    <ele>17.1</ele>
    <time>2025-08-14T07:17:02Z</time>
   </trkpt>
   <trkpt lat="25.0273050" lon="121.4284110">
    <ele>17.0</ele>
    <time>2025-08-14T07:17:03Z</time>
   </trkpt>
   <trkpt lat="25.0273020" lon="121.4284040">
    <ele>17.0</ele>
    <time>2025-08-14T07:17:04Z</time>
   </trkpt>
   <trkpt lat="25.0273000" lon="121.4283980">
    <ele>17.0</ele>
    <time>2025-08-14T07:17:05Z</time>
   </trkpt>
   <trkpt lat="25.0272970" lon="121.4283910">
    <ele>17.0</ele>
    <time>2025-08-14T07:17:06Z</time>
   </trkpt>
   <trkpt lat="25.0272950" lon="121.4283840">
    <ele>17.0</ele>
    <time>2025-08-14T07:17:07Z</time>
   </trkpt>
   <trkpt lat="25.0272920" lon="121.4283770">
    <ele>17.0</ele>
    <time>2025-08-14T07:17:08Z</time>
   </trkpt>
   <trkpt lat="25.0272900" lon="121.4283710">
    <ele>17.0</ele>
    <time>2025-08-14T07:17:09Z</time>
   </trkpt>
   <trkpt lat="25.0272870" lon="121.4283640">
    <ele>17.0</ele>
    <time>2025-08-14T07:17:10Z</time>
   </trkpt>
   <trkpt lat="25.0272840" lon="121.4283680">
    <ele>16.9</ele>
    <time>2025-08-14T07:17:11Z</time>
   </trkpt>
   <trkpt lat="25.0272840" lon="121.4283670">
    <ele>16.9</ele>
    <time>2025-08-14T07:17:12Z</time>
   </trkpt>
   <trkpt lat="25.0272640" lon="121.4284000">
    <ele>16.9</ele>
    <time>2025-08-14T07:17:26Z</time>
   </trkpt>
   <trkpt lat="25.0272760" lon="121.4283920">
    <ele>16.8</ele>
    <time>2025-08-14T07:17:27Z</time>
   </trkpt>
   <trkpt lat="25.0272920" lon="121.4283950">
    <ele>16.8</ele>
    <time>2025-08-14T07:17:28Z</time>
   </trkpt>
   <trkpt lat="25.0272770" lon="121.4284270">
    <ele>16.7</ele>
    <time>2025-08-14T07:17:29Z</time>
   </trkpt>
   <trkpt lat="25.0272740" lon="121.4284370">
    <ele>16.7</ele>
    <time>2025-08-14T07:17:30Z</time>
   </trkpt>
   <trkpt lat="25.0272480" lon="121.4284520">
    <ele>16.7</ele>
    <time>2025-08-14T07:17:31Z</time>
   </trkpt>
   <trkpt lat="25.0272500" lon="121.4284890">
    <ele>16.6</ele>
    <time>2025-08-14T07:17:32Z</time>
   </trkpt>
   <trkpt lat="25.0272510" lon="121.4285020">
    <ele>16.6</ele>
    <time>2025-08-14T07:17:33Z</time>
   </trkpt>
   <trkpt lat="25.0272690" lon="121.4284940">
    <ele>16.5</ele>
    <time>2025-08-14T07:17:34Z</time>
   </trkpt>
   <trkpt lat="25.0272730" lon="121.4284990">
    <ele>16.5</ele>
    <time>2025-08-14T07:17:35Z</time>
   </trkpt>
   <trkpt lat="25.0272780" lon="121.4285040">
    <ele>16.5</ele>
    <time>2025-08-14T07:17:36Z</time>
   </trkpt>
   <trkpt lat="25.0272820" lon="121.4285100">
    <ele>16.5</ele>
    <time>2025-08-14T07:17:37Z</time>
   </trkpt>
   <trkpt lat="25.0272860" lon="121.4285150">
    <ele>16.5</ele>
    <time>2025-08-14T07:17:38Z</time>
   </trkpt>
   <trkpt lat="25.0272900" lon="121.4285200">
    <ele>16.5</ele>
    <time>2025-08-14T07:17:39Z</time>
   </trkpt>
   <trkpt lat="25.0272890" lon="121.4285250">
    <ele>16.5</ele>
    <time>2025-08-14T07:17:40Z</time>
   </trkpt>
   <trkpt lat="25.0273060" lon="121.4285210">
    <ele>16.4</ele>
    <time>2025-08-14T07:17:41Z</time>
   </trkpt>
   <trkpt lat="25.0273240" lon="121.4285220">
    <ele>16.4</ele>
    <time>2025-08-14T07:17:42Z</time>
   </trkpt>
   <trkpt lat="25.0273240" lon="121.4285180">
    <ele>16.4</ele>
    <time>2025-08-14T07:17:43Z</time>
   </trkpt>
   <trkpt lat="25.0273190" lon="121.4285220">
    <ele>16.4</ele>
    <time>2025-08-14T07:17:44Z</time>
   </trkpt>
   <trkpt lat="25.0273220" lon="121.4285320">
    <ele>16.4</ele>
    <time>2025-08-14T07:17:45Z</time>
   </trkpt>
   <trkpt lat="25.0273310" lon="121.4285390">
    <ele>16.3</ele>
    <time>2025-08-14T07:17:46Z</time>
   </trkpt>
   <trkpt lat="25.0273400" lon="121.4285430">
    <ele>16.3</ele>
    <time>2025-08-14T07:17:47Z</time>
   </trkpt>
   <trkpt lat="25.0273410" lon="121.4285420">
    <ele>16.3</ele>
    <time>2025-08-14T07:17:48Z</time>
   </trkpt>
   <trkpt lat="25.0273410" lon="121.4285420">
    <ele>16.3</ele>
    <time>2025-08-14T07:17:49Z</time>
   </trkpt>
   <trkpt lat="25.0273480" lon="121.4285450">
    <ele>16.3</ele>
    <time>2025-08-14T07:17:50Z</time>
   </trkpt>
   <trkpt lat="25.0273440" lon="121.4285300">
    <ele>16.3</ele>
    <time>2025-08-14T07:17:51Z</time>
   </trkpt>
   <trkpt lat="25.0273420" lon="121.4285120">
    <ele>16.3</ele>
    <time>2025-08-14T07:17:52Z</time>
   </trkpt>
   <trkpt lat="25.0273410" lon="121.4284950">
    <ele>16.2</ele>
    <time>2025-08-14T07:17:53Z</time>
   </trkpt>
   <trkpt lat="25.0273390" lon="121.4284770">
    <ele>16.2</ele>
    <time>2025-08-14T07:18:21Z</time>
   </trkpt>
   <trkpt lat="25.0273370" lon="121.4284600">
    <ele>16.2</ele>
    <time>2025-08-14T07:18:22Z</time>
   </trkpt>
   <trkpt lat="25.0273060" lon="121.4284530">
    <ele>16.1</ele>
    <time>2025-08-14T07:18:23Z</time>
   </trkpt>
   <trkpt lat="25.0272780" lon="121.4284320">
    <ele>16.0</ele>
    <time>2025-08-14T07:18:24Z</time>
   </trkpt>
   <trkpt lat="25.0272670" lon="121.4284310">
    <ele>16.0</ele>
    <time>2025-08-14T07:18:25Z</time>
   </trkpt>
   <trkpt lat="25.0272780" lon="121.4284350">
    <ele>16.0</ele>
    <time>2025-08-14T07:18:26Z</time>
   </trkpt>
   <trkpt lat="25.0272910" lon="121.4284420">
    <ele>16.0</ele>
    <time>2025-08-14T07:18:27Z</time>
   </trkpt>
   <trkpt lat="25.0273030" lon="121.4284500">
    <ele>16.0</ele>
    <time>2025-08-14T07:18:28Z</time>
   </trkpt>
   <trkpt lat="25.0273070" lon="121.4284420">
    <ele>15.9</ele>
    <time>2025-08-14T07:18:29Z</time>
   </trkpt>
   <trkpt lat="25.0273220" lon="121.4284260">
    <ele>15.9</ele>
    <time>2025-08-14T07:18:30Z</time>
   </trkpt>
   <trkpt lat="25.0273230" lon="121.4284260">
    <ele>15.9</ele>
    <time>2025-08-14T07:18:31Z</time>
   </trkpt>
   <trkpt lat="25.0273120" lon="121.4284140">
    <ele>15.9</ele>
    <time>2025-08-14T07:18:32Z</time>
   </trkpt>
   <trkpt lat="25.0273010" lon="121.4284030">
    <ele>15.8</ele>
    <time>2025-08-14T07:18:33Z</time>
   </trkpt>
   <trkpt lat="25.0272900" lon="121.4283910">
    <ele>15.8</ele>
    <time>2025-08-14T07:18:34Z</time>
   </trkpt>
   <trkpt lat="25.0273030" lon="121.4284130">
    <ele>15.8</ele>
    <time>2025-08-14T07:18:35Z</time>
   </trkpt>
   <trkpt lat="25.0273110" lon="121.4284340">
    <ele>15.7</ele>
    <time>2025-08-14T07:18:36Z</time>
   </trkpt>
   <trkpt lat="25.0273200" lon="121.4284550">
    <ele>15.7</ele>
    <time>2025-08-14T07:19:22Z</time>
   </trkpt>
   <trkpt lat="25.0273280" lon="121.4284760">
    <ele>15.7</ele>
    <time>2025-08-14T07:19:23Z</time>
   </trkpt>
   <trkpt lat="25.0273360" lon="121.4284970">
    <ele>15.6</ele>
    <time>2025-08-14T07:19:24Z</time>
   </trkpt>
   <trkpt lat="25.0273440" lon="121.4285180">
    <ele>15.6</ele>
    <time>2025-08-14T07:19:25Z</time>
   </trkpt>
   <trkpt lat="25.0273580" lon="121.4285550">
    <ele>15.5</ele>
    <time>2025-08-14T07:19:26Z</time>
   </trkpt>
   <trkpt lat="25.0273530" lon="121.4285710">
    <ele>15.5</ele>
    <time>2025-08-14T07:19:27Z</time>
   </trkpt>
   <trkpt lat="25.0273300" lon="121.4285970">
    <ele>15.4</ele>
    <time>2025-08-14T07:19:28Z</time>
   </trkpt>
   <trkpt lat="25.0273290" lon="121.4286180">
    <ele>15.4</ele>
    <time>2025-08-14T07:19:29Z</time>
   </trkpt>
   <trkpt lat="25.0273280" lon="121.4286390">
    <ele>15.4</ele>
    <time>2025-08-14T07:19:30Z</time>
   </trkpt>
   <trkpt lat="25.0273630" lon="121.4286720">
    <ele>15.3</ele>
    <time>2025-08-14T07:19:31Z</time>
   </trkpt>
   <trkpt lat="25.0273830" lon="121.4286830">
    <ele>15.2</ele>
    <time>2025-08-14T07:19:32Z</time>
   </trkpt>
   <trkpt lat="25.0273820" lon="121.4286820">
    <ele>15.2</ele>
    <time>2025-08-14T07:19:33Z</time>
   </trkpt>
   <trkpt lat="25.0273870" lon="121.4286870">
    <ele>15.2</ele>
    <time>2025-08-14T07:19:34Z</time>
   </trkpt>
   <trkpt lat="25.0273880" lon="121.4286860">
    <ele>15.2</ele>
    <time>2025-08-14T07:19:35Z</time>
   </trkpt>
   <trkpt lat="25.0273900" lon="121.4286960">
    <ele>15.2</ele>
    <time>2025-08-14T07:19:36Z</time>
   </trkpt>
   <trkpt lat="25.0273960" lon="121.4286930">
    <ele>15.2</ele>
    <time>2025-08-14T07:19:37Z</time>
   </trkpt>
   <trkpt lat="25.0274050" lon="121.4286960">
    <ele>15.2</ele>
    <time>2025-08-14T07:19:38Z</time>
   </trkpt>
   <trkpt lat="25.0274110" lon="121.4286990">
    <ele>15.2</ele>
    <time>2025-08-14T07:19:39Z</time>
   </trkpt>
   <trkpt lat="25.0274130" lon="121.4287120">
    <ele>15.2</ele>
    <time>2025-08-14T07:19:40Z</time>
   </trkpt>
   <trkpt lat="25.0274120" lon="121.4287150">
    <ele>15.1</ele>
    <time>2025-08-14T07:19:41Z</time>
   </trkpt>
   <trkpt lat="25.0274100" lon="121.4287170">
    <ele>15.1</ele>
    <time>2025-08-14T07:19:42Z</time>
   </trkpt>
   <trkpt lat="25.0274090" lon="121.4287200">
    <ele>15.1</ele>
    <time>2025-08-14T07:19:43Z</time>
   </trkpt>
   <trkpt lat="25.0274080" lon="121.4287230">
    <ele>15.1</ele>
    <time>2025-08-14T07:19:47Z</time>
   </trkpt>
   <trkpt lat="25.0274070" lon="121.4287260">
    <ele>15.1</ele>
    <time>2025-08-14T07:19:48Z</time>
   </trkpt>
   <trkpt lat="25.0274060" lon="121.4287290">
    <ele>15.1</ele>
    <time>2025-08-14T07:19:49Z</time>
   </trkpt>
   <trkpt lat="25.0274040" lon="121.4287310">
    <ele>15.1</ele>
    <time>2025-08-14T07:19:50Z</time>
   </trkpt>
   <trkpt lat="25.0274030" lon="121.4287340">
    <ele>15.1</ele>
    <time>2025-08-14T07:19:51Z</time>
   </trkpt>
   <trkpt lat="25.0274020" lon="121.4287370">
    <ele>15.1</ele>
    <time>2025-08-14T07:19:52Z</time>
   </trkpt>
   <trkpt lat="25.0274010" lon="121.4287400">
    <ele>15.1</ele>
    <time>2025-08-14T07:19:53Z</time>
   </trkpt>
   <trkpt lat="25.0274000" lon="121.4287430">
    <ele>15.1</ele>
    <time>2025-08-14T07:19:54Z</time>
   </trkpt>
   <trkpt lat="25.0273980" lon="121.4287450">
    <ele>15.1</ele>
    <time>2025-08-14T07:19:55Z</time>
   </trkpt>
   <trkpt lat="25.0273970" lon="121.4287480">
    <ele>15.1</ele>
    <time>2025-08-14T07:19:56Z</time>
   </trkpt>
   <trkpt lat="25.0273960" lon="121.4287510">
    <ele>15.1</ele>
    <time>2025-08-14T07:19:57Z</time>
   </trkpt>
   <trkpt lat="25.0273740" lon="121.4287560">
    <ele>15.0</ele>
    <time>2025-08-14T07:19:58Z</time>
   </trkpt>
   <trkpt lat="25.0273750" lon="121.4287440">
    <ele>15.0</ele>
    <time>2025-08-14T07:19:59Z</time>
   </trkpt>
   <trkpt lat="25.0273750" lon="121.4287320">
    <ele>15.0</ele>
    <time>2025-08-14T07:20:00Z</time>
   </trkpt>
   <trkpt lat="25.0273670" lon="121.4287320">
    <ele>15.0</ele>
    <time>2025-08-14T07:20:01Z</time>
   </trkpt>
   <trkpt lat="25.0273830" lon="121.4287190">
    <ele>15.0</ele>
    <time>2025-08-14T07:20:02Z</time>
   </trkpt>
   <trkpt lat="25.0274010" lon="121.4287220">
    <ele>14.9</ele>
    <time>2025-08-14T07:20:03Z</time>
   </trkpt>
   <trkpt lat="25.0274040" lon="121.4287110">
    <ele>14.9</ele>
    <time>2025-08-14T07:20:04Z</time>
   </trkpt>
   <trkpt lat="25.0274150" lon="121.4286890">
    <ele>14.8</ele>
    <time>2025-08-14T07:20:05Z</time>
   </trkpt>
   <trkpt lat="25.0274090" lon="121.4286800">
    <ele>14.8</ele>
    <time>2025-08-14T07:20:06Z</time>
   </trkpt>
   <trkpt lat="25.0274140" lon="121.4287130">
    <ele>14.8</ele>
    <time>2025-08-14T07:20:07Z</time>
   </trkpt>
   <trkpt lat="25.0274070" lon="121.4286920">
    <ele>14.7</ele>
    <time>2025-08-14T07:20:08Z</time>
   </trkpt>
   <trkpt lat="25.0273980" lon="121.4286800">
    <ele>14.7</ele>
    <time>2025-08-14T07:20:09Z</time>
   </trkpt>
   <trkpt lat="25.0274000" lon="121.4286730">
    <ele>14.7</ele>
    <time>2025-08-14T07:20:10Z</time>
   </trkpt>
   <trkpt lat="25.0274140" lon="121.4286660">
    <ele>14.6</ele>
    <time>2025-08-14T07:20:11Z</time>
   </trkpt>
   <trkpt lat="25.0274100" lon="121.4286640">
    <ele>14.6</ele>
    <time>2025-08-14T07:20:12Z</time>
   </trkpt>
   <trkpt lat="25.0274300" lon="121.4286540">
    <ele>14.6</ele>
    <time>2025-08-14T07:20:13Z</time>
   </trkpt>
   <trkpt lat="25.0274080" lon="121.4286480">
    <ele>14.5</ele>
    <time>2025-08-14T07:20:14Z</time>
   </trkpt>
   <trkpt lat="25.0274220" lon="121.4286400">
    <ele>14.5</ele>
    <time>2025-08-14T07:20:15Z</time>
   </trkpt>
   <trkpt lat="25.0274370" lon="121.4286340">
    <ele>14.5</ele>
    <time>2025-08-14T07:20:16Z</time>
   </trkpt>
   <trkpt lat="25.0274380" lon="121.4286400">
    <ele>14.5</ele>
    <time>2025-08-14T07:20:17Z</time>
   </trkpt>
   <trkpt lat="25.0274250" lon="121.4286560">
    <ele>14.4</ele>
    <time>2025-08-14T07:20:18Z</time>
   </trkpt>
   <trkpt lat="25.0274180" lon="121.4286400">
    <ele>14.4</ele>
    <time>2025-08-14T07:21:06Z</time>
   </trkpt>
   <trkpt lat="25.0274030" lon="121.4286530">
    <ele>14.4</ele>
    <time>2025-08-14T07:21:07Z</time>
   </trkpt>
   <trkpt lat="25.0274040" lon="121.4286660">
    <ele>14.3</ele>
    <time>2025-08-14T07:21:08Z</time>
   </trkpt>
   <trkpt lat="25.0274170" lon="121.4286740">
    <ele>14.3</ele>
    <time>2025-08-14T07:21:09Z</time>
   </trkpt>
   <trkpt lat="25.0274170" lon="121.4286790">
    <ele>14.3</ele>
    <time>2025-08-14T07:21:10Z</time>
   </trkpt>
   <trkpt lat="25.0274260" lon="121.4286940">
    <ele>14.3</ele>
    <time>2025-08-14T07:21:11Z</time>
   </trkpt>
   <trkpt lat="25.0274270" lon="121.4287030">
    <ele>14.2</ele>
    <time>2025-08-14T07:21:12Z</time>
   </trkpt>
   <trkpt lat="25.0274580" lon="121.4287330">
    <ele>14.2</ele>
    <time>2025-08-14T07:21:13Z</time>
   </trkpt>
   <trkpt lat="25.0274580" lon="121.4287620">
    <ele>14.1</ele>
    <time>2025-08-14T07:21:14Z</time>
   </trkpt>
   <trkpt lat="25.0274650" lon="121.4287700">
    <ele>14.1</ele>
    <time>2025-08-14T07:21:15Z</time>
   </trkpt>
   <trkpt lat="25.0274700" lon="121.4287780">
    <ele>14.1</ele>
    <time>2025-08-14T07:21:16Z</time>
   </trkpt>
   <trkpt lat="25.0274660" lon="121.4287890">
    <ele>14.0</ele>
    <time>2025-08-14T07:21:17Z</time>
   </trkpt>
   <trkpt lat="25.0274630" lon="121.4287920">
    <ele>14.0</ele>
    <time>2025-08-14T07:21:18Z</time>
   </trkpt>
   <trkpt lat="25.0274640" lon="121.4287900">
    <ele>14.0</ele>
    <time>2025-08-14T07:21:19Z</time>
   </trkpt>
   <trkpt lat="25.0274690" lon="121.4287970">
    <ele>14.0</ele>
    <time>2025-08-14T07:21:20Z</time>
   </trkpt>
   <trkpt lat="25.0274690" lon="121.4287960">
    <ele>14.0</ele>
    <time>2025-08-14T07:21:21Z</time>
   </trkpt>
   <trkpt lat="25.0274690" lon="121.4287960">
    <ele>14.0</ele>
    <time>2025-08-14T07:21:22Z</time>
   </trkpt>
   <trkpt lat="25.0274700" lon="121.4288010">
    <ele>14.0</ele>
    <time>2025-08-14T07:21:23Z</time>
   </trkpt>
   <trkpt lat="25.0274470" lon="121.4288130">
    <ele>13.9</ele>
    <time>2025-08-14T07:21:24Z</time>
   </trkpt>
   <trkpt lat="25.0274300" lon="121.4288230">
    <ele>13.9</ele>
    <time>2025-08-14T07:21:25Z</time>
   </trkpt>
   <trkpt lat="25.0274130" lon="121.4288320">
    <ele>13.9</ele>
    <time>2025-08-14T07:21:26Z</time>
   </trkpt>
   <trkpt lat="25.0273960" lon="121.4288410">
    <ele>13.8</ele>
    <time>2025-08-14T07:21:49Z</time>
   </trkpt>
   <trkpt lat="25.0273790" lon="121.4288510">
    <ele>13.8</ele>
    <time>2025-08-14T07:21:50Z</time>
   </trkpt>
   <trkpt lat="25.0273620" lon="121.4288600">
    <ele>13.8</ele>
    <time>2025-08-14T07:21:51Z</time>
   </trkpt>
   <trkpt lat="25.0271650" lon="121.4288730">
    <ele>13.7</ele>
    <time>2025-08-14T07:21:52Z</time>
   </trkpt>
   <trkpt lat="25.0271290" lon="121.4288800">
    <ele>13.7</ele>
    <time>2025-08-14T07:21:53Z</time>
   </trkpt>
   <trkpt lat="25.0271020" lon="121.4288960">
    <ele>13.7</ele>
    <time>2025-08-14T07:21:54Z</time>
   </trkpt>
   <trkpt lat="25.0270740" lon="121.4288810">
    <ele>13.7</ele>
    <time>2025-08-14T07:21:55Z</time>
   </trkpt>
   <trkpt lat="25.0270660" lon="121.4288760">
    <ele>13.7</ele>
    <time>2025-08-14T07:21:56Z</time>
   </trkpt>
   <trkpt lat="25.0271020" lon="121.4289230">
    <ele>13.7</ele>
    <time>2025-08-14T07:21:57Z</time>
   </trkpt>
   <trkpt lat="25.0271110" lon="121.4289700">
    <ele>13.7</ele>
    <time>2025-08-14T07:21:58Z</time>
   </trkpt>
   <trkpt lat="25.0271290" lon="121.4289980">
    <ele>13.7</ele>
    <time>2025-08-14T07:21:59Z</time>
   </trkpt>
   <trkpt lat="25.0270970" lon="121.4290300">
    <ele>13.7</ele>
    <time>2025-08-14T07:22:00Z</time>
   </trkpt>
   <trkpt lat="25.0270860" lon="121.4290440">
    <ele>13.7</ele>
    <time>2025-08-14T07:22:01Z</time>
   </trkpt>
   <trkpt lat="25.0273270" lon="121.4289990">
    <ele>13.7</ele>
    <time>2025-08-14T07:22:02Z</time>
   </trkpt>
   <trkpt lat="25.0273270" lon="121.4290080">
    <ele>13.7</ele>
    <time>2025-08-14T07:22:03Z</time>
   </trkpt>
   <trkpt lat="25.0273380" lon="121.4290430">
    <ele>13.7</ele>
    <time>2025-08-14T07:22:04Z</time>
   </trkpt>
   <trkpt lat="25.0273420" lon="121.4290540">
    <ele>13.7</ele>
    <time>2025-08-14T07:22:05Z</time>
   </trkpt>
   <trkpt lat="25.0273480" lon="121.4290830">
    <ele>13.7</ele>
    <time>2025-08-14T07:22:06Z</time>
   </trkpt>
   <trkpt lat="25.0273500" lon="121.4290940">
    <ele>13.7</ele>
    <time>2025-08-14T07:22:07Z</time>
   </trkpt>
   <trkpt lat="25.0274590" lon="121.4289820">
    <ele>13.8</ele>
    <time>2025-08-14T07:22:08Z</time>
   </trkpt>
   <trkpt lat="25.0274630" lon="121.4289890">
    <ele>13.8</ele>
    <time>2025-08-14T07:22:09Z</time>
   </trkpt>
   <trkpt lat="25.0273400" lon="121.4290930">
    <ele>13.8</ele>
    <time>2025-08-14T07:22:10Z</time>
   </trkpt>
   <trkpt lat="25.0274780" lon="121.4290080">
    <ele>13.9</ele>
    <time>2025-08-14T07:22:11Z</time>
   </trkpt>
   <trkpt lat="25.0274610" lon="121.4289850">
    <ele>13.9</ele>
    <time>2025-08-14T07:22:12Z</time>
   </trkpt>
   <trkpt lat="25.0274440" lon="121.4289620">
    <ele>13.9</ele>
    <time>2025-08-14T07:22:13Z</time>
   </trkpt>
   <trkpt lat="25.0274540" lon="121.4289540">
    <ele>13.9</ele>
    <time>2025-08-14T07:22:14Z</time>
   </trkpt>
   <trkpt lat="25.0274620" lon="121.4289460">
    <ele>13.9</ele>
    <time>2025-08-14T07:22:42Z</time>
   </trkpt>
   <trkpt lat="25.0274710" lon="121.4289380">
    <ele>13.9</ele>
    <time>2025-08-14T07:22:43Z</time>
   </trkpt>
   <trkpt lat="25.0274790" lon="121.4289300">
    <ele>13.9</ele>
    <time>2025-08-14T07:22:44Z</time>
   </trkpt>
   <trkpt lat="25.0274870" lon="121.4289210">
    <ele>13.9</ele>
    <time>2025-08-14T07:22:45Z</time>
   </trkpt>
   <trkpt lat="25.0274950" lon="121.4289130">
    <ele>13.9</ele>
    <time>2025-08-14T07:22:46Z</time>
   </trkpt>
   <trkpt lat="25.0275040" lon="121.4289050">
    <ele>13.9</ele>
    <time>2025-08-14T07:22:47Z</time>
   </trkpt>
   <trkpt lat="25.0275120" lon="121.4288970">
    <ele>13.9</ele>
    <time>2025-08-14T07:22:48Z</time>
   </trkpt>
   <trkpt lat="25.0275200" lon="121.4288890">
    <ele>13.9</ele>
    <time>2025-08-14T07:22:49Z</time>
   </trkpt>
   <trkpt lat="25.0274950" lon="121.4288620">
    <ele>13.9</ele>
    <time>2025-08-14T07:22:50Z</time>
   </trkpt>
   <trkpt lat="25.0275090" lon="121.4289140">
    <ele>13.8</ele>
    <time>2025-08-14T07:22:51Z</time>
   </trkpt>
   <trkpt lat="25.0275000" lon="121.4289200">
    <ele>13.8</ele>
    <time>2025-08-14T07:22:52Z</time>
   </trkpt>
   <trkpt lat="25.0275240" lon="121.4289500">
    <ele>13.8</ele>
    <time>2025-08-14T07:22:53Z</time>
   </trkpt>
   <trkpt lat="25.0275150" lon="121.4289470">
    <ele>13.8</ele>
    <time>2025-08-14T07:22:55Z</time>
   </trkpt>
   <trkpt lat="25.0275200" lon="121.4289420">
    <ele>13.8</ele>
    <time>2025-08-14T07:22:56Z</time>
   </trkpt>
   <trkpt lat="25.0275340" lon="121.4289420">
    <ele>13.8</ele>
    <time>2025-08-14T07:23:32Z</time>
   </trkpt>
   <trkpt lat="25.0275470" lon="121.4289410">
    <ele>13.8</ele>
    <time>2025-08-14T07:23:33Z</time>
   </trkpt>
   <trkpt lat="25.0275610" lon="121.4289410">
    <ele>13.8</ele>
    <time>2025-08-14T07:23:34Z</time>
   </trkpt>
   <trkpt lat="25.0275740" lon="121.4289410">
    <ele>13.8</ele>
    <time>2025-08-14T07:23:35Z</time>
   </trkpt>
   <trkpt lat="25.0275780" lon="121.4289520">
    <ele>13.8</ele>
    <time>2025-08-14T07:23:36Z</time>
   </trkpt>
   <trkpt lat="25.0275800" lon="121.4289550">
    <ele>13.8</ele>
    <time>2025-08-14T07:23:37Z</time>
   </trkpt>
   <trkpt lat="25.0275820" lon="121.4289570">
    <ele>13.8</ele>
    <time>2025-08-14T07:23:38Z</time>
   </trkpt>
   <trkpt lat="25.0275840" lon="121.4289590">
    <ele>13.8</ele>
    <time>2025-08-14T07:23:39Z</time>
   </trkpt>
   <trkpt lat="25.0275860" lon="121.4289610">
    <ele>13.8</ele>
    <time>2025-08-14T07:23:40Z</time>
   </trkpt>
   <trkpt lat="25.0275870" lon="121.4289640">
    <ele>13.8</ele>
    <time>2025-08-14T07:23:41Z</time>
   </trkpt>
   <trkpt lat="25.0275890" lon="121.4289660">
    <ele>13.8</ele>
    <time>2025-08-14T07:23:42Z</time>
   </trkpt>
   <trkpt lat="25.0275910" lon="121.4289680">
    <ele>13.8</ele>
    <time>2025-08-14T07:24:16Z</time>
   </trkpt>
   <trkpt lat="25.0275930" lon="121.4289700">
    <ele>13.8</ele>
    <time>2025-08-14T07:24:17Z</time>
   </trkpt>
   <trkpt lat="25.0275950" lon="121.4289730">
    <ele>13.8</ele>
    <time>2025-08-14T07:24:18Z</time>
   </trkpt>
   <trkpt lat="25.0275970" lon="121.4289750">
    <ele>13.8</ele>
    <time>2025-08-14T07:24:19Z</time>
   </trkpt>
   <trkpt lat="25.0275890" lon="121.4289940">
    <ele>13.7</ele>
    <time>2025-08-14T07:24:20Z</time>
   </trkpt>
   <trkpt lat="25.0275860" lon="121.4290060">
    <ele>13.7</ele>
    <time>2025-08-14T07:24:21Z</time>
   </trkpt>
   <trkpt lat="25.0276000" lon="121.4290140">
    <ele>13.7</ele>
    <time>2025-08-14T07:24:22Z</time>
   </trkpt>
   <trkpt lat="25.0276090" lon="121.4290280">
    <ele>13.7</ele>
    <time>2025-08-14T07:24:23Z</time>
   </trkpt>
   <trkpt lat="25.0276150" lon="121.4290240">
    <ele>13.7</ele>
    <time>2025-08-14T07:24:24Z</time>
   </trkpt>
   <trkpt lat="25.0276240" lon="121.4290270">
    <ele>13.7</ele>
    <time>2025-08-14T07:24:25Z</time>
   </trkpt>
   <trkpt lat="25.0276300" lon="121.4290340">
    <ele>13.7</ele>
    <time>2025-08-14T07:24:26Z</time>
   </trkpt>
   <trkpt lat="25.0276280" lon="121.4290390">
    <ele>13.7</ele>
    <time>2025-08-14T07:24:27Z</time>
   </trkpt>
   <trkpt lat="25.0276270" lon="121.4290500">
    <ele>13.7</ele>
    <time>2025-08-14T07:24:28Z</time>
   </trkpt>
   <trkpt lat="25.0276370" lon="121.4290530">
    <ele>13.7</ele>
    <time>2025-08-14T07:24:29Z</time>
   </trkpt>
   <trkpt lat="25.0276420" lon="121.4290540">
    <ele>13.7</ele>
    <time>2025-08-14T07:24:30Z</time>
   </trkpt>
   <trkpt lat="25.0276430" lon="121.4290580">
    <ele>13.7</ele>
    <time>2025-08-14T07:24:31Z</time>
   </trkpt>
   <trkpt lat="25.0276410" lon="121.4290560">
    <ele>13.7</ele>
    <time>2025-08-14T07:24:32Z</time>
   </trkpt>
   <trkpt lat="25.0276310" lon="121.4290600">
    <ele>13.7</ele>
    <time>2025-08-14T07:24:33Z</time>
   </trkpt>
   <trkpt lat="25.0276300" lon="121.4290600">
    <ele>13.7</ele>
    <time>2025-08-14T07:24:34Z</time>
   </trkpt>
   <trkpt lat="25.0276300" lon="121.4290600">
    <ele>13.7</ele>
    <time>2025-08-14T07:24:35Z</time>
   </trkpt>
   <trkpt lat="25.0276300" lon="121.4290600">
    <ele>13.7</ele>
    <time>2025-08-14T07:24:36Z</time>
   </trkpt>
   <trkpt lat="25.0276050" lon="121.4290660">
    <ele>13.7</ele>
    <time>2025-08-14T07:24:37Z</time>
   </trkpt>
   <trkpt lat="25.0276120" lon="121.4290930">
    <ele>13.6</ele>
    <time>2025-08-14T07:24:38Z</time>
   </trkpt>
   <trkpt lat="25.0276190" lon="121.4291210">
    <ele>13.6</ele>
    <time>2025-08-14T07:24:39Z</time>
   </trkpt>
   <trkpt lat="25.0276270" lon="121.4291480">
    <ele>13.6</ele>
    <time>2025-08-14T07:24:40Z</time>
   </trkpt>
   <trkpt lat="25.0276340" lon="121.4291760">
    <ele>13.6</ele>
    <time>2025-08-14T07:25:02Z</time>
   </trkpt>
   <trkpt lat="25.0276410" lon="121.4292030">
    <ele>13.6</ele>
    <time>2025-08-14T07:25:03Z</time>
   </trkpt>
   <trkpt lat="25.0276480" lon="121.4292310">
    <ele>13.6</ele>
    <time>2025-08-14T07:25:04Z</time>
   </trkpt>
   <trkpt lat="25.0276330" lon="121.4291700">
    <ele>13.5</ele>
    <time>2025-08-14T07:25:05Z</time>
   </trkpt>
   <trkpt lat="25.0276510" lon="121.4291930">
    <ele>13.5</ele>
    <time>2025-08-14T07:25:06Z</time>
   </trkpt>
   <trkpt lat="25.0276290" lon="121.4291910">
    <ele>13.5</ele>
    <time>2025-08-14T07:25:07Z</time>
   </trkpt>
   <trkpt lat="25.0276210" lon="121.4291930">
    <ele>13.5</ele>
    <time>2025-08-14T07:25:08Z</time>
   </trkpt>
   <trkpt lat="25.0276140" lon="121.4291950">
    <ele>13.5</ele>
    <time>2025-08-14T07:25:09Z</time>
   </trkpt>
   <trkpt lat="25.0276220" lon="121.4291880">
    <ele>13.5</ele>
    <time>2025-08-14T07:25:10Z</time>
   </trkpt>
   <trkpt lat="25.0276170" lon="121.4291950">
    <ele>13.4</ele>
    <time>2025-08-14T07:25:11Z</time>
   </trkpt>
   <trkpt lat="25.0276070" lon="121.4291790">
    <ele>13.4</ele>
    <time>2025-08-14T07:25:12Z</time>
   </trkpt>
   <trkpt lat="25.0276000" lon="121.4291790">
    <ele>13.4</ele>
    <time>2025-08-14T07:25:13Z</time>
   </trkpt>
   <trkpt lat="25.0275920" lon="121.4291740">
    <ele>13.4</ele>
    <time>2025-08-14T07:25:14Z</time>
   </trkpt>
   <trkpt lat="25.0275920" lon="121.4291710">
    <ele>13.4</ele>
    <time>2025-08-14T07:25:15Z</time>
   </trkpt>
   <trkpt lat="25.0275950" lon="121.4291540">
    <ele>13.4</ele>
    <time>2025-08-14T07:25:16Z</time>
   </trkpt>
   <trkpt lat="25.0275910" lon="121.4291490">
    <ele>13.4</ele>
    <time>2025-08-14T07:25:17Z</time>
   </trkpt>
   <trkpt lat="25.0275900" lon="121.4291480">
    <ele>13.4</ele>
    <time>2025-08-14T07:25:18Z</time>
   </trkpt>
   <trkpt lat="25.0276040" lon="121.4291350">
    <ele>13.4</ele>
    <time>2025-08-14T07:25:31Z</time>
   </trkpt>
   <trkpt lat="25.0276060" lon="121.4291350">
    <ele>13.4</ele>
    <time>2025-08-14T07:25:32Z</time>
   </trkpt>
   <trkpt lat="25.0276060" lon="121.4291350">
    <ele>13.4</ele>
    <time>2025-08-14T07:25:33Z</time>
   </trkpt>
   <trkpt lat="25.0275820" lon="121.4291360">
    <ele>13.4</ele>
    <time>2025-08-14T07:25:34Z</time>
   </trkpt>
   <trkpt lat="25.0275810" lon="121.4291690">
    <ele>13.3</ele>
    <time>2025-08-14T07:25:35Z</time>
   </trkpt>
   <trkpt lat="25.0275840" lon="121.4291880">
    <ele>13.3</ele>
    <time>2025-08-14T07:25:36Z</time>
   </trkpt>
   <trkpt lat="25.0275860" lon="121.4291940">
    <ele>13.3</ele>
    <time>2025-08-14T07:25:37Z</time>
   </trkpt>
   <trkpt lat="25.0275700" lon="121.4291790">
    <ele>13.3</ele>
    <time>2025-08-14T07:25:38Z</time>
   </trkpt>
   <trkpt lat="25.0275670" lon="121.4291890">
    <ele>13.3</ele>
    <time>2025-08-14T07:25:39Z</time>
   </trkpt>
   <trkpt lat="25.0275630" lon="121.4291910">
    <ele>13.3</ele>
    <time>2025-08-14T07:25:40Z</time>
   </trkpt>
   <trkpt lat="25.0275540" lon="121.4291990">
    <ele>13.3</ele>
    <time>2025-08-14T07:25:41Z</time>
   </trkpt>
   <trkpt lat="25.0275530" lon="121.4291900">
    <ele>13.3</ele>
    <time>2025-08-14T07:25:43Z</time>
   </trkpt>
   <trkpt lat="25.0275580" lon="121.4291860">
    <ele>13.3</ele>
    <time>2025-08-14T07:25:44Z</time>
   </trkpt>
   <trkpt lat="25.0275710" lon="121.4291860">
    <ele>13.3</ele>
    <time>2025-08-14T07:25:45Z</time>
   </trkpt>
   <trkpt lat="25.0275690" lon="121.4291830">
    <ele>13.3</ele>
    <time>2025-08-14T07:25:46Z</time>
   </trkpt>
   <trkpt lat="25.0275740" lon="121.4291920">
    <ele>13.2</ele>
    <time>2025-08-14T07:25:47Z</time>
   </trkpt>
   <trkpt lat="25.0275560" lon="121.4292020">
    <ele>13.2</ele>
    <time>2025-08-14T07:25:48Z</time>
   </trkpt>
   <trkpt lat="25.0275590" lon="121.4292070">
    <ele>13.2</ele>
    <time>2025-08-14T07:25:49Z</time>
   </trkpt>
   <trkpt lat="25.0275580" lon="121.4292130">
    <ele>13.2</ele>
    <time>2025-08-14T07:25:50Z</time>
   </trkpt>
   <trkpt lat="25.0275560" lon="121.4292150">
    <ele>13.2</ele>
    <time>2025-08-14T07:25:51Z</time>
   </trkpt>
   <trkpt lat="25.0275550" lon="121.4292350">
    <ele>13.2</ele>
    <time>2025-08-14T07:25:52Z</time>
   </trkpt>
   <trkpt lat="25.0275660" lon="121.4292450">
    <ele>13.2</ele>
    <time>2025-08-14T07:25:53Z</time>
   </trkpt>
   <trkpt lat="25.0275690" lon="121.4292530">
    <ele>13.2</ele>
    <time>2025-08-14T07:25:54Z</time>
   </trkpt>
   <trkpt lat="25.0275770" lon="121.4292600">
    <ele>13.2</ele>
    <time>2025-08-14T07:25:55Z</time>
   </trkpt>
   <trkpt lat="25.0275860" lon="121.4292670">
    <ele>13.2</ele>
    <time>2025-08-14T07:25:56Z</time>
   </trkpt>
   <trkpt lat="25.0275970" lon="121.4292810">
    <ele>13.1</ele>
    <time>2025-08-14T07:25:57Z</time>
   </trkpt>
   <trkpt lat="25.0276100" lon="121.4292850">
    <ele>13.1</ele>
    <time>2025-08-14T07:25:58Z</time>
   </trkpt>
   <trkpt lat="25.0276140" lon="121.4292850">
    <ele>13.1</ele>
    <time>2025-08-14T07:25:59Z</time>
   </trkpt>
   <trkpt lat="25.0276190" lon="121.4292840">
    <ele>13.1</ele>
    <time>2025-08-14T07:26:00Z</time>
   </trkpt>
   <trkpt lat="25.0276230" lon="121.4292840">
    <ele>13.1</ele>
    <time>2025-08-14T07:26:01Z</time>
   </trkpt>
   <trkpt lat="25.0276280" lon="121.4292830">
    <ele>13.1</ele>
    <time>2025-08-14T07:26:02Z</time>
   </trkpt>
   <trkpt lat="25.0276320" lon="121.4292830">
    <ele>13.1</ele>
    <time>2025-08-14T07:26:03Z</time>
   </trkpt>
   <trkpt lat="25.0276370" lon="121.4292820">
    <ele>13.1</ele>
    <time>2025-08-14T07:26:04Z</time>
   </trkpt>
   <trkpt lat="25.0276330" lon="121.4292810">
    <ele>13.1</ele>
    <time>2025-08-14T07:26:05Z</time>
   </trkpt>
   <trkpt lat="25.0276250" lon="121.4292840">
    <ele>13.1</ele>
    <time>2025-08-14T07:26:06Z</time>
   </trkpt>
   <trkpt lat="25.0276360" lon="121.4292930">
    <ele>13.0</ele>
    <time>2025-08-14T07:26:07Z</time>
   </trkpt>
   <trkpt lat="25.0276330" lon="121.4292990">
    <ele>13.0</ele>
    <time>2025-08-14T07:26:08Z</time>
   </trkpt>
   <trkpt lat="25.0276320" lon="121.4292990">
    <ele>13.0</ele>
    <time>2025-08-14T07:26:09Z</time>
   </trkpt>
   <trkpt lat="25.0276320" lon="121.4292990">
    <ele>13.0</ele>
    <time>2025-08-14T07:26:10Z</time>
   </trkpt>
   <trkpt lat="25.0276320" lon="121.4292990">
    <ele>13.0</ele>
    <time>2025-08-14T07:26:11Z</time>
   </trkpt>
   <trkpt lat="25.0276320" lon="121.4292990">
    <ele>13.0</ele>
    <time>2025-08-14T07:26:12Z</time>
   </trkpt>
   <trkpt lat="25.0276320" lon="121.4292990">
    <ele>13.0</ele>
    <time>2025-08-14T07:26:13Z</time>
   </trkpt>
   <trkpt lat="25.0276220" lon="121.4292980">
    <ele>13.0</ele>
    <time>2025-08-14T07:26:14Z</time>
   </trkpt>
   <trkpt lat="25.0276250" lon="121.4293020">
    <ele>13.0</ele>
    <time>2025-08-14T07:26:15Z</time>
   </trkpt>
   <trkpt lat="25.0276230" lon="121.4293090">
    <ele>13.0</ele>
    <time>2025-08-14T07:26:16Z</time>
   </trkpt>
   <trkpt lat="25.0276050" lon="121.4293610">
    <ele>12.9</ele>
    <time>2025-08-14T07:27:28Z</time>
   </trkpt>
   <trkpt lat="25.0276090" lon="121.4293690">
    <ele>12.9</ele>
    <time>2025-08-14T07:27:29Z</time>
   </trkpt>
   <trkpt lat="25.0276120" lon="121.4293760">
    <ele>12.9</ele>
    <time>2025-08-14T07:27:30Z</time>
   </trkpt>
   <trkpt lat="25.0276160" lon="121.4293840">
    <ele>12.9</ele>
    <time>2025-08-14T07:27:31Z</time>
   </trkpt>
   <trkpt lat="25.0276190" lon="121.4293920">
    <ele>12.9</ele>
    <time>2025-08-14T07:27:32Z</time>
   </trkpt>
   <trkpt lat="25.0276240" lon="121.4294080">
    <ele>12.8</ele>
    <time>2025-08-14T07:27:33Z</time>
   </trkpt>
   <trkpt lat="25.0276250" lon="121.4294220">
    <ele>12.8</ele>
    <time>2025-08-14T07:27:34Z</time>
   </trkpt>
   <trkpt lat="25.0276350" lon="121.4294280">
    <ele>12.8</ele>
    <time>2025-08-14T07:27:35Z</time>
   </trkpt>
   <trkpt lat="25.0276450" lon="121.4294290">
    <ele>12.8</ele>
    <time>2025-08-14T07:27:36Z</time>
   </trkpt>
   <trkpt lat="25.0276480" lon="121.4294340">
    <ele>12.8</ele>
    <time>2025-08-14T07:27:37Z</time>
   </trkpt>
   <trkpt lat="25.0276520" lon="121.4294490">
    <ele>12.7</ele>
    <time>2025-08-14T07:27:38Z</time>
   </trkpt>
   <trkpt lat="25.0276610" lon="121.4294640">
    <ele>12.7</ele>
    <time>2025-08-14T07:27:39Z</time>
   </trkpt>
   <trkpt lat="25.0276770" lon="121.4294690">
    <ele>12.7</ele>
    <time>2025-08-14T07:27:40Z</time>
   </trkpt>
   <trkpt lat="25.0276320" lon="121.4294550">
    <ele>12.6</ele>
    <time>2025-08-14T07:27:41Z</time>
   </trkpt>
   <trkpt lat="25.0276290" lon="121.4294530">
    <ele>12.6</ele>
    <time>2025-08-14T07:27:42Z</time>
   </trkpt>
   <trkpt lat="25.0276510" lon="121.4294440">
    <ele>12.6</ele>
    <time>2025-08-14T07:27:43Z</time>
   </trkpt>
   <trkpt lat="25.0276390" lon="121.4294430">
    <ele>12.6</ele>
    <time>2025-08-14T07:27:44Z</time>
   </trkpt>
   <trkpt lat="25.0276370" lon="121.4294420">
    <ele>12.6</ele>
    <time>2025-08-14T07:27:45Z</time>
   </trkpt>
   <trkpt lat="25.0276340" lon="121.4294410">
    <ele>12.6</ele>
    <time>2025-08-14T07:27:46Z</time>
   </trkpt>
   <trkpt lat="25.0276380" lon="121.4294440">
    <ele>12.6</ele>
    <time>2025-08-14T07:27:47Z</time>
   </trkpt>
   <trkpt lat="25.0276390" lon="121.4294430">
    <ele>12.6</ele>
    <time>2025-08-14T07:27:48Z</time>
   </trkpt>
   <trkpt lat="25.0276350" lon="121.4294410">
    <ele>12.6</ele>
    <time>2025-08-14T07:27:49Z</time>
   </trkpt>
   <trkpt lat="25.0276550" lon="121.4294470">
    <ele>12.6</ele>
    <time>2025-08-14T07:28:07Z</time>
   </trkpt>
   <trkpt lat="25.0276370" lon="121.4294390">
    <ele>12.6</ele>
    <time>2025-08-14T07:28:08Z</time>
   </trkpt>
   <trkpt lat="25.0276310" lon="121.4294360">
    <ele>12.6</ele>
    <time>2025-08-14T07:28:09Z</time>
   </trkpt>
   <trkpt lat="25.0276280" lon="121.4294350">
    <ele>12.6</ele>
    <time>2025-08-14T07:28:10Z</time>
   </trkpt>
   <trkpt lat="25.0276300" lon="121.4294270">
    <ele>12.6</ele>
    <time>2025-08-14T07:28:11Z</time>
   </trkpt>
   <trkpt lat="25.0276370" lon="121.4294330">
    <ele>12.6</ele>
    <time>2025-08-14T07:28:12Z</time>
   </trkpt>
   <trkpt lat="25.0276450" lon="121.4294380">
    <ele>12.6</ele>
    <time>2025-08-14T07:28:13Z</time>
   </trkpt>
   <trkpt lat="25.0276520" lon="121.4294440">
    <ele>12.6</ele>
    <time>2025-08-14T07:28:14Z</time>
   </trkpt>
   <trkpt lat="25.0276590" lon="121.4294500">
    <ele>12.6</ele>
    <time>2025-08-14T07:28:15Z</time>
   </trkpt>
   <trkpt lat="25.0276660" lon="121.4294560">
    <ele>12.6</ele>
    <time>2025-08-14T07:28:16Z</time>
   </trkpt>
   <trkpt lat="25.0276740" lon="121.4294610">
    <ele>12.6</ele>
    <time>2025-08-14T07:28:20Z</time>
   </trkpt>
   <trkpt lat="25.0276810" lon="121.4294670">
    <ele>12.6</ele>
    <time>2025-08-14T07:28:21Z</time>
   </trkpt>
   <trkpt lat="25.0276880" lon="121.4294730">
    <ele>12.6</ele>
    <time>2025-08-14T07:28:22Z</time>
   </trkpt>
   <trkpt lat="25.0276980" lon="121.4294830">
    <ele>12.6</ele>
    <time>2025-08-14T07:28:23Z</time>
   </trkpt>
   <trkpt lat="25.0276540" lon="121.4294740">
    <ele>12.6</ele>
    <time>2025-08-14T07:28:24Z</time>
   </trkpt>
   <trkpt lat="25.0276540" lon="121.4294930">
    <ele>12.6</ele>
    <time>2025-08-14T07:28:25Z</time>
   </trkpt>
   <trkpt lat="25.0276440" lon="121.4295040">
    <ele>12.6</ele>
    <time>2025-08-14T07:28:26Z</time>
   </trkpt>
   <trkpt lat="25.0276540" lon="121.4295130">
    <ele>12.6</ele>
    <time>2025-08-14T07:28:27Z</time>
   </trkpt>
   <trkpt lat="25.0276530" lon="121.4295250">
    <ele>12.6</ele>
    <time>2025-08-14T07:28:28Z</time>
   </trkpt>
   <trkpt lat="25.0276590" lon="121.4295310">
    <ele>12.6</ele>
    <time>2025-08-14T07:28:29Z</time>
   </trkpt>
   <trkpt lat="25.0276610" lon="121.4295380">
    <ele>12.6</ele>
    <time>2025-08-14T07:28:30Z</time>
   </trkpt>
   <trkpt lat="25.0276670" lon="121.4295450">
    <ele>12.6</ele>
    <time>2025-08-14T07:28:31Z</time>
   </trkpt>
   <trkpt lat="25.0276650" lon="121.4295550">
    <ele>12.6</ele>
    <time>2025-08-14T07:28:32Z</time>
   </trkpt>
   <trkpt lat="25.0276710" lon="121.4295610">
    <ele>12.6</ele>
    <time>2025-08-14T07:28:33Z</time>
   </trkpt>
   <trkpt lat="25.0276820" lon="121.4295590">
    <ele>12.6</ele>
    <time>2025-08-14T07:28:34Z</time>
   </trkpt>
   <trkpt lat="25.0276920" lon="121.4295610">
    <ele>12.6</ele>
    <time>2025-08-14T07:28:35Z</time>
   </trkpt>
   <trkpt lat="25.0277010" lon="121.4295630">
    <ele>12.6</ele>
    <time>2025-08-14T07:28:36Z</time>
   </trkpt>
   <trkpt lat="25.0277100" lon="121.4295650">
    <ele>12.6</ele>
    <time>2025-08-14T07:28:37Z</time>
   </trkpt>
   <trkpt lat="25.0277190" lon="121.4295660">
    <ele>12.6</ele>
    <time>2025-08-14T07:28:38Z</time>
   </trkpt>
   <trkpt lat="25.0277290" lon="121.4295680">
    <ele>12.6</ele>
    <time>2025-08-14T07:28:39Z</time>
   </trkpt>
   <trkpt lat="25.0277380" lon="121.4295700">
    <ele>12.6</ele>
    <time>2025-08-14T07:28:40Z</time>
   </trkpt>
   <trkpt lat="25.0277470" lon="121.4295720">
    <ele>12.6</ele>
    <time>2025-08-14T07:28:41Z</time>
   </trkpt>
   <trkpt lat="25.0277570" lon="121.4295740">
    <ele>12.6</ele>
    <time>2025-08-14T07:28:42Z</time>
   </trkpt>
   <trkpt lat="25.0277660" lon="121.4295760">
    <ele>12.6</ele>
    <time>2025-08-14T07:28:43Z</time>
   </trkpt>
   <trkpt lat="25.0277750" lon="121.4295780">
    <ele>12.6</ele>
    <time>2025-08-14T07:28:44Z</time>
   </trkpt>
   <trkpt lat="25.0277850" lon="121.4295800">
    <ele>12.6</ele>
    <time>2025-08-14T07:28:45Z</time>
   </trkpt>
   <trkpt lat="25.0277940" lon="121.4295810">
    <ele>12.6</ele>
    <time>2025-08-14T07:29:04Z</time>
   </trkpt>
   <trkpt lat="25.0278030" lon="121.4295830">
    <ele>12.6</ele>
    <time>2025-08-14T07:29:05Z</time>
   </trkpt>
   <trkpt lat="25.0278120" lon="121.4295850">
    <ele>12.6</ele>
    <time>2025-08-14T07:29:06Z</time>
   </trkpt>
   <trkpt lat="25.0278220" lon="121.4295870">
    <ele>12.6</ele>
    <time>2025-08-14T07:29:07Z</time>
   </trkpt>
   <trkpt lat="25.0278310" lon="121.4295890">
    <ele>12.6</ele>
    <time>2025-08-14T07:29:08Z</time>
   </trkpt>
   <trkpt lat="25.0278430" lon="121.4295820">
    <ele>12.6</ele>
    <time>2025-08-14T07:29:09Z</time>
   </trkpt>
   <trkpt lat="25.0278280" lon="121.4295690">
    <ele>12.6</ele>
    <time>2025-08-14T07:29:10Z</time>
   </trkpt>
   <trkpt lat="25.0278190" lon="121.4295620">
    <ele>12.6</ele>
    <time>2025-08-14T07:29:11Z</time>
   </trkpt>
   <trkpt lat="25.0277980" lon="121.4295520">
    <ele>12.6</ele>
    <time>2025-08-14T07:29:12Z</time>
   </trkpt>
   <trkpt lat="25.0277980" lon="121.4295360">
    <ele>12.6</ele>
    <time>2025-08-14T07:29:13Z</time>
   </trkpt>
   <trkpt lat="25.0277950" lon="121.4295170">
    <ele>12.6</ele>
    <time>2025-08-14T07:29:14Z</time>
   </trkpt>
   <trkpt lat="25.0277970" lon="121.4294970">
    <ele>12.6</ele>
    <time>2025-08-14T07:29:15Z</time>
   </trkpt>
   <trkpt lat="25.0277920" lon="121.4294890">
    <ele>12.6</ele>
    <time>2025-08-14T07:29:16Z</time>
   </trkpt>
   <trkpt lat="25.0277940" lon="121.4294770">
    <ele>12.6</ele>
    <time>2025-08-14T07:29:17Z</time>
   </trkpt>
   <trkpt lat="25.0277950" lon="121.4294690">
    <ele>12.6</ele>
    <time>2025-08-14T07:29:18Z</time>
   </trkpt>
   <trkpt lat="25.0277960" lon="121.4294640">
    <ele>12.6</ele>
    <time>2025-08-14T07:29:19Z</time>
   </trkpt>
   <trkpt lat="25.0277940" lon="121.4294430">
    <ele>12.6</ele>
    <time>2025-08-14T07:29:20Z</time>
   </trkpt>
   <trkpt lat="25.0277940" lon="121.4294310">
    <ele>12.6</ele>
    <time>2025-08-14T07:29:21Z</time>
   </trkpt>
   <trkpt lat="25.0277980" lon="121.4294180">
    <ele>12.6</ele>
    <time>2025-08-14T07:29:22Z</time>
   </trkpt>
   <trkpt lat="25.0278020" lon="121.4294080">
    <ele>12.6</ele>
    <time>2025-08-14T07:29:23Z</time>
   </trkpt>
   <trkpt lat="25.0278100" lon="121.4294020">
    <ele>12.6</ele>
    <time>2025-08-14T07:29:24Z</time>
   </trkpt>
   <trkpt lat="25.0278110" lon="121.4293920">
    <ele>12.6</ele>
    <time>2025-08-14T07:29:25Z</time>
   </trkpt>
   <trkpt lat="25.0278170" lon="121.4293840">
    <ele>12.6</ele>
    <time>2025-08-14T07:29:26Z</time>
   </trkpt>
   <trkpt lat="25.0278190" lon="121.4293760">
    <ele>12.6</ele>
    <time>2025-08-14T07:29:27Z</time>
   </trkpt>
   <trkpt lat="25.0278240" lon="121.4293680">
    <ele>12.6</ele>
    <time>2025-08-14T07:29:28Z</time>
   </trkpt>
   <trkpt lat="25.0278260" lon="121.4293590">
    <ele>12.6</ele>
    <time>2025-08-14T07:29:29Z</time>
   </trkpt>
   <trkpt lat="25.0278310" lon="121.4293500">
    <ele>12.6</ele>
    <time>2025-08-14T07:29:30Z</time>
   </trkpt>
   <trkpt lat="25.0278390" lon="121.4293400">
    <ele>12.6</ele>
    <time>2025-08-14T07:29:31Z</time>
   </trkpt>
   <trkpt lat="25.0278480" lon="121.4293310">
    <ele>12.6</ele>
    <time>2025-08-14T07:29:32Z</time>
   </trkpt>
   <trkpt lat="25.0278550" lon="121.4293210">
    <ele>12.6</ele>
    <time>2025-08-14T07:29:33Z</time>
   </trkpt>
   <trkpt lat="25.0278630" lon="121.4293130">
    <ele>12.6</ele>
    <time>2025-08-14T07:29:34Z</time>
   </trkpt>
   <trkpt lat="25.0278720" lon="121.4293060">
    <ele>12.6</ele>
    <time>2025-08-14T07:29:36Z</time>
   </trkpt>
   <trkpt lat="25.0278760" lon="121.4292950">
    <ele>12.6</ele>
    <time>2025-08-14T07:29:37Z</time>
   </trkpt>
   <trkpt lat="25.0278750" lon="121.4292860">
    <ele>12.6</ele>
    <time>2025-08-14T07:29:38Z</time>
   </trkpt>
   <trkpt lat="25.0278720" lon="121.4292780">
    <ele>12.6</ele>
    <time>2025-08-14T07:29:39Z</time>
   </trkpt>
   <trkpt lat="25.0278730" lon="121.4292660">
    <ele>12.6</ele>
    <time>2025-08-14T07:29:40Z</time>
   </trkpt>
   <trkpt lat="25.0278820" lon="121.4292510">
    <ele>12.6</ele>
    <time>2025-08-14T07:29:41Z</time>
   </trkpt>
   <trkpt lat="25.0278860" lon="121.4292370">
    <ele>12.6</ele>
    <time>2025-08-14T07:29:42Z</time>
   </trkpt>
   <trkpt lat="25.0278850" lon="121.4292270">
    <ele>12.6</ele>
    <time>2025-08-14T07:29:43Z</time>
   </trkpt>
   <trkpt lat="25.0278820" lon="121.4292140">
    <ele>12.6</ele>
    <time>2025-08-14T07:29:44Z</time>
   </trkpt>
   <trkpt lat="25.0278870" lon="121.4292030">
    <ele>12.6</ele>
    <time>2025-08-14T07:29:45Z</time>
   </trkpt>
   <trkpt lat="25.0278930" lon="121.4291910">
    <ele>12.6</ele>
    <time>2025-08-14T07:29:46Z</time>
   </trkpt>
   <trkpt lat="25.0278960" lon="121.4291830">
    <ele>12.6</ele>
    <time>2025-08-14T07:29:47Z</time>
   </trkpt>
   <trkpt lat="25.0279040" lon="121.4291780">
    <ele>12.6</ele>
    <time>2025-08-14T07:29:48Z</time>
   </trkpt>
   <trkpt lat="25.0279100" lon="121.4291630">
    <ele>12.6</ele>
    <time>2025-08-14T07:29:49Z</time>
   </trkpt>
   <trkpt lat="25.0279130" lon="121.4291490">
    <ele>12.6</ele>
    <time>2025-08-14T07:29:50Z</time>
   </trkpt>
   <trkpt lat="25.0279200" lon="121.4291370">
    <ele>12.6</ele>
    <time>2025-08-14T07:29:51Z</time>
   </trkpt>
   <trkpt lat="25.0279240" lon="121.4291290">
    <ele>12.6</ele>
    <time>2025-08-14T07:29:52Z</time>
   </trkpt>
   <trkpt lat="25.0279250" lon="121.4291210">
    <ele>12.6</ele>
    <time>2025-08-14T07:29:53Z</time>
   </trkpt>
   <trkpt lat="25.0279260" lon="121.4291140">
    <ele>12.6</ele>
    <time>2025-08-14T07:29:54Z</time>
   </trkpt>
   <trkpt lat="25.0279260" lon="121.4291030">
    <ele>12.6</ele>
    <time>2025-08-14T07:29:55Z</time>
   </trkpt>
   <trkpt lat="25.0279250" lon="121.4291010">
    <ele>12.6</ele>
    <time>2025-08-14T07:29:56Z</time>
   </trkpt>
   <trkpt lat="25.0279290" lon="121.4290920">
    <ele>12.6</ele>
    <time>2025-08-14T07:29:57Z</time>
   </trkpt>
   <trkpt lat="25.0279270" lon="121.4290850">
    <ele>12.6</ele>
    <time>2025-08-14T07:29:58Z</time>
   </trkpt>
   <trkpt lat="25.0279300" lon="121.4290750">
    <ele>12.6</ele>
    <time>2025-08-14T07:29:59Z</time>
   </trkpt>
   <trkpt lat="25.0279390" lon="121.4290710">
    <ele>12.6</ele>
    <time>2025-08-14T07:30:00Z</time>
   </trkpt>
   <trkpt lat="25.0279380" lon="121.4290640">
    <ele>12.7</ele>
    <time>2025-08-14T07:30:01Z</time>
   </trkpt>
   <trkpt lat="25.0279290" lon="121.4290590">
    <ele>12.7</ele>
    <time>2025-08-14T07:30:02Z</time>
   </trkpt>
   <trkpt lat="25.0279270" lon="121.4290530">
    <ele>12.7</ele>
    <time>2025-08-14T07:30:03Z</time>
   </trkpt>
   <trkpt lat="25.0279300" lon="121.4290380">
    <ele>12.7</ele>
    <time>2025-08-14T07:30:04Z</time>
   </trkpt>
   <trkpt lat="25.0279310" lon="121.4290290">
    <ele>12.7</ele>
    <time>2025-08-14T07:30:05Z</time>
   </trkpt>
   <trkpt lat="25.0279320" lon="121.4290210">
    <ele>12.7</ele>
    <time>2025-08-14T07:30:06Z</time>
   </trkpt>
   <trkpt lat="25.0279320" lon="121.4290130">
    <ele>12.7</ele>
    <time>2025-08-14T07:30:51Z</time>
   </trkpt>
   <trkpt lat="25.0279330" lon="121.4290050">
    <ele>12.7</ele>
    <time>2025-08-14T07:30:52Z</time>
   </trkpt>
   <trkpt lat="25.0279340" lon="121.4289960">
    <ele>12.7</ele>
    <time>2025-08-14T07:30:53Z</time>
   </trkpt>
   <trkpt lat="25.0279350" lon="121.4289880">
    <ele>12.8</ele>
    <time>2025-08-14T07:30:54Z</time>
   </trkpt>
   <trkpt lat="25.0279270" lon="121.4289850">
    <ele>12.8</ele>
    <time>2025-08-14T07:30:55Z</time>
   </trkpt>
   <trkpt lat="25.0279300" lon="121.4289730">
    <ele>12.8</ele>
    <time>2025-08-14T07:30:56Z</time>
   </trkpt>
   <trkpt lat="25.0279320" lon="121.4289620">
    <ele>12.8</ele>
    <time>2025-08-14T07:30:57Z</time>
   </trkpt>
   <trkpt lat="25.0279350" lon="121.4289500">
    <ele>12.8</ele>
    <time>2025-08-14T07:30:58Z</time>
   </trkpt>
   <trkpt lat="25.0279380" lon="121.4289380">
    <ele>12.8</ele>
    <time>2025-08-14T07:30:59Z</time>
   </trkpt>
   <trkpt lat="25.0279280" lon="121.4289300">
    <ele>12.8</ele>
    <time>2025-08-14T07:31:00Z</time>
   </trkpt>
   <trkpt lat="25.0279310" lon="121.4289150">
    <ele>12.9</ele>
    <time>2025-08-14T07:31:01Z</time>
   </trkpt>
   <trkpt lat="25.0279310" lon="121.4289070">
    <ele>12.9</ele>
    <time>2025-08-14T07:31:02Z</time>
   </trkpt>
   <trkpt lat="25.0279310" lon="121.4288900">
    <ele>12.9</ele>
    <time>2025-08-14T07:31:03Z</time>
   </trkpt>
   <trkpt lat="25.0279320" lon="121.4288900">
    <ele>12.9</ele>
    <time>2025-08-14T07:31:04Z</time>
   </trkpt>
   <trkpt lat="25.0279240" lon="121.4288900">
    <ele>12.9</ele>
    <time>2025-08-14T07:31:05Z</time>
   </trkpt>
   <trkpt lat="25.0279230" lon="121.4288780">
    <ele>12.9</ele>
    <time>2025-08-14T07:31:06Z</time>
   </trkpt>
   <trkpt lat="25.0279220" lon="121.4288740">
    <ele>12.9</ele>
    <time>2025-08-14T07:31:07Z</time>
   </trkpt>
   <trkpt lat="25.0279200" lon="121.4288780">
    <ele>12.9</ele>
    <time>2025-08-14T07:31:08Z</time>
   </trkpt>
   <trkpt lat="25.0279200" lon="121.4288780">
    <ele>12.9</ele>
    <time>2025-08-14T07:31:09Z</time>
   </trkpt>
   <trkpt lat="25.0279150" lon="121.4288920">
    <ele>12.9</ele>
    <time>2025-08-14T07:31:10Z</time>
   </trkpt>
   <trkpt lat="25.0279090" lon="121.4288920">
    <ele>13.0</ele>
    <time>2025-08-14T07:31:11Z</time>
   </trkpt>
   <trkpt lat="25.0279090" lon="121.4288920">
    <ele>13.0</ele>
    <time>2025-08-14T07:31:12Z</time>
   </trkpt>
   <trkpt lat="25.0278990" lon="121.4288900">
    <ele>13.0</ele>
    <time>2025-08-14T07:31:13Z</time>
   </trkpt>
   <trkpt lat="25.0278960" lon="121.4288880">
    <ele>13.0</ele>
    <time>2025-08-14T07:31:14Z</time>
   </trkpt>
   <trkpt lat="25.0278880" lon="121.4288910">
    <ele>13.0</ele>
    <time>2025-08-14T07:31:15Z</time>
   </trkpt>
   <trkpt lat="25.0278830" lon="121.4288910">
    <ele>13.0</ele>
    <time>2025-08-14T07:31:16Z</time>
   </trkpt>
   <trkpt lat="25.0278780" lon="121.4288920">
    <ele>13.0</ele>
    <time>2025-08-14T07:31:34Z</time>
   </trkpt>
   <trkpt lat="25.0278730" lon="121.4288930">
    <ele>13.0</ele>
    <time>2025-08-14T07:31:35Z</time>
   </trkpt>
   <trkpt lat="25.0278680" lon="121.4288940">
    <ele>13.0</ele>
    <time>2025-08-14T07:31:36Z</time>
   </trkpt>
   <trkpt lat="25.0278630" lon="121.4288940">
    <ele>13.0</ele>
    <time>2025-08-14T07:31:37Z</time>
   </trkpt>
   <trkpt lat="25.0278580" lon="121.4288950">
    <ele>13.0</ele>
    <time>2025-08-14T07:31:38Z</time>
   </trkpt>
   <trkpt lat="25.0278540" lon="121.4288960">
    <ele>13.0</ele>
    <time>2025-08-14T07:31:39Z</time>
   </trkpt>
   <trkpt lat="25.0278560" lon="121.4289010">
    <ele>13.0</ele>
    <time>2025-08-14T07:31:40Z</time>
   </trkpt>
   <trkpt lat="25.0278520" lon="121.4288960">
    <ele>13.0</ele>
    <time>2025-08-14T07:31:41Z</time>
   </trkpt>
   <trkpt lat="25.0278520" lon="121.4288970">
    <ele>13.1</ele>
    <time>2025-08-14T07:31:42Z</time>
   </trkpt>
   <trkpt lat="25.0278540" lon="121.4288950">
    <ele>13.1</ele>
    <time>2025-08-14T07:31:43Z</time>
   </trkpt>
   <trkpt lat="25.0278670" lon="121.4289090">
    <ele>13.1</ele>
    <time>2025-08-14T07:31:44Z</time>
   </trkpt>
   <trkpt lat="25.0278630" lon="121.4289180">
    <ele>13.1</ele>
    <time>2025-08-14T07:31:45Z</time>
   </trkpt>
   <trkpt lat="25.0278690" lon="121.4289260">
    <ele>13.1</ele>
    <time>2025-08-14T07:31:46Z</time>
   </trkpt>
   <trkpt lat="25.0278680" lon="121.4289220">
    <ele>13.1</ele>
    <time>2025-08-14T07:31:47Z</time>
   </trkpt>
   <trkpt lat="25.0278700" lon="121.4289000">
    <ele>13.1</ele>
    <time>2025-08-14T07:31:48Z</time>
   </trkpt>
   <trkpt lat="25.0278790" lon="121.4288920">
    <ele>13.2</ele>
    <time>2025-08-14T07:31:49Z</time>
   </trkpt>
   <trkpt lat="25.0278830" lon="121.4288920">
    <ele>13.2</ele>
    <time>2025-08-14T07:31:50Z</time>
   </trkpt>
   <trkpt lat="25.0278920" lon="121.4288850">
    <ele>13.2</ele>
    <time>2025-08-14T07:31:51Z</time>
   </trkpt>
   <trkpt lat="25.0278910" lon="121.4288860">
    <ele>13.2</ele>
    <time>2025-08-14T07:31:52Z</time>
   </trkpt>
   <trkpt lat="25.0278830" lon="121.4288850">
    <ele>13.2</ele>
    <time>2025-08-14T07:31:53Z</time>
   </trkpt>
   <trkpt lat="25.0278820" lon="121.4288860">
    <ele>13.2</ele>
    <time>2025-08-14T07:31:54Z</time>
   </trkpt>
   <trkpt lat="25.0278610" lon="121.4289110">
    <ele>13.3</ele>
    <time>2025-08-14T07:31:55Z</time>
   </trkpt>
   <trkpt lat="25.0278590" lon="121.4289160">
    <ele>13.3</ele>
    <time>2025-08-14T07:31:56Z</time>
   </trkpt>
   <trkpt lat="25.0278510" lon="121.4289090">
    <ele>13.3</ele>
    <time>2025-08-14T07:31:57Z</time>
   </trkpt>
   <trkpt lat="25.0278430" lon="121.4288970">
    <ele>13.3</ele>
    <time>2025-08-14T07:32:23Z</time>
   </trkpt>
   <trkpt lat="25.0278340" lon="121.4288850">
    <ele>13.3</ele>
    <time>2025-08-14T07:32:24Z</time>
   </trkpt>
   <trkpt lat="25.0278260" lon="121.4288730">
    <ele>13.3</ele>
    <time>2025-08-14T07:32:25Z</time>
   </trkpt>
   <trkpt lat="25.0278290" lon="121.4288550">
    <ele>13.4</ele>
    <time>2025-08-14T07:32:26Z</time>
   </trkpt>
   <trkpt lat="25.0278300" lon="121.4288410">
    <ele>13.4</ele>
    <time>2025-08-14T07:32:27Z</time>
   </trkpt>
   <trkpt lat="25.0278300" lon="121.4288260">
    <ele>13.4</ele>
    <time>2025-08-14T07:32:28Z</time>
   </trkpt>
   <trkpt lat="25.0278320" lon="121.4288090">
    <ele>13.4</ele>
    <time>2025-08-14T07:32:29Z</time>
   </trkpt>
   <trkpt lat="25.0278350" lon="121.4287940">
    <ele>13.4</ele>
    <time>2025-08-14T07:32:30Z</time>
   </trkpt>
   <trkpt lat="25.0278120" lon="121.4287910">
    <ele>13.5</ele>
    <time>2025-08-14T07:32:31Z</time>
   </trkpt>
   <trkpt lat="25.0278070" lon="121.4287900">
    <ele>13.5</ele>
    <time>2025-08-14T07:32:32Z</time>
   </trkpt>
   <trkpt lat="25.0278020" lon="121.4287890">
    <ele>13.5</ele>
    <time>2025-08-14T07:32:33Z</time>
   </trkpt>
   <trkpt lat="25.0277960" lon="121.4287880">
    <ele>13.5</ele>
    <time>2025-08-14T07:32:34Z</time>
   </trkpt>
   <trkpt lat="25.0277910" lon="121.4287870">
    <ele>13.5</ele>
    <time>2025-08-14T07:32:35Z</time>
   </trkpt>
   <trkpt lat="25.0277860" lon="121.4287860">
    <ele>13.5</ele>
    <time>2025-08-14T07:32:36Z</time>
   </trkpt>
   <trkpt lat="25.0277810" lon="121.4287850">
    <ele>13.5</ele>
    <time>2025-08-14T07:32:37Z</time>
   </trkpt>
   <trkpt lat="25.0277900" lon="121.4287840">
    <ele>13.5</ele>
    <time>2025-08-14T07:32:38Z</time>
   </trkpt>
   <trkpt lat="25.0277930" lon="121.4287840">
    <ele>13.6</ele>
    <time>2025-08-14T07:32:39Z</time>
   </trkpt>
   <trkpt lat="25.0277900" lon="121.4287830">
    <ele>13.6</ele>
    <time>2025-08-14T07:32:40Z</time>
   </trkpt>
   <trkpt lat="25.0277870" lon="121.4287840">
    <ele>13.6</ele>
    <time>2025-08-14T07:32:41Z</time>
   </trkpt>
   <trkpt lat="25.0277880" lon="121.4287840">
    <ele>13.6</ele>
    <time>2025-08-14T07:32:42Z</time>
   </trkpt>
   <trkpt lat="25.0277880" lon="121.4287840">
    <ele>13.6</ele>
    <time>2025-08-14T07:32:43Z</time>
   </trkpt>
   <trkpt lat="25.0277630" lon="121.4287840">
    <ele>13.6</ele>
    <time>2025-08-14T07:32:44Z</time>
   </trkpt>
   <trkpt lat="25.0277700" lon="121.4287860">
    <ele>13.6</ele>
    <time>2025-08-14T07:32:45Z</time>
   </trkpt>
   <trkpt lat="25.0277790" lon="121.4287880">
    <ele>13.6</ele>
    <time>2025-08-14T07:32:46Z</time>
   </trkpt>
   <trkpt lat="25.0277820" lon="121.4287900">
    <ele>13.6</ele>
    <time>2025-08-14T07:32:47Z</time>
   </trkpt>
   <trkpt lat="25.0277870" lon="121.4287520">
    <ele>13.7</ele>
    <time>2025-08-14T07:33:13Z</time>
   </trkpt>
   <trkpt lat="25.0277870" lon="121.4287480">
    <ele>13.7</ele>
    <time>2025-08-14T07:33:14Z</time>
   </trkpt>
   <trkpt lat="25.0277860" lon="121.4287420">
    <ele>13.7</ele>
    <time>2025-08-14T07:33:15Z</time>
   </trkpt>
   <trkpt lat="25.0277850" lon="121.4287490">
    <ele>13.7</ele>
    <time>2025-08-14T07:33:16Z</time>
   </trkpt>
   <trkpt lat="25.0277860" lon="121.4287480">
    <ele>13.7</ele>
    <time>2025-08-14T07:33:17Z</time>
   </trkpt>
   <trkpt lat="25.0277970" lon="121.4287600">
    <ele>13.7</ele>
    <time>2025-08-14T07:33:18Z</time>
   </trkpt>
   <trkpt lat="25.0278020" lon="121.4287730">
    <ele>13.8</ele>
    <time>2025-08-14T07:33:19Z</time>
   </trkpt>
   <trkpt lat="25.0278120" lon="121.4287750">
    <ele>13.8</ele>
    <time>2025-08-14T07:33:20Z</time>
   </trkpt>
   <trkpt lat="25.0278120" lon="121.4287360">
    <ele>13.8</ele>
    <time>2025-08-14T07:33:21Z</time>
   </trkpt>
   <trkpt lat="25.0278100" lon="121.4287180">
    <ele>13.9</ele>
    <time>2025-08-14T07:33:22Z</time>
   </trkpt>
   <trkpt lat="25.0278080" lon="121.4286990">
    <ele>14.0</ele>
    <time>2025-08-14T07:33:43Z</time>
   </trkpt>
   <trkpt lat="25.0278050" lon="121.4286810">
    <ele>14.1</ele>
    <time>2025-08-14T07:33:44Z</time>
   </trkpt>
   <trkpt lat="25.0278030" lon="121.4286620">
    <ele>14.1</ele>
    <time>2025-08-14T07:33:45Z</time>
   </trkpt>
   <trkpt lat="25.0278010" lon="121.4286440">
    <ele>14.2</ele>
    <time>2025-08-14T07:33:46Z</time>
   </trkpt>
   <trkpt lat="25.0278260" lon="121.4286350">
    <ele>14.3</ele>
    <time>2025-08-14T07:33:47Z</time>
   </trkpt>
   <trkpt lat="25.0278370" lon="121.4286390">
    <ele>14.3</ele>
    <time>2025-08-14T07:33:48Z</time>
   </trkpt>
   <trkpt lat="25.0278470" lon="121.4286420">
    <ele>14.4</ele>
    <time>2025-08-14T07:33:49Z</time>
   </trkpt>
   <trkpt lat="25.0278410" lon="121.4286460">
    <ele>14.4</ele>
    <time>2025-08-14T07:33:50Z</time>
   </trkpt>
   <trkpt lat="25.0278420" lon="121.4286340">
    <ele>14.5</ele>
    <time>2025-08-14T07:33:51Z</time>
   </trkpt>
   <trkpt lat="25.0278410" lon="121.4286210">
    <ele>14.5</ele>
    <time>2025-08-14T07:33:52Z</time>
   </trkpt>
   <trkpt lat="25.0278410" lon="121.4286210">
    <ele>14.5</ele>
    <time>2025-08-14T07:33:53Z</time>
   </trkpt>
  </trkseg>
 </trk>
</gpx>
