<?xml version="1.0" encoding="UTF-8"?>
<gpx xmlns:xsi="http://www.w3.org/2001/XMLSchema-instance" xsi:schemaLocation="http://www.topografix.com/GPX/1/1 http://www.topografix.com/GPX/1/1/gpx.xsd" creator="StravaGPX" version="1.1" xmlns="http://www.topografix.com/GPX/1/1">
 <metadata>
  <time>2025-08-16T02:33:24Z</time>
 </metadata>
 <trk>
  <name>晨間步行</name>
  <type>walking</type>
  <trkseg>
   <trkpt lat="25.0217280" lon="121.4245060">
    <ele>14.6</ele>
    <time>2025-08-16T02:33:24Z</time>
   </trkpt>
   <trkpt lat="25.0217440" lon="121.4245220">
    <ele>14.6</ele>
    <time>2025-08-16T02:33:29Z</time>
   </trkpt>
   <trkpt lat="25.0217400" lon="121.4245190">
    <ele>14.6</ele>
    <time>2025-08-16T02:33:30Z</time>
   </trkpt>
   <trkpt lat="25.0217360" lon="121.4245170">
    <ele>14.6</ele>
    <time>2025-08-16T02:33:31Z</time>
   </trkpt>
   <trkpt lat="25.0217330" lon="121.4245140">
    <ele>14.6</ele>
    <time>2025-08-16T02:33:34Z</time>
   </trkpt>
   <trkpt lat="25.0217290" lon="121.4245120">
    <ele>14.6</ele>
    <time>2025-08-16T02:33:38Z</time>
   </trkpt>
   <trkpt lat="25.0217250" lon="121.4245090">
    <ele>14.6</ele>
    <time>2025-08-16T02:33:43Z</time>
   </trkpt>
   <trkpt lat="25.0217210" lon="121.4245070">
    <ele>14.6</ele>
    <time>2025-08-16T02:33:44Z</time>
   </trkpt>
   <trkpt lat="25.0217170" lon="121.4245040">
    <ele>14.6</ele>
    <time>2025-08-16T02:33:45Z</time>
   </trkpt>
   <trkpt lat="25.0217130" lon="121.4245020">
    <ele>14.6</ele>
    <time>2025-08-16T02:33:46Z</time>
   </trkpt>
   <trkpt lat="25.0217090" lon="121.4244990">
    <ele>14.6</ele>
    <time>2025-08-16T02:33:47Z</time>
   </trkpt>
   <trkpt lat="25.0217050" lon="121.4244970">
    <ele>14.6</ele>
    <time>2025-08-16T02:33:48Z</time>
   </trkpt>
   <trkpt lat="25.0217020" lon="121.4244940">
    <ele>14.6</ele>
    <time>2025-08-16T02:33:50Z</time>
   </trkpt>
   <trkpt lat="25.0216980" lon="121.4244920">
    <ele>14.6</ele>
    <time>2025-08-16T02:33:52Z</time>
   </trkpt>
   <trkpt lat="25.0216940" lon="121.4244890">
    <ele>14.6</ele>
    <time>2025-08-16T02:33:53Z</time>
   </trkpt>
   <trkpt lat="25.0216900" lon="121.4244870">
    <ele>14.6</ele>
    <time>2025-08-16T02:33:54Z</time>
   </trkpt>
   <trkpt lat="25.0216880" lon="121.4244840">
    <ele>14.6</ele>
    <time>2025-08-16T02:33:55Z</time>
   </trkpt>
   <trkpt lat="25.0216870" lon="121.4244830">
    <ele>14.6</ele>
    <time>2025-08-16T02:33:56Z</time>
   </trkpt>
   <trkpt lat="25.0216870" lon="121.4244830">
    <ele>14.6</ele>
    <time>2025-08-16T02:33:57Z</time>
   </trkpt>
   <trkpt lat="25.0216860" lon="121.4244830">
    <ele>14.6</ele>
    <time>2025-08-16T02:33:58Z</time>
   </trkpt>
   <trkpt lat="25.0216710" lon="121.4244750">
    <ele>14.6</ele>
    <time>2025-08-16T02:33:59Z</time>
   </trkpt>
   <trkpt lat="25.0216630" lon="121.4244700">
    <ele>14.6</ele>
    <time>2025-08-16T02:34:00Z</time>
   </trkpt>
   <trkpt lat="25.0216490" lon="121.4244640">
    <ele>14.6</ele>
    <time>2025-08-16T02:34:01Z</time>
   </trkpt>
   <trkpt lat="25.0216460" lon="121.4244620">
    <ele>14.6</ele>
    <time>2025-08-16T02:34:02Z</time>
   </trkpt>
   <trkpt lat="25.0216440" lon="121.4244610">
    <ele>14.6</ele>
    <time>2025-08-16T02:34:04Z</time>
   </trkpt>
   <trkpt lat="25.0216410" lon="121.4244600">
    <ele>14.6</ele>
    <time>2025-08-16T02:34:06Z</time>
   </trkpt>
   <trkpt lat="25.0216390" lon="121.4244590">
    <ele>14.6</ele>
    <time>2025-08-16T02:34:09Z</time>
   </trkpt>
   <trkpt lat="25.0216360" lon="121.4244570">
    <ele>14.6</ele>
    <time>2025-08-16T02:34:10Z</time>
   </trkpt>
   <trkpt lat="25.0216340" lon="121.4244560">
    <ele>14.6</ele>
    <time>2025-08-16T02:34:14Z</time>
   </trkpt>
   <trkpt lat="25.0216320" lon="121.4244550">
    <ele>14.6</ele>
    <time>2025-08-16T02:34:19Z</time>
   </trkpt>
   <trkpt lat="25.0216290" lon="121.4244530">
    <ele>14.6</ele>
    <time>2025-08-16T02:34:24Z</time>
   </trkpt>
   <trkpt lat="25.0216270" lon="121.4244520">
    <ele>14.6</ele>
    <time>2025-08-16T02:34:29Z</time>
   </trkpt>
   <trkpt lat="25.0216240" lon="121.4244510">
    <ele>14.6</ele>
    <time>2025-08-16T02:34:31Z</time>
   </trkpt>
   <trkpt lat="25.0216220" lon="121.4244500">
    <ele>14.6</ele>
    <time>2025-08-16T02:34:39Z</time>
   </trkpt>
   <trkpt lat="25.0216190" lon="121.4244480">
    <ele>14.6</ele>
    <time>2025-08-16T02:34:45Z</time>
   </trkpt>
   <trkpt lat="25.0216170" lon="121.4244470">
    <ele>14.6</ele>
    <time>2025-08-16T02:34:50Z</time>
   </trkpt>
   <trkpt lat="25.0216150" lon="121.4244460">
    <ele>14.6</ele>
    <time>2025-08-16T02:34:55Z</time>
   </trkpt>
   <trkpt lat="25.0216120" lon="121.4244440">
    <ele>14.6</ele>
    <time>2025-08-16T02:34:59Z</time>
   </trkpt>
   <trkpt lat="25.0216100" lon="121.4244430">
    <ele>14.6</ele>
    <time>2025-08-16T02:35:00Z</time>
   </trkpt>
   <trkpt lat="25.0216070" lon="121.4244420">
    <ele>14.6</ele>
    <time>2025-08-16T02:35:03Z</time>
   </trkpt>
   <trkpt lat="25.0216050" lon="121.4244410">
    <ele>14.6</ele>
    <time>2025-08-16T02:35:05Z</time>
   </trkpt>
   <trkpt lat="25.0216020" lon="121.4244390">
    <ele>14.6</ele>
    <time>2025-08-16T02:35:08Z</time>
   </trkpt>
   <trkpt lat="25.0216000" lon="121.4244380">
    <ele>14.6</ele>
    <time>2025-08-16T02:35:11Z</time>
   </trkpt>
   <trkpt lat="25.0215980" lon="121.4244370">
    <ele>14.6</ele>
    <time>2025-08-16T02:35:12Z</time>
   </trkpt>
   <trkpt lat="25.0215950" lon="121.4244350">
    <ele>14.6</ele>
    <time>2025-08-16T02:35:13Z</time>
   </trkpt>
   <trkpt lat="25.0215930" lon="121.4244340">
    <ele>14.6</ele>
    <time>2025-08-16T02:35:14Z</time>
   </trkpt>
   <trkpt lat="25.0215900" lon="121.4244330">
    <ele>14.6</ele>
    <time>2025-08-16T02:35:15Z</time>
   </trkpt>
   <trkpt lat="25.0215880" lon="121.4244320">
    <ele>14.6</ele>
    <time>2025-08-16T02:35:17Z</time>
   </trkpt>
   <trkpt lat="25.0215850" lon="121.4244300">
    <ele>14.6</ele>
    <time>2025-08-16T02:35:18Z</time>
   </trkpt>
   <trkpt lat="25.0215830" lon="121.4244290">
    <ele>14.6</ele>
    <time>2025-08-16T02:35:19Z</time>
   </trkpt>
   <trkpt lat="25.0215810" lon="121.4244280">
    <ele>14.6</ele>
    <time>2025-08-16T02:35:20Z</time>
   </trkpt>
   <trkpt lat="25.0215780" lon="121.4244260">
    <ele>14.6</ele>
    <time>2025-08-16T02:35:21Z</time>
   </trkpt>
   <trkpt lat="25.0215760" lon="121.4244250">
    <ele>14.6</ele>
    <time>2025-08-16T02:35:22Z</time>
   </trkpt>
   <trkpt lat="25.0215730" lon="121.4244240">
    <ele>14.6</ele>
    <time>2025-08-16T02:35:23Z</time>
   </trkpt>
   <trkpt lat="25.0215710" lon="121.4244230">
    <ele>14.6</ele>
    <time>2025-08-16T02:35:25Z</time>
   </trkpt>
   <trkpt lat="25.0215680" lon="121.4244210">
    <ele>14.6</ele>
    <time>2025-08-16T02:35:26Z</time>
   </trkpt>
   <trkpt lat="25.0215660" lon="121.4244200">
    <ele>14.6</ele>
    <time>2025-08-16T02:35:27Z</time>
   </trkpt>
   <trkpt lat="25.0215610" lon="121.4244180">
    <ele>14.6</ele>
    <time>2025-08-16T02:35:28Z</time>
   </trkpt>
   <trkpt lat="25.0215560" lon="121.4244160">
    <ele>14.6</ele>
    <time>2025-08-16T02:35:32Z</time>
   </trkpt>
   <trkpt lat="25.0215510" lon="121.4244140">
    <ele>14.6</ele>
    <time>2025-08-16T02:35:33Z</time>
   </trkpt>
   <trkpt lat="25.0215450" lon="121.4244110">
    <ele>14.6</ele>
    <time>2025-08-16T02:35:34Z</time>
   </trkpt>
   <trkpt lat="25.0215400" lon="121.4244090">
    <ele>14.6</ele>
    <time>2025-08-16T02:35:35Z</time>
   </trkpt>
   <trkpt lat="25.0215350" lon="121.4244070">
    <ele>14.6</ele>
    <time>2025-08-16T02:35:37Z</time>
   </trkpt>
   <trkpt lat="25.0215300" lon="121.4244050">
    <ele>14.6</ele>
    <time>2025-08-16T02:35:38Z</time>
   </trkpt>
   <trkpt lat="25.0215260" lon="121.4244020">
    <ele>14.6</ele>
    <time>2025-08-16T02:35:40Z</time>
   </trkpt>
   <trkpt lat="25.0215260" lon="121.4244020">
    <ele>14.6</ele>
    <time>2025-08-16T02:35:42Z</time>
   </trkpt>
   <trkpt lat="25.0215220" lon="121.4243920">
    <ele>14.6</ele>
    <time>2025-08-16T02:35:43Z</time>
   </trkpt>
   <trkpt lat="25.0215210" lon="121.4243900">
    <ele>14.6</ele>
    <time>2025-08-16T02:35:44Z</time>
   </trkpt>
   <trkpt lat="25.0215210" lon="121.4243900">
    <ele>14.6</ele>
    <time>2025-08-16T02:35:45Z</time>
   </trkpt>
   <trkpt lat="25.0215220" lon="121.4243900">
    <ele>14.6</ele>
    <time>2025-08-16T02:35:46Z</time>
   </trkpt>
   <trkpt lat="25.0215150" lon="121.4243800">
    <ele>14.6</ele>
    <time>2025-08-16T02:35:47Z</time>
   </trkpt>
   <trkpt lat="25.0215130" lon="121.4243770">
    <ele>14.6</ele>
    <time>2025-08-16T02:35:48Z</time>
   </trkpt>
   <trkpt lat="25.0215120" lon="121.4243760">
    <ele>14.6</ele>
    <time>2025-08-16T02:35:49Z</time>
   </trkpt>
   <trkpt lat="25.0215100" lon="121.4243780">
    <ele>14.6</ele>
    <time>2025-08-16T02:35:50Z</time>
   </trkpt>
   <trkpt lat="25.0215070" lon="121.4243800">
    <ele>14.6</ele>
    <time>2025-08-16T02:35:51Z</time>
   </trkpt>
   <trkpt lat="25.0214900" lon="121.4243740">
    <ele>14.6</ele>
    <time>2025-08-16T02:35:52Z</time>
   </trkpt>
   <trkpt lat="25.0214820" lon="121.4243680">
    <ele>14.6</ele>
    <time>2025-08-16T02:35:53Z</time>
   </trkpt>
   <trkpt lat="25.0214750" lon="121.4243640">
    <ele>14.6</ele>
    <time>2025-08-16T02:35:54Z</time>
   </trkpt>
   <trkpt lat="25.0214630" lon="121.4243570">
    <ele>14.6</ele>
    <time>2025-08-16T02:35:55Z</time>
   </trkpt>
   <trkpt lat="25.0214500" lon="121.4243500">
    <ele>14.6</ele>
    <time>2025-08-16T02:35:56Z</time>
   </trkpt>
   <trkpt lat="25.0214280" lon="121.4242880">
    <ele>14.6</ele>
    <time>2025-08-16T02:35:58Z</time>
   </trkpt>
   <trkpt lat="25.0214530" lon="121.4243170">
    <ele>14.6</ele>
    <time>2025-08-16T02:36:02Z</time>
   </trkpt>
   <trkpt lat="25.0214330" lon="121.4243180">
    <ele>14.6</ele>
    <time>2025-08-16T02:36:03Z</time>
   </trkpt>
   <trkpt lat="25.0214310" lon="121.4243180">
    <ele>14.6</ele>
    <time>2025-08-16T02:36:07Z</time>
   </trkpt>
   <trkpt lat="25.0213820" lon="121.4243130">
    <ele>14.6</ele>
    <time>2025-08-16T02:36:12Z</time>
   </trkpt>
   <trkpt lat="25.0213620" lon="121.4243210">
    <ele>14.6</ele>
    <time>2025-08-16T02:36:17Z</time>
   </trkpt>
   <trkpt lat="25.0213540" lon="121.4243210">
    <ele>14.6</ele>
    <time>2025-08-16T02:36:22Z</time>
   </trkpt>
   <trkpt lat="25.0213140" lon="121.4242980">
    <ele>14.6</ele>
    <time>2025-08-16T02:36:27Z</time>
   </trkpt>
   <trkpt lat="25.0212940" lon="121.4242880">
    <ele>14.6</ele>
    <time>2025-08-16T02:36:32Z</time>
   </trkpt>
   <trkpt lat="25.0212940" lon="121.4242850">
    <ele>14.6</ele>
    <time>2025-08-16T02:36:37Z</time>
   </trkpt>
   <trkpt lat="25.0213150" lon="121.4242950">
    <ele>14.6</ele>
    <time>2025-08-16T02:36:42Z</time>
   </trkpt>
   <trkpt lat="25.0213080" lon="121.4242910">
    <ele>14.6</ele>
    <time>2025-08-16T02:36:47Z</time>
   </trkpt>
   <trkpt lat="25.0213000" lon="121.4242840">
    <ele>14.6</ele>
    <time>2025-08-16T02:36:49Z</time>
   </trkpt>
   <trkpt lat="25.0213000" lon="121.4242830">
    <ele>14.6</ele>
    <time>2025-08-16T02:36:50Z</time>
   </trkpt>
   <trkpt lat="25.0212970" lon="121.4242830">
    <ele>14.6</ele>
    <time>2025-08-16T02:36:52Z</time>
   </trkpt>
   <trkpt lat="25.0212960" lon="121.4242800">
    <ele>14.6</ele>
    <time>2025-08-16T02:36:54Z</time>
   </trkpt>
   <trkpt lat="25.0212960" lon="121.4242820">
    <ele>14.6</ele>
    <time>2025-08-16T02:36:59Z</time>
   </trkpt>
   <trkpt lat="25.0212950" lon="121.4242850">
    <ele>14.6</ele>
    <time>2025-08-16T02:37:00Z</time>
   </trkpt>
   <trkpt lat="25.0212950" lon="121.4242850">
    <ele>14.6</ele>
    <time>2025-08-16T02:37:02Z</time>
   </trkpt>
   <trkpt lat="25.0212950" lon="121.4242850">
    <ele>14.6</ele>
    <time>2025-08-16T02:37:04Z</time>
   </trkpt>
   <trkpt lat="25.0212830" lon="121.4242800">
    <ele>14.6</ele>
    <time>2025-08-16T02:37:05Z</time>
   </trkpt>
   <trkpt lat="25.0212810" lon="121.4242780">
    <ele>14.6</ele>
    <time>2025-08-16T02:37:09Z</time>
   </trkpt>
   <trkpt lat="25.0212800" lon="121.4242770">
    <ele>14.6</ele>
    <time>2025-08-16T02:37:14Z</time>
   </trkpt>
   <trkpt lat="25.0212790" lon="121.4242760">
    <ele>14.6</ele>
    <time>2025-08-16T02:37:15Z</time>
   </trkpt>
   <trkpt lat="25.0212780" lon="121.4242750">
    <ele>14.6</ele>
    <time>2025-08-16T02:37:16Z</time>
   </trkpt>
   <trkpt lat="25.0212770" lon="121.4242740">
    <ele>14.6</ele>
    <time>2025-08-16T02:37:17Z</time>
   </trkpt>
   <trkpt lat="25.0212760" lon="121.4242730">
    <ele>14.6</ele>
    <time>2025-08-16T02:37:19Z</time>
   </trkpt>
   <trkpt lat="25.0212760" lon="121.4242720">
    <ele>14.6</ele>
    <time>2025-08-16T02:37:20Z</time>
   </trkpt>
   <trkpt lat="25.0212750" lon="121.4242710">
    <ele>14.6</ele>
    <time>2025-08-16T02:37:21Z</time>
   </trkpt>
   <trkpt lat="25.0212740" lon="121.4242700">
    <ele>14.6</ele>
    <time>2025-08-16T02:37:22Z</time>
   </trkpt>
   <trkpt lat="25.0212730" lon="121.4242690">
    <ele>14.6</ele>
    <time>2025-08-16T02:37:23Z</time>
   </trkpt>
   <trkpt lat="25.0212720" lon="121.4242680">
    <ele>14.6</ele>
    <time>2025-08-16T02:37:24Z</time>
   </trkpt>
   <trkpt lat="25.0212710" lon="121.4242670">
    <ele>14.6</ele>
    <time>2025-08-16T02:37:29Z</time>
   </trkpt>
   <trkpt lat="25.0212700" lon="121.4242660">
    <ele>14.6</ele>
    <time>2025-08-16T02:37:34Z</time>
   </trkpt>
   <trkpt lat="25.0212690" lon="121.4242650">
    <ele>14.6</ele>
    <time>2025-08-16T02:37:36Z</time>
   </trkpt>
   <trkpt lat="25.0212680" lon="121.4242640">
    <ele>14.6</ele>
    <time>2025-08-16T02:37:38Z</time>
   </trkpt>
   <trkpt lat="25.0212670" lon="121.4242630">
    <ele>14.6</ele>
    <time>2025-08-16T02:37:39Z</time>
   </trkpt>
   <trkpt lat="25.0212660" lon="121.4242620">
    <ele>14.6</ele>
    <time>2025-08-16T02:37:44Z</time>
   </trkpt>
   <trkpt lat="25.0212650" lon="121.4242610">
    <ele>14.6</ele>
    <time>2025-08-16T02:37:49Z</time>
   </trkpt>
   <trkpt lat="25.0212640" lon="121.4242600">
    <ele>14.6</ele>
    <time>2025-08-16T02:37:54Z</time>
   </trkpt>
   <trkpt lat="25.0212630" lon="121.4242590">
    <ele>14.6</ele>
    <time>2025-08-16T02:37:59Z</time>
   </trkpt>
   <trkpt lat="25.0212630" lon="121.4242580">
    <ele>14.6</ele>
    <time>2025-08-16T02:38:04Z</time>
   </trkpt>
   <trkpt lat="25.0212620" lon="121.4242570">
    <ele>14.6</ele>
    <time>2025-08-16T02:38:06Z</time>
   </trkpt>
   <trkpt lat="25.0212610" lon="121.4242560">
    <ele>14.6</ele>
    <time>2025-08-16T02:38:07Z</time>
   </trkpt>
   <trkpt lat="25.0212600" lon="121.4242550">
    <ele>14.6</ele>
    <time>2025-08-16T02:38:08Z</time>
   </trkpt>
   <trkpt lat="25.0212590" lon="121.4242540">
    <ele>14.6</ele>
    <time>2025-08-16T02:38:09Z</time>
   </trkpt>
   <trkpt lat="25.0212580" lon="121.4242530">
    <ele>14.6</ele>
    <time>2025-08-16T02:38:10Z</time>
   </trkpt>
   <trkpt lat="25.0212570" lon="121.4242520">
    <ele>14.6</ele>
    <time>2025-08-16T02:38:11Z</time>
   </trkpt>
   <trkpt lat="25.0212560" lon="121.4242510">
    <ele>14.6</ele>
    <time>2025-08-16T02:38:12Z</time>
   </trkpt>
   <trkpt lat="25.0212470" lon="121.4242390">
    <ele>14.6</ele>
    <time>2025-08-16T02:38:13Z</time>
   </trkpt>
   <trkpt lat="25.0212360" lon="121.4242240">
    <ele>14.6</ele>
    <time>2025-08-16T02:38:15Z</time>
   </trkpt>
   <trkpt lat="25.0212160" lon="121.4241980">
    <ele>14.6</ele>
    <time>2025-08-16T02:38:16Z</time>
   </trkpt>
   <trkpt lat="25.0211730" lon="121.4241730">
    <ele>14.6</ele>
    <time>2025-08-16T02:38:17Z</time>
   </trkpt>
   <trkpt lat="25.0211630" lon="121.4241670">
    <ele>14.6</ele>
    <time>2025-08-16T02:38:18Z</time>
   </trkpt>
   <trkpt lat="25.0211730" lon="121.4241740">
    <ele>14.6</ele>
    <time>2025-08-16T02:38:21Z</time>
   </trkpt>
   <trkpt lat="25.0211660" lon="121.4241750">
    <ele>14.6</ele>
    <time>2025-08-16T02:38:22Z</time>
   </trkpt>
   <trkpt lat="25.0211710" lon="121.4241770">
    <ele>14.6</ele>
    <time>2025-08-16T02:38:24Z</time>
   </trkpt>
   <trkpt lat="25.0211720" lon="121.4241780">
    <ele>14.6</ele>
    <time>2025-08-16T02:38:26Z</time>
   </trkpt>
   <trkpt lat="25.0211510" lon="121.4241740">
    <ele>14.6</ele>
    <time>2025-08-16T02:38:29Z</time>
   </trkpt>
   <trkpt lat="25.0211510" lon="121.4241740">
    <ele>14.6</ele>
    <time>2025-08-16T02:38:31Z</time>
   </trkpt>
   <trkpt lat="25.0211510" lon="121.4241780">
    <ele>14.6</ele>
    <time>2025-08-16T02:38:36Z</time>
   </trkpt>
   <trkpt lat="25.0211450" lon="121.4241800">
    <ele>14.6</ele>
    <time>2025-08-16T02:38:41Z</time>
   </trkpt>
   <trkpt lat="25.0211430" lon="121.4241880">
    <ele>14.6</ele>
    <time>2025-08-16T02:38:46Z</time>
   </trkpt>
   <trkpt lat="25.0211260" lon="121.4241890">
    <ele>14.6</ele>
    <time>2025-08-16T02:38:51Z</time>
   </trkpt>
   <trkpt lat="25.0211250" lon="121.4241970">
    <ele>14.6</ele>
    <time>2025-08-16T02:38:57Z</time>
   </trkpt>
   <trkpt lat="25.0211180" lon="121.4241900">
    <ele>14.6</ele>
    <time>2025-08-16T02:39:02Z</time>
   </trkpt>
   <trkpt lat="25.0211570" lon="121.4242090">
    <ele>14.6</ele>
    <time>2025-08-16T02:39:07Z</time>
   </trkpt>
   <trkpt lat="25.0211550" lon="121.4242140">
    <ele>14.6</ele>
    <time>2025-08-16T02:39:09Z</time>
   </trkpt>
   <trkpt lat="25.0211550" lon="121.4242160">
    <ele>14.6</ele>
    <time>2025-08-16T02:39:13Z</time>
   </trkpt>
   <trkpt lat="25.0211440" lon="121.4242060">
    <ele>14.6</ele>
    <time>2025-08-16T02:39:14Z</time>
   </trkpt>
   <trkpt lat="25.0211420" lon="121.4242040">
    <ele>14.6</ele>
    <time>2025-08-16T02:39:16Z</time>
   </trkpt>
   <trkpt lat="25.0211400" lon="121.4242030">
    <ele>14.6</ele>
    <time>2025-08-16T02:39:17Z</time>
   </trkpt>
   <trkpt lat="25.0211400" lon="121.4242030">
    <ele>14.6</ele>
    <time>2025-08-16T02:39:18Z</time>
   </trkpt>
   <trkpt lat="25.0211380" lon="121.4242010">
    <ele>14.6</ele>
    <time>2025-08-16T02:39:19Z</time>
   </trkpt>
   <trkpt lat="25.0211380" lon="121.4242000">
    <ele>14.6</ele>
    <time>2025-08-16T02:39:21Z</time>
   </trkpt>
   <trkpt lat="25.0211360" lon="121.4242000">
    <ele>14.6</ele>
    <time>2025-08-16T02:39:23Z</time>
   </trkpt>
   <trkpt lat="25.0211280" lon="121.4241970">
    <ele>14.6</ele>
    <time>2025-08-16T02:39:24Z</time>
   </trkpt>
   <trkpt lat="25.0211220" lon="121.4241960">
    <ele>14.6</ele>
    <time>2025-08-16T02:39:25Z</time>
   </trkpt>
   <trkpt lat="25.0211050" lon="121.4241950">
    <ele>14.6</ele>
    <time>2025-08-16T02:39:26Z</time>
   </trkpt>
   <trkpt lat="25.0210930" lon="121.4241930">
    <ele>14.6</ele>
    <time>2025-08-16T02:39:27Z</time>
   </trkpt>
   <trkpt lat="25.0210810" lon="121.4241910">
    <ele>14.6</ele>
    <time>2025-08-16T02:39:28Z</time>
   </trkpt>
   <trkpt lat="25.0210610" lon="121.4241960">
    <ele>14.6</ele>
    <time>2025-08-16T02:39:29Z</time>
   </trkpt>
   <trkpt lat="25.0210540" lon="121.4242020">
    <ele>14.6</ele>
    <time>2025-08-16T02:39:30Z</time>
   </trkpt>
   <trkpt lat="25.0210460" lon="121.4242070">
    <ele>14.6</ele>
    <time>2025-08-16T02:39:31Z</time>
   </trkpt>
   <trkpt lat="25.0210400" lon="121.4242180">
    <ele>14.6</ele>
    <time>2025-08-16T02:39:32Z</time>
   </trkpt>
   <trkpt lat="25.0210260" lon="121.4242140">
    <ele>14.6</ele>
    <time>2025-08-16T02:39:33Z</time>
   </trkpt>
   <trkpt lat="25.0210170" lon="121.4242180">
    <ele>14.6</ele>
    <time>2025-08-16T02:39:35Z</time>
   </trkpt>
   <trkpt lat="25.0210060" lon="121.4242080">
    <ele>14.6</ele>
    <time>2025-08-16T02:39:37Z</time>
   </trkpt>
   <trkpt lat="25.0210090" lon="121.4242050">
    <ele>14.6</ele>
    <time>2025-08-16T02:39:38Z</time>
   </trkpt>
   <trkpt lat="25.0210150" lon="121.4241940">
    <ele>14.6</ele>
    <time>2025-08-16T02:39:43Z</time>
   </trkpt>
   <trkpt lat="25.0210160" lon="121.4241790">
    <ele>14.6</ele>
    <time>2025-08-16T02:39:45Z</time>
   </trkpt>
   <trkpt lat="25.0210150" lon="121.4241780">
    <ele>14.6</ele>
    <time>2025-08-16T02:39:48Z</time>
   </trkpt>
   <trkpt lat="25.0210140" lon="121.4241720">
    <ele>14.6</ele>
    <time>2025-08-16T02:39:53Z</time>
   </trkpt>
   <trkpt lat="25.0210120" lon="121.4241720">
    <ele>14.6</ele>
    <time>2025-08-16T02:39:58Z</time>
   </trkpt>
   <trkpt lat="25.0210070" lon="121.4241610">
    <ele>14.6</ele>
    <time>2025-08-16T02:40:03Z</time>
   </trkpt>
   <trkpt lat="25.0210060" lon="121.4241650">
    <ele>14.6</ele>
    <time>2025-08-16T02:40:09Z</time>
   </trkpt>
   <trkpt lat="25.0210190" lon="121.4241650">
    <ele>14.6</ele>
    <time>2025-08-16T02:40:14Z</time>
   </trkpt>
   <trkpt lat="25.0210150" lon="121.4241560">
    <ele>14.6</ele>
    <time>2025-08-16T02:40:19Z</time>
   </trkpt>
   <trkpt lat="25.0210110" lon="121.4241560">
    <ele>14.6</ele>
    <time>2025-08-16T02:40:24Z</time>
   </trkpt>
   <trkpt lat="25.0210090" lon="121.4241720">
    <ele>14.6</ele>
    <time>2025-08-16T02:40:29Z</time>
   </trkpt>
   <trkpt lat="25.0210160" lon="121.4241650">
    <ele>14.6</ele>
    <time>2025-08-16T02:40:34Z</time>
   </trkpt>
   <trkpt lat="25.0210110" lon="121.4241730">
    <ele>14.6</ele>
    <time>2025-08-16T02:40:35Z</time>
   </trkpt>
   <trkpt lat="25.0210110" lon="121.4241730">
    <ele>14.6</ele>
    <time>2025-08-16T02:40:36Z</time>
   </trkpt>
   <trkpt lat="25.0210110" lon="121.4241740">
    <ele>14.6</ele>
    <time>2025-08-16T02:40:37Z</time>
   </trkpt>
   <trkpt lat="25.0210110" lon="121.4241760">
    <ele>14.6</ele>
    <time>2025-08-16T02:40:38Z</time>
   </trkpt>
   <trkpt lat="25.0210120" lon="121.4241730">
    <ele>14.6</ele>
    <time>2025-08-16T02:40:39Z</time>
   </trkpt>
   <trkpt lat="25.0210120" lon="121.4241710">
    <ele>14.6</ele>
    <time>2025-08-16T02:40:40Z</time>
   </trkpt>
   <trkpt lat="25.0210120" lon="121.4241700">
    <ele>14.6</ele>
    <time>2025-08-16T02:40:41Z</time>
   </trkpt>
   <trkpt lat="25.0210130" lon="121.4241700">
    <ele>14.6</ele>
    <time>2025-08-16T02:40:44Z</time>
   </trkpt>
   <trkpt lat="25.0210160" lon="121.4241630">
    <ele>14.6</ele>
    <time>2025-08-16T02:40:49Z</time>
   </trkpt>
   <trkpt lat="25.0210150" lon="121.4241550">
    <ele>14.6</ele>
    <time>2025-08-16T02:40:51Z</time>
   </trkpt>
   <trkpt lat="25.0210140" lon="121.4241530">
    <ele>14.6</ele>
    <time>2025-08-16T02:40:54Z</time>
   </trkpt>
   <trkpt lat="25.0210130" lon="121.4241520">
    <ele>14.6</ele>
    <time>2025-08-16T02:40:59Z</time>
   </trkpt>
   <trkpt lat="25.0210100" lon="121.4241470">
    <ele>14.6</ele>
    <time>2025-08-16T02:41:04Z</time>
   </trkpt>
   <trkpt lat="25.0210170" lon="121.4241360">
    <ele>14.6</ele>
    <time>2025-08-16T02:41:09Z</time>
   </trkpt>
   <trkpt lat="25.0210120" lon="121.4241290">
    <ele>14.6</ele>
    <time>2025-08-16T02:41:14Z</time>
   </trkpt>
   <trkpt lat="25.0210090" lon="121.4241290">
    <ele>14.6</ele>
    <time>2025-08-16T02:41:19Z</time>
   </trkpt>
   <trkpt lat="25.0210120" lon="121.4241360">
    <ele>14.6</ele>
    <time>2025-08-16T02:41:24Z</time>
   </trkpt>
   <trkpt lat="25.0210180" lon="121.4241350">
    <ele>14.6</ele>
    <time>2025-08-16T02:41:29Z</time>
   </trkpt>
   <trkpt lat="25.0210050" lon="121.4241200">
    <ele>14.6</ele>
    <time>2025-08-16T02:41:34Z</time>
   </trkpt>
   <trkpt lat="25.0210010" lon="121.4241180">
    <ele>14.6</ele>
    <time>2025-08-16T02:41:38Z</time>
   </trkpt>
   <trkpt lat="25.0210010" lon="121.4241190">
    <ele>14.6</ele>
    <time>2025-08-16T02:41:39Z</time>
   </trkpt>
   <trkpt lat="25.0210040" lon="121.4241230">
    <ele>14.6</ele>
    <time>2025-08-16T02:41:40Z</time>
   </trkpt>
   <trkpt lat="25.0210060" lon="121.4241260">
    <ele>14.6</ele>
    <time>2025-08-16T02:41:41Z</time>
   </trkpt>
   <trkpt lat="25.0210070" lon="121.4241270">
    <ele>14.6</ele>
    <time>2025-08-16T02:41:42Z</time>
   </trkpt>
   <trkpt lat="25.0210070" lon="121.4241280">
    <ele>14.6</ele>
    <time>2025-08-16T02:41:43Z</time>
   </trkpt>
   <trkpt lat="25.0210070" lon="121.4241280">
    <ele>14.6</ele>
    <time>2025-08-16T02:41:44Z</time>
   </trkpt>
   <trkpt lat="25.0210050" lon="121.4241320">
    <ele>14.6</ele>
    <time>2025-08-16T02:41:45Z</time>
   </trkpt>
   <trkpt lat="25.0210040" lon="121.4241330">
    <ele>14.6</ele>
    <time>2025-08-16T02:41:46Z</time>
   </trkpt>
   <trkpt lat="25.0210030" lon="121.4241350">
    <ele>14.6</ele>
    <time>2025-08-16T02:41:47Z</time>
   </trkpt>
   <trkpt lat="25.0210020" lon="121.4241350">
    <ele>14.6</ele>
    <time>2025-08-16T02:41:48Z</time>
   </trkpt>
   <trkpt lat="25.0210020" lon="121.4241360">
    <ele>14.6</ele>
    <time>2025-08-16T02:41:49Z</time>
   </trkpt>
   <trkpt lat="25.0209960" lon="121.4241300">
    <ele>14.6</ele>
    <time>2025-08-16T02:41:50Z</time>
   </trkpt>
   <trkpt lat="25.0209930" lon="121.4241260">
    <ele>14.6</ele>
    <time>2025-08-16T02:41:51Z</time>
   </trkpt>
   <trkpt lat="25.0209910" lon="121.4241240">
    <ele>14.6</ele>
    <time>2025-08-16T02:41:52Z</time>
   </trkpt>
   <trkpt lat="25.0209890" lon="121.4241230">
    <ele>14.6</ele>
    <time>2025-08-16T02:41:53Z</time>
   </trkpt>
   <trkpt lat="25.0209910" lon="121.4241220">
    <ele>14.6</ele>
    <time>2025-08-16T02:41:54Z</time>
   </trkpt>
   <trkpt lat="25.0210060" lon="121.4241330">
    <ele>14.6</ele>
    <time>2025-08-16T02:41:55Z</time>
   </trkpt>
   <trkpt lat="25.0210140" lon="121.4241400">
    <ele>14.7</ele>
    <time>2025-08-16T02:41:56Z</time>
   </trkpt>
   <trkpt lat="25.0210190" lon="121.4241430">
    <ele>14.7</ele>
    <time>2025-08-16T02:41:57Z</time>
   </trkpt>
   <trkpt lat="25.0210190" lon="121.4241490">
    <ele>14.7</ele>
    <time>2025-08-16T02:41:58Z</time>
   </trkpt>
   <trkpt lat="25.0210160" lon="121.4241540">
    <ele>14.7</ele>
    <time>2025-08-16T02:41:59Z</time>
   </trkpt>
   <trkpt lat="25.0210120" lon="121.4241580">
    <ele>14.7</ele>
    <time>2025-08-16T02:42:00Z</time>
   </trkpt>
   <trkpt lat="25.0210090" lon="121.4241630">
    <ele>14.7</ele>
    <time>2025-08-16T02:42:01Z</time>
   </trkpt>
   <trkpt lat="25.0210060" lon="121.4241670">
    <ele>14.7</ele>
    <time>2025-08-16T02:42:02Z</time>
   </trkpt>
   <trkpt lat="25.0210030" lon="121.4241710">
    <ele>14.7</ele>
    <time>2025-08-16T02:42:03Z</time>
   </trkpt>
   <trkpt lat="25.0209990" lon="121.4241760">
    <ele>14.7</ele>
    <time>2025-08-16T02:42:04Z</time>
   </trkpt>
   <trkpt lat="25.0209960" lon="121.4241800">
    <ele>14.7</ele>
    <time>2025-08-16T02:42:05Z</time>
   </trkpt>
   <trkpt lat="25.0209930" lon="121.4241850">
    <ele>14.7</ele>
    <time>2025-08-16T02:42:06Z</time>
   </trkpt>
   <trkpt lat="25.0209900" lon="121.4241890">
    <ele>14.7</ele>
    <time>2025-08-16T02:42:07Z</time>
   </trkpt>
   <trkpt lat="25.0209860" lon="121.4241930">
    <ele>14.7</ele>
    <time>2025-08-16T02:42:08Z</time>
   </trkpt>
   <trkpt lat="25.0209830" lon="121.4241980">
    <ele>14.7</ele>
    <time>2025-08-16T02:42:09Z</time>
   </trkpt>
   <trkpt lat="25.0209800" lon="121.4242020">
    <ele>14.7</ele>
    <time>2025-08-16T02:42:10Z</time>
   </trkpt>
   <trkpt lat="25.0209770" lon="121.4242070">
    <ele>14.7</ele>
    <time>2025-08-16T02:42:11Z</time>
   </trkpt>
   <trkpt lat="25.0209730" lon="121.4242110">
    <ele>14.7</ele>
    <time>2025-08-16T02:42:12Z</time>
   </trkpt>
   <trkpt lat="25.0209700" lon="121.4242150">
    <ele>14.7</ele>
    <time>2025-08-16T02:42:13Z</time>
   </trkpt>
   <trkpt lat="25.0209670" lon="121.4242200">
    <ele>14.8</ele>
    <time>2025-08-16T02:42:14Z</time>
   </trkpt>
   <trkpt lat="25.0209640" lon="121.4242240">
    <ele>14.8</ele>
    <time>2025-08-16T02:42:15Z</time>
   </trkpt>
   <trkpt lat="25.0209600" lon="121.4242290">
    <ele>14.8</ele>
    <time>2025-08-16T02:42:16Z</time>
   </trkpt>
   <trkpt lat="25.0209570" lon="121.4242330">
    <ele>14.8</ele>
    <time>2025-08-16T02:42:17Z</time>
   </trkpt>
   <trkpt lat="25.0209540" lon="121.4242370">
    <ele>14.8</ele>
    <time>2025-08-16T02:42:18Z</time>
   </trkpt>
   <trkpt lat="25.0209510" lon="121.4242420">
    <ele>14.8</ele>
    <time>2025-08-16T02:42:19Z</time>
   </trkpt>
   <trkpt lat="25.0209470" lon="121.4242460">
    <ele>14.8</ele>
    <time>2025-08-16T02:42:20Z</time>
   </trkpt>
   <trkpt lat="25.0209440" lon="121.4242510">
    <ele>14.8</ele>
    <time>2025-08-16T02:42:21Z</time>
   </trkpt>
   <trkpt lat="25.0209410" lon="121.4242550">
    <ele>14.8</ele>
    <time>2025-08-16T02:42:22Z</time>
   </trkpt>
   <trkpt lat="25.0209380" lon="121.4242590">
    <ele>14.8</ele>
    <time>2025-08-16T02:42:23Z</time>
   </trkpt>
   <trkpt lat="25.0209340" lon="121.4242640">
    <ele>14.8</ele>
    <time>2025-08-16T02:42:24Z</time>
   </trkpt>
   <trkpt lat="25.0209310" lon="121.4242680">
    <ele>14.8</ele>
    <time>2025-08-16T02:42:25Z</time>
   </trkpt>
   <trkpt lat="25.0209280" lon="121.4242730">
    <ele>14.8</ele>
    <time>2025-08-16T02:42:26Z</time>
   </trkpt>
   <trkpt lat="25.0209250" lon="121.4242770">
    <ele>14.8</ele>
    <time>2025-08-16T02:42:27Z</time>
   </trkpt>
   <trkpt lat="25.0209220" lon="121.4242820">
    <ele>14.8</ele>
    <time>2025-08-16T02:42:28Z</time>
   </trkpt>
   <trkpt lat="25.0209180" lon="121.4242860">
    <ele>14.8</ele>
    <time>2025-08-16T02:42:29Z</time>
   </trkpt>
   <trkpt lat="25.0209150" lon="121.4242900">
    <ele>14.8</ele>
    <time>2025-08-16T02:42:30Z</time>
   </trkpt>
   <trkpt lat="25.0209120" lon="121.4242950">
    <ele>14.8</ele>
    <time>2025-08-16T02:42:31Z</time>
   </trkpt>
   <trkpt lat="25.0209090" lon="121.4242990">
    <ele>14.8</ele>
    <time>2025-08-16T02:42:32Z</time>
   </trkpt>
   <trkpt lat="25.0209050" lon="121.4243040">
    <ele>14.9</ele>
    <time>2025-08-16T02:42:33Z</time>
   </trkpt>
   <trkpt lat="25.0209020" lon="121.4243080">
    <ele>14.9</ele>
    <time>2025-08-16T02:42:34Z</time>
   </trkpt>
   <trkpt lat="25.0208990" lon="121.4243120">
    <ele>14.9</ele>
    <time>2025-08-16T02:42:35Z</time>
   </trkpt>
   <trkpt lat="25.0208960" lon="121.4243170">
    <ele>14.9</ele>
    <time>2025-08-16T02:42:36Z</time>
   </trkpt>
   <trkpt lat="25.0208920" lon="121.4243210">
    <ele>14.9</ele>
    <time>2025-08-16T02:42:37Z</time>
   </trkpt>
   <trkpt lat="25.0208890" lon="121.4243260">
    <ele>14.9</ele>
    <time>2025-08-16T02:42:38Z</time>
   </trkpt>
   <trkpt lat="25.0208860" lon="121.4243300">
    <ele>14.9</ele>
    <time>2025-08-16T02:42:39Z</time>
   </trkpt>
   <trkpt lat="25.0208830" lon="121.4243340">
    <ele>14.9</ele>
    <time>2025-08-16T02:42:40Z</time>
   </trkpt>
   <trkpt lat="25.0208790" lon="121.4243390">
    <ele>14.9</ele>
    <time>2025-08-16T02:42:41Z</time>
   </trkpt>
   <trkpt lat="25.0208760" lon="121.4243430">
    <ele>14.9</ele>
    <time>2025-08-16T02:42:42Z</time>
   </trkpt>
   <trkpt lat="25.0208730" lon="121.4243480">
    <ele>14.9</ele>
    <time>2025-08-16T02:42:43Z</time>
   </trkpt>
   <trkpt lat="25.0208700" lon="121.4243520">
    <ele>14.9</ele>
    <time>2025-08-16T02:42:44Z</time>
   </trkpt>
   <trkpt lat="25.0208660" lon="121.4243560">
    <ele>14.9</ele>
    <time>2025-08-16T02:42:45Z</time>
   </trkpt>
   <trkpt lat="25.0208630" lon="121.4243610">
    <ele>14.9</ele>
    <time>2025-08-16T02:42:46Z</time>
   </trkpt>
   <trkpt lat="25.0208600" lon="121.4243650">
    <ele>14.9</ele>
    <time>2025-08-16T02:42:47Z</time>
   </trkpt>
   <trkpt lat="25.0208570" lon="121.4243700">
    <ele>14.9</ele>
    <time>2025-08-16T02:42:48Z</time>
   </trkpt>
   <trkpt lat="25.0208530" lon="121.4243740">
    <ele>14.9</ele>
    <time>2025-08-16T02:42:49Z</time>
   </trkpt>
   <trkpt lat="25.0208500" lon="121.4243780">
    <ele>14.9</ele>
    <time>2025-08-16T02:42:50Z</time>
   </trkpt>
   <trkpt lat="25.0208470" lon="121.4243830">
    <ele>15.0</ele>
    <time>2025-08-16T02:42:51Z</time>
   </trkpt>
   <trkpt lat="25.0208440" lon="121.4243870">
    <ele>15.0</ele>
    <time>2025-08-16T02:42:52Z</time>
   </trkpt>
   <trkpt lat="25.0208400" lon="121.4243920">
    <ele>15.0</ele>
    <time>2025-08-16T02:42:53Z</time>
   </trkpt>
   <trkpt lat="25.0208370" lon="121.4243960">
    <ele>15.0</ele>
    <time>2025-08-16T02:42:54Z</time>
   </trkpt>
   <trkpt lat="25.0208340" lon="121.4244000">
    <ele>15.0</ele>
    <time>2025-08-16T02:42:55Z</time>
   </trkpt>
   <trkpt lat="25.0208310" lon="121.4244050">
    <ele>15.0</ele>
    <time>2025-08-16T02:42:56Z</time>
   </trkpt>
   <trkpt lat="25.0208270" lon="121.4244090">
    <ele>15.0</ele>
    <time>2025-08-16T02:42:57Z</time>
   </trkpt>
   <trkpt lat="25.0208240" lon="121.4244140">
    <ele>15.0</ele>
    <time>2025-08-16T02:42:58Z</time>
   </trkpt>
   <trkpt lat="25.0208210" lon="121.4244180">
    <ele>15.0</ele>
    <time>2025-08-16T02:42:59Z</time>
   </trkpt>
   <trkpt lat="25.0207100" lon="121.4245920">
    <ele>15.2</ele>
    <time>2025-08-16T02:43:00Z</time>
   </trkpt>
   <trkpt lat="25.0210010" lon="121.4241470">
    <ele>14.6</ele>
    <time>2025-08-16T02:43:01Z</time>
   </trkpt>
   <trkpt lat="25.0210110" lon="121.4241320">
    <ele>14.6</ele>
    <time>2025-08-16T02:43:02Z</time>
   </trkpt>
   <trkpt lat="25.0210140" lon="121.4241280">
    <ele>14.6</ele>
    <time>2025-08-16T02:43:03Z</time>
   </trkpt>
   <trkpt lat="25.0210120" lon="121.4241300">
    <ele>14.6</ele>
    <time>2025-08-16T02:43:04Z</time>
   </trkpt>
   <trkpt lat="25.0210100" lon="121.4241330">
    <ele>14.6</ele>
    <time>2025-08-16T02:43:05Z</time>
   </trkpt>
   <trkpt lat="25.0210040" lon="121.4241360">
    <ele>14.6</ele>
    <time>2025-08-16T02:43:06Z</time>
   </trkpt>
   <trkpt lat="25.0210020" lon="121.4241370">
    <ele>14.6</ele>
    <time>2025-08-16T02:43:07Z</time>
   </trkpt>
   <trkpt lat="25.0210010" lon="121.4241390">
    <ele>14.6</ele>
    <time>2025-08-16T02:43:08Z</time>
   </trkpt>
   <trkpt lat="25.0210000" lon="121.4241400">
    <ele>14.6</ele>
    <time>2025-08-16T02:43:09Z</time>
   </trkpt>
   <trkpt lat="25.0210000" lon="121.4241410">
    <ele>14.6</ele>
    <time>2025-08-16T02:43:10Z</time>
   </trkpt>
   <trkpt lat="25.0209990" lon="121.4241400">
    <ele>14.6</ele>
    <time>2025-08-16T02:43:11Z</time>
   </trkpt>
   <trkpt lat="25.0209980" lon="121.4241400">
    <ele>14.6</ele>
    <time>2025-08-16T02:43:12Z</time>
   </trkpt>
   <trkpt lat="25.0209980" lon="121.4241400">
    <ele>14.6</ele>
    <time>2025-08-16T02:43:13Z</time>
   </trkpt>
   <trkpt lat="25.0209980" lon="121.4241410">
    <ele>14.6</ele>
    <time>2025-08-16T02:43:14Z</time>
   </trkpt>
   <trkpt lat="25.0209970" lon="121.4241420">
    <ele>14.6</ele>
    <time>2025-08-16T02:43:15Z</time>
   </trkpt>
   <trkpt lat="25.0210000" lon="121.4241450">
    <ele>14.6</ele>
    <time>2025-08-16T02:43:16Z</time>
   </trkpt>
   <trkpt lat="25.0210010" lon="121.4241470">
    <ele>14.6</ele>
    <time>2025-08-16T02:43:17Z</time>
   </trkpt>
   <trkpt lat="25.0210020" lon="121.4241480">
    <ele>14.6</ele>
    <time>2025-08-16T02:43:18Z</time>
   </trkpt>
   <trkpt lat="25.0210030" lon="121.4241490">
    <ele>14.6</ele>
    <time>2025-08-16T02:43:19Z</time>
   </trkpt>
   <trkpt lat="25.0210030" lon="121.4241490">
    <ele>14.6</ele>
    <time>2025-08-16T02:43:20Z</time>
   </trkpt>
   <trkpt lat="25.0210040" lon="121.4241400">
    <ele>14.6</ele>
    <time>2025-08-16T02:43:21Z</time>
   </trkpt>
   <trkpt lat="25.0210050" lon="121.4241340">
    <ele>14.6</ele>
    <time>2025-08-16T02:43:22Z</time>
   </trkpt>
   <trkpt lat="25.0210050" lon="121.4241310">
    <ele>14.6</ele>
    <time>2025-08-16T02:43:23Z</time>
   </trkpt>
   <trkpt lat="25.0210050" lon="121.4241300">
    <ele>14.6</ele>
    <time>2025-08-16T02:43:24Z</time>
   </trkpt>
   <trkpt lat="25.0210060" lon="121.4241290">
    <ele>14.6</ele>
    <time>2025-08-16T02:43:25Z</time>
   </trkpt>
   <trkpt lat="25.0210030" lon="121.4241380">
    <ele>14.6</ele>
    <time>2025-08-16T02:43:26Z</time>
   </trkpt>
   <trkpt lat="25.0210010" lon="121.4241440">
    <ele>14.6</ele>
    <time>2025-08-16T02:43:27Z</time>
   </trkpt>
   <trkpt lat="25.0210000" lon="121.4241470">
    <ele>14.6</ele>
    <time>2025-08-16T02:43:28Z</time>
   </trkpt>
   <trkpt lat="25.0209990" lon="121.4241490">
    <ele>14.6</ele>
    <time>2025-08-16T02:43:29Z</time>
   </trkpt>
   <trkpt lat="25.0209990" lon="121.4241510">
    <ele>14.6</ele>
    <time>2025-08-16T02:43:30Z</time>
   </trkpt>
   <trkpt lat="25.0210000" lon="121.4241530">
    <ele>14.6</ele>
    <time>2025-08-16T02:43:31Z</time>
   </trkpt>
   <trkpt lat="25.0210010" lon="121.4241530">
    <ele>14.6</ele>
    <time>2025-08-16T02:43:32Z</time>
   </trkpt>
   <trkpt lat="25.0210020" lon="121.4241530">
    <ele>14.6</ele>
    <time>2025-08-16T02:43:33Z</time>
   </trkpt>
   <trkpt lat="25.0210010" lon="121.4241550">
    <ele>14.6</ele>
    <time>2025-08-16T02:43:34Z</time>
   </trkpt>
   <trkpt lat="25.0210010" lon="121.4241560">
    <ele>14.6</ele>
    <time>2025-08-16T02:43:35Z</time>
   </trkpt>
   <trkpt lat="25.0210050" lon="121.4241520">
    <ele>14.6</ele>
    <time>2025-08-16T02:43:36Z</time>
   </trkpt>
   <trkpt lat="25.0210080" lon="121.4241480">
    <ele>14.6</ele>
    <time>2025-08-16T02:43:37Z</time>
   </trkpt>
   <trkpt lat="25.0210090" lon="121.4241450">
    <ele>14.6</ele>
    <time>2025-08-16T02:43:38Z</time>
   </trkpt>
   <trkpt lat="25.0210100" lon="121.4241440">
    <ele>14.6</ele>
    <time>2025-08-16T02:43:39Z</time>
   </trkpt>
   <trkpt lat="25.0210100" lon="121.4241430">
    <ele>14.6</ele>
    <time>2025-08-16T02:43:40Z</time>
   </trkpt>
   <trkpt lat="25.0210020" lon="121.4241420">
    <ele>14.6</ele>
    <time>2025-08-16T02:43:41Z</time>
   </trkpt>
   <trkpt lat="25.0209970" lon="121.4241410">
    <ele>14.6</ele>
    <time>2025-08-16T02:43:42Z</time>
   </trkpt>
   <trkpt lat="25.0209940" lon="121.4241410">
    <ele>14.6</ele>
    <time>2025-08-16T02:43:43Z</time>
   </trkpt>
   <trkpt lat="25.0209920" lon="121.4241410">
    <ele>14.6</ele>
    <time>2025-08-16T02:43:44Z</time>
   </trkpt>
   <trkpt lat="25.0209910" lon="121.4241410">
    <ele>14.6</ele>
    <time>2025-08-16T02:43:45Z</time>
   </trkpt>
   <trkpt lat="25.0209890" lon="121.4241490">
    <ele>14.6</ele>
    <time>2025-08-16T02:43:46Z</time>
   </trkpt>
   <trkpt lat="25.0209880" lon="121.4241530">
    <ele>14.6</ele>
    <time>2025-08-16T02:43:47Z</time>
   </trkpt>
   <trkpt lat="25.0209870" lon="121.4241560">
    <ele>14.6</ele>
    <time>2025-08-16T02:43:48Z</time>
   </trkpt>
   <trkpt lat="25.0209830" lon="121.4241500">
    <ele>14.6</ele>
    <time>2025-08-16T02:43:49Z</time>
   </trkpt>
   <trkpt lat="25.0209820" lon="121.4241510">
    <ele>14.6</ele>
    <time>2025-08-16T02:43:50Z</time>
   </trkpt>
   <trkpt lat="25.0209780" lon="121.4241460">
    <ele>14.6</ele>
    <time>2025-08-16T02:43:51Z</time>
   </trkpt>
   <trkpt lat="25.0209770" lon="121.4241470">
    <ele>14.6</ele>
    <time>2025-08-16T02:43:52Z</time>
   </trkpt>
   <trkpt lat="25.0209760" lon="121.4241480">
    <ele>14.6</ele>
    <time>2025-08-16T02:43:53Z</time>
   </trkpt>
   <trkpt lat="25.0209740" lon="121.4241500">
    <ele>14.6</ele>
    <time>2025-08-16T02:43:54Z</time>
   </trkpt>
   <trkpt lat="25.0209740" lon="121.4241510">
    <ele>14.6</ele>
    <time>2025-08-16T02:43:55Z</time>
   </trkpt>
   <trkpt lat="25.0209870" lon="121.4241480">
    <ele>14.6</ele>
    <time>2025-08-16T02:43:56Z</time>
   </trkpt>
   <trkpt lat="25.0209910" lon="121.4241480">
    <ele>14.6</ele>
    <time>2025-08-16T02:43:57Z</time>
   </trkpt>
   <trkpt lat="25.0209920" lon="121.4241470">
    <ele>14.6</ele>
    <time>2025-08-16T02:43:58Z</time>
   </trkpt>
   <trkpt lat="25.0209910" lon="121.4241480">
    <ele>14.6</ele>
    <time>2025-08-16T02:43:59Z</time>
   </trkpt>
   <trkpt lat="25.0210050" lon="121.4241530">
    <ele>14.6</ele>
    <time>2025-08-16T02:44:00Z</time>
   </trkpt>
   <trkpt lat="25.0210150" lon="121.4241570">
    <ele>14.6</ele>
    <time>2025-08-16T02:44:01Z</time>
   </trkpt>
   <trkpt lat="25.0210220" lon="121.4241590">
    <ele>14.6</ele>
    <time>2025-08-16T02:44:02Z</time>
   </trkpt>
   <trkpt lat="25.0210250" lon="121.4241610">
    <ele>14.6</ele>
    <time>2025-08-16T02:44:03Z</time>
   </trkpt>
   <trkpt lat="25.0210280" lon="121.4241610">
    <ele>14.6</ele>
    <time>2025-08-16T02:44:04Z</time>
   </trkpt>
   <trkpt lat="25.0210290" lon="121.4241620">
    <ele>14.6</ele>
    <time>2025-08-16T02:44:05Z</time>
   </trkpt>
   <trkpt lat="25.0210190" lon="121.4241500">
    <ele>14.6</ele>
    <time>2025-08-16T02:44:06Z</time>
   </trkpt>
   <trkpt lat="25.0210120" lon="121.4241410">
    <ele>14.6</ele>
    <time>2025-08-16T02:44:07Z</time>
   </trkpt>
   <trkpt lat="25.0210080" lon="121.4241360">
    <ele>14.6</ele>
    <time>2025-08-16T02:44:08Z</time>
   </trkpt>
   <trkpt lat="25.0210060" lon="121.4241330">
    <ele>14.6</ele>
    <time>2025-08-16T02:44:09Z</time>
   </trkpt>
   <trkpt lat="25.0210050" lon="121.4241300">
    <ele>14.6</ele>
    <time>2025-08-16T02:44:10Z</time>
   </trkpt>
   <trkpt lat="25.0210040" lon="121.4241290">
    <ele>14.6</ele>
    <time>2025-08-16T02:44:11Z</time>
   </trkpt>
   <trkpt lat="25.0209950" lon="121.4241450">
    <ele>14.6</ele>
    <time>2025-08-16T02:44:12Z</time>
   </trkpt>
   <trkpt lat="25.0209900" lon="121.4241500">
    <ele>14.6</ele>
    <time>2025-08-16T02:44:13Z</time>
   </trkpt>
   <trkpt lat="25.0209860" lon="121.4241550">
    <ele>14.6</ele>
    <time>2025-08-16T02:44:14Z</time>
   </trkpt>
   <trkpt lat="25.0209820" lon="121.4241600">
    <ele>14.6</ele>
    <time>2025-08-16T02:44:15Z</time>
   </trkpt>
   <trkpt lat="25.0209770" lon="121.4241640">
    <ele>14.6</ele>
    <time>2025-08-16T02:44:16Z</time>
   </trkpt>
   <trkpt lat="25.0209730" lon="121.4241690">
    <ele>14.6</ele>
    <time>2025-08-16T02:44:17Z</time>
   </trkpt>
   <trkpt lat="25.0209680" lon="121.4241740">
    <ele>14.6</ele>
    <time>2025-08-16T02:44:18Z</time>
   </trkpt>
   <trkpt lat="25.0209640" lon="121.4241790">
    <ele>14.6</ele>
    <time>2025-08-16T02:44:19Z</time>
   </trkpt>
   <trkpt lat="25.0209430" lon="121.4242000">
    <ele>14.6</ele>
    <time>2025-08-16T02:44:20Z</time>
   </trkpt>
   <trkpt lat="25.0209290" lon="121.4242140">
    <ele>14.6</ele>
    <time>2025-08-16T02:44:21Z</time>
   </trkpt>
   <trkpt lat="25.0209200" lon="121.4242210">
    <ele>14.6</ele>
    <time>2025-08-16T02:44:22Z</time>
   </trkpt>
   <trkpt lat="25.0209160" lon="121.4242260">
    <ele>14.6</ele>
    <time>2025-08-16T02:44:23Z</time>
   </trkpt>
   <trkpt lat="25.0209130" lon="121.4242280">
    <ele>14.6</ele>
    <time>2025-08-16T02:44:24Z</time>
   </trkpt>
   <trkpt lat="25.0209080" lon="121.4242310">
    <ele>14.6</ele>
    <time>2025-08-16T02:44:25Z</time>
   </trkpt>
   <trkpt lat="25.0209020" lon="121.4242250">
    <ele>14.6</ele>
    <time>2025-08-16T02:44:26Z</time>
   </trkpt>
   <trkpt lat="25.0208910" lon="121.4242230">
    <ele>14.6</ele>
    <time>2025-08-16T02:44:27Z</time>
   </trkpt>
   <trkpt lat="25.0208820" lon="121.4242210">
    <ele>14.6</ele>
    <time>2025-08-16T02:44:28Z</time>
   </trkpt>
   <trkpt lat="25.0208750" lon="121.4242180">
    <ele>14.6</ele>
    <time>2025-08-16T02:44:29Z</time>
   </trkpt>
   <trkpt lat="25.0208690" lon="121.4242160">
    <ele>14.6</ele>
    <time>2025-08-16T02:44:30Z</time>
   </trkpt>
   <trkpt lat="25.0208650" lon="121.4242140">
    <ele>14.6</ele>
    <time>2025-08-16T02:44:31Z</time>
   </trkpt>
   <trkpt lat="25.0208640" lon="121.4242130">
    <ele>14.6</ele>
    <time>2025-08-16T02:44:32Z</time>
   </trkpt>
   <trkpt lat="25.0208640" lon="121.4242110">
    <ele>14.6</ele>
    <time>2025-08-16T02:44:33Z</time>
   </trkpt>
   <trkpt lat="25.0208660" lon="121.4242080">
    <ele>14.6</ele>
    <time>2025-08-16T02:44:34Z</time>
   </trkpt>
   <trkpt lat="25.0208730" lon="121.4242020">
    <ele>14.6</ele>
    <time>2025-08-16T02:44:35Z</time>
   </trkpt>
   <trkpt lat="25.0208800" lon="121.4241960">
    <ele>14.6</ele>
    <time>2025-08-16T02:44:36Z</time>
   </trkpt>
   <trkpt lat="25.0208830" lon="121.4241930">
    <ele>14.6</ele>
    <time>2025-08-16T02:44:37Z</time>
   </trkpt>
   <trkpt lat="25.0208940" lon="121.4241980">
    <ele>14.6</ele>
    <time>2025-08-16T02:44:38Z</time>
   </trkpt>
   <trkpt lat="25.0209170" lon="121.4241840">
    <ele>14.6</ele>
    <time>2025-08-16T02:44:39Z</time>
   </trkpt>
   <trkpt lat="25.0209290" lon="121.4241760">
    <ele>14.6</ele>
    <time>2025-08-16T02:44:40Z</time>
   </trkpt>
   <trkpt lat="25.0209410" lon="121.4241690">
    <ele>14.6</ele>
    <time>2025-08-16T02:44:41Z</time>
   </trkpt>
   <trkpt lat="25.0209490" lon="121.4241690">
    <ele>14.6</ele>
    <time>2025-08-16T02:44:43Z</time>
   </trkpt>
   <trkpt lat="25.0209480" lon="121.4241690">
    <ele>14.6</ele>
    <time>2025-08-16T02:44:44Z</time>
   </trkpt>
   <trkpt lat="25.0209480" lon="121.4241680">
    <ele>14.6</ele>
    <time>2025-08-16T02:44:45Z</time>
   </trkpt>
   <trkpt lat="25.0209460" lon="121.4241670">
    <ele>14.6</ele>
    <time>2025-08-16T02:44:46Z</time>
   </trkpt>
   <trkpt lat="25.0209620" lon="121.4241670">
    <ele>14.6</ele>
    <time>2025-08-16T02:44:48Z</time>
   </trkpt>
   <trkpt lat="25.0209620" lon="121.4241700">
    <ele>14.6</ele>
    <time>2025-08-16T02:44:50Z</time>
   </trkpt>
   <trkpt lat="25.0209610" lon="121.4241710">
    <ele>14.6</ele>
    <time>2025-08-16T02:44:51Z</time>
   </trkpt>
   <trkpt lat="25.0209730" lon="121.4241710">
    <ele>14.6</ele>
    <time>2025-08-16T02:44:52Z</time>
   </trkpt>
   <trkpt lat="25.0209750" lon="121.4241710">
    <ele>14.6</ele>
    <time>2025-08-16T02:44:53Z</time>
   </trkpt>
   <trkpt lat="25.0209750" lon="121.4241720">
    <ele>14.6</ele>
    <time>2025-08-16T02:44:54Z</time>
   </trkpt>
   <trkpt lat="25.0209740" lon="121.4241730">
    <ele>14.6</ele>
    <time>2025-08-16T02:44:55Z</time>
   </trkpt>
   <trkpt lat="25.0209740" lon="121.4241730">
    <ele>14.6</ele>
    <time>2025-08-16T02:44:56Z</time>
   </trkpt>
   <trkpt lat="25.0209780" lon="121.4241660">
    <ele>14.6</ele>
    <time>2025-08-16T02:44:57Z</time>
   </trkpt>
   <trkpt lat="25.0209790" lon="121.4241650">
    <ele>14.6</ele>
    <time>2025-08-16T02:44:58Z</time>
   </trkpt>
   <trkpt lat="25.0209800" lon="121.4241650">
    <ele>14.6</ele>
    <time>2025-08-16T02:44:59Z</time>
   </trkpt>
   <trkpt lat="25.0209800" lon="121.4241650">
    <ele>14.6</ele>
    <time>2025-08-16T02:45:00Z</time>
   </trkpt>
   <trkpt lat="25.0209800" lon="121.4241650">
    <ele>14.6</ele>
    <time>2025-08-16T02:45:01Z</time>
   </trkpt>
   <trkpt lat="25.0209880" lon="121.4241680">
    <ele>14.6</ele>
    <time>2025-08-16T02:45:02Z</time>
   </trkpt>
   <trkpt lat="25.0209880" lon="121.4241680">
    <ele>14.6</ele>
    <time>2025-08-16T02:45:03Z</time>
   </trkpt>
   <trkpt lat="25.0209880" lon="121.4241670">
    <ele>14.6</ele>
    <time>2025-08-16T02:45:04Z</time>
   </trkpt>
   <trkpt lat="25.0209880" lon="121.4241680">
    <ele>14.6</ele>
    <time>2025-08-16T02:45:05Z</time>
   </trkpt>
   <trkpt lat="25.0209880" lon="121.4241680">
    <ele>14.6</ele>
    <time>2025-08-16T02:45:06Z</time>
   </trkpt>
   <trkpt lat="25.0209950" lon="121.4241690">
    <ele>14.6</ele>
    <time>2025-08-16T02:45:07Z</time>
   </trkpt>
   <trkpt lat="25.0209960" lon="121.4241690">
    <ele>14.6</ele>
    <time>2025-08-16T02:45:08Z</time>
   </trkpt>
   <trkpt lat="25.0209950" lon="121.4241660">
    <ele>14.6</ele>
    <time>2025-08-16T02:45:09Z</time>
   </trkpt>
   <trkpt lat="25.0209960" lon="121.4241650">
    <ele>14.6</ele>
    <time>2025-08-16T02:45:11Z</time>
   </trkpt>
   <trkpt lat="25.0210030" lon="121.4241650">
    <ele>14.6</ele>
    <time>2025-08-16T02:45:12Z</time>
   </trkpt>
   <trkpt lat="25.0210040" lon="121.4241660">
    <ele>14.6</ele>
    <time>2025-08-16T02:45:13Z</time>
   </trkpt>
   <trkpt lat="25.0210040" lon="121.4241660">
    <ele>14.6</ele>
    <time>2025-08-16T02:45:14Z</time>
   </trkpt>
   <trkpt lat="25.0210040" lon="121.4241670">
    <ele>14.6</ele>
    <time>2025-08-16T02:45:15Z</time>
   </trkpt>
   <trkpt lat="25.0210030" lon="121.4241670">
    <ele>14.6</ele>
    <time>2025-08-16T02:45:16Z</time>
   </trkpt>
   <trkpt lat="25.0210110" lon="121.4241680">
    <ele>14.6</ele>
    <time>2025-08-16T02:45:17Z</time>
   </trkpt>
   <trkpt lat="25.0210100" lon="121.4241670">
    <ele>14.6</ele>
    <time>2025-08-16T02:45:18Z</time>
   </trkpt>
   <trkpt lat="25.0210090" lon="121.4241660">
    <ele>14.6</ele>
    <time>2025-08-16T02:45:19Z</time>
   </trkpt>
   <trkpt lat="25.0210070" lon="121.4241650">
    <ele>14.6</ele>
    <time>2025-08-16T02:45:20Z</time>
   </trkpt>
   <trkpt lat="25.0210050" lon="121.4241640">
    <ele>14.6</ele>
    <time>2025-08-16T02:45:21Z</time>
   </trkpt>
   <trkpt lat="25.0210060" lon="121.4241580">
    <ele>14.6</ele>
    <time>2025-08-16T02:45:22Z</time>
   </trkpt>
   <trkpt lat="25.0210060" lon="121.4241560">
    <ele>14.6</ele>
    <time>2025-08-16T02:45:23Z</time>
   </trkpt>
   <trkpt lat="25.0210060" lon="121.4241560">
    <ele>14.6</ele>
    <time>2025-08-16T02:45:24Z</time>
   </trkpt>
   <trkpt lat="25.0210070" lon="121.4241540">
    <ele>14.6</ele>
    <time>2025-08-16T02:45:25Z</time>
   </trkpt>
   <trkpt lat="25.0210030" lon="121.4241500">
    <ele>14.6</ele>
    <time>2025-08-16T02:45:26Z</time>
   </trkpt>
   <trkpt lat="25.0210020" lon="121.4241500">
    <ele>14.6</ele>
    <time>2025-08-16T02:45:27Z</time>
   </trkpt>
   <trkpt lat="25.0210010" lon="121.4241500">
    <ele>14.6</ele>
    <time>2025-08-16T02:45:29Z</time>
   </trkpt>
   <trkpt lat="25.0210010" lon="121.4241500">
    <ele>14.6</ele>
    <time>2025-08-16T02:45:30Z</time>
   </trkpt>
   <trkpt lat="25.0209990" lon="121.4241490">
    <ele>14.6</ele>
    <time>2025-08-16T02:45:31Z</time>
   </trkpt>
   <trkpt lat="25.0210010" lon="121.4241460">
    <ele>14.6</ele>
    <time>2025-08-16T02:45:32Z</time>
   </trkpt>
   <trkpt lat="25.0210010" lon="121.4241450">
    <ele>14.6</ele>
    <time>2025-08-16T02:45:33Z</time>
   </trkpt>
   <trkpt lat="25.0210010" lon="121.4241450">
    <ele>14.6</ele>
    <time>2025-08-16T02:45:34Z</time>
   </trkpt>
   <trkpt lat="25.0210010" lon="121.4241450">
    <ele>14.6</ele>
    <time>2025-08-16T02:45:35Z</time>
   </trkpt>
   <trkpt lat="25.0210010" lon="121.4241450">
    <ele>14.6</ele>
    <time>2025-08-16T02:45:36Z</time>
   </trkpt>
   <trkpt lat="25.0209990" lon="121.4241410">
    <ele>14.6</ele>
    <time>2025-08-16T02:45:37Z</time>
   </trkpt>
   <trkpt lat="25.0209980" lon="121.4241410">
    <ele>14.6</ele>
    <time>2025-08-16T02:45:38Z</time>
   </trkpt>
   <trkpt lat="25.0209980" lon="121.4241400">
    <ele>14.6</ele>
    <time>2025-08-16T02:45:39Z</time>
   </trkpt>
   <trkpt lat="25.0209970" lon="121.4241400">
    <ele>14.6</ele>
    <time>2025-08-16T02:45:40Z</time>
   </trkpt>
   <trkpt lat="25.0209970" lon="121.4241410">
    <ele>14.6</ele>
    <time>2025-08-16T02:45:41Z</time>
   </trkpt>
   <trkpt lat="25.0209930" lon="121.4241360">
    <ele>14.6</ele>
    <time>2025-08-16T02:45:42Z</time>
   </trkpt>
   <trkpt lat="25.0209890" lon="121.4241300">
    <ele>14.6</ele>
    <time>2025-08-16T02:45:43Z</time>
   </trkpt>
   <trkpt lat="25.0209860" lon="121.4241250">
    <ele>14.6</ele>
    <time>2025-08-16T02:45:44Z</time>
   </trkpt>
   <trkpt lat="25.0209820" lon="121.4241210">
    <ele>14.6</ele>
    <time>2025-08-16T02:45:45Z</time>
   </trkpt>
   <trkpt lat="25.0209790" lon="121.4241160">
    <ele>14.6</ele>
    <time>2025-08-16T02:45:46Z</time>
   </trkpt>
   <trkpt lat="25.0209750" lon="121.4241110">
    <ele>14.6</ele>
    <time>2025-08-16T02:45:47Z</time>
   </trkpt>
   <trkpt lat="25.0209710" lon="121.4241060">
    <ele>14.6</ele>
    <time>2025-08-16T02:45:48Z</time>
   </trkpt>
   <trkpt lat="25.0209680" lon="121.4241020">
    <ele>14.6</ele>
    <time>2025-08-16T02:45:49Z</time>
   </trkpt>
   <trkpt lat="25.0209640" lon="121.4240970">
    <ele>14.6</ele>
    <time>2025-08-16T02:45:50Z</time>
   </trkpt>
   <trkpt lat="25.0209550" lon="121.4240850">
    <ele>14.6</ele>
    <time>2025-08-16T02:45:51Z</time>
   </trkpt>
   <trkpt lat="25.0209510" lon="121.4240760">
    <ele>14.6</ele>
    <time>2025-08-16T02:45:52Z</time>
   </trkpt>
   <trkpt lat="25.0209510" lon="121.4240680">
    <ele>14.6</ele>
    <time>2025-08-16T02:45:53Z</time>
   </trkpt>
   <trkpt lat="25.0209620" lon="121.4240810">
    <ele>14.6</ele>
    <time>2025-08-16T02:45:54Z</time>
   </trkpt>
   <trkpt lat="25.0209730" lon="121.4241020">
    <ele>14.6</ele>
    <time>2025-08-16T02:45:55Z</time>
   </trkpt>
   <trkpt lat="25.0209830" lon="121.4241230">
    <ele>14.6</ele>
    <time>2025-08-16T02:45:56Z</time>
   </trkpt>
   <trkpt lat="25.0209840" lon="121.4241230">
    <ele>14.6</ele>
    <time>2025-08-16T02:45:57Z</time>
   </trkpt>
   <trkpt lat="25.0209820" lon="121.4241220">
    <ele>14.6</ele>
    <time>2025-08-16T02:45:58Z</time>
   </trkpt>
   <trkpt lat="25.0209810" lon="121.4241210">
    <ele>14.6</ele>
    <time>2025-08-16T02:45:59Z</time>
   </trkpt>
   <trkpt lat="25.0209790" lon="121.4241200">
    <ele>14.6</ele>
    <time>2025-08-16T02:46:00Z</time>
   </trkpt>
   <trkpt lat="25.0209770" lon="121.4241180">
    <ele>14.6</ele>
    <time>2025-08-16T02:46:01Z</time>
   </trkpt>
   <trkpt lat="25.0209750" lon="121.4241160">
    <ele>14.6</ele>
    <time>2025-08-16T02:46:02Z</time>
   </trkpt>
   <trkpt lat="25.0209730" lon="121.4241140">
    <ele>14.6</ele>
    <time>2025-08-16T02:46:03Z</time>
   </trkpt>
   <trkpt lat="25.0209640" lon="121.4241010">
    <ele>14.6</ele>
    <time>2025-08-16T02:46:04Z</time>
   </trkpt>
   <trkpt lat="25.0209620" lon="121.4241000">
    <ele>14.6</ele>
    <time>2025-08-16T02:46:05Z</time>
   </trkpt>
   <trkpt lat="25.0209600" lon="121.4240990">
    <ele>14.6</ele>
    <time>2025-08-16T02:46:06Z</time>
   </trkpt>
   <trkpt lat="25.0209580" lon="121.4240980">
    <ele>14.6</ele>
    <time>2025-08-16T02:46:07Z</time>
   </trkpt>
   <trkpt lat="25.0209550" lon="121.4240980">
    <ele>14.6</ele>
    <time>2025-08-16T02:46:08Z</time>
   </trkpt>
   <trkpt lat="25.0209520" lon="121.4240970">
    <ele>14.6</ele>
    <time>2025-08-16T02:46:09Z</time>
   </trkpt>
   <trkpt lat="25.0209490" lon="121.4240980">
    <ele>14.6</ele>
    <time>2025-08-16T02:46:10Z</time>
   </trkpt>
   <trkpt lat="25.0209380" lon="121.4241030">
    <ele>14.6</ele>
    <time>2025-08-16T02:46:11Z</time>
   </trkpt>
   <trkpt lat="25.0209320" lon="121.4241060">
    <ele>14.6</ele>
    <time>2025-08-16T02:46:12Z</time>
   </trkpt>
   <trkpt lat="25.0209220" lon="121.4241120">
    <ele>14.6</ele>
    <time>2025-08-16T02:46:13Z</time>
   </trkpt>
   <trkpt lat="25.0209170" lon="121.4241170">
    <ele>14.6</ele>
    <time>2025-08-16T02:46:14Z</time>
   </trkpt>
   <trkpt lat="25.0209120" lon="121.4241220">
    <ele>14.6</ele>
    <time>2025-08-16T02:46:15Z</time>
   </trkpt>
   <trkpt lat="25.0209060" lon="121.4241270">
    <ele>14.6</ele>
    <time>2025-08-16T02:46:16Z</time>
   </trkpt>
   <trkpt lat="25.0209010" lon="121.4241320">
    <ele>14.6</ele>
    <time>2025-08-16T02:46:17Z</time>
   </trkpt>
   <trkpt lat="25.0208960" lon="121.4241370">
    <ele>14.6</ele>
    <time>2025-08-16T02:46:18Z</time>
   </trkpt>
   <trkpt lat="25.0208910" lon="121.4241470">
    <ele>14.6</ele>
    <time>2025-08-16T02:46:19Z</time>
   </trkpt>
   <trkpt lat="25.0208870" lon="121.4241550">
    <ele>14.6</ele>
    <time>2025-08-16T02:46:20Z</time>
   </trkpt>
   <trkpt lat="25.0208840" lon="121.4241630">
    <ele>14.6</ele>
    <time>2025-08-16T02:46:21Z</time>
   </trkpt>
   <trkpt lat="25.0208800" lon="121.4241700">
    <ele>14.6</ele>
    <time>2025-08-16T02:46:22Z</time>
   </trkpt>
   <trkpt lat="25.0208760" lon="121.4241780">
    <ele>14.6</ele>
    <time>2025-08-16T02:46:23Z</time>
   </trkpt>
   <trkpt lat="25.0208720" lon="121.4241860">
    <ele>14.6</ele>
    <time>2025-08-16T02:46:24Z</time>
   </trkpt>
   <trkpt lat="25.0208630" lon="121.4241920">
    <ele>14.6</ele>
    <time>2025-08-16T02:46:25Z</time>
   </trkpt>
   <trkpt lat="25.0208560" lon="121.4241980">
    <ele>14.6</ele>
    <time>2025-08-16T02:46:26Z</time>
   </trkpt>
   <trkpt lat="25.0208540" lon="121.4241950">
    <ele>14.6</ele>
    <time>2025-08-16T02:46:27Z</time>
   </trkpt>
   <trkpt lat="25.0208580" lon="121.4241840">
    <ele>14.6</ele>
    <time>2025-08-16T02:46:28Z</time>
   </trkpt>
   <trkpt lat="25.0208610" lon="121.4241780">
    <ele>14.6</ele>
    <time>2025-08-16T02:46:29Z</time>
   </trkpt>
   <trkpt lat="25.0208620" lon="121.4241750">
    <ele>14.6</ele>
    <time>2025-08-16T02:46:30Z</time>
   </trkpt>
   <trkpt lat="25.0208540" lon="121.4242130">
    <ele>14.6</ele>
    <time>2025-08-16T02:46:31Z</time>
   </trkpt>
   <trkpt lat="25.0208540" lon="121.4242180">
    <ele>14.6</ele>
    <time>2025-08-16T02:46:32Z</time>
   </trkpt>
   <trkpt lat="25.0208530" lon="121.4242210">
    <ele>14.6</ele>
    <time>2025-08-16T02:46:33Z</time>
   </trkpt>
   <trkpt lat="25.0208520" lon="121.4242230">
    <ele>14.6</ele>
    <time>2025-08-16T02:46:34Z</time>
   </trkpt>
   <trkpt lat="25.0208510" lon="121.4242240">
    <ele>14.6</ele>
    <time>2025-08-16T02:46:35Z</time>
   </trkpt>
   <trkpt lat="25.0208510" lon="121.4242250">
    <ele>14.6</ele>
    <time>2025-08-16T02:46:36Z</time>
   </trkpt>
   <trkpt lat="25.0208500" lon="121.4242250">
    <ele>14.6</ele>
    <time>2025-08-16T02:46:37Z</time>
   </trkpt>
   <trkpt lat="25.0208510" lon="121.4242250">
    <ele>14.6</ele>
    <time>2025-08-16T02:46:38Z</time>
   </trkpt>
   <trkpt lat="25.0208500" lon="121.4242250">
    <ele>14.6</ele>
    <time>2025-08-16T02:46:40Z</time>
   </trkpt>
   <trkpt lat="25.0208490" lon="121.4242250">
    <ele>14.6</ele>
    <time>2025-08-16T02:46:41Z</time>
   </trkpt>
   <trkpt lat="25.0208490" lon="121.4242260">
    <ele>14.6</ele>
    <time>2025-08-16T02:46:42Z</time>
   </trkpt>
   <trkpt lat="25.0208490" lon="121.4242260">
    <ele>14.6</ele>
    <time>2025-08-16T02:46:43Z</time>
   </trkpt>
   <trkpt lat="25.0208490" lon="121.4242410">
    <ele>14.7</ele>
    <time>2025-08-16T02:46:44Z</time>
   </trkpt>
   <trkpt lat="25.0208490" lon="121.4242430">
    <ele>14.7</ele>
    <time>2025-08-16T02:46:45Z</time>
   </trkpt>
   <trkpt lat="25.0208440" lon="121.4242500">
    <ele>14.7</ele>
    <time>2025-08-16T02:46:47Z</time>
   </trkpt>
   <trkpt lat="25.0208400" lon="121.4242590">
    <ele>14.7</ele>
    <time>2025-08-16T02:46:48Z</time>
   </trkpt>
   <trkpt lat="25.0208370" lon="121.4242690">
    <ele>14.7</ele>
    <time>2025-08-16T02:46:49Z</time>
   </trkpt>
   <trkpt lat="25.0208330" lon="121.4242780">
    <ele>14.7</ele>
    <time>2025-08-16T02:46:50Z</time>
   </trkpt>
   <trkpt lat="25.0208300" lon="121.4242870">
    <ele>14.7</ele>
    <time>2025-08-16T02:46:51Z</time>
   </trkpt>
   <trkpt lat="25.0208250" lon="121.4243050">
    <ele>14.7</ele>
    <time>2025-08-16T02:46:52Z</time>
   </trkpt>
   <trkpt lat="25.0208220" lon="121.4243150">
    <ele>14.7</ele>
    <time>2025-08-16T02:46:53Z</time>
   </trkpt>
   <trkpt lat="25.0208200" lon="121.4243200">
    <ele>14.7</ele>
    <time>2025-08-16T02:46:54Z</time>
   </trkpt>
   <trkpt lat="25.0208250" lon="121.4243080">
    <ele>14.7</ele>
    <time>2025-08-16T02:46:55Z</time>
   </trkpt>
   <trkpt lat="25.0208300" lon="121.4242930">
    <ele>14.7</ele>
    <time>2025-08-16T02:46:56Z</time>
   </trkpt>
   <trkpt lat="25.0208350" lon="121.4242770">
    <ele>14.7</ele>
    <time>2025-08-16T02:46:57Z</time>
   </trkpt>
   <trkpt lat="25.0208400" lon="121.4242620">
    <ele>14.7</ele>
    <time>2025-08-16T02:46:58Z</time>
   </trkpt>
   <trkpt lat="25.0208380" lon="121.4242630">
    <ele>14.7</ele>
    <time>2025-08-16T02:46:59Z</time>
   </trkpt>
   <trkpt lat="25.0208370" lon="121.4242630">
    <ele>14.7</ele>
    <time>2025-08-16T02:47:00Z</time>
   </trkpt>
   <trkpt lat="25.0208360" lon="121.4242630">
    <ele>14.7</ele>
    <time>2025-08-16T02:47:01Z</time>
   </trkpt>
   <trkpt lat="25.0208370" lon="121.4242630">
    <ele>14.7</ele>
    <time>2025-08-16T02:47:02Z</time>
   </trkpt>
   <trkpt lat="25.0208370" lon="121.4242630">
    <ele>14.7</ele>
    <time>2025-08-16T02:47:03Z</time>
   </trkpt>
   <trkpt lat="25.0208370" lon="121.4242630">
    <ele>14.7</ele>
    <time>2025-08-16T02:47:04Z</time>
   </trkpt>
   <trkpt lat="25.0208360" lon="121.4242630">
    <ele>14.7</ele>
    <time>2025-08-16T02:47:05Z</time>
   </trkpt>
   <trkpt lat="25.0208340" lon="121.4242760">
    <ele>14.7</ele>
    <time>2025-08-16T02:47:06Z</time>
   </trkpt>
   <trkpt lat="25.0208340" lon="121.4242770">
    <ele>14.7</ele>
    <time>2025-08-16T02:47:07Z</time>
   </trkpt>
   <trkpt lat="25.0208330" lon="121.4242770">
    <ele>14.7</ele>
    <time>2025-08-16T02:47:08Z</time>
   </trkpt>
   <trkpt lat="25.0208330" lon="121.4242770">
    <ele>14.7</ele>
    <time>2025-08-16T02:47:09Z</time>
   </trkpt>
   <trkpt lat="25.0208340" lon="121.4242780">
    <ele>14.7</ele>
    <time>2025-08-16T02:47:10Z</time>
   </trkpt>
   <trkpt lat="25.0208330" lon="121.4242820">
    <ele>14.7</ele>
    <time>2025-08-16T02:47:12Z</time>
   </trkpt>
   <trkpt lat="25.0208320" lon="121.4242830">
    <ele>14.7</ele>
    <time>2025-08-16T02:47:13Z</time>
   </trkpt>
   <trkpt lat="25.0208310" lon="121.4242840">
    <ele>14.7</ele>
    <time>2025-08-16T02:47:14Z</time>
   </trkpt>
   <trkpt lat="25.0208290" lon="121.4242840">
    <ele>14.7</ele>
    <time>2025-08-16T02:47:15Z</time>
   </trkpt>
   <trkpt lat="25.0208280" lon="121.4242880">
    <ele>14.7</ele>
    <time>2025-08-16T02:47:16Z</time>
   </trkpt>
   <trkpt lat="25.0208260" lon="121.4242890">
    <ele>14.7</ele>
    <time>2025-08-16T02:47:17Z</time>
   </trkpt>
   <trkpt lat="25.0208240" lon="121.4242890">
    <ele>14.7</ele>
    <time>2025-08-16T02:47:18Z</time>
   </trkpt>
   <trkpt lat="25.0208220" lon="121.4242900">
    <ele>14.7</ele>
    <time>2025-08-16T02:47:19Z</time>
   </trkpt>
   <trkpt lat="25.0208200" lon="121.4242910">
    <ele>14.7</ele>
    <time>2025-08-16T02:47:20Z</time>
   </trkpt>
   <trkpt lat="25.0208180" lon="121.4242920">
    <ele>14.7</ele>
    <time>2025-08-16T02:47:21Z</time>
   </trkpt>
   <trkpt lat="25.0208160" lon="121.4242940">
    <ele>14.7</ele>
    <time>2025-08-16T02:47:22Z</time>
   </trkpt>
   <trkpt lat="25.0208150" lon="121.4243020">
    <ele>14.7</ele>
    <time>2025-08-16T02:47:23Z</time>
   </trkpt>
   <trkpt lat="25.0208140" lon="121.4243030">
    <ele>14.7</ele>
    <time>2025-08-16T02:47:24Z</time>
   </trkpt>
   <trkpt lat="25.0208140" lon="121.4243060">
    <ele>14.7</ele>
    <time>2025-08-16T02:47:25Z</time>
   </trkpt>
   <trkpt lat="25.0208130" lon="121.4243070">
    <ele>14.7</ele>
    <time>2025-08-16T02:47:26Z</time>
   </trkpt>
   <trkpt lat="25.0208110" lon="121.4243090">
    <ele>14.7</ele>
    <time>2025-08-16T02:47:27Z</time>
   </trkpt>
   <trkpt lat="25.0208100" lon="121.4243200">
    <ele>14.7</ele>
    <time>2025-08-16T02:47:28Z</time>
   </trkpt>
   <trkpt lat="25.0208100" lon="121.4243220">
    <ele>14.7</ele>
    <time>2025-08-16T02:47:29Z</time>
   </trkpt>
   <trkpt lat="25.0208100" lon="121.4243220">
    <ele>14.7</ele>
    <time>2025-08-16T02:47:30Z</time>
   </trkpt>
   <trkpt lat="25.0208100" lon="121.4243230">
    <ele>14.7</ele>
    <time>2025-08-16T02:47:31Z</time>
   </trkpt>
   <trkpt lat="25.0208100" lon="121.4243230">
    <ele>14.7</ele>
    <time>2025-08-16T02:47:32Z</time>
   </trkpt>
   <trkpt lat="25.0208090" lon="121.4243290">
    <ele>14.7</ele>
    <time>2025-08-16T02:47:33Z</time>
   </trkpt>
   <trkpt lat="25.0208100" lon="121.4243300">
    <ele>14.7</ele>
    <time>2025-08-16T02:47:34Z</time>
   </trkpt>
   <trkpt lat="25.0208100" lon="121.4243300">
    <ele>14.7</ele>
    <time>2025-08-16T02:47:35Z</time>
   </trkpt>
   <trkpt lat="25.0208100" lon="121.4243290">
    <ele>14.7</ele>
    <time>2025-08-16T02:47:36Z</time>
   </trkpt>
   <trkpt lat="25.0208100" lon="121.4243290">
    <ele>14.7</ele>
    <time>2025-08-16T02:47:37Z</time>
   </trkpt>
   <trkpt lat="25.0208080" lon="121.4243350">
    <ele>14.7</ele>
    <time>2025-08-16T02:47:38Z</time>
   </trkpt>
   <trkpt lat="25.0208080" lon="121.4243360">
    <ele>14.7</ele>
    <time>2025-08-16T02:47:39Z</time>
   </trkpt>
   <trkpt lat="25.0208080" lon="121.4243360">
    <ele>14.7</ele>
    <time>2025-08-16T02:47:41Z</time>
   </trkpt>
   <trkpt lat="25.0208070" lon="121.4243360">
    <ele>14.7</ele>
    <time>2025-08-16T02:47:42Z</time>
   </trkpt>
   <trkpt lat="25.0208080" lon="121.4243360">
    <ele>14.7</ele>
    <time>2025-08-16T02:47:43Z</time>
   </trkpt>
   <trkpt lat="25.0208080" lon="121.4243430">
    <ele>14.7</ele>
    <time>2025-08-16T02:47:45Z</time>
   </trkpt>
   <trkpt lat="25.0208080" lon="121.4243430">
    <ele>14.7</ele>
    <time>2025-08-16T02:47:46Z</time>
   </trkpt>
   <trkpt lat="25.0208040" lon="121.4243510">
    <ele>14.8</ele>
    <time>2025-08-16T02:47:47Z</time>
   </trkpt>
   <trkpt lat="25.0207970" lon="121.4243570">
    <ele>14.8</ele>
    <time>2025-08-16T02:47:48Z</time>
   </trkpt>
   <trkpt lat="25.0207930" lon="121.4243570">
    <ele>14.8</ele>
    <time>2025-08-16T02:47:49Z</time>
   </trkpt>
   <trkpt lat="25.0207880" lon="121.4243580">
    <ele>14.8</ele>
    <time>2025-08-16T02:47:50Z</time>
   </trkpt>
   <trkpt lat="25.0207840" lon="121.4243580">
    <ele>14.8</ele>
    <time>2025-08-16T02:47:51Z</time>
   </trkpt>
   <trkpt lat="25.0207800" lon="121.4243580">
    <ele>14.8</ele>
    <time>2025-08-16T02:47:52Z</time>
   </trkpt>
   <trkpt lat="25.0207760" lon="121.4243580">
    <ele>14.8</ele>
    <time>2025-08-16T02:47:53Z</time>
   </trkpt>
   <trkpt lat="25.0207720" lon="121.4243580">
    <ele>14.8</ele>
    <time>2025-08-16T02:47:54Z</time>
   </trkpt>
   <trkpt lat="25.0207670" lon="121.4243590">
    <ele>14.8</ele>
    <time>2025-08-16T02:47:55Z</time>
   </trkpt>
   <trkpt lat="25.0207630" lon="121.4243590">
    <ele>14.8</ele>
    <time>2025-08-16T02:47:56Z</time>
   </trkpt>
   <trkpt lat="25.0207590" lon="121.4243590">
    <ele>14.8</ele>
    <time>2025-08-16T02:47:57Z</time>
   </trkpt>
   <trkpt lat="25.0207430" lon="121.4243580">
    <ele>14.8</ele>
    <time>2025-08-16T02:47:58Z</time>
   </trkpt>
   <trkpt lat="25.0207280" lon="121.4243730">
    <ele>14.8</ele>
    <time>2025-08-16T02:47:59Z</time>
   </trkpt>
   <trkpt lat="25.0207090" lon="121.4244010">
    <ele>14.8</ele>
    <time>2025-08-16T02:48:00Z</time>
   </trkpt>
   <trkpt lat="25.0207030" lon="121.4244080">
    <ele>14.8</ele>
    <time>2025-08-16T02:48:01Z</time>
   </trkpt>
   <trkpt lat="25.0207200" lon="121.4244050">
    <ele>14.8</ele>
    <time>2025-08-16T02:48:02Z</time>
   </trkpt>
   <trkpt lat="25.0207300" lon="121.4244010">
    <ele>14.8</ele>
    <time>2025-08-16T02:48:03Z</time>
   </trkpt>
   <trkpt lat="25.0207400" lon="121.4243980">
    <ele>14.8</ele>
    <time>2025-08-16T02:48:04Z</time>
   </trkpt>
   <trkpt lat="25.0207490" lon="121.4243940">
    <ele>14.8</ele>
    <time>2025-08-16T02:48:05Z</time>
   </trkpt>
   <trkpt lat="25.0207590" lon="121.4243900">
    <ele>14.8</ele>
    <time>2025-08-16T02:48:06Z</time>
   </trkpt>
   <trkpt lat="25.0207690" lon="121.4243860">
    <ele>14.8</ele>
    <time>2025-08-16T02:48:07Z</time>
   </trkpt>
   <trkpt lat="25.0207690" lon="121.4243840">
    <ele>14.8</ele>
    <time>2025-08-16T02:48:08Z</time>
   </trkpt>
   <trkpt lat="25.0207680" lon="121.4243830">
    <ele>14.8</ele>
    <time>2025-08-16T02:48:09Z</time>
   </trkpt>
   <trkpt lat="25.0207650" lon="121.4243830">
    <ele>14.8</ele>
    <time>2025-08-16T02:48:10Z</time>
   </trkpt>
   <trkpt lat="25.0207640" lon="121.4243840">
    <ele>14.8</ele>
    <time>2025-08-16T02:48:11Z</time>
   </trkpt>
   <trkpt lat="25.0207710" lon="121.4243930">
    <ele>14.8</ele>
    <time>2025-08-16T02:48:12Z</time>
   </trkpt>
   <trkpt lat="25.0207720" lon="121.4243930">
    <ele>14.8</ele>
    <time>2025-08-16T02:48:13Z</time>
   </trkpt>
   <trkpt lat="25.0207720" lon="121.4243940">
    <ele>14.8</ele>
    <time>2025-08-16T02:48:14Z</time>
   </trkpt>
   <trkpt lat="25.0207720" lon="121.4243960">
    <ele>14.8</ele>
    <time>2025-08-16T02:48:15Z</time>
   </trkpt>
   <trkpt lat="25.0207730" lon="121.4243980">
    <ele>14.8</ele>
    <time>2025-08-16T02:48:16Z</time>
   </trkpt>
   <trkpt lat="25.0207680" lon="121.4244180">
    <ele>14.8</ele>
    <time>2025-08-16T02:48:17Z</time>
   </trkpt>
   <trkpt lat="25.0207680" lon="121.4244190">
    <ele>14.8</ele>
    <time>2025-08-16T02:48:18Z</time>
   </trkpt>
   <trkpt lat="25.0207660" lon="121.4244230">
    <ele>14.9</ele>
    <time>2025-08-16T02:48:19Z</time>
   </trkpt>
   <trkpt lat="25.0207670" lon="121.4244240">
    <ele>14.9</ele>
    <time>2025-08-16T02:48:20Z</time>
   </trkpt>
   <trkpt lat="25.0207690" lon="121.4244210">
    <ele>14.9</ele>
    <time>2025-08-16T02:48:21Z</time>
   </trkpt>
   <trkpt lat="25.0207660" lon="121.4244450">
    <ele>14.9</ele>
    <time>2025-08-16T02:48:22Z</time>
   </trkpt>
   <trkpt lat="25.0207610" lon="121.4244520">
    <ele>14.9</ele>
    <time>2025-08-16T02:48:23Z</time>
   </trkpt>
   <trkpt lat="25.0207580" lon="121.4244530">
    <ele>14.9</ele>
    <time>2025-08-16T02:48:24Z</time>
   </trkpt>
   <trkpt lat="25.0207540" lon="121.4244520">
    <ele>14.9</ele>
    <time>2025-08-16T02:48:25Z</time>
   </trkpt>
   <trkpt lat="25.0207650" lon="121.4244380">
    <ele>14.9</ele>
    <time>2025-08-16T02:48:26Z</time>
   </trkpt>
   <trkpt lat="25.0207720" lon="121.4244380">
    <ele>14.9</ele>
    <time>2025-08-16T02:48:27Z</time>
   </trkpt>
   <trkpt lat="25.0207720" lon="121.4244380">
    <ele>14.9</ele>
    <time>2025-08-16T02:48:28Z</time>
   </trkpt>
   <trkpt lat="25.0207720" lon="121.4244390">
    <ele>14.9</ele>
    <time>2025-08-16T02:48:29Z</time>
   </trkpt>
   <trkpt lat="25.0207710" lon="121.4244400">
    <ele>14.9</ele>
    <time>2025-08-16T02:48:30Z</time>
   </trkpt>
   <trkpt lat="25.0207700" lon="121.4244420">
    <ele>14.9</ele>
    <time>2025-08-16T02:48:31Z</time>
   </trkpt>
   <trkpt lat="25.0207690" lon="121.4244430">
    <ele>14.9</ele>
    <time>2025-08-16T02:48:32Z</time>
   </trkpt>
   <trkpt lat="25.0207650" lon="121.4244520">
    <ele>14.9</ele>
    <time>2025-08-16T02:48:33Z</time>
   </trkpt>
   <trkpt lat="25.0207640" lon="121.4244530">
    <ele>14.9</ele>
    <time>2025-08-16T02:48:34Z</time>
   </trkpt>
   <trkpt lat="25.0207650" lon="121.4244520">
    <ele>14.9</ele>
    <time>2025-08-16T02:48:35Z</time>
   </trkpt>
   <trkpt lat="25.0207650" lon="121.4244510">
    <ele>14.9</ele>
    <time>2025-08-16T02:48:36Z</time>
   </trkpt>
   <trkpt lat="25.0207610" lon="121.4244540">
    <ele>14.9</ele>
    <time>2025-08-16T02:48:37Z</time>
   </trkpt>
   <trkpt lat="25.0207610" lon="121.4244540">
    <ele>14.9</ele>
    <time>2025-08-16T02:48:38Z</time>
   </trkpt>
   <trkpt lat="25.0207600" lon="121.4244540">
    <ele>14.9</ele>
    <time>2025-08-16T02:48:39Z</time>
   </trkpt>
   <trkpt lat="25.0207610" lon="121.4244540">
    <ele>14.9</ele>
    <time>2025-08-16T02:48:40Z</time>
   </trkpt>
   <trkpt lat="25.0207630" lon="121.4244550">
    <ele>14.9</ele>
    <time>2025-08-16T02:48:41Z</time>
   </trkpt>
   <trkpt lat="25.0207630" lon="121.4244550">
    <ele>14.9</ele>
    <time>2025-08-16T02:48:42Z</time>
   </trkpt>
   <trkpt lat="25.0207610" lon="121.4244610">
    <ele>14.9</ele>
    <time>2025-08-16T02:48:43Z</time>
   </trkpt>
   <trkpt lat="25.0207610" lon="121.4244630">
    <ele>14.9</ele>
    <time>2025-08-16T02:48:44Z</time>
   </trkpt>
   <trkpt lat="25.0207610" lon="121.4244640">
    <ele>14.9</ele>
    <time>2025-08-16T02:48:45Z</time>
   </trkpt>
   <trkpt lat="25.0207620" lon="121.4244790">
    <ele>14.9</ele>
    <time>2025-08-16T02:48:46Z</time>
   </trkpt>
   <trkpt lat="25.0207640" lon="121.4244920">
    <ele>14.9</ele>
    <time>2025-08-16T02:48:47Z</time>
   </trkpt>
   <trkpt lat="25.0207650" lon="121.4245120">
    <ele>14.9</ele>
    <time>2025-08-16T02:48:48Z</time>
   </trkpt>
   <trkpt lat="25.0207650" lon="121.4245240">
    <ele>14.9</ele>
    <time>2025-08-16T02:48:49Z</time>
   </trkpt>
   <trkpt lat="25.0207660" lon="121.4245310">
    <ele>14.9</ele>
    <time>2025-08-16T02:48:50Z</time>
   </trkpt>
   <trkpt lat="25.0207670" lon="121.4245350">
    <ele>14.9</ele>
    <time>2025-08-16T02:48:51Z</time>
   </trkpt>
   <trkpt lat="25.0207670" lon="121.4245370">
    <ele>14.9</ele>
    <time>2025-08-16T02:48:52Z</time>
   </trkpt>
   <trkpt lat="25.0207670" lon="121.4245390">
    <ele>14.9</ele>
    <time>2025-08-16T02:48:53Z</time>
   </trkpt>
   <trkpt lat="25.0207670" lon="121.4245400">
    <ele>14.9</ele>
    <time>2025-08-16T02:48:54Z</time>
   </trkpt>
   <trkpt lat="25.0207660" lon="121.4245400">
    <ele>14.9</ele>
    <time>2025-08-16T02:48:55Z</time>
   </trkpt>
   <trkpt lat="25.0207660" lon="121.4245420">
    <ele>14.9</ele>
    <time>2025-08-16T02:48:56Z</time>
   </trkpt>
   <trkpt lat="25.0207660" lon="121.4244960">
    <ele>14.9</ele>
    <time>2025-08-16T02:48:57Z</time>
   </trkpt>
   <trkpt lat="25.0207760" lon="121.4244920">
    <ele>14.9</ele>
    <time>2025-08-16T02:48:58Z</time>
   </trkpt>
   <trkpt lat="25.0207770" lon="121.4244930">
    <ele>14.9</ele>
    <time>2025-08-16T02:48:59Z</time>
   </trkpt>
   <trkpt lat="25.0207780" lon="121.4244940">
    <ele>14.9</ele>
    <time>2025-08-16T02:49:00Z</time>
   </trkpt>
   <trkpt lat="25.0207790" lon="121.4245000">
    <ele>14.9</ele>
    <time>2025-08-16T02:49:01Z</time>
   </trkpt>
   <trkpt lat="25.0207800" lon="121.4245080">
    <ele>15.0</ele>
    <time>2025-08-16T02:49:02Z</time>
   </trkpt>
   <trkpt lat="25.0207780" lon="121.4245280">
    <ele>15.0</ele>
    <time>2025-08-16T02:49:03Z</time>
   </trkpt>
   <trkpt lat="25.0207780" lon="121.4245040">
    <ele>15.0</ele>
    <time>2025-08-16T02:49:04Z</time>
   </trkpt>
   <trkpt lat="25.0207780" lon="121.4245040">
    <ele>15.0</ele>
    <time>2025-08-16T02:49:05Z</time>
   </trkpt>
   <trkpt lat="25.0207790" lon="121.4245030">
    <ele>15.0</ele>
    <time>2025-08-16T02:49:06Z</time>
   </trkpt>
   <trkpt lat="25.0207800" lon="121.4245030">
    <ele>15.0</ele>
    <time>2025-08-16T02:49:07Z</time>
   </trkpt>
   <trkpt lat="25.0207760" lon="121.4245050">
    <ele>15.0</ele>
    <time>2025-08-16T02:49:09Z</time>
   </trkpt>
   <trkpt lat="25.0207750" lon="121.4245050">
    <ele>15.0</ele>
    <time>2025-08-16T02:49:10Z</time>
   </trkpt>
   <trkpt lat="25.0207760" lon="121.4245050">
    <ele>15.0</ele>
    <time>2025-08-16T02:49:12Z</time>
   </trkpt>
   <trkpt lat="25.0207720" lon="121.4245100">
    <ele>15.0</ele>
    <time>2025-08-16T02:49:13Z</time>
   </trkpt>
   <trkpt lat="25.0207730" lon="121.4245120">
    <ele>15.0</ele>
    <time>2025-08-16T02:49:14Z</time>
   </trkpt>
   <trkpt lat="25.0207730" lon="121.4245140">
    <ele>15.0</ele>
    <time>2025-08-16T02:49:15Z</time>
   </trkpt>
   <trkpt lat="25.0207730" lon="121.4245150">
    <ele>15.0</ele>
    <time>2025-08-16T02:49:16Z</time>
   </trkpt>
   <trkpt lat="25.0207740" lon="121.4245160">
    <ele>15.0</ele>
    <time>2025-08-16T02:49:17Z</time>
   </trkpt>
   <trkpt lat="25.0207700" lon="121.4245180">
    <ele>15.0</ele>
    <time>2025-08-16T02:49:18Z</time>
   </trkpt>
   <trkpt lat="25.0207700" lon="121.4245180">
    <ele>15.0</ele>
    <time>2025-08-16T02:49:19Z</time>
   </trkpt>
   <trkpt lat="25.0207720" lon="121.4245170">
    <ele>15.0</ele>
    <time>2025-08-16T02:49:20Z</time>
   </trkpt>
   <trkpt lat="25.0207760" lon="121.4245120">
    <ele>15.0</ele>
    <time>2025-08-16T02:49:21Z</time>
   </trkpt>
   <trkpt lat="25.0207770" lon="121.4245120">
    <ele>15.0</ele>
    <time>2025-08-16T02:49:22Z</time>
   </trkpt>
   <trkpt lat="25.0207740" lon="121.4245100">
    <ele>15.0</ele>
    <time>2025-08-16T02:49:23Z</time>
   </trkpt>
   <trkpt lat="25.0207740" lon="121.4245110">
    <ele>15.0</ele>
    <time>2025-08-16T02:49:24Z</time>
   </trkpt>
   <trkpt lat="25.0207740" lon="121.4245120">
    <ele>15.0</ele>
    <time>2025-08-16T02:49:25Z</time>
   </trkpt>
   <trkpt lat="25.0207740" lon="121.4245130">
    <ele>15.0</ele>
    <time>2025-08-16T02:49:26Z</time>
   </trkpt>
   <trkpt lat="25.0207740" lon="121.4245120">
    <ele>15.0</ele>
    <time>2025-08-16T02:49:27Z</time>
   </trkpt>
   <trkpt lat="25.0207740" lon="121.4245120">
    <ele>15.0</ele>
    <time>2025-08-16T02:49:28Z</time>
   </trkpt>
   <trkpt lat="25.0207710" lon="121.4245090">
    <ele>15.0</ele>
    <time>2025-08-16T02:49:29Z</time>
   </trkpt>
   <trkpt lat="25.0207710" lon="121.4245090">
    <ele>15.0</ele>
    <time>2025-08-16T02:49:30Z</time>
   </trkpt>
   <trkpt lat="25.0207700" lon="121.4245090">
    <ele>15.0</ele>
    <time>2025-08-16T02:49:31Z</time>
   </trkpt>
   <trkpt lat="25.0207710" lon="121.4245080">
    <ele>15.0</ele>
    <time>2025-08-16T02:49:32Z</time>
   </trkpt>
   <trkpt lat="25.0207700" lon="121.4245020">
    <ele>15.0</ele>
    <time>2025-08-16T02:49:33Z</time>
   </trkpt>
   <trkpt lat="25.0207710" lon="121.4245010">
    <ele>15.0</ele>
    <time>2025-08-16T02:49:34Z</time>
   </trkpt>
   <trkpt lat="25.0207710" lon="121.4245010">
    <ele>15.0</ele>
    <time>2025-08-16T02:49:35Z</time>
   </trkpt>
   <trkpt lat="25.0207710" lon="121.4245010">
    <ele>15.0</ele>
    <time>2025-08-16T02:49:36Z</time>
   </trkpt>
   <trkpt lat="25.0207720" lon="121.4245010">
    <ele>15.0</ele>
    <time>2025-08-16T02:49:37Z</time>
   </trkpt>
   <trkpt lat="25.0207720" lon="121.4245010">
    <ele>15.0</ele>
    <time>2025-08-16T02:49:38Z</time>
   </trkpt>
   <trkpt lat="25.0207710" lon="121.4245020">
    <ele>15.0</ele>
    <time>2025-08-16T02:49:39Z</time>
   </trkpt>
   <trkpt lat="25.0207710" lon="121.4245020">
    <ele>15.0</ele>
    <time>2025-08-16T02:49:40Z</time>
   </trkpt>
   <trkpt lat="25.0207690" lon="121.4244970">
    <ele>15.0</ele>
    <time>2025-08-16T02:49:41Z</time>
   </trkpt>
   <trkpt lat="25.0207660" lon="121.4244920">
    <ele>15.0</ele>
    <time>2025-08-16T02:49:42Z</time>
   </trkpt>
   <trkpt lat="25.0207640" lon="121.4244880">
    <ele>15.0</ele>
    <time>2025-08-16T02:49:43Z</time>
   </trkpt>
   <trkpt lat="25.0207650" lon="121.4244770">
    <ele>15.0</ele>
    <time>2025-08-16T02:49:44Z</time>
   </trkpt>
   <trkpt lat="25.0207650" lon="121.4244710">
    <ele>15.0</ele>
    <time>2025-08-16T02:49:45Z</time>
   </trkpt>
   <trkpt lat="25.0207660" lon="121.4244690">
    <ele>15.0</ele>
    <time>2025-08-16T02:49:46Z</time>
   </trkpt>
   <trkpt lat="25.0207670" lon="121.4244660">
    <ele>15.0</ele>
    <time>2025-08-16T02:49:47Z</time>
   </trkpt>
   <trkpt lat="25.0207670" lon="121.4244630">
    <ele>15.0</ele>
    <time>2025-08-16T02:49:48Z</time>
   </trkpt>
   <trkpt lat="25.0207670" lon="121.4244610">
    <ele>15.0</ele>
    <time>2025-08-16T02:49:49Z</time>
   </trkpt>
   <trkpt lat="25.0207670" lon="121.4244600">
    <ele>15.0</ele>
    <time>2025-08-16T02:49:50Z</time>
   </trkpt>
   <trkpt lat="25.0207660" lon="121.4244580">
    <ele>15.0</ele>
    <time>2025-08-16T02:49:51Z</time>
   </trkpt>
   <trkpt lat="25.0207660" lon="121.4244570">
    <ele>15.0</ele>
    <time>2025-08-16T02:49:52Z</time>
   </trkpt>
   <trkpt lat="25.0207660" lon="121.4244550">
    <ele>15.0</ele>
    <time>2025-08-16T02:49:53Z</time>
   </trkpt>
   <trkpt lat="25.0207660" lon="121.4244540">
    <ele>15.0</ele>
    <time>2025-08-16T02:49:54Z</time>
   </trkpt>
   <trkpt lat="25.0207660" lon="121.4244520">
    <ele>15.0</ele>
    <time>2025-08-16T02:49:55Z</time>
   </trkpt>
   <trkpt lat="25.0207660" lon="121.4244510">
    <ele>15.0</ele>
    <time>2025-08-16T02:49:56Z</time>
   </trkpt>
   <trkpt lat="25.0207660" lon="121.4244500">
    <ele>15.0</ele>
    <time>2025-08-16T02:49:57Z</time>
   </trkpt>
   <trkpt lat="25.0207650" lon="121.4244480">
    <ele>15.0</ele>
    <time>2025-08-16T02:49:58Z</time>
   </trkpt>
   <trkpt lat="25.0207650" lon="121.4244470">
    <ele>15.0</ele>
    <time>2025-08-16T02:49:59Z</time>
   </trkpt>
   <trkpt lat="25.0207650" lon="121.4244450">
    <ele>15.0</ele>
    <time>2025-08-16T02:50:00Z</time>
   </trkpt>
   <trkpt lat="25.0207650" lon="121.4244440">
    <ele>15.0</ele>
    <time>2025-08-16T02:50:01Z</time>
   </trkpt>
   <trkpt lat="25.0207650" lon="121.4244420">
    <ele>15.0</ele>
    <time>2025-08-16T02:50:02Z</time>
   </trkpt>
   <trkpt lat="25.0207650" lon="121.4244410">
    <ele>15.0</ele>
    <time>2025-08-16T02:50:03Z</time>
   </trkpt>
   <trkpt lat="25.0207650" lon="121.4244390">
    <ele>15.0</ele>
    <time>2025-08-16T02:50:05Z</time>
   </trkpt>
   <trkpt lat="25.0207650" lon="121.4244380">
    <ele>15.0</ele>
    <time>2025-08-16T02:50:06Z</time>
   </trkpt>
   <trkpt lat="25.0207640" lon="121.4244360">
    <ele>15.0</ele>
    <time>2025-08-16T02:50:07Z</time>
   </trkpt>
   <trkpt lat="25.0207640" lon="121.4244350">
    <ele>15.0</ele>
    <time>2025-08-16T02:50:08Z</time>
   </trkpt>
   <trkpt lat="25.0207640" lon="121.4244340">
    <ele>15.0</ele>
    <time>2025-08-16T02:50:10Z</time>
   </trkpt>
   <trkpt lat="25.0207640" lon="121.4244320">
    <ele>15.0</ele>
    <time>2025-08-16T02:50:11Z</time>
   </trkpt>
   <trkpt lat="25.0207640" lon="121.4244310">
    <ele>15.0</ele>
    <time>2025-08-16T02:50:12Z</time>
   </trkpt>
   <trkpt lat="25.0207640" lon="121.4244290">
    <ele>15.0</ele>
    <time>2025-08-16T02:50:13Z</time>
   </trkpt>
   <trkpt lat="25.0207640" lon="121.4244280">
    <ele>15.0</ele>
    <time>2025-08-16T02:50:14Z</time>
   </trkpt>
   <trkpt lat="25.0207630" lon="121.4244260">
    <ele>15.0</ele>
    <time>2025-08-16T02:50:15Z</time>
   </trkpt>
   <trkpt lat="25.0207630" lon="121.4244250">
    <ele>15.0</ele>
    <time>2025-08-16T02:50:16Z</time>
   </trkpt>
   <trkpt lat="25.0207630" lon="121.4244230">
    <ele>15.0</ele>
    <time>2025-08-16T02:50:17Z</time>
   </trkpt>
   <trkpt lat="25.0207630" lon="121.4244220">
    <ele>15.0</ele>
    <time>2025-08-16T02:50:18Z</time>
   </trkpt>
   <trkpt lat="25.0207870" lon="121.4243960">
    <ele>15.0</ele>
    <time>2025-08-16T02:50:19Z</time>
   </trkpt>
   <trkpt lat="25.0207930" lon="121.4243890">
    <ele>15.0</ele>
    <time>2025-08-16T02:50:20Z</time>
   </trkpt>
   <trkpt lat="25.0208030" lon="121.4243790">
    <ele>15.0</ele>
    <time>2025-08-16T02:50:21Z</time>
   </trkpt>
   <trkpt lat="25.0208120" lon="121.4243710">
    <ele>15.0</ele>
    <time>2025-08-16T02:50:22Z</time>
   </trkpt>
   <trkpt lat="25.0208220" lon="121.4243680">
    <ele>15.0</ele>
    <time>2025-08-16T02:50:23Z</time>
   </trkpt>
   <trkpt lat="25.0208350" lon="121.4243480">
    <ele>15.0</ele>
    <time>2025-08-16T02:50:24Z</time>
   </trkpt>
   <trkpt lat="25.0208420" lon="121.4243430">
    <ele>15.0</ele>
    <time>2025-08-16T02:50:25Z</time>
   </trkpt>
   <trkpt lat="25.0208480" lon="121.4243390">
    <ele>14.9</ele>
    <time>2025-08-16T02:50:26Z</time>
   </trkpt>
   <trkpt lat="25.0208590" lon="121.4243240">
    <ele>14.9</ele>
    <time>2025-08-16T02:50:27Z</time>
   </trkpt>
   <trkpt lat="25.0208600" lon="121.4243110">
    <ele>14.9</ele>
    <time>2025-08-16T02:50:28Z</time>
   </trkpt>
   <trkpt lat="25.0208600" lon="121.4242990">
    <ele>14.9</ele>
    <time>2025-08-16T02:50:29Z</time>
   </trkpt>
   <trkpt lat="25.0208670" lon="121.4242890">
    <ele>14.9</ele>
    <time>2025-08-16T02:50:30Z</time>
   </trkpt>
   <trkpt lat="25.0208730" lon="121.4242800">
    <ele>14.9</ele>
    <time>2025-08-16T02:50:31Z</time>
   </trkpt>
   <trkpt lat="25.0208730" lon="121.4242760">
    <ele>14.9</ele>
    <time>2025-08-16T02:50:32Z</time>
   </trkpt>
   <trkpt lat="25.0208630" lon="121.4242810">
    <ele>14.9</ele>
    <time>2025-08-16T02:50:33Z</time>
   </trkpt>
   <trkpt lat="25.0208520" lon="121.4242890">
    <ele>14.9</ele>
    <time>2025-08-16T02:50:34Z</time>
   </trkpt>
   <trkpt lat="25.0208520" lon="121.4242900">
    <ele>14.9</ele>
    <time>2025-08-16T02:50:35Z</time>
   </trkpt>
   <trkpt lat="25.0208510" lon="121.4242900">
    <ele>14.9</ele>
    <time>2025-08-16T02:50:36Z</time>
   </trkpt>
   <trkpt lat="25.0208510" lon="121.4242890">
    <ele>14.9</ele>
    <time>2025-08-16T02:50:38Z</time>
   </trkpt>
   <trkpt lat="25.0208510" lon="121.4242890">
    <ele>14.9</ele>
    <time>2025-08-16T02:50:39Z</time>
   </trkpt>
   <trkpt lat="25.0208480" lon="121.4242950">
    <ele>14.9</ele>
    <time>2025-08-16T02:50:40Z</time>
   </trkpt>
   <trkpt lat="25.0208480" lon="121.4242940">
    <ele>14.9</ele>
    <time>2025-08-16T02:50:42Z</time>
   </trkpt>
   <trkpt lat="25.0208480" lon="121.4242940">
    <ele>14.9</ele>
    <time>2025-08-16T02:50:44Z</time>
   </trkpt>
   <trkpt lat="25.0208490" lon="121.4242940">
    <ele>14.9</ele>
    <time>2025-08-16T02:50:45Z</time>
   </trkpt>
   <trkpt lat="25.0208490" lon="121.4242940">
    <ele>14.9</ele>
    <time>2025-08-16T02:50:46Z</time>
   </trkpt>
   <trkpt lat="25.0208440" lon="121.4242970">
    <ele>14.9</ele>
    <time>2025-08-16T02:50:47Z</time>
   </trkpt>
   <trkpt lat="25.0208430" lon="121.4242980">
    <ele>14.9</ele>
    <time>2025-08-16T02:50:48Z</time>
   </trkpt>
   <trkpt lat="25.0208440" lon="121.4242980">
    <ele>14.9</ele>
    <time>2025-08-16T02:50:49Z</time>
   </trkpt>
   <trkpt lat="25.0208390" lon="121.4243010">
    <ele>14.9</ele>
    <time>2025-08-16T02:50:50Z</time>
   </trkpt>
   <trkpt lat="25.0208340" lon="121.4243040">
    <ele>14.9</ele>
    <time>2025-08-16T02:50:51Z</time>
   </trkpt>
   <trkpt lat="25.0208390" lon="121.4243060">
    <ele>14.9</ele>
    <time>2025-08-16T02:50:52Z</time>
   </trkpt>
   <trkpt lat="25.0208420" lon="121.4243080">
    <ele>14.9</ele>
    <time>2025-08-16T02:50:53Z</time>
   </trkpt>
   <trkpt lat="25.0208440" lon="121.4243090">
    <ele>14.9</ele>
    <time>2025-08-16T02:50:54Z</time>
   </trkpt>
   <trkpt lat="25.0208450" lon="121.4243090">
    <ele>14.9</ele>
    <time>2025-08-16T02:50:55Z</time>
   </trkpt>
   <trkpt lat="25.0208460" lon="121.4243090">
    <ele>14.9</ele>
    <time>2025-08-16T02:50:56Z</time>
   </trkpt>
   <trkpt lat="25.0208460" lon="121.4243040">
    <ele>14.9</ele>
    <time>2025-08-16T02:50:57Z</time>
   </trkpt>
   <trkpt lat="25.0208440" lon="121.4243010">
    <ele>14.8</ele>
    <time>2025-08-16T02:50:58Z</time>
   </trkpt>
   <trkpt lat="25.0208430" lon="121.4242990">
    <ele>14.8</ele>
    <time>2025-08-16T02:50:59Z</time>
   </trkpt>
   <trkpt lat="25.0208430" lon="121.4242980">
    <ele>14.8</ele>
    <time>2025-08-16T02:51:00Z</time>
   </trkpt>
   <trkpt lat="25.0208430" lon="121.4242960">
    <ele>14.8</ele>
    <time>2025-08-16T02:51:01Z</time>
   </trkpt>
   <trkpt lat="25.0208410" lon="121.4242940">
    <ele>14.8</ele>
    <time>2025-08-16T02:51:02Z</time>
   </trkpt>
   <trkpt lat="25.0208420" lon="121.4242870">
    <ele>14.8</ele>
    <time>2025-08-16T02:51:03Z</time>
   </trkpt>
   <trkpt lat="25.0208420" lon="121.4242840">
    <ele>14.8</ele>
    <time>2025-08-16T02:51:04Z</time>
   </trkpt>
   <trkpt lat="25.0208410" lon="121.4242840">
    <ele>14.8</ele>
    <time>2025-08-16T02:51:05Z</time>
   </trkpt>
   <trkpt lat="25.0208380" lon="121.4242850">
    <ele>14.8</ele>
    <time>2025-08-16T02:51:06Z</time>
   </trkpt>
   <trkpt lat="25.0208350" lon="121.4242860">
    <ele>14.8</ele>
    <time>2025-08-16T02:51:07Z</time>
   </trkpt>
   <trkpt lat="25.0208500" lon="121.4242470">
    <ele>14.8</ele>
    <time>2025-08-16T02:51:08Z</time>
   </trkpt>
   <trkpt lat="25.0208540" lon="121.4242320">
    <ele>14.8</ele>
    <time>2025-08-16T02:51:09Z</time>
   </trkpt>
   <trkpt lat="25.0208410" lon="121.4242580">
    <ele>14.8</ele>
    <time>2025-08-16T02:51:10Z</time>
   </trkpt>
   <trkpt lat="25.0208370" lon="121.4242650">
    <ele>14.8</ele>
    <time>2025-08-16T02:51:11Z</time>
   </trkpt>
   <trkpt lat="25.0208360" lon="121.4242670">
    <ele>14.8</ele>
    <time>2025-08-16T02:51:12Z</time>
   </trkpt>
   <trkpt lat="25.0208360" lon="121.4242650">
    <ele>14.8</ele>
    <time>2025-08-16T02:51:13Z</time>
   </trkpt>
   <trkpt lat="25.0208380" lon="121.4242640">
    <ele>14.8</ele>
    <time>2025-08-16T02:51:14Z</time>
   </trkpt>
   <trkpt lat="25.0208360" lon="121.4242810">
    <ele>14.8</ele>
    <time>2025-08-16T02:51:16Z</time>
   </trkpt>
   <trkpt lat="25.0208370" lon="121.4242780">
    <ele>14.8</ele>
    <time>2025-08-16T02:51:17Z</time>
   </trkpt>
   <trkpt lat="25.0208380" lon="121.4242770">
    <ele>14.8</ele>
    <time>2025-08-16T02:51:18Z</time>
   </trkpt>
   <trkpt lat="25.0208400" lon="121.4242770">
    <ele>14.8</ele>
    <time>2025-08-16T02:51:19Z</time>
   </trkpt>
   <trkpt lat="25.0208450" lon="121.4242730">
    <ele>14.8</ele>
    <time>2025-08-16T02:51:20Z</time>
   </trkpt>
   <trkpt lat="25.0208440" lon="121.4242630">
    <ele>14.7</ele>
    <time>2025-08-16T02:51:21Z</time>
   </trkpt>
   <trkpt lat="25.0208490" lon="121.4242590">
    <ele>14.7</ele>
    <time>2025-08-16T02:51:22Z</time>
   </trkpt>
   <trkpt lat="25.0208600" lon="121.4242520">
    <ele>14.7</ele>
    <time>2025-08-16T02:51:23Z</time>
   </trkpt>
   <trkpt lat="25.0208740" lon="121.4242400">
    <ele>14.7</ele>
    <time>2025-08-16T02:51:24Z</time>
   </trkpt>
   <trkpt lat="25.0208840" lon="121.4242260">
    <ele>14.7</ele>
    <time>2025-08-16T02:51:25Z</time>
   </trkpt>
   <trkpt lat="25.0208880" lon="121.4241770">
    <ele>14.7</ele>
    <time>2025-08-16T02:51:26Z</time>
   </trkpt>
   <trkpt lat="25.0208930" lon="121.4241610">
    <ele>14.7</ele>
    <time>2025-08-16T02:51:27Z</time>
   </trkpt>
   <trkpt lat="25.0209010" lon="121.4241440">
    <ele>14.7</ele>
    <time>2025-08-16T02:51:28Z</time>
   </trkpt>
   <trkpt lat="25.0209100" lon="121.4241280">
    <ele>14.6</ele>
    <time>2025-08-16T02:51:29Z</time>
   </trkpt>
   <trkpt lat="25.0209170" lon="121.4241150">
    <ele>14.6</ele>
    <time>2025-08-16T02:51:30Z</time>
   </trkpt>
   <trkpt lat="25.0209370" lon="121.4240870">
    <ele>14.6</ele>
    <time>2025-08-16T02:51:31Z</time>
   </trkpt>
   <trkpt lat="25.0209500" lon="121.4240690">
    <ele>14.6</ele>
    <time>2025-08-16T02:51:32Z</time>
   </trkpt>
   <trkpt lat="25.0209570" lon="121.4240550">
    <ele>14.6</ele>
    <time>2025-08-16T02:51:33Z</time>
   </trkpt>
   <trkpt lat="25.0209630" lon="121.4240420">
    <ele>14.6</ele>
    <time>2025-08-16T02:51:34Z</time>
   </trkpt>
   <trkpt lat="25.0209650" lon="121.4240320">
    <ele>14.6</ele>
    <time>2025-08-16T02:51:35Z</time>
   </trkpt>
   <trkpt lat="25.0209660" lon="121.4240230">
    <ele>14.6</ele>
    <time>2025-08-16T02:51:36Z</time>
   </trkpt>
   <trkpt lat="25.0209650" lon="121.4240110">
    <ele>14.6</ele>
    <time>2025-08-16T02:51:37Z</time>
   </trkpt>
   <trkpt lat="25.0209620" lon="121.4240080">
    <ele>14.6</ele>
    <time>2025-08-16T02:51:38Z</time>
   </trkpt>
   <trkpt lat="25.0209570" lon="121.4239990">
    <ele>14.6</ele>
    <time>2025-08-16T02:51:39Z</time>
   </trkpt>
   <trkpt lat="25.0209520" lon="121.4239940">
    <ele>14.6</ele>
    <time>2025-08-16T02:51:40Z</time>
   </trkpt>
   <trkpt lat="25.0209490" lon="121.4239880">
    <ele>14.6</ele>
    <time>2025-08-16T02:51:41Z</time>
   </trkpt>
   <trkpt lat="25.0209460" lon="121.4239800">
    <ele>14.6</ele>
    <time>2025-08-16T02:51:42Z</time>
   </trkpt>
   <trkpt lat="25.0209420" lon="121.4239660">
    <ele>14.6</ele>
    <time>2025-08-16T02:51:43Z</time>
   </trkpt>
   <trkpt lat="25.0209230" lon="121.4239540">
    <ele>14.6</ele>
    <time>2025-08-16T02:51:44Z</time>
   </trkpt>
   <trkpt lat="25.0209160" lon="121.4239390">
    <ele>14.6</ele>
    <time>2025-08-16T02:51:45Z</time>
   </trkpt>
   <trkpt lat="25.0209080" lon="121.4239340">
    <ele>14.6</ele>
    <time>2025-08-16T02:51:46Z</time>
   </trkpt>
   <trkpt lat="25.0209060" lon="121.4239470">
    <ele>14.6</ele>
    <time>2025-08-16T02:51:47Z</time>
   </trkpt>
   <trkpt lat="25.0209050" lon="121.4239610">
    <ele>14.6</ele>
    <time>2025-08-16T02:51:48Z</time>
   </trkpt>
   <trkpt lat="25.0209030" lon="121.4239740">
    <ele>14.6</ele>
    <time>2025-08-16T02:51:49Z</time>
   </trkpt>
   <trkpt lat="25.0209020" lon="121.4239870">
    <ele>14.6</ele>
    <time>2025-08-16T02:51:50Z</time>
   </trkpt>
   <trkpt lat="25.0209020" lon="121.4239910">
    <ele>14.6</ele>
    <time>2025-08-16T02:51:51Z</time>
   </trkpt>
   <trkpt lat="25.0209020" lon="121.4239900">
    <ele>14.6</ele>
    <time>2025-08-16T02:51:52Z</time>
   </trkpt>
   <trkpt lat="25.0209020" lon="121.4239850">
    <ele>14.6</ele>
    <time>2025-08-16T02:51:53Z</time>
   </trkpt>
   <trkpt lat="25.0209000" lon="121.4239670">
    <ele>14.6</ele>
    <time>2025-08-16T02:51:54Z</time>
   </trkpt>
   <trkpt lat="25.0208980" lon="121.4239590">
    <ele>14.6</ele>
    <time>2025-08-16T02:51:55Z</time>
   </trkpt>
   <trkpt lat="25.0208950" lon="121.4239500">
    <ele>14.6</ele>
    <time>2025-08-16T02:51:56Z</time>
   </trkpt>
   <trkpt lat="25.0208920" lon="121.4239430">
    <ele>14.6</ele>
    <time>2025-08-16T02:51:57Z</time>
   </trkpt>
   <trkpt lat="25.0208880" lon="121.4239390">
    <ele>14.6</ele>
    <time>2025-08-16T02:51:58Z</time>
   </trkpt>
   <trkpt lat="25.0208850" lon="121.4239330">
    <ele>14.6</ele>
    <time>2025-08-16T02:51:59Z</time>
   </trkpt>
   <trkpt lat="25.0208810" lon="121.4239230">
    <ele>14.6</ele>
    <time>2025-08-16T02:52:00Z</time>
   </trkpt>
   <trkpt lat="25.0208790" lon="121.4239190">
    <ele>14.6</ele>
    <time>2025-08-16T02:52:01Z</time>
   </trkpt>
   <trkpt lat="25.0208740" lon="121.4239110">
    <ele>14.6</ele>
    <time>2025-08-16T02:52:02Z</time>
   </trkpt>
   <trkpt lat="25.0208640" lon="121.4239040">
    <ele>14.6</ele>
    <time>2025-08-16T02:52:03Z</time>
   </trkpt>
   <trkpt lat="25.0208560" lon="121.4239000">
    <ele>14.6</ele>
    <time>2025-08-16T02:52:04Z</time>
   </trkpt>
   <trkpt lat="25.0208460" lon="121.4238940">
    <ele>14.6</ele>
    <time>2025-08-16T02:52:05Z</time>
   </trkpt>
   <trkpt lat="25.0208440" lon="121.4238870">
    <ele>14.6</ele>
    <time>2025-08-16T02:52:06Z</time>
   </trkpt>
   <trkpt lat="25.0208370" lon="121.4238750">
    <ele>14.6</ele>
    <time>2025-08-16T02:52:07Z</time>
   </trkpt>
   <trkpt lat="25.0208160" lon="121.4238630">
    <ele>14.6</ele>
    <time>2025-08-16T02:52:08Z</time>
   </trkpt>
   <trkpt lat="25.0207990" lon="121.4238570">
    <ele>14.6</ele>
    <time>2025-08-16T02:52:09Z</time>
   </trkpt>
   <trkpt lat="25.0207820" lon="121.4238500">
    <ele>14.6</ele>
    <time>2025-08-16T02:52:10Z</time>
   </trkpt>
   <trkpt lat="25.0207200" lon="121.4238250">
    <ele>14.6</ele>
    <time>2025-08-16T02:52:11Z</time>
   </trkpt>
   <trkpt lat="25.0207020" lon="121.4238120">
    <ele>14.6</ele>
    <time>2025-08-16T02:52:12Z</time>
   </trkpt>
   <trkpt lat="25.0207020" lon="121.4238070">
    <ele>14.6</ele>
    <time>2025-08-16T02:52:13Z</time>
   </trkpt>
   <trkpt lat="25.0206990" lon="121.4238210">
    <ele>14.6</ele>
    <time>2025-08-16T02:52:14Z</time>
   </trkpt>
   <trkpt lat="25.0207000" lon="121.4238250">
    <ele>14.6</ele>
    <time>2025-08-16T02:52:15Z</time>
   </trkpt>
   <trkpt lat="25.0207020" lon="121.4238270">
    <ele>14.6</ele>
    <time>2025-08-16T02:52:16Z</time>
   </trkpt>
   <trkpt lat="25.0207010" lon="121.4238280">
    <ele>14.6</ele>
    <time>2025-08-16T02:52:17Z</time>
   </trkpt>
   <trkpt lat="25.0207010" lon="121.4238280">
    <ele>14.6</ele>
    <time>2025-08-16T02:52:18Z</time>
   </trkpt>
   <trkpt lat="25.0207020" lon="121.4238290">
    <ele>14.6</ele>
    <time>2025-08-16T02:52:19Z</time>
   </trkpt>
   <trkpt lat="25.0207050" lon="121.4238370">
    <ele>14.6</ele>
    <time>2025-08-16T02:52:20Z</time>
   </trkpt>
   <trkpt lat="25.0207050" lon="121.4238400">
    <ele>14.6</ele>
    <time>2025-08-16T02:52:21Z</time>
   </trkpt>
   <trkpt lat="25.0207060" lon="121.4238400">
    <ele>14.6</ele>
    <time>2025-08-16T02:52:23Z</time>
   </trkpt>
   <trkpt lat="25.0207060" lon="121.4238400">
    <ele>14.6</ele>
    <time>2025-08-16T02:52:24Z</time>
   </trkpt>
   <trkpt lat="25.0207060" lon="121.4238410">
    <ele>14.6</ele>
    <time>2025-08-16T02:52:25Z</time>
   </trkpt>
   <trkpt lat="25.0207060" lon="121.4238410">
    <ele>14.6</ele>
    <time>2025-08-16T02:52:26Z</time>
   </trkpt>
   <trkpt lat="25.0206900" lon="121.4238450">
    <ele>14.6</ele>
    <time>2025-08-16T02:52:27Z</time>
   </trkpt>
   <trkpt lat="25.0206890" lon="121.4238450">
    <ele>14.6</ele>
    <time>2025-08-16T02:52:28Z</time>
   </trkpt>
   <trkpt lat="25.0206880" lon="121.4238450">
    <ele>14.6</ele>
    <time>2025-08-16T02:52:30Z</time>
   </trkpt>
   <trkpt lat="25.0206880" lon="121.4238450">
    <ele>14.6</ele>
    <time>2025-08-16T02:52:31Z</time>
   </trkpt>
   <trkpt lat="25.0206880" lon="121.4238440">
    <ele>14.6</ele>
    <time>2025-08-16T02:52:32Z</time>
   </trkpt>
   <trkpt lat="25.0206880" lon="121.4238440">
    <ele>14.6</ele>
    <time>2025-08-16T02:52:33Z</time>
   </trkpt>
   <trkpt lat="25.0206830" lon="121.4238510">
    <ele>14.6</ele>
    <time>2025-08-16T02:52:34Z</time>
   </trkpt>
   <trkpt lat="25.0206830" lon="121.4238510">
    <ele>14.6</ele>
    <time>2025-08-16T02:52:35Z</time>
   </trkpt>
   <trkpt lat="25.0206840" lon="121.4238510">
    <ele>14.6</ele>
    <time>2025-08-16T02:52:36Z</time>
   </trkpt>
   <trkpt lat="25.0206840" lon="121.4238520">
    <ele>14.6</ele>
    <time>2025-08-16T02:52:38Z</time>
   </trkpt>
   <trkpt lat="25.0206700" lon="121.4238790">
    <ele>14.6</ele>
    <time>2025-08-16T02:52:39Z</time>
   </trkpt>
   <trkpt lat="25.0206520" lon="121.4239070">
    <ele>14.6</ele>
    <time>2025-08-16T02:52:40Z</time>
   </trkpt>
   <trkpt lat="25.0206450" lon="121.4239130">
    <ele>14.6</ele>
    <time>2025-08-16T02:52:41Z</time>
   </trkpt>
   <trkpt lat="25.0206360" lon="121.4239210">
    <ele>14.6</ele>
    <time>2025-08-16T02:52:42Z</time>
   </trkpt>
   <trkpt lat="25.0206310" lon="121.4239250">
    <ele>14.6</ele>
    <time>2025-08-16T02:52:43Z</time>
   </trkpt>
   <trkpt lat="25.0206290" lon="121.4239280">
    <ele>14.6</ele>
    <time>2025-08-16T02:52:44Z</time>
   </trkpt>
   <trkpt lat="25.0206270" lon="121.4239290">
    <ele>14.6</ele>
    <time>2025-08-16T02:52:45Z</time>
   </trkpt>
   <trkpt lat="25.0206260" lon="121.4239290">
    <ele>14.6</ele>
    <time>2025-08-16T02:52:46Z</time>
   </trkpt>
   <trkpt lat="25.0206180" lon="121.4239180">
    <ele>14.5</ele>
    <time>2025-08-16T02:52:47Z</time>
   </trkpt>
   <trkpt lat="25.0206150" lon="121.4239090">
    <ele>14.5</ele>
    <time>2025-08-16T02:52:48Z</time>
   </trkpt>
   <trkpt lat="25.0206160" lon="121.4239060">
    <ele>14.5</ele>
    <time>2025-08-16T02:52:49Z</time>
   </trkpt>
   <trkpt lat="25.0206180" lon="121.4239040">
    <ele>14.5</ele>
    <time>2025-08-16T02:52:50Z</time>
   </trkpt>
   <trkpt lat="25.0206200" lon="121.4239010">
    <ele>14.5</ele>
    <time>2025-08-16T02:52:51Z</time>
   </trkpt>
   <trkpt lat="25.0206210" lon="121.4238980">
    <ele>14.5</ele>
    <time>2025-08-16T02:52:52Z</time>
   </trkpt>
   <trkpt lat="25.0206230" lon="121.4238950">
    <ele>14.5</ele>
    <time>2025-08-16T02:52:53Z</time>
   </trkpt>
   <trkpt lat="25.0206250" lon="121.4238930">
    <ele>14.5</ele>
    <time>2025-08-16T02:52:54Z</time>
   </trkpt>
   <trkpt lat="25.0206270" lon="121.4238900">
    <ele>14.5</ele>
    <time>2025-08-16T02:52:55Z</time>
   </trkpt>
   <trkpt lat="25.0206280" lon="121.4238870">
    <ele>14.5</ele>
    <time>2025-08-16T02:52:56Z</time>
   </trkpt>
   <trkpt lat="25.0206300" lon="121.4238840">
    <ele>14.5</ele>
    <time>2025-08-16T02:52:57Z</time>
   </trkpt>
   <trkpt lat="25.0206320" lon="121.4238820">
    <ele>14.5</ele>
    <time>2025-08-16T02:52:58Z</time>
   </trkpt>
   <trkpt lat="25.0206330" lon="121.4238790">
    <ele>14.5</ele>
    <time>2025-08-16T02:52:59Z</time>
   </trkpt>
   <trkpt lat="25.0206350" lon="121.4238760">
    <ele>14.5</ele>
    <time>2025-08-16T02:53:00Z</time>
   </trkpt>
   <trkpt lat="25.0206380" lon="121.4238560">
    <ele>14.5</ele>
    <time>2025-08-16T02:53:01Z</time>
   </trkpt>
   <trkpt lat="25.0206400" lon="121.4238460">
    <ele>14.5</ele>
    <time>2025-08-16T02:53:02Z</time>
   </trkpt>
   <trkpt lat="25.0206270" lon="121.4238820">
    <ele>14.5</ele>
    <time>2025-08-16T02:53:03Z</time>
   </trkpt>
   <trkpt lat="25.0206230" lon="121.4238920">
    <ele>14.5</ele>
    <time>2025-08-16T02:53:04Z</time>
   </trkpt>
   <trkpt lat="25.0206180" lon="121.4239050">
    <ele>14.5</ele>
    <time>2025-08-16T02:53:05Z</time>
   </trkpt>
   <trkpt lat="25.0206150" lon="121.4239130">
    <ele>14.5</ele>
    <time>2025-08-16T02:53:06Z</time>
   </trkpt>
   <trkpt lat="25.0206140" lon="121.4239180">
    <ele>14.5</ele>
    <time>2025-08-16T02:53:07Z</time>
   </trkpt>
   <trkpt lat="25.0206130" lon="121.4239210">
    <ele>14.5</ele>
    <time>2025-08-16T02:53:08Z</time>
   </trkpt>
   <trkpt lat="25.0206130" lon="121.4239220">
    <ele>14.5</ele>
    <time>2025-08-16T02:53:09Z</time>
   </trkpt>
   <trkpt lat="25.0206190" lon="121.4239230">
    <ele>14.5</ele>
    <time>2025-08-16T02:53:10Z</time>
   </trkpt>
   <trkpt lat="25.0206210" lon="121.4239250">
    <ele>14.5</ele>
    <time>2025-08-16T02:53:11Z</time>
   </trkpt>
   <trkpt lat="25.0206240" lon="121.4239170">
    <ele>14.5</ele>
    <time>2025-08-16T02:53:12Z</time>
   </trkpt>
   <trkpt lat="25.0206300" lon="121.4239030">
    <ele>14.5</ele>
    <time>2025-08-16T02:53:13Z</time>
   </trkpt>
   <trkpt lat="25.0206310" lon="121.4238990">
    <ele>14.5</ele>
    <time>2025-08-16T02:53:14Z</time>
   </trkpt>
   <trkpt lat="25.0206310" lon="121.4238960">
    <ele>14.5</ele>
    <time>2025-08-16T02:53:15Z</time>
   </trkpt>
   <trkpt lat="25.0206310" lon="121.4238930">
    <ele>14.5</ele>
    <time>2025-08-16T02:53:16Z</time>
   </trkpt>
   <trkpt lat="25.0206460" lon="121.4239150">
    <ele>14.5</ele>
    <time>2025-08-16T02:53:17Z</time>
   </trkpt>
   <trkpt lat="25.0206500" lon="121.4239180">
    <ele>14.5</ele>
    <time>2025-08-16T02:53:18Z</time>
   </trkpt>
   <trkpt lat="25.0206520" lon="121.4239200">
    <ele>14.5</ele>
    <time>2025-08-16T02:53:19Z</time>
   </trkpt>
   <trkpt lat="25.0206530" lon="121.4239210">
    <ele>14.5</ele>
    <time>2025-08-16T02:53:20Z</time>
   </trkpt>
   <trkpt lat="25.0206500" lon="121.4239270">
    <ele>14.5</ele>
    <time>2025-08-16T02:53:22Z</time>
   </trkpt>
   <trkpt lat="25.0206510" lon="121.4239270">
    <ele>14.5</ele>
    <time>2025-08-16T02:53:24Z</time>
   </trkpt>
   <trkpt lat="25.0206510" lon="121.4239270">
    <ele>14.5</ele>
    <time>2025-08-16T02:53:25Z</time>
   </trkpt>
   <trkpt lat="25.0206510" lon="121.4239270">
    <ele>14.5</ele>
    <time>2025-08-16T02:53:26Z</time>
   </trkpt>
   <trkpt lat="25.0206340" lon="121.4239150">
    <ele>14.5</ele>
    <time>2025-08-16T02:53:27Z</time>
   </trkpt>
   <trkpt lat="25.0206310" lon="121.4239130">
    <ele>14.5</ele>
    <time>2025-08-16T02:53:28Z</time>
   </trkpt>
   <trkpt lat="25.0206310" lon="121.4239110">
    <ele>14.5</ele>
    <time>2025-08-16T02:53:29Z</time>
   </trkpt>
   <trkpt lat="25.0206290" lon="121.4239080">
    <ele>14.5</ele>
    <time>2025-08-16T02:53:30Z</time>
   </trkpt>
   <trkpt lat="25.0206280" lon="121.4239060">
    <ele>14.5</ele>
    <time>2025-08-16T02:53:31Z</time>
   </trkpt>
   <trkpt lat="25.0206150" lon="121.4238830">
    <ele>14.5</ele>
    <time>2025-08-16T02:53:32Z</time>
   </trkpt>
   <trkpt lat="25.0206020" lon="121.4238620">
    <ele>14.5</ele>
    <time>2025-08-16T02:53:33Z</time>
   </trkpt>
   <trkpt lat="25.0206000" lon="121.4238580">
    <ele>14.5</ele>
    <time>2025-08-16T02:53:34Z</time>
   </trkpt>
   <trkpt lat="25.0206000" lon="121.4238550">
    <ele>14.5</ele>
    <time>2025-08-16T02:53:35Z</time>
   </trkpt>
   <trkpt lat="25.0205990" lon="121.4238520">
    <ele>14.5</ele>
    <time>2025-08-16T02:53:36Z</time>
   </trkpt>
   <trkpt lat="25.0205990" lon="121.4238480">
    <ele>14.5</ele>
    <time>2025-08-16T02:53:37Z</time>
   </trkpt>
   <trkpt lat="25.0205820" lon="121.4238450">
    <ele>14.5</ele>
    <time>2025-08-16T02:53:38Z</time>
   </trkpt>
   <trkpt lat="25.0205860" lon="121.4238440">
    <ele>14.5</ele>
    <time>2025-08-16T02:53:39Z</time>
   </trkpt>
   <trkpt lat="25.0205880" lon="121.4238440">
    <ele>14.5</ele>
    <time>2025-08-16T02:53:40Z</time>
   </trkpt>
   <trkpt lat="25.0205890" lon="121.4238440">
    <ele>14.5</ele>
    <time>2025-08-16T02:53:41Z</time>
   </trkpt>
   <trkpt lat="25.0205890" lon="121.4238440">
    <ele>14.5</ele>
    <time>2025-08-16T02:53:42Z</time>
   </trkpt>
   <trkpt lat="25.0205780" lon="121.4238450">
    <ele>14.5</ele>
    <time>2025-08-16T02:53:43Z</time>
   </trkpt>
   <trkpt lat="25.0205770" lon="121.4238440">
    <ele>14.5</ele>
    <time>2025-08-16T02:53:44Z</time>
   </trkpt>
   <trkpt lat="25.0205760" lon="121.4238430">
    <ele>14.5</ele>
    <time>2025-08-16T02:53:45Z</time>
   </trkpt>
   <trkpt lat="25.0205760" lon="121.4238430">
    <ele>14.5</ele>
    <time>2025-08-16T02:53:46Z</time>
   </trkpt>
   <trkpt lat="25.0205770" lon="121.4238430">
    <ele>14.5</ele>
    <time>2025-08-16T02:53:47Z</time>
   </trkpt>
   <trkpt lat="25.0205700" lon="121.4238430">
    <ele>14.5</ele>
    <time>2025-08-16T02:53:48Z</time>
   </trkpt>
   <trkpt lat="25.0205720" lon="121.4238420">
    <ele>14.5</ele>
    <time>2025-08-16T02:53:49Z</time>
   </trkpt>
   <trkpt lat="25.0205720" lon="121.4238410">
    <ele>14.5</ele>
    <time>2025-08-16T02:53:50Z</time>
   </trkpt>
   <trkpt lat="25.0205720" lon="121.4238410">
    <ele>14.5</ele>
    <time>2025-08-16T02:53:52Z</time>
   </trkpt>
   <trkpt lat="25.0205720" lon="121.4238410">
    <ele>14.5</ele>
    <time>2025-08-16T02:53:53Z</time>
   </trkpt>
   <trkpt lat="25.0205730" lon="121.4238420">
    <ele>14.5</ele>
    <time>2025-08-16T02:53:54Z</time>
   </trkpt>
   <trkpt lat="25.0205710" lon="121.4238440">
    <ele>14.5</ele>
    <time>2025-08-16T02:53:55Z</time>
   </trkpt>
   <trkpt lat="25.0205580" lon="121.4238450">
    <ele>14.5</ele>
    <time>2025-08-16T02:53:56Z</time>
   </trkpt>
   <trkpt lat="25.0205450" lon="121.4238450">
    <ele>14.5</ele>
    <time>2025-08-16T02:53:57Z</time>
   </trkpt>
   <trkpt lat="25.0205250" lon="121.4238420">
    <ele>14.5</ele>
    <time>2025-08-16T02:53:58Z</time>
   </trkpt>
   <trkpt lat="25.0205150" lon="121.4238380">
    <ele>14.5</ele>
    <time>2025-08-16T02:53:59Z</time>
   </trkpt>
   <trkpt lat="25.0205040" lon="121.4238350">
    <ele>14.5</ele>
    <time>2025-08-16T02:54:00Z</time>
   </trkpt>
   <trkpt lat="25.0204940" lon="121.4238320">
    <ele>14.5</ele>
    <time>2025-08-16T02:54:01Z</time>
   </trkpt>
   <trkpt lat="25.0204800" lon="121.4238250">
    <ele>14.5</ele>
    <time>2025-08-16T02:54:02Z</time>
   </trkpt>
   <trkpt lat="25.0204720" lon="121.4238220">
    <ele>14.5</ele>
    <time>2025-08-16T02:54:03Z</time>
   </trkpt>
   <trkpt lat="25.0204680" lon="121.4238200">
    <ele>14.5</ele>
    <time>2025-08-16T02:54:04Z</time>
   </trkpt>
   <trkpt lat="25.0204670" lon="121.4238180">
    <ele>14.5</ele>
    <time>2025-08-16T02:54:05Z</time>
   </trkpt>
   <trkpt lat="25.0204790" lon="121.4238350">
    <ele>14.5</ele>
    <time>2025-08-16T02:54:06Z</time>
   </trkpt>
   <trkpt lat="25.0204880" lon="121.4238450">
    <ele>14.5</ele>
    <time>2025-08-16T02:54:07Z</time>
   </trkpt>
   <trkpt lat="25.0204940" lon="121.4238510">
    <ele>14.5</ele>
    <time>2025-08-16T02:54:08Z</time>
   </trkpt>
   <trkpt lat="25.0204970" lon="121.4238540">
    <ele>14.5</ele>
    <time>2025-08-16T02:54:09Z</time>
   </trkpt>
   <trkpt lat="25.0204990" lon="121.4238560">
    <ele>14.5</ele>
    <time>2025-08-16T02:54:10Z</time>
   </trkpt>
   <trkpt lat="25.0205000" lon="121.4238560">
    <ele>14.5</ele>
    <time>2025-08-16T02:54:11Z</time>
   </trkpt>
   <trkpt lat="25.0205010" lon="121.4238530">
    <ele>14.5</ele>
    <time>2025-08-16T02:54:12Z</time>
   </trkpt>
   <trkpt lat="25.0204820" lon="121.4238340">
    <ele>14.5</ele>
    <time>2025-08-16T02:54:13Z</time>
   </trkpt>
   <trkpt lat="25.0204720" lon="121.4238250">
    <ele>14.5</ele>
    <time>2025-08-16T02:54:14Z</time>
   </trkpt>
   <trkpt lat="25.0204660" lon="121.4238200">
    <ele>14.5</ele>
    <time>2025-08-16T02:54:15Z</time>
   </trkpt>
   <trkpt lat="25.0204630" lon="121.4238170">
    <ele>14.5</ele>
    <time>2025-08-16T02:54:16Z</time>
   </trkpt>
   <trkpt lat="25.0204610" lon="121.4238160">
    <ele>14.5</ele>
    <time>2025-08-16T02:54:17Z</time>
   </trkpt>
   <trkpt lat="25.0204590" lon="121.4238150">
    <ele>14.5</ele>
    <time>2025-08-16T02:54:18Z</time>
   </trkpt>
   <trkpt lat="25.0204620" lon="121.4238220">
    <ele>14.5</ele>
    <time>2025-08-16T02:54:19Z</time>
   </trkpt>
   <trkpt lat="25.0204640" lon="121.4238260">
    <ele>14.5</ele>
    <time>2025-08-16T02:54:20Z</time>
   </trkpt>
   <trkpt lat="25.0204650" lon="121.4238290">
    <ele>14.5</ele>
    <time>2025-08-16T02:54:21Z</time>
   </trkpt>
   <trkpt lat="25.0204650" lon="121.4238310">
    <ele>14.5</ele>
    <time>2025-08-16T02:54:22Z</time>
   </trkpt>
   <trkpt lat="25.0204650" lon="121.4238320">
    <ele>14.5</ele>
    <time>2025-08-16T02:54:23Z</time>
   </trkpt>
   <trkpt lat="25.0204650" lon="121.4238330">
    <ele>14.5</ele>
    <time>2025-08-16T02:54:24Z</time>
   </trkpt>
   <trkpt lat="25.0204730" lon="121.4238450">
    <ele>14.5</ele>
    <time>2025-08-16T02:54:25Z</time>
   </trkpt>
   <trkpt lat="25.0204760" lon="121.4238520">
    <ele>14.5</ele>
    <time>2025-08-16T02:54:26Z</time>
   </trkpt>
   <trkpt lat="25.0204780" lon="121.4238550">
    <ele>14.5</ele>
    <time>2025-08-16T02:54:27Z</time>
   </trkpt>
   <trkpt lat="25.0204790" lon="121.4238560">
    <ele>14.5</ele>
    <time>2025-08-16T02:54:28Z</time>
   </trkpt>
   <trkpt lat="25.0204790" lon="121.4238570">
    <ele>14.5</ele>
    <time>2025-08-16T02:54:29Z</time>
   </trkpt>
   <trkpt lat="25.0204820" lon="121.4238570">
    <ele>14.5</ele>
    <time>2025-08-16T02:54:30Z</time>
   </trkpt>
   <trkpt lat="25.0204830" lon="121.4238570">
    <ele>14.5</ele>
    <time>2025-08-16T02:54:31Z</time>
   </trkpt>
   <trkpt lat="25.0204840" lon="121.4238570">
    <ele>14.5</ele>
    <time>2025-08-16T02:54:32Z</time>
   </trkpt>
   <trkpt lat="25.0204840" lon="121.4238580">
    <ele>14.5</ele>
    <time>2025-08-16T02:54:33Z</time>
   </trkpt>
   <trkpt lat="25.0204840" lon="121.4238570">
    <ele>14.5</ele>
    <time>2025-08-16T02:54:34Z</time>
   </trkpt>
   <trkpt lat="25.0204750" lon="121.4238440">
    <ele>14.5</ele>
    <time>2025-08-16T02:54:35Z</time>
   </trkpt>
   <trkpt lat="25.0204690" lon="121.4238350">
    <ele>14.5</ele>
    <time>2025-08-16T02:54:36Z</time>
   </trkpt>
   <trkpt lat="25.0204660" lon="121.4238300">
    <ele>14.5</ele>
    <time>2025-08-16T02:54:37Z</time>
   </trkpt>
   <trkpt lat="25.0204640" lon="121.4238270">
    <ele>14.5</ele>
    <time>2025-08-16T02:54:38Z</time>
   </trkpt>
   <trkpt lat="25.0204620" lon="121.4238250">
    <ele>14.5</ele>
    <time>2025-08-16T02:54:39Z</time>
   </trkpt>
   <trkpt lat="25.0204640" lon="121.4238170">
    <ele>14.5</ele>
    <time>2025-08-16T02:54:40Z</time>
   </trkpt>
   <trkpt lat="25.0204660" lon="121.4238090">
    <ele>14.5</ele>
    <time>2025-08-16T02:54:41Z</time>
   </trkpt>
   <trkpt lat="25.0204690" lon="121.4238020">
    <ele>14.5</ele>
    <time>2025-08-16T02:54:42Z</time>
   </trkpt>
   <trkpt lat="25.0204710" lon="121.4237940">
    <ele>14.5</ele>
    <time>2025-08-16T02:54:43Z</time>
   </trkpt>
   <trkpt lat="25.0204730" lon="121.4237870">
    <ele>14.5</ele>
    <time>2025-08-16T02:54:44Z</time>
   </trkpt>
   <trkpt lat="25.0204750" lon="121.4237800">
    <ele>14.5</ele>
    <time>2025-08-16T02:54:45Z</time>
   </trkpt>
   <trkpt lat="25.0204780" lon="121.4237720">
    <ele>14.5</ele>
    <time>2025-08-16T02:54:46Z</time>
   </trkpt>
   <trkpt lat="25.0204800" lon="121.4237650">
    <ele>14.5</ele>
    <time>2025-08-16T02:54:47Z</time>
   </trkpt>
   <trkpt lat="25.0204820" lon="121.4237580">
    <ele>14.5</ele>
    <time>2025-08-16T02:54:48Z</time>
   </trkpt>
   <trkpt lat="25.0204840" lon="121.4237500">
    <ele>14.5</ele>
    <time>2025-08-16T02:54:49Z</time>
   </trkpt>
   <trkpt lat="25.0204870" lon="121.4237430">
    <ele>14.5</ele>
    <time>2025-08-16T02:54:50Z</time>
   </trkpt>
   <trkpt lat="25.0204890" lon="121.4237350">
    <ele>14.5</ele>
    <time>2025-08-16T02:54:51Z</time>
   </trkpt>
   <trkpt lat="25.0204910" lon="121.4237280">
    <ele>14.5</ele>
    <time>2025-08-16T02:54:52Z</time>
   </trkpt>
   <trkpt lat="25.0204960" lon="121.4237230">
    <ele>14.5</ele>
    <time>2025-08-16T02:54:53Z</time>
   </trkpt>
   <trkpt lat="25.0204980" lon="121.4237210">
    <ele>14.5</ele>
    <time>2025-08-16T02:54:54Z</time>
   </trkpt>
   <trkpt lat="25.0205000" lon="121.4237120">
    <ele>14.5</ele>
    <time>2025-08-16T02:54:55Z</time>
   </trkpt>
   <trkpt lat="25.0205070" lon="121.4237030">
    <ele>14.5</ele>
    <time>2025-08-16T02:54:56Z</time>
   </trkpt>
   <trkpt lat="25.0205060" lon="121.4236760">
    <ele>14.5</ele>
    <time>2025-08-16T02:54:57Z</time>
   </trkpt>
   <trkpt lat="25.0205040" lon="121.4236670">
    <ele>14.5</ele>
    <time>2025-08-16T02:54:58Z</time>
   </trkpt>
   <trkpt lat="25.0205030" lon="121.4236570">
    <ele>14.5</ele>
    <time>2025-08-16T02:54:59Z</time>
   </trkpt>
   <trkpt lat="25.0204800" lon="121.4236480">
    <ele>14.5</ele>
    <time>2025-08-16T02:55:00Z</time>
   </trkpt>
   <trkpt lat="25.0204640" lon="121.4236460">
    <ele>14.5</ele>
    <time>2025-08-16T02:55:01Z</time>
   </trkpt>
   <trkpt lat="25.0204290" lon="121.4236490">
    <ele>14.5</ele>
    <time>2025-08-16T02:55:02Z</time>
   </trkpt>
   <trkpt lat="25.0204180" lon="121.4236430">
    <ele>14.5</ele>
    <time>2025-08-16T02:55:03Z</time>
   </trkpt>
   <trkpt lat="25.0203950" lon="121.4236390">
    <ele>14.5</ele>
    <time>2025-08-16T02:55:04Z</time>
   </trkpt>
   <trkpt lat="25.0203850" lon="121.4236420">
    <ele>14.5</ele>
    <time>2025-08-16T02:55:05Z</time>
   </trkpt>
   <trkpt lat="25.0203750" lon="121.4236440">
    <ele>14.5</ele>
    <time>2025-08-16T02:55:06Z</time>
   </trkpt>
   <trkpt lat="25.0203530" lon="121.4236630">
    <ele>14.5</ele>
    <time>2025-08-16T02:55:07Z</time>
   </trkpt>
   <trkpt lat="25.0203340" lon="121.4236920">
    <ele>14.5</ele>
    <time>2025-08-16T02:55:08Z</time>
   </trkpt>
   <trkpt lat="25.0203320" lon="121.4236990">
    <ele>14.5</ele>
    <time>2025-08-16T02:55:09Z</time>
   </trkpt>
   <trkpt lat="25.0203250" lon="121.4237290">
    <ele>14.5</ele>
    <time>2025-08-16T02:55:10Z</time>
   </trkpt>
   <trkpt lat="25.0203230" lon="121.4237390">
    <ele>14.5</ele>
    <time>2025-08-16T02:55:11Z</time>
   </trkpt>
   <trkpt lat="25.0203930" lon="121.4237860">
    <ele>14.5</ele>
    <time>2025-08-16T02:55:12Z</time>
   </trkpt>
   <trkpt lat="25.0203870" lon="121.4237980">
    <ele>14.4</ele>
    <time>2025-08-16T02:55:13Z</time>
   </trkpt>
   <trkpt lat="25.0203770" lon="121.4238070">
    <ele>14.4</ele>
    <time>2025-08-16T02:55:14Z</time>
   </trkpt>
   <trkpt lat="25.0203680" lon="121.4238160">
    <ele>14.4</ele>
    <time>2025-08-16T02:55:15Z</time>
   </trkpt>
   <trkpt lat="25.0203590" lon="121.4238260">
    <ele>14.4</ele>
    <time>2025-08-16T02:55:16Z</time>
   </trkpt>
   <trkpt lat="25.0203500" lon="121.4238350">
    <ele>14.4</ele>
    <time>2025-08-16T02:55:17Z</time>
   </trkpt>
   <trkpt lat="25.0203400" lon="121.4238440">
    <ele>14.4</ele>
    <time>2025-08-16T02:55:18Z</time>
   </trkpt>
   <trkpt lat="25.0203310" lon="121.4238530">
    <ele>14.4</ele>
    <time>2025-08-16T02:55:19Z</time>
   </trkpt>
   <trkpt lat="25.0203300" lon="121.4238710">
    <ele>14.4</ele>
    <time>2025-08-16T02:55:20Z</time>
   </trkpt>
   <trkpt lat="25.0203260" lon="121.4238810">
    <ele>14.4</ele>
    <time>2025-08-16T02:55:21Z</time>
   </trkpt>
   <trkpt lat="25.0203180" lon="121.4238890">
    <ele>14.4</ele>
    <time>2025-08-16T02:55:22Z</time>
   </trkpt>
   <trkpt lat="25.0202970" lon="121.4239220">
    <ele>14.4</ele>
    <time>2025-08-16T02:55:23Z</time>
   </trkpt>
   <trkpt lat="25.0202860" lon="121.4239430">
    <ele>14.4</ele>
    <time>2025-08-16T02:55:24Z</time>
   </trkpt>
   <trkpt lat="25.0202770" lon="121.4239580">
    <ele>14.4</ele>
    <time>2025-08-16T02:55:25Z</time>
   </trkpt>
   <trkpt lat="25.0202660" lon="121.4239680">
    <ele>14.4</ele>
    <time>2025-08-16T02:55:26Z</time>
   </trkpt>
   <trkpt lat="25.0202560" lon="121.4239780">
    <ele>14.4</ele>
    <time>2025-08-16T02:55:27Z</time>
   </trkpt>
   <trkpt lat="25.0202530" lon="121.4239820">
    <ele>14.4</ele>
    <time>2025-08-16T02:55:28Z</time>
   </trkpt>
   <trkpt lat="25.0202520" lon="121.4239830">
    <ele>14.4</ele>
    <time>2025-08-16T02:55:29Z</time>
   </trkpt>
   <trkpt lat="25.0202460" lon="121.4239910">
    <ele>14.4</ele>
    <time>2025-08-16T02:55:30Z</time>
   </trkpt>
   <trkpt lat="25.0202370" lon="121.4240210">
    <ele>14.4</ele>
    <time>2025-08-16T02:55:31Z</time>
   </trkpt>
   <trkpt lat="25.0202290" lon="121.4240330">
    <ele>14.4</ele>
    <time>2025-08-16T02:55:32Z</time>
   </trkpt>
   <trkpt lat="25.0202240" lon="121.4240430">
    <ele>14.4</ele>
    <time>2025-08-16T02:55:33Z</time>
   </trkpt>
   <trkpt lat="25.0202260" lon="121.4240450">
    <ele>14.4</ele>
    <time>2025-08-16T02:55:34Z</time>
   </trkpt>
   <trkpt lat="25.0202390" lon="121.4240340">
    <ele>14.4</ele>
    <time>2025-08-16T02:55:35Z</time>
   </trkpt>
   <trkpt lat="25.0202540" lon="121.4240130">
    <ele>14.4</ele>
    <time>2025-08-16T02:55:36Z</time>
   </trkpt>
   <trkpt lat="25.0202460" lon="121.4240240">
    <ele>14.4</ele>
    <time>2025-08-16T02:55:37Z</time>
   </trkpt>
   <trkpt lat="25.0202420" lon="121.4240280">
    <ele>14.4</ele>
    <time>2025-08-16T02:55:38Z</time>
   </trkpt>
   <trkpt lat="25.0202400" lon="121.4240300">
    <ele>14.4</ele>
    <time>2025-08-16T02:55:39Z</time>
   </trkpt>
   <trkpt lat="25.0202350" lon="121.4240340">
    <ele>14.4</ele>
    <time>2025-08-16T02:55:40Z</time>
   </trkpt>
   <trkpt lat="25.0202310" lon="121.4240350">
    <ele>14.4</ele>
    <time>2025-08-16T02:55:41Z</time>
   </trkpt>
   <trkpt lat="25.0202280" lon="121.4240350">
    <ele>14.4</ele>
    <time>2025-08-16T02:55:42Z</time>
   </trkpt>
   <trkpt lat="25.0202310" lon="121.4240420">
    <ele>14.4</ele>
    <time>2025-08-16T02:55:43Z</time>
   </trkpt>
   <trkpt lat="25.0202330" lon="121.4240450">
    <ele>14.4</ele>
    <time>2025-08-16T02:55:44Z</time>
   </trkpt>
   <trkpt lat="25.0202330" lon="121.4240460">
    <ele>14.4</ele>
    <time>2025-08-16T02:55:45Z</time>
   </trkpt>
   <trkpt lat="25.0202330" lon="121.4240470">
    <ele>14.4</ele>
    <time>2025-08-16T02:55:47Z</time>
   </trkpt>
   <trkpt lat="25.0202330" lon="121.4240470">
    <ele>14.4</ele>
    <time>2025-08-16T02:55:48Z</time>
   </trkpt>
   <trkpt lat="25.0202330" lon="121.4240460">
    <ele>14.4</ele>
    <time>2025-08-16T02:55:49Z</time>
   </trkpt>
   <trkpt lat="25.0202370" lon="121.4240540">
    <ele>14.4</ele>
    <time>2025-08-16T02:55:50Z</time>
   </trkpt>
   <trkpt lat="25.0202380" lon="121.4240560">
    <ele>14.4</ele>
    <time>2025-08-16T02:55:51Z</time>
   </trkpt>
   <trkpt lat="25.0202390" lon="121.4240560">
    <ele>14.4</ele>
    <time>2025-08-16T02:55:52Z</time>
   </trkpt>
   <trkpt lat="25.0202390" lon="121.4240560">
    <ele>14.4</ele>
    <time>2025-08-16T02:55:53Z</time>
   </trkpt>
   <trkpt lat="25.0202400" lon="121.4240550">
    <ele>14.4</ele>
    <time>2025-08-16T02:55:54Z</time>
   </trkpt>
   <trkpt lat="25.0202400" lon="121.4240550">
    <ele>14.4</ele>
    <time>2025-08-16T02:55:55Z</time>
   </trkpt>
   <trkpt lat="25.0202400" lon="121.4240530">
    <ele>14.4</ele>
    <time>2025-08-16T02:55:56Z</time>
   </trkpt>
   <trkpt lat="25.0202380" lon="121.4240620">
    <ele>14.4</ele>
    <time>2025-08-16T02:55:57Z</time>
   </trkpt>
   <trkpt lat="25.0202280" lon="121.4240720">
    <ele>14.4</ele>
    <time>2025-08-16T02:55:58Z</time>
   </trkpt>
   <trkpt lat="25.0202220" lon="121.4240810">
    <ele>14.4</ele>
    <time>2025-08-16T02:55:59Z</time>
   </trkpt>
   <trkpt lat="25.0202200" lon="121.4240590">
    <ele>14.4</ele>
    <time>2025-08-16T02:56:00Z</time>
   </trkpt>
   <trkpt lat="25.0202080" lon="121.4240510">
    <ele>14.4</ele>
    <time>2025-08-16T02:56:01Z</time>
   </trkpt>
   <trkpt lat="25.0201960" lon="121.4240430">
    <ele>14.4</ele>
    <time>2025-08-16T02:56:02Z</time>
   </trkpt>
   <trkpt lat="25.0201840" lon="121.4240350">
    <ele>14.4</ele>
    <time>2025-08-16T02:56:03Z</time>
   </trkpt>
   <trkpt lat="25.0201720" lon="121.4240270">
    <ele>14.4</ele>
    <time>2025-08-16T02:56:04Z</time>
   </trkpt>
   <trkpt lat="25.0201600" lon="121.4240190">
    <ele>14.4</ele>
    <time>2025-08-16T02:56:05Z</time>
   </trkpt>
   <trkpt lat="25.0201480" lon="121.4240110">
    <ele>14.4</ele>
    <time>2025-08-16T02:56:06Z</time>
   </trkpt>
   <trkpt lat="25.0201360" lon="121.4240030">
    <ele>14.4</ele>
    <time>2025-08-16T02:56:07Z</time>
   </trkpt>
   <trkpt lat="25.0201240" lon="121.4239950">
    <ele>14.4</ele>
    <time>2025-08-16T02:56:08Z</time>
   </trkpt>
   <trkpt lat="25.0201230" lon="121.4239950">
    <ele>14.4</ele>
    <time>2025-08-16T02:56:09Z</time>
   </trkpt>
   <trkpt lat="25.0201220" lon="121.4239960">
    <ele>14.3</ele>
    <time>2025-08-16T02:56:11Z</time>
   </trkpt>
   <trkpt lat="25.0201210" lon="121.4239960">
    <ele>14.3</ele>
    <time>2025-08-16T02:56:12Z</time>
   </trkpt>
   <trkpt lat="25.0201200" lon="121.4239960">
    <ele>14.3</ele>
    <time>2025-08-16T02:56:13Z</time>
   </trkpt>
   <trkpt lat="25.0201200" lon="121.4239970">
    <ele>14.3</ele>
    <time>2025-08-16T02:56:14Z</time>
   </trkpt>
   <trkpt lat="25.0201190" lon="121.4239970">
    <ele>14.3</ele>
    <time>2025-08-16T02:56:15Z</time>
   </trkpt>
   <trkpt lat="25.0201180" lon="121.4239970">
    <ele>14.3</ele>
    <time>2025-08-16T02:56:16Z</time>
   </trkpt>
   <trkpt lat="25.0201170" lon="121.4239980">
    <ele>14.3</ele>
    <time>2025-08-16T02:56:17Z</time>
   </trkpt>
   <trkpt lat="25.0201160" lon="121.4239980">
    <ele>14.3</ele>
    <time>2025-08-16T02:56:18Z</time>
   </trkpt>
   <trkpt lat="25.0201150" lon="121.4239980">
    <ele>14.3</ele>
    <time>2025-08-16T02:56:19Z</time>
   </trkpt>
   <trkpt lat="25.0201140" lon="121.4239990">
    <ele>14.3</ele>
    <time>2025-08-16T02:56:20Z</time>
   </trkpt>
   <trkpt lat="25.0201130" lon="121.4239990">
    <ele>14.3</ele>
    <time>2025-08-16T02:56:21Z</time>
   </trkpt>
   <trkpt lat="25.0201130" lon="121.4239990">
    <ele>14.3</ele>
    <time>2025-08-16T02:56:22Z</time>
   </trkpt>
   <trkpt lat="25.0201120" lon="121.4240000">
    <ele>14.3</ele>
    <time>2025-08-16T02:56:23Z</time>
   </trkpt>
   <trkpt lat="25.0201110" lon="121.4240000">
    <ele>14.3</ele>
    <time>2025-08-16T02:56:24Z</time>
   </trkpt>
   <trkpt lat="25.0201100" lon="121.4240000">
    <ele>14.3</ele>
    <time>2025-08-16T02:56:25Z</time>
   </trkpt>
   <trkpt lat="25.0201090" lon="121.4240010">
    <ele>14.3</ele>
    <time>2025-08-16T02:56:26Z</time>
   </trkpt>
   <trkpt lat="25.0201080" lon="121.4240010">
    <ele>14.3</ele>
    <time>2025-08-16T02:56:27Z</time>
   </trkpt>
   <trkpt lat="25.0201070" lon="121.4240010">
    <ele>14.3</ele>
    <time>2025-08-16T02:56:28Z</time>
   </trkpt>
   <trkpt lat="25.0201060" lon="121.4240020">
    <ele>14.3</ele>
    <time>2025-08-16T02:56:29Z</time>
   </trkpt>
   <trkpt lat="25.0201060" lon="121.4240020">
    <ele>14.3</ele>
    <time>2025-08-16T02:56:30Z</time>
   </trkpt>
   <trkpt lat="25.0201050" lon="121.4240020">
    <ele>14.3</ele>
    <time>2025-08-16T02:56:31Z</time>
   </trkpt>
   <trkpt lat="25.0201040" lon="121.4240030">
    <ele>14.3</ele>
    <time>2025-08-16T02:56:32Z</time>
   </trkpt>
   <trkpt lat="25.0201030" lon="121.4240030">
    <ele>14.3</ele>
    <time>2025-08-16T02:56:33Z</time>
   </trkpt>
   <trkpt lat="25.0201020" lon="121.4240030">
    <ele>14.3</ele>
    <time>2025-08-16T02:56:34Z</time>
   </trkpt>
   <trkpt lat="25.0201010" lon="121.4240030">
    <ele>14.3</ele>
    <time>2025-08-16T02:56:35Z</time>
   </trkpt>
   <trkpt lat="25.0201000" lon="121.4240040">
    <ele>14.3</ele>
    <time>2025-08-16T02:56:36Z</time>
   </trkpt>
   <trkpt lat="25.0200990" lon="121.4240040">
    <ele>14.3</ele>
    <time>2025-08-16T02:56:37Z</time>
   </trkpt>
   <trkpt lat="25.0200990" lon="121.4240040">
    <ele>14.3</ele>
    <time>2025-08-16T02:56:38Z</time>
   </trkpt>
   <trkpt lat="25.0200980" lon="121.4240050">
    <ele>14.3</ele>
    <time>2025-08-16T02:56:39Z</time>
   </trkpt>
   <trkpt lat="25.0200970" lon="121.4240050">
    <ele>14.3</ele>
    <time>2025-08-16T02:56:40Z</time>
   </trkpt>
   <trkpt lat="25.0200960" lon="121.4240050">
    <ele>14.3</ele>
    <time>2025-08-16T02:56:41Z</time>
   </trkpt>
   <trkpt lat="25.0200950" lon="121.4240060">
    <ele>14.3</ele>
    <time>2025-08-16T02:56:42Z</time>
   </trkpt>
   <trkpt lat="25.0200940" lon="121.4240060">
    <ele>14.3</ele>
    <time>2025-08-16T02:56:43Z</time>
   </trkpt>
   <trkpt lat="25.0200930" lon="121.4240060">
    <ele>14.3</ele>
    <time>2025-08-16T02:56:44Z</time>
   </trkpt>
   <trkpt lat="25.0200920" lon="121.4240070">
    <ele>14.3</ele>
    <time>2025-08-16T02:56:45Z</time>
   </trkpt>
   <trkpt lat="25.0200920" lon="121.4240070">
    <ele>14.3</ele>
    <time>2025-08-16T02:56:46Z</time>
   </trkpt>
   <trkpt lat="25.0200910" lon="121.4240070">
    <ele>14.3</ele>
    <time>2025-08-16T02:56:47Z</time>
   </trkpt>
   <trkpt lat="25.0200900" lon="121.4240080">
    <ele>14.3</ele>
    <time>2025-08-16T02:56:48Z</time>
   </trkpt>
   <trkpt lat="25.0200890" lon="121.4240080">
    <ele>14.3</ele>
    <time>2025-08-16T02:56:49Z</time>
   </trkpt>
   <trkpt lat="25.0200880" lon="121.4240080">
    <ele>14.3</ele>
    <time>2025-08-16T02:56:50Z</time>
   </trkpt>
   <trkpt lat="25.0200870" lon="121.4240090">
    <ele>14.3</ele>
    <time>2025-08-16T02:56:51Z</time>
   </trkpt>
   <trkpt lat="25.0200860" lon="121.4240090">
    <ele>14.3</ele>
    <time>2025-08-16T02:56:52Z</time>
   </trkpt>
   <trkpt lat="25.0200850" lon="121.4240090">
    <ele>14.3</ele>
    <time>2025-08-16T02:56:53Z</time>
   </trkpt>
   <trkpt lat="25.0200850" lon="121.4240100">
    <ele>14.3</ele>
    <time>2025-08-16T02:56:54Z</time>
   </trkpt>
   <trkpt lat="25.0200840" lon="121.4240100">
    <ele>14.3</ele>
    <time>2025-08-16T02:56:55Z</time>
   </trkpt>
   <trkpt lat="25.0200830" lon="121.4240100">
    <ele>14.3</ele>
    <time>2025-08-16T02:56:56Z</time>
   </trkpt>
   <trkpt lat="25.0200820" lon="121.4240110">
    <ele>14.3</ele>
    <time>2025-08-16T02:56:57Z</time>
   </trkpt>
   <trkpt lat="25.0200810" lon="121.4240110">
    <ele>14.3</ele>
    <time>2025-08-16T02:56:58Z</time>
   </trkpt>
   <trkpt lat="25.0200830" lon="121.4240130">
    <ele>14.3</ele>
    <time>2025-08-16T02:56:59Z</time>
   </trkpt>
   <trkpt lat="25.0200750" lon="121.4240190">
    <ele>14.3</ele>
    <time>2025-08-16T02:57:00Z</time>
   </trkpt>
   <trkpt lat="25.0200880" lon="121.4240340">
    <ele>14.3</ele>
    <time>2025-08-16T02:57:01Z</time>
   </trkpt>
   <trkpt lat="25.0201020" lon="121.4240270">
    <ele>14.3</ele>
    <time>2025-08-16T02:57:02Z</time>
   </trkpt>
   <trkpt lat="25.0201060" lon="121.4240250">
    <ele>14.3</ele>
    <time>2025-08-16T02:57:03Z</time>
   </trkpt>
   <trkpt lat="25.0201110" lon="121.4240230">
    <ele>14.3</ele>
    <time>2025-08-16T02:57:04Z</time>
   </trkpt>
   <trkpt lat="25.0201140" lon="121.4240230">
    <ele>14.3</ele>
    <time>2025-08-16T02:57:05Z</time>
   </trkpt>
   <trkpt lat="25.0201180" lon="121.4240220">
    <ele>14.3</ele>
    <time>2025-08-16T02:57:06Z</time>
   </trkpt>
   <trkpt lat="25.0201220" lon="121.4240210">
    <ele>14.3</ele>
    <time>2025-08-16T02:57:07Z</time>
   </trkpt>
   <trkpt lat="25.0201250" lon="121.4240210">
    <ele>14.3</ele>
    <time>2025-08-16T02:57:08Z</time>
   </trkpt>
   <trkpt lat="25.0201290" lon="121.4240200">
    <ele>14.3</ele>
    <time>2025-08-16T02:57:09Z</time>
   </trkpt>
   <trkpt lat="25.0201320" lon="121.4240200">
    <ele>14.3</ele>
    <time>2025-08-16T02:57:10Z</time>
   </trkpt>
   <trkpt lat="25.0201360" lon="121.4240190">
    <ele>14.3</ele>
    <time>2025-08-16T02:57:11Z</time>
   </trkpt>
   <trkpt lat="25.0201400" lon="121.4240180">
    <ele>14.3</ele>
    <time>2025-08-16T02:57:12Z</time>
   </trkpt>
   <trkpt lat="25.0201430" lon="121.4240180">
    <ele>14.3</ele>
    <time>2025-08-16T02:57:13Z</time>
   </trkpt>
   <trkpt lat="25.0201470" lon="121.4240170">
    <ele>14.3</ele>
    <time>2025-08-16T02:57:14Z</time>
   </trkpt>
   <trkpt lat="25.0201790" lon="121.4240110">
    <ele>14.3</ele>
    <time>2025-08-16T02:57:15Z</time>
   </trkpt>
   <trkpt lat="25.0201900" lon="121.4240070">
    <ele>14.3</ele>
    <time>2025-08-16T02:57:16Z</time>
   </trkpt>
   <trkpt lat="25.0202080" lon="121.4240040">
    <ele>14.3</ele>
    <time>2025-08-16T02:57:17Z</time>
   </trkpt>
   <trkpt lat="25.0202230" lon="121.4240050">
    <ele>14.3</ele>
    <time>2025-08-16T02:57:18Z</time>
   </trkpt>
   <trkpt lat="25.0202340" lon="121.4240070">
    <ele>14.3</ele>
    <time>2025-08-16T02:57:19Z</time>
   </trkpt>
   <trkpt lat="25.0202430" lon="121.4240100">
    <ele>14.3</ele>
    <time>2025-08-16T02:57:20Z</time>
   </trkpt>
   <trkpt lat="25.0202550" lon="121.4240100">
    <ele>14.3</ele>
    <time>2025-08-16T02:57:21Z</time>
   </trkpt>
   <trkpt lat="25.0202420" lon="121.4240390">
    <ele>14.3</ele>
    <time>2025-08-16T02:57:22Z</time>
   </trkpt>
   <trkpt lat="25.0202210" lon="121.4240750">
    <ele>14.3</ele>
    <time>2025-08-16T02:57:23Z</time>
   </trkpt>
   <trkpt lat="25.0202180" lon="121.4240740">
    <ele>14.3</ele>
    <time>2025-08-16T02:57:24Z</time>
   </trkpt>
   <trkpt lat="25.0202160" lon="121.4240740">
    <ele>14.3</ele>
    <time>2025-08-16T02:57:25Z</time>
   </trkpt>
   <trkpt lat="25.0202130" lon="121.4240730">
    <ele>14.3</ele>
    <time>2025-08-16T02:57:26Z</time>
   </trkpt>
   <trkpt lat="25.0202110" lon="121.4240720">
    <ele>14.3</ele>
    <time>2025-08-16T02:57:27Z</time>
   </trkpt>
   <trkpt lat="25.0202090" lon="121.4240720">
    <ele>14.3</ele>
    <time>2025-08-16T02:57:28Z</time>
   </trkpt>
   <trkpt lat="25.0202070" lon="121.4240710">
    <ele>14.3</ele>
    <time>2025-08-16T02:57:29Z</time>
   </trkpt>
   <trkpt lat="25.0202050" lon="121.4240710">
    <ele>14.3</ele>
    <time>2025-08-16T02:57:30Z</time>
   </trkpt>
   <trkpt lat="25.0202030" lon="121.4240700">
    <ele>14.3</ele>
    <time>2025-08-16T02:57:31Z</time>
   </trkpt>
   <trkpt lat="25.0202000" lon="121.4240690">
    <ele>14.3</ele>
    <time>2025-08-16T02:57:32Z</time>
   </trkpt>
   <trkpt lat="25.0201980" lon="121.4240690">
    <ele>14.3</ele>
    <time>2025-08-16T02:57:33Z</time>
   </trkpt>
   <trkpt lat="25.0201960" lon="121.4240680">
    <ele>14.3</ele>
    <time>2025-08-16T02:57:34Z</time>
   </trkpt>
   <trkpt lat="25.0201940" lon="121.4240670">
    <ele>14.3</ele>
    <time>2025-08-16T02:57:35Z</time>
   </trkpt>
   <trkpt lat="25.0201920" lon="121.4240670">
    <ele>14.3</ele>
    <time>2025-08-16T02:57:36Z</time>
   </trkpt>
   <trkpt lat="25.0201890" lon="121.4240660">
    <ele>14.3</ele>
    <time>2025-08-16T02:57:37Z</time>
   </trkpt>
   <trkpt lat="25.0201870" lon="121.4240660">
    <ele>14.3</ele>
    <time>2025-08-16T02:57:38Z</time>
   </trkpt>
   <trkpt lat="25.0201850" lon="121.4240650">
    <ele>14.3</ele>
    <time>2025-08-16T02:57:39Z</time>
   </trkpt>
   <trkpt lat="25.0201830" lon="121.4240650">
    <ele>14.3</ele>
    <time>2025-08-16T02:57:40Z</time>
   </trkpt>
   <trkpt lat="25.0201830" lon="121.4240650">
    <ele>14.3</ele>
    <time>2025-08-16T02:57:41Z</time>
   </trkpt>
   <trkpt lat="25.0201820" lon="121.4240670">
    <ele>14.3</ele>
    <time>2025-08-16T02:57:42Z</time>
   </trkpt>
   <trkpt lat="25.0201820" lon="121.4240670">
    <ele>14.3</ele>
    <time>2025-08-16T02:57:43Z</time>
   </trkpt>
   <trkpt lat="25.0201820" lon="121.4240660">
    <ele>14.3</ele>
    <time>2025-08-16T02:57:44Z</time>
   </trkpt>
   <trkpt lat="25.0201690" lon="121.4240670">
    <ele>14.3</ele>
    <time>2025-08-16T02:57:46Z</time>
   </trkpt>
   <trkpt lat="25.0201690" lon="121.4240670">
    <ele>14.3</ele>
    <time>2025-08-16T02:57:48Z</time>
   </trkpt>
   <trkpt lat="25.0201680" lon="121.4240670">
    <ele>14.3</ele>
    <time>2025-08-16T02:57:49Z</time>
   </trkpt>
   <trkpt lat="25.0202110" lon="121.4240530">
    <ele>14.3</ele>
    <time>2025-08-16T02:57:50Z</time>
   </trkpt>
   <trkpt lat="25.0202460" lon="121.4240410">
    <ele>14.3</ele>
    <time>2025-08-16T02:57:51Z</time>
   </trkpt>
   <trkpt lat="25.0202760" lon="121.4240310">
    <ele>14.3</ele>
    <time>2025-08-16T02:57:52Z</time>
   </trkpt>
   <trkpt lat="25.0202820" lon="121.4240280">
    <ele>14.3</ele>
    <time>2025-08-16T02:57:53Z</time>
   </trkpt>
   <trkpt lat="25.0202900" lon="121.4240260">
    <ele>14.3</ele>
    <time>2025-08-16T02:57:54Z</time>
   </trkpt>
   <trkpt lat="25.0202940" lon="121.4240240">
    <ele>14.3</ele>
    <time>2025-08-16T02:57:55Z</time>
   </trkpt>
   <trkpt lat="25.0202920" lon="121.4240240">
    <ele>14.3</ele>
    <time>2025-08-16T02:57:56Z</time>
   </trkpt>
   <trkpt lat="25.0202800" lon="121.4240280">
    <ele>14.3</ele>
    <time>2025-08-16T02:57:57Z</time>
   </trkpt>
   <trkpt lat="25.0202690" lon="121.4240310">
    <ele>14.3</ele>
    <time>2025-08-16T02:57:58Z</time>
   </trkpt>
   <trkpt lat="25.0202620" lon="121.4240330">
    <ele>14.3</ele>
    <time>2025-08-16T02:57:59Z</time>
   </trkpt>
   <trkpt lat="25.0202580" lon="121.4240350">
    <ele>14.3</ele>
    <time>2025-08-16T02:58:00Z</time>
   </trkpt>
   <trkpt lat="25.0202550" lon="121.4240350">
    <ele>14.3</ele>
    <time>2025-08-16T02:58:01Z</time>
   </trkpt>
   <trkpt lat="25.0202540" lon="121.4240350">
    <ele>14.3</ele>
    <time>2025-08-16T02:58:02Z</time>
   </trkpt>
   <trkpt lat="25.0202540" lon="121.4240360">
    <ele>14.3</ele>
    <time>2025-08-16T02:58:03Z</time>
   </trkpt>
   <trkpt lat="25.0202490" lon="121.4240380">
    <ele>14.3</ele>
    <time>2025-08-16T02:58:04Z</time>
   </trkpt>
   <trkpt lat="25.0202420" lon="121.4240400">
    <ele>14.3</ele>
    <time>2025-08-16T02:58:05Z</time>
   </trkpt>
   <trkpt lat="25.0202370" lon="121.4240410">
    <ele>14.2</ele>
    <time>2025-08-16T02:58:06Z</time>
   </trkpt>
   <trkpt lat="25.0202320" lon="121.4240420">
    <ele>14.2</ele>
    <time>2025-08-16T02:58:07Z</time>
   </trkpt>
   <trkpt lat="25.0202330" lon="121.4240470">
    <ele>14.2</ele>
    <time>2025-08-16T02:58:08Z</time>
   </trkpt>
   <trkpt lat="25.0202290" lon="121.4240540">
    <ele>14.2</ele>
    <time>2025-08-16T02:58:09Z</time>
   </trkpt>
   <trkpt lat="25.0202170" lon="121.4240620">
    <ele>14.2</ele>
    <time>2025-08-16T02:58:10Z</time>
   </trkpt>
   <trkpt lat="25.0202110" lon="121.4240670">
    <ele>14.2</ele>
    <time>2025-08-16T02:58:11Z</time>
   </trkpt>
   <trkpt lat="25.0202060" lon="121.4240720">
    <ele>14.2</ele>
    <time>2025-08-16T02:58:12Z</time>
   </trkpt>
   <trkpt lat="25.0202020" lon="121.4240750">
    <ele>14.2</ele>
    <time>2025-08-16T02:58:13Z</time>
   </trkpt>
   <trkpt lat="25.0201990" lon="121.4240780">
    <ele>14.2</ele>
    <time>2025-08-16T02:58:14Z</time>
   </trkpt>
   <trkpt lat="25.0201950" lon="121.4240800">
    <ele>14.2</ele>
    <time>2025-08-16T02:58:15Z</time>
   </trkpt>
   <trkpt lat="25.0201930" lon="121.4240830">
    <ele>14.2</ele>
    <time>2025-08-16T02:58:16Z</time>
   </trkpt>
   <trkpt lat="25.0201920" lon="121.4240840">
    <ele>14.2</ele>
    <time>2025-08-16T02:58:17Z</time>
   </trkpt>
   <trkpt lat="25.0201850" lon="121.4240880">
    <ele>14.2</ele>
    <time>2025-08-16T02:58:18Z</time>
   </trkpt>
   <trkpt lat="25.0201850" lon="121.4240880">
    <ele>14.2</ele>
    <time>2025-08-16T02:58:19Z</time>
   </trkpt>
   <trkpt lat="25.0201850" lon="121.4240900">
    <ele>14.2</ele>
    <time>2025-08-16T02:58:20Z</time>
   </trkpt>
   <trkpt lat="25.0201850" lon="121.4240900">
    <ele>14.2</ele>
    <time>2025-08-16T02:58:21Z</time>
   </trkpt>
   <trkpt lat="25.0201650" lon="121.4240840">
    <ele>14.2</ele>
    <time>2025-08-16T02:58:22Z</time>
   </trkpt>
   <trkpt lat="25.0201470" lon="121.4240760">
    <ele>14.2</ele>
    <time>2025-08-16T02:58:23Z</time>
   </trkpt>
   <trkpt lat="25.0201440" lon="121.4240730">
    <ele>14.2</ele>
    <time>2025-08-16T02:58:24Z</time>
   </trkpt>
   <trkpt lat="25.0201400" lon="121.4240730">
    <ele>14.2</ele>
    <time>2025-08-16T02:58:25Z</time>
   </trkpt>
   <trkpt lat="25.0201400" lon="121.4240730">
    <ele>14.2</ele>
    <time>2025-08-16T02:58:26Z</time>
   </trkpt>
   <trkpt lat="25.0201390" lon="121.4240730">
    <ele>14.2</ele>
    <time>2025-08-16T02:58:27Z</time>
   </trkpt>
   <trkpt lat="25.0201290" lon="121.4240660">
    <ele>14.2</ele>
    <time>2025-08-16T02:58:28Z</time>
   </trkpt>
   <trkpt lat="25.0201220" lon="121.4240630">
    <ele>14.2</ele>
    <time>2025-08-16T02:58:29Z</time>
   </trkpt>
   <trkpt lat="25.0201210" lon="121.4240620">
    <ele>14.2</ele>
    <time>2025-08-16T02:58:30Z</time>
   </trkpt>
   <trkpt lat="25.0201200" lon="121.4240600">
    <ele>14.2</ele>
    <time>2025-08-16T02:58:31Z</time>
   </trkpt>
   <trkpt lat="25.0201200" lon="121.4240560">
    <ele>14.2</ele>
    <time>2025-08-16T02:58:32Z</time>
   </trkpt>
   <trkpt lat="25.0201100" lon="121.4240500">
    <ele>14.2</ele>
    <time>2025-08-16T02:58:33Z</time>
   </trkpt>
   <trkpt lat="25.0201140" lon="121.4240490">
    <ele>14.2</ele>
    <time>2025-08-16T02:58:34Z</time>
   </trkpt>
   <trkpt lat="25.0201170" lon="121.4240480">
    <ele>14.2</ele>
    <time>2025-08-16T02:58:35Z</time>
   </trkpt>
   <trkpt lat="25.0201180" lon="121.4240470">
    <ele>14.2</ele>
    <time>2025-08-16T02:58:36Z</time>
   </trkpt>
   <trkpt lat="25.0201190" lon="121.4240460">
    <ele>14.2</ele>
    <time>2025-08-16T02:58:37Z</time>
   </trkpt>
   <trkpt lat="25.0201160" lon="121.4240430">
    <ele>14.2</ele>
    <time>2025-08-16T02:58:38Z</time>
   </trkpt>
   <trkpt lat="25.0201150" lon="121.4240440">
    <ele>14.2</ele>
    <time>2025-08-16T02:58:39Z</time>
   </trkpt>
   <trkpt lat="25.0201150" lon="121.4240440">
    <ele>14.2</ele>
    <time>2025-08-16T02:58:40Z</time>
   </trkpt>
   <trkpt lat="25.0201150" lon="121.4240440">
    <ele>14.2</ele>
    <time>2025-08-16T02:58:41Z</time>
   </trkpt>
   <trkpt lat="25.0201150" lon="121.4240440">
    <ele>14.2</ele>
    <time>2025-08-16T02:58:42Z</time>
   </trkpt>
   <trkpt lat="25.0201100" lon="121.4240420">
    <ele>14.2</ele>
    <time>2025-08-16T02:58:43Z</time>
   </trkpt>
   <trkpt lat="25.0201090" lon="121.4240410">
    <ele>14.2</ele>
    <time>2025-08-16T02:58:44Z</time>
   </trkpt>
   <trkpt lat="25.0201090" lon="121.4240400">
    <ele>14.2</ele>
    <time>2025-08-16T02:58:45Z</time>
   </trkpt>
   <trkpt lat="25.0201080" lon="121.4240400">
    <ele>14.2</ele>
    <time>2025-08-16T02:58:46Z</time>
   </trkpt>
   <trkpt lat="25.0201080" lon="121.4240390">
    <ele>14.2</ele>
    <time>2025-08-16T02:58:47Z</time>
   </trkpt>
   <trkpt lat="25.0201090" lon="121.4240380">
    <ele>14.2</ele>
    <time>2025-08-16T02:58:48Z</time>
   </trkpt>
   <trkpt lat="25.0201110" lon="121.4240380">
    <ele>14.2</ele>
    <time>2025-08-16T02:58:49Z</time>
   </trkpt>
   <trkpt lat="25.0201010" lon="121.4240340">
    <ele>14.2</ele>
    <time>2025-08-16T02:58:51Z</time>
   </trkpt>
   <trkpt lat="25.0201020" lon="121.4240330">
    <ele>14.2</ele>
    <time>2025-08-16T02:58:52Z</time>
   </trkpt>
   <trkpt lat="25.0201020" lon="121.4240320">
    <ele>14.2</ele>
    <time>2025-08-16T02:58:53Z</time>
   </trkpt>
   <trkpt lat="25.0200940" lon="121.4240040">
    <ele>14.2</ele>
    <time>2025-08-16T02:58:54Z</time>
   </trkpt>
   <trkpt lat="25.0200880" lon="121.4239850">
    <ele>14.2</ele>
    <time>2025-08-16T02:58:55Z</time>
   </trkpt>
   <trkpt lat="25.0200850" lon="121.4239770">
    <ele>14.2</ele>
    <time>2025-08-16T02:58:56Z</time>
   </trkpt>
   <trkpt lat="25.0200850" lon="121.4239750">
    <ele>14.2</ele>
    <time>2025-08-16T02:58:57Z</time>
   </trkpt>
   <trkpt lat="25.0200850" lon="121.4239750">
    <ele>14.2</ele>
    <time>2025-08-16T02:58:58Z</time>
   </trkpt>
   <trkpt lat="25.0200570" lon="121.4239860">
    <ele>14.2</ele>
    <time>2025-08-16T02:58:59Z</time>
   </trkpt>
   <trkpt lat="25.0200430" lon="121.4239910">
    <ele>14.2</ele>
    <time>2025-08-16T02:59:00Z</time>
   </trkpt>
   <trkpt lat="25.0200370" lon="121.4239950">
    <ele>14.2</ele>
    <time>2025-08-16T02:59:01Z</time>
   </trkpt>
   <trkpt lat="25.0200340" lon="121.4239960">
    <ele>14.2</ele>
    <time>2025-08-16T02:59:02Z</time>
   </trkpt>
   <trkpt lat="25.0200330" lon="121.4239970">
    <ele>14.2</ele>
    <time>2025-08-16T02:59:03Z</time>
   </trkpt>
   <trkpt lat="25.0200310" lon="121.4239960">
    <ele>14.2</ele>
    <time>2025-08-16T02:59:04Z</time>
   </trkpt>
   <trkpt lat="25.0200470" lon="121.4240030">
    <ele>14.2</ele>
    <time>2025-08-16T02:59:05Z</time>
   </trkpt>
   <trkpt lat="25.0200630" lon="121.4240100">
    <ele>14.2</ele>
    <time>2025-08-16T02:59:06Z</time>
   </trkpt>
   <trkpt lat="25.0200790" lon="121.4240170">
    <ele>14.3</ele>
    <time>2025-08-16T02:59:07Z</time>
   </trkpt>
   <trkpt lat="25.0200950" lon="121.4240180">
    <ele>14.3</ele>
    <time>2025-08-16T02:59:08Z</time>
   </trkpt>
   <trkpt lat="25.0200980" lon="121.4240080">
    <ele>14.3</ele>
    <time>2025-08-16T02:59:09Z</time>
   </trkpt>
   <trkpt lat="25.0200990" lon="121.4240010">
    <ele>14.3</ele>
    <time>2025-08-16T02:59:10Z</time>
   </trkpt>
   <trkpt lat="25.0200630" lon="121.4239980">
    <ele>14.3</ele>
    <time>2025-08-16T02:59:11Z</time>
   </trkpt>
   <trkpt lat="25.0200520" lon="121.4239980">
    <ele>14.3</ele>
    <time>2025-08-16T02:59:12Z</time>
   </trkpt>
   <trkpt lat="25.0200470" lon="121.4239980">
    <ele>14.3</ele>
    <time>2025-08-16T02:59:13Z</time>
   </trkpt>
   <trkpt lat="25.0200450" lon="121.4240010">
    <ele>14.3</ele>
    <time>2025-08-16T02:59:14Z</time>
   </trkpt>
   <trkpt lat="25.0200870" lon="121.4239990">
    <ele>14.3</ele>
    <time>2025-08-16T02:59:15Z</time>
   </trkpt>
   <trkpt lat="25.0200830" lon="121.4239990">
    <ele>14.3</ele>
    <time>2025-08-16T02:59:16Z</time>
   </trkpt>
   <trkpt lat="25.0200820" lon="121.4240000">
    <ele>14.3</ele>
    <time>2025-08-16T02:59:17Z</time>
   </trkpt>
   <trkpt lat="25.0200820" lon="121.4240000">
    <ele>14.3</ele>
    <time>2025-08-16T02:59:18Z</time>
   </trkpt>
   <trkpt lat="25.0200810" lon="121.4240000">
    <ele>14.3</ele>
    <time>2025-08-16T02:59:19Z</time>
   </trkpt>
   <trkpt lat="25.0200800" lon="121.4240010">
    <ele>14.3</ele>
    <time>2025-08-16T02:59:20Z</time>
   </trkpt>
   <trkpt lat="25.0200700" lon="121.4239970">
    <ele>14.3</ele>
    <time>2025-08-16T02:59:21Z</time>
   </trkpt>
   <trkpt lat="25.0200720" lon="121.4239970">
    <ele>14.3</ele>
    <time>2025-08-16T02:59:22Z</time>
   </trkpt>
   <trkpt lat="25.0200720" lon="121.4239970">
    <ele>14.3</ele>
    <time>2025-08-16T02:59:23Z</time>
   </trkpt>
   <trkpt lat="25.0200720" lon="121.4239970">
    <ele>14.3</ele>
    <time>2025-08-16T02:59:24Z</time>
   </trkpt>
   <trkpt lat="25.0200710" lon="121.4239970">
    <ele>14.3</ele>
    <time>2025-08-16T02:59:25Z</time>
   </trkpt>
   <trkpt lat="25.0200580" lon="121.4239910">
    <ele>14.3</ele>
    <time>2025-08-16T02:59:26Z</time>
   </trkpt>
   <trkpt lat="25.0200520" lon="121.4239850">
    <ele>14.3</ele>
    <time>2025-08-16T02:59:27Z</time>
   </trkpt>
   <trkpt lat="25.0200450" lon="121.4239770">
    <ele>14.3</ele>
    <time>2025-08-16T02:59:28Z</time>
   </trkpt>
   <trkpt lat="25.0200390" lon="121.4239720">
    <ele>14.3</ele>
    <time>2025-08-16T02:59:29Z</time>
   </trkpt>
   <trkpt lat="25.0200330" lon="121.4239690">
    <ele>14.3</ele>
    <time>2025-08-16T02:59:30Z</time>
   </trkpt>
   <trkpt lat="25.0200190" lon="121.4239620">
    <ele>14.3</ele>
    <time>2025-08-16T02:59:31Z</time>
   </trkpt>
   <trkpt lat="25.0200080" lon="121.4239560">
    <ele>14.3</ele>
    <time>2025-08-16T02:59:32Z</time>
   </trkpt>
   <trkpt lat="25.0199970" lon="121.4239490">
    <ele>14.3</ele>
    <time>2025-08-16T02:59:33Z</time>
   </trkpt>
   <trkpt lat="25.0200080" lon="121.4239580">
    <ele>14.3</ele>
    <time>2025-08-16T02:59:34Z</time>
   </trkpt>
   <trkpt lat="25.0200250" lon="121.4239660">
    <ele>14.3</ele>
    <time>2025-08-16T02:59:35Z</time>
   </trkpt>
   <trkpt lat="25.0200340" lon="121.4239690">
    <ele>14.3</ele>
    <time>2025-08-16T02:59:36Z</time>
   </trkpt>
   <trkpt lat="25.0200380" lon="121.4239710">
    <ele>14.3</ele>
    <time>2025-08-16T02:59:37Z</time>
   </trkpt>
   <trkpt lat="25.0200210" lon="121.4239590">
    <ele>14.3</ele>
    <time>2025-08-16T02:59:38Z</time>
   </trkpt>
   <trkpt lat="25.0200180" lon="121.4239590">
    <ele>14.3</ele>
    <time>2025-08-16T02:59:39Z</time>
   </trkpt>
   <trkpt lat="25.0200180" lon="121.4239590">
    <ele>14.3</ele>
    <time>2025-08-16T02:59:40Z</time>
   </trkpt>
   <trkpt lat="25.0200180" lon="121.4239600">
    <ele>14.3</ele>
    <time>2025-08-16T02:59:41Z</time>
   </trkpt>
   <trkpt lat="25.0200190" lon="121.4239610">
    <ele>14.3</ele>
    <time>2025-08-16T02:59:42Z</time>
   </trkpt>
   <trkpt lat="25.0199980" lon="121.4239410">
    <ele>14.3</ele>
    <time>2025-08-16T02:59:43Z</time>
   </trkpt>
   <trkpt lat="25.0199950" lon="121.4239400">
    <ele>14.3</ele>
    <time>2025-08-16T02:59:45Z</time>
   </trkpt>
   <trkpt lat="25.0199940" lon="121.4239390">
    <ele>14.3</ele>
    <time>2025-08-16T02:59:46Z</time>
   </trkpt>
   <trkpt lat="25.0199940" lon="121.4239390">
    <ele>14.3</ele>
    <time>2025-08-16T02:59:47Z</time>
   </trkpt>
   <trkpt lat="25.0199940" lon="121.4239390">
    <ele>14.3</ele>
    <time>2025-08-16T02:59:48Z</time>
   </trkpt>
   <trkpt lat="25.0199940" lon="121.4239390">
    <ele>14.3</ele>
    <time>2025-08-16T02:59:49Z</time>
   </trkpt>
   <trkpt lat="25.0199840" lon="121.4239370">
    <ele>14.3</ele>
    <time>2025-08-16T02:59:50Z</time>
   </trkpt>
   <trkpt lat="25.0199830" lon="121.4239360">
    <ele>14.3</ele>
    <time>2025-08-16T02:59:52Z</time>
   </trkpt>
   <trkpt lat="25.0199700" lon="121.4239380">
    <ele>14.3</ele>
    <time>2025-08-16T02:59:53Z</time>
   </trkpt>
   <trkpt lat="25.0199580" lon="121.4239400">
    <ele>14.3</ele>
    <time>2025-08-16T02:59:54Z</time>
   </trkpt>
   <trkpt lat="25.0199500" lon="121.4239410">
    <ele>14.3</ele>
    <time>2025-08-16T02:59:55Z</time>
   </trkpt>
   <trkpt lat="25.0199390" lon="121.4239380">
    <ele>14.3</ele>
    <time>2025-08-16T02:59:56Z</time>
   </trkpt>
   <trkpt lat="25.0199310" lon="121.4239360">
    <ele>14.3</ele>
    <time>2025-08-16T02:59:57Z</time>
   </trkpt>
   <trkpt lat="25.0199260" lon="121.4239350">
    <ele>14.3</ele>
    <time>2025-08-16T02:59:58Z</time>
   </trkpt>
   <trkpt lat="25.0199220" lon="121.4239340">
    <ele>14.3</ele>
    <time>2025-08-16T02:59:59Z</time>
   </trkpt>
   <trkpt lat="25.0199200" lon="121.4239330">
    <ele>14.3</ele>
    <time>2025-08-16T03:00:00Z</time>
   </trkpt>
   <trkpt lat="25.0199180" lon="121.4239330">
    <ele>14.3</ele>
    <time>2025-08-16T03:00:01Z</time>
   </trkpt>
   <trkpt lat="25.0199220" lon="121.4239330">
    <ele>14.3</ele>
    <time>2025-08-16T03:00:02Z</time>
   </trkpt>
   <trkpt lat="25.0199240" lon="121.4239330">
    <ele>14.3</ele>
    <time>2025-08-16T03:00:03Z</time>
   </trkpt>
   <trkpt lat="25.0199260" lon="121.4239330">
    <ele>14.3</ele>
    <time>2025-08-16T03:00:04Z</time>
   </trkpt>
   <trkpt lat="25.0199270" lon="121.4239330">
    <ele>14.3</ele>
    <time>2025-08-16T03:00:05Z</time>
   </trkpt>
   <trkpt lat="25.0199280" lon="121.4239330">
    <ele>14.3</ele>
    <time>2025-08-16T03:00:06Z</time>
   </trkpt>
   <trkpt lat="25.0199290" lon="121.4239320">
    <ele>14.3</ele>
    <time>2025-08-16T03:00:07Z</time>
   </trkpt>
   <trkpt lat="25.0199300" lon="121.4239310">
    <ele>14.3</ele>
    <time>2025-08-16T03:00:08Z</time>
   </trkpt>
   <trkpt lat="25.0199190" lon="121.4239260">
    <ele>14.3</ele>
    <time>2025-08-16T03:00:09Z</time>
   </trkpt>
   <trkpt lat="25.0199130" lon="121.4239250">
    <ele>14.3</ele>
    <time>2025-08-16T03:00:10Z</time>
   </trkpt>
   <trkpt lat="25.0199100" lon="121.4239230">
    <ele>14.3</ele>
    <time>2025-08-16T03:00:11Z</time>
   </trkpt>
   <trkpt lat="25.0199080" lon="121.4239220">
    <ele>14.3</ele>
    <time>2025-08-16T03:00:12Z</time>
   </trkpt>
   <trkpt lat="25.0199070" lon="121.4239210">
    <ele>14.3</ele>
    <time>2025-08-16T03:00:13Z</time>
   </trkpt>
   <trkpt lat="25.0199070" lon="121.4239200">
    <ele>14.3</ele>
    <time>2025-08-16T03:00:14Z</time>
   </trkpt>
   <trkpt lat="25.0199070" lon="121.4239200">
    <ele>14.3</ele>
    <time>2025-08-16T03:00:15Z</time>
   </trkpt>
   <trkpt lat="25.0199040" lon="121.4239100">
    <ele>14.3</ele>
    <time>2025-08-16T03:00:16Z</time>
   </trkpt>
   <trkpt lat="25.0199030" lon="121.4239040">
    <ele>14.3</ele>
    <time>2025-08-16T03:00:17Z</time>
   </trkpt>
   <trkpt lat="25.0199020" lon="121.4239010">
    <ele>14.3</ele>
    <time>2025-08-16T03:00:18Z</time>
   </trkpt>
   <trkpt lat="25.0199010" lon="121.4238990">
    <ele>14.3</ele>
    <time>2025-08-16T03:00:19Z</time>
   </trkpt>
   <trkpt lat="25.0199000" lon="121.4238980">
    <ele>14.3</ele>
    <time>2025-08-16T03:00:20Z</time>
   </trkpt>
   <trkpt lat="25.0199310" lon="121.4239010">
    <ele>14.3</ele>
    <time>2025-08-16T03:00:21Z</time>
   </trkpt>
   <trkpt lat="25.0199530" lon="121.4238930">
    <ele>14.3</ele>
    <time>2025-08-16T03:00:22Z</time>
   </trkpt>
   <trkpt lat="25.0199740" lon="121.4238850">
    <ele>14.3</ele>
    <time>2025-08-16T03:00:23Z</time>
   </trkpt>
   <trkpt lat="25.0199960" lon="121.4238770">
    <ele>14.3</ele>
    <time>2025-08-16T03:00:24Z</time>
   </trkpt>
   <trkpt lat="25.0200180" lon="121.4238690">
    <ele>14.3</ele>
    <time>2025-08-16T03:00:25Z</time>
   </trkpt>
   <trkpt lat="25.0200170" lon="121.4238690">
    <ele>14.3</ele>
    <time>2025-08-16T03:00:26Z</time>
   </trkpt>
   <trkpt lat="25.0200200" lon="121.4238710">
    <ele>14.3</ele>
    <time>2025-08-16T03:00:27Z</time>
   </trkpt>
   <trkpt lat="25.0200250" lon="121.4238570">
    <ele>14.3</ele>
    <time>2025-08-16T03:00:28Z</time>
   </trkpt>
   <trkpt lat="25.0200350" lon="121.4238390">
    <ele>14.3</ele>
    <time>2025-08-16T03:00:29Z</time>
   </trkpt>
   <trkpt lat="25.0200510" lon="121.4238260">
    <ele>14.3</ele>
    <time>2025-08-16T03:00:30Z</time>
   </trkpt>
   <trkpt lat="25.0200530" lon="121.4238300">
    <ele>14.3</ele>
    <time>2025-08-16T03:00:31Z</time>
   </trkpt>
   <trkpt lat="25.0200560" lon="121.4238330">
    <ele>14.3</ele>
    <time>2025-08-16T03:00:32Z</time>
   </trkpt>
   <trkpt lat="25.0200580" lon="121.4238370">
    <ele>14.3</ele>
    <time>2025-08-16T03:00:33Z</time>
   </trkpt>
   <trkpt lat="25.0200600" lon="121.4238410">
    <ele>14.3</ele>
    <time>2025-08-16T03:00:34Z</time>
   </trkpt>
   <trkpt lat="25.0200620" lon="121.4238450">
    <ele>14.3</ele>
    <time>2025-08-16T03:00:35Z</time>
   </trkpt>
   <trkpt lat="25.0200650" lon="121.4238480">
    <ele>14.3</ele>
    <time>2025-08-16T03:00:36Z</time>
   </trkpt>
   <trkpt lat="25.0200670" lon="121.4238520">
    <ele>14.3</ele>
    <time>2025-08-16T03:00:37Z</time>
   </trkpt>
   <trkpt lat="25.0200690" lon="121.4238560">
    <ele>14.3</ele>
    <time>2025-08-16T03:00:38Z</time>
   </trkpt>
   <trkpt lat="25.0200910" lon="121.4238590">
    <ele>14.3</ele>
    <time>2025-08-16T03:00:39Z</time>
   </trkpt>
   <trkpt lat="25.0201040" lon="121.4238540">
    <ele>14.3</ele>
    <time>2025-08-16T03:00:40Z</time>
   </trkpt>
   <trkpt lat="25.0201080" lon="121.4238510">
    <ele>14.3</ele>
    <time>2025-08-16T03:00:41Z</time>
   </trkpt>
   <trkpt lat="25.0201140" lon="121.4238510">
    <ele>14.3</ele>
    <time>2025-08-16T03:00:42Z</time>
   </trkpt>
   <trkpt lat="25.0201220" lon="121.4238550">
    <ele>14.3</ele>
    <time>2025-08-16T03:00:43Z</time>
   </trkpt>
   <trkpt lat="25.0201340" lon="121.4238530">
    <ele>14.3</ele>
    <time>2025-08-16T03:00:44Z</time>
   </trkpt>
   <trkpt lat="25.0200260" lon="121.4239700">
    <ele>14.3</ele>
    <time>2025-08-16T03:00:45Z</time>
   </trkpt>
   <trkpt lat="25.0200330" lon="121.4239730">
    <ele>14.3</ele>
    <time>2025-08-16T03:00:46Z</time>
   </trkpt>
   <trkpt lat="25.0200480" lon="121.4239770">
    <ele>14.3</ele>
    <time>2025-08-16T03:00:47Z</time>
   </trkpt>
   <trkpt lat="25.0200700" lon="121.4239870">
    <ele>14.3</ele>
    <time>2025-08-16T03:00:48Z</time>
   </trkpt>
   <trkpt lat="25.0200730" lon="121.4240050">
    <ele>14.3</ele>
    <time>2025-08-16T03:00:49Z</time>
   </trkpt>
   <trkpt lat="25.0200800" lon="121.4240130">
    <ele>14.3</ele>
    <time>2025-08-16T03:00:51Z</time>
   </trkpt>
   <trkpt lat="25.0200880" lon="121.4240160">
    <ele>14.3</ele>
    <time>2025-08-16T03:00:52Z</time>
   </trkpt>
   <trkpt lat="25.0200980" lon="121.4240140">
    <ele>14.3</ele>
    <time>2025-08-16T03:00:53Z</time>
   </trkpt>
   <trkpt lat="25.0201030" lon="121.4240080">
    <ele>14.3</ele>
    <time>2025-08-16T03:00:54Z</time>
   </trkpt>
   <trkpt lat="25.0200830" lon="121.4240000">
    <ele>14.3</ele>
    <time>2025-08-16T03:00:55Z</time>
   </trkpt>
   <trkpt lat="25.0200810" lon="121.4240010">
    <ele>14.3</ele>
    <time>2025-08-16T03:00:56Z</time>
   </trkpt>
   <trkpt lat="25.0200790" lon="121.4240010">
    <ele>14.3</ele>
    <time>2025-08-16T03:00:57Z</time>
   </trkpt>
   <trkpt lat="25.0200800" lon="121.4239980">
    <ele>14.3</ele>
    <time>2025-08-16T03:00:58Z</time>
   </trkpt>
   <trkpt lat="25.0200810" lon="121.4239960">
    <ele>14.3</ele>
    <time>2025-08-16T03:00:59Z</time>
   </trkpt>
   <trkpt lat="25.0200750" lon="121.4239990">
    <ele>14.3</ele>
    <time>2025-08-16T03:01:00Z</time>
   </trkpt>
   <trkpt lat="25.0200750" lon="121.4240000">
    <ele>14.3</ele>
    <time>2025-08-16T03:01:01Z</time>
   </trkpt>
   <trkpt lat="25.0200740" lon="121.4240010">
    <ele>14.3</ele>
    <time>2025-08-16T03:01:02Z</time>
   </trkpt>
   <trkpt lat="25.0200750" lon="121.4240000">
    <ele>14.3</ele>
    <time>2025-08-16T03:01:03Z</time>
   </trkpt>
   <trkpt lat="25.0200750" lon="121.4240000">
    <ele>14.3</ele>
    <time>2025-08-16T03:01:04Z</time>
   </trkpt>
   <trkpt lat="25.0200750" lon="121.4240000">
    <ele>14.3</ele>
    <time>2025-08-16T03:01:05Z</time>
   </trkpt>
   <trkpt lat="25.0200710" lon="121.4240040">
    <ele>14.3</ele>
    <time>2025-08-16T03:01:06Z</time>
   </trkpt>
   <trkpt lat="25.0200710" lon="121.4240050">
    <ele>14.3</ele>
    <time>2025-08-16T03:01:08Z</time>
   </trkpt>
   <trkpt lat="25.0200710" lon="121.4240040">
    <ele>14.3</ele>
    <time>2025-08-16T03:01:09Z</time>
   </trkpt>
   <trkpt lat="25.0200710" lon="121.4240050">
    <ele>14.3</ele>
    <time>2025-08-16T03:01:10Z</time>
   </trkpt>
   <trkpt lat="25.0200710" lon="121.4240040">
    <ele>14.3</ele>
    <time>2025-08-16T03:01:11Z</time>
   </trkpt>
   <trkpt lat="25.0200690" lon="121.4240010">
    <ele>14.3</ele>
    <time>2025-08-16T03:01:12Z</time>
   </trkpt>
   <trkpt lat="25.0200700" lon="121.4239980">
    <ele>14.3</ele>
    <time>2025-08-16T03:01:13Z</time>
   </trkpt>
   <trkpt lat="25.0200700" lon="121.4239980">
    <ele>14.3</ele>
    <time>2025-08-16T03:01:14Z</time>
   </trkpt>
   <trkpt lat="25.0200690" lon="121.4239950">
    <ele>14.3</ele>
    <time>2025-08-16T03:01:15Z</time>
   </trkpt>
   <trkpt lat="25.0200670" lon="121.4239920">
    <ele>14.3</ele>
    <time>2025-08-16T03:01:16Z</time>
   </trkpt>
   <trkpt lat="25.0200650" lon="121.4239890">
    <ele>14.3</ele>
    <time>2025-08-16T03:01:17Z</time>
   </trkpt>
   <trkpt lat="25.0200640" lon="121.4239870">
    <ele>14.3</ele>
    <time>2025-08-16T03:01:18Z</time>
   </trkpt>
   <trkpt lat="25.0200550" lon="121.4239850">
    <ele>14.3</ele>
    <time>2025-08-16T03:01:19Z</time>
   </trkpt>
   <trkpt lat="25.0200490" lon="121.4239840">
    <ele>14.3</ele>
    <time>2025-08-16T03:01:20Z</time>
   </trkpt>
   <trkpt lat="25.0200450" lon="121.4239830">
    <ele>14.3</ele>
    <time>2025-08-16T03:01:21Z</time>
   </trkpt>
   <trkpt lat="25.0200430" lon="121.4239840">
    <ele>14.3</ele>
    <time>2025-08-16T03:01:22Z</time>
   </trkpt>
   <trkpt lat="25.0200420" lon="121.4239840">
    <ele>14.3</ele>
    <time>2025-08-16T03:01:23Z</time>
   </trkpt>
   <trkpt lat="25.0200420" lon="121.4239840">
    <ele>14.3</ele>
    <time>2025-08-16T03:01:24Z</time>
   </trkpt>
   <trkpt lat="25.0200420" lon="121.4239840">
    <ele>14.3</ele>
    <time>2025-08-16T03:01:25Z</time>
   </trkpt>
   <trkpt lat="25.0200390" lon="121.4239850">
    <ele>14.3</ele>
    <time>2025-08-16T03:01:26Z</time>
   </trkpt>
   <trkpt lat="25.0200380" lon="121.4239850">
    <ele>14.3</ele>
    <time>2025-08-16T03:01:27Z</time>
   </trkpt>
   <trkpt lat="25.0200380" lon="121.4239850">
    <ele>14.3</ele>
    <time>2025-08-16T03:01:28Z</time>
   </trkpt>
   <trkpt lat="25.0200380" lon="121.4239850">
    <ele>14.3</ele>
    <time>2025-08-16T03:01:29Z</time>
   </trkpt>
   <trkpt lat="25.0200380" lon="121.4239850">
    <ele>14.3</ele>
    <time>2025-08-16T03:01:30Z</time>
   </trkpt>
   <trkpt lat="25.0200500" lon="121.4239900">
    <ele>14.3</ele>
    <time>2025-08-16T03:01:31Z</time>
   </trkpt>
   <trkpt lat="25.0200550" lon="121.4239910">
    <ele>14.3</ele>
    <time>2025-08-16T03:01:32Z</time>
   </trkpt>
   <trkpt lat="25.0200570" lon="121.4239900">
    <ele>14.3</ele>
    <time>2025-08-16T03:01:33Z</time>
   </trkpt>
   <trkpt lat="25.0200570" lon="121.4239900">
    <ele>14.3</ele>
    <time>2025-08-16T03:01:34Z</time>
   </trkpt>
   <trkpt lat="25.0200570" lon="121.4239900">
    <ele>14.3</ele>
    <time>2025-08-16T03:01:35Z</time>
   </trkpt>
   <trkpt lat="25.0200580" lon="121.4239920">
    <ele>14.3</ele>
    <time>2025-08-16T03:01:36Z</time>
   </trkpt>
   <trkpt lat="25.0200580" lon="121.4239940">
    <ele>14.3</ele>
    <time>2025-08-16T03:01:37Z</time>
   </trkpt>
   <trkpt lat="25.0200490" lon="121.4240000">
    <ele>14.3</ele>
    <time>2025-08-16T03:01:38Z</time>
   </trkpt>
   <trkpt lat="25.0200490" lon="121.4239980">
    <ele>14.3</ele>
    <time>2025-08-16T03:01:39Z</time>
   </trkpt>
   <trkpt lat="25.0200510" lon="121.4239960">
    <ele>14.3</ele>
    <time>2025-08-16T03:01:40Z</time>
   </trkpt>
   <trkpt lat="25.0200540" lon="121.4239920">
    <ele>14.4</ele>
    <time>2025-08-16T03:01:41Z</time>
   </trkpt>
   <trkpt lat="25.0200570" lon="121.4239900">
    <ele>14.4</ele>
    <time>2025-08-16T03:01:42Z</time>
   </trkpt>
   <trkpt lat="25.0200590" lon="121.4239890">
    <ele>14.4</ele>
    <time>2025-08-16T03:01:43Z</time>
   </trkpt>
   <trkpt lat="25.0200600" lon="121.4239870">
    <ele>14.4</ele>
    <time>2025-08-16T03:01:44Z</time>
   </trkpt>
   <trkpt lat="25.0200600" lon="121.4239870">
    <ele>14.4</ele>
    <time>2025-08-16T03:01:45Z</time>
   </trkpt>
   <trkpt lat="25.0200490" lon="121.4239860">
    <ele>14.4</ele>
    <time>2025-08-16T03:01:47Z</time>
   </trkpt>
   <trkpt lat="25.0200490" lon="121.4239860">
    <ele>14.4</ele>
    <time>2025-08-16T03:01:48Z</time>
   </trkpt>
   <trkpt lat="25.0200480" lon="121.4239870">
    <ele>14.4</ele>
    <time>2025-08-16T03:01:49Z</time>
   </trkpt>
   <trkpt lat="25.0200490" lon="121.4239870">
    <ele>14.4</ele>
    <time>2025-08-16T03:01:50Z</time>
   </trkpt>
   <trkpt lat="25.0200480" lon="121.4239910">
    <ele>14.4</ele>
    <time>2025-08-16T03:01:51Z</time>
   </trkpt>
   <trkpt lat="25.0200480" lon="121.4239910">
    <ele>14.4</ele>
    <time>2025-08-16T03:01:52Z</time>
   </trkpt>
   <trkpt lat="25.0200480" lon="121.4239900">
    <ele>14.4</ele>
    <time>2025-08-16T03:01:53Z</time>
   </trkpt>
   <trkpt lat="25.0200480" lon="121.4239890">
    <ele>14.4</ele>
    <time>2025-08-16T03:01:54Z</time>
   </trkpt>
   <trkpt lat="25.0200500" lon="121.4239960">
    <ele>14.4</ele>
    <time>2025-08-16T03:01:55Z</time>
   </trkpt>
   <trkpt lat="25.0200510" lon="121.4239960">
    <ele>14.4</ele>
    <time>2025-08-16T03:01:56Z</time>
   </trkpt>
   <trkpt lat="25.0200520" lon="121.4239970">
    <ele>14.4</ele>
    <time>2025-08-16T03:01:57Z</time>
   </trkpt>
   <trkpt lat="25.0200550" lon="121.4239960">
    <ele>14.4</ele>
    <time>2025-08-16T03:01:58Z</time>
   </trkpt>
   <trkpt lat="25.0200570" lon="121.4239960">
    <ele>14.4</ele>
    <time>2025-08-16T03:01:59Z</time>
   </trkpt>
   <trkpt lat="25.0200580" lon="121.4239970">
    <ele>14.4</ele>
    <time>2025-08-16T03:02:00Z</time>
   </trkpt>
   <trkpt lat="25.0200700" lon="121.4240050">
    <ele>14.4</ele>
    <time>2025-08-16T03:02:01Z</time>
   </trkpt>
   <trkpt lat="25.0200740" lon="121.4240060">
    <ele>14.4</ele>
    <time>2025-08-16T03:02:02Z</time>
   </trkpt>
   <trkpt lat="25.0200760" lon="121.4240080">
    <ele>14.4</ele>
    <time>2025-08-16T03:02:03Z</time>
   </trkpt>
   <trkpt lat="25.0200790" lon="121.4240110">
    <ele>14.4</ele>
    <time>2025-08-16T03:02:04Z</time>
   </trkpt>
   <trkpt lat="25.0200830" lon="121.4240160">
    <ele>14.4</ele>
    <time>2025-08-16T03:02:05Z</time>
   </trkpt>
   <trkpt lat="25.0201370" lon="121.4240300">
    <ele>14.4</ele>
    <time>2025-08-16T03:02:06Z</time>
   </trkpt>
   <trkpt lat="25.0201450" lon="121.4240430">
    <ele>14.4</ele>
    <time>2025-08-16T03:02:07Z</time>
   </trkpt>
   <trkpt lat="25.0201470" lon="121.4240550">
    <ele>14.4</ele>
    <time>2025-08-16T03:02:08Z</time>
   </trkpt>
   <trkpt lat="25.0201540" lon="121.4240650">
    <ele>14.4</ele>
    <time>2025-08-16T03:02:09Z</time>
   </trkpt>
   <trkpt lat="25.0201650" lon="121.4240640">
    <ele>14.4</ele>
    <time>2025-08-16T03:02:10Z</time>
   </trkpt>
   <trkpt lat="25.0201660" lon="121.4240640">
    <ele>14.4</ele>
    <time>2025-08-16T03:02:11Z</time>
   </trkpt>
   <trkpt lat="25.0201680" lon="121.4240650">
    <ele>14.4</ele>
    <time>2025-08-16T03:02:12Z</time>
   </trkpt>
   <trkpt lat="25.0201690" lon="121.4240660">
    <ele>14.4</ele>
    <time>2025-08-16T03:02:13Z</time>
   </trkpt>
   <trkpt lat="25.0201710" lon="121.4240670">
    <ele>14.4</ele>
    <time>2025-08-16T03:02:14Z</time>
   </trkpt>
   <trkpt lat="25.0201720" lon="121.4240670">
    <ele>14.4</ele>
    <time>2025-08-16T03:02:15Z</time>
   </trkpt>
   <trkpt lat="25.0201740" lon="121.4240680">
    <ele>14.4</ele>
    <time>2025-08-16T03:02:16Z</time>
   </trkpt>
   <trkpt lat="25.0201760" lon="121.4240690">
    <ele>14.4</ele>
    <time>2025-08-16T03:02:18Z</time>
   </trkpt>
   <trkpt lat="25.0201770" lon="121.4240700">
    <ele>14.4</ele>
    <time>2025-08-16T03:02:19Z</time>
   </trkpt>
   <trkpt lat="25.0201790" lon="121.4240700">
    <ele>14.4</ele>
    <time>2025-08-16T03:02:20Z</time>
   </trkpt>
   <trkpt lat="25.0201800" lon="121.4240710">
    <ele>14.4</ele>
    <time>2025-08-16T03:02:21Z</time>
   </trkpt>
   <trkpt lat="25.0201820" lon="121.4240720">
    <ele>14.4</ele>
    <time>2025-08-16T03:02:22Z</time>
   </trkpt>
   <trkpt lat="25.0201840" lon="121.4240730">
    <ele>14.4</ele>
    <time>2025-08-16T03:02:23Z</time>
   </trkpt>
   <trkpt lat="25.0201850" lon="121.4240730">
    <ele>14.4</ele>
    <time>2025-08-16T03:02:24Z</time>
   </trkpt>
   <trkpt lat="25.0201870" lon="121.4240740">
    <ele>14.4</ele>
    <time>2025-08-16T03:02:25Z</time>
   </trkpt>
   <trkpt lat="25.0201880" lon="121.4240750">
    <ele>14.4</ele>
    <time>2025-08-16T03:02:26Z</time>
   </trkpt>
   <trkpt lat="25.0201900" lon="121.4240760">
    <ele>14.4</ele>
    <time>2025-08-16T03:02:27Z</time>
   </trkpt>
   <trkpt lat="25.0201910" lon="121.4240760">
    <ele>14.4</ele>
    <time>2025-08-16T03:02:28Z</time>
   </trkpt>
   <trkpt lat="25.0201930" lon="121.4240770">
    <ele>14.4</ele>
    <time>2025-08-16T03:02:29Z</time>
   </trkpt>
   <trkpt lat="25.0202060" lon="121.4240860">
    <ele>14.4</ele>
    <time>2025-08-16T03:02:30Z</time>
   </trkpt>
   <trkpt lat="25.0202120" lon="121.4240910">
    <ele>14.4</ele>
    <time>2025-08-16T03:02:31Z</time>
   </trkpt>
   <trkpt lat="25.0202160" lon="121.4240940">
    <ele>14.4</ele>
    <time>2025-08-16T03:02:32Z</time>
   </trkpt>
   <trkpt lat="25.0202180" lon="121.4240960">
    <ele>14.4</ele>
    <time>2025-08-16T03:02:33Z</time>
   </trkpt>
   <trkpt lat="25.0202200" lon="121.4240970">
    <ele>14.4</ele>
    <time>2025-08-16T03:02:34Z</time>
   </trkpt>
   <trkpt lat="25.0202210" lon="121.4240990">
    <ele>14.4</ele>
    <time>2025-08-16T03:02:35Z</time>
   </trkpt>
   <trkpt lat="25.0202230" lon="121.4240990">
    <ele>14.4</ele>
    <time>2025-08-16T03:02:36Z</time>
   </trkpt>
   <trkpt lat="25.0202240" lon="121.4241000">
    <ele>14.4</ele>
    <time>2025-08-16T03:02:37Z</time>
   </trkpt>
   <trkpt lat="25.0202240" lon="121.4241000">
    <ele>14.4</ele>
    <time>2025-08-16T03:02:38Z</time>
   </trkpt>
   <trkpt lat="25.0202240" lon="121.4241010">
    <ele>14.4</ele>
    <time>2025-08-16T03:02:39Z</time>
   </trkpt>
   <trkpt lat="25.0202240" lon="121.4241030">
    <ele>14.4</ele>
    <time>2025-08-16T03:02:40Z</time>
   </trkpt>
   <trkpt lat="25.0202100" lon="121.4240970">
    <ele>14.4</ele>
    <time>2025-08-16T03:02:41Z</time>
   </trkpt>
   <trkpt lat="25.0201980" lon="121.4240900">
    <ele>14.4</ele>
    <time>2025-08-16T03:02:42Z</time>
   </trkpt>
   <trkpt lat="25.0201890" lon="121.4240850">
    <ele>14.4</ele>
    <time>2025-08-16T03:02:43Z</time>
   </trkpt>
   <trkpt lat="25.0201830" lon="121.4240810">
    <ele>14.4</ele>
    <time>2025-08-16T03:02:44Z</time>
   </trkpt>
   <trkpt lat="25.0201790" lon="121.4240780">
    <ele>14.4</ele>
    <time>2025-08-16T03:02:45Z</time>
   </trkpt>
   <trkpt lat="25.0201760" lon="121.4240760">
    <ele>14.4</ele>
    <time>2025-08-16T03:02:46Z</time>
   </trkpt>
   <trkpt lat="25.0202030" lon="121.4240800">
    <ele>14.4</ele>
    <time>2025-08-16T03:02:47Z</time>
   </trkpt>
   <trkpt lat="25.0202170" lon="121.4240810">
    <ele>14.4</ele>
    <time>2025-08-16T03:02:48Z</time>
   </trkpt>
   <trkpt lat="25.0201970" lon="121.4240790">
    <ele>14.4</ele>
    <time>2025-08-16T03:02:49Z</time>
   </trkpt>
   <trkpt lat="25.0201930" lon="121.4240800">
    <ele>14.4</ele>
    <time>2025-08-16T03:02:50Z</time>
   </trkpt>
   <trkpt lat="25.0201900" lon="121.4240810">
    <ele>14.4</ele>
    <time>2025-08-16T03:02:51Z</time>
   </trkpt>
   <trkpt lat="25.0201860" lon="121.4240820">
    <ele>14.4</ele>
    <time>2025-08-16T03:02:52Z</time>
   </trkpt>
   <trkpt lat="25.0201820" lon="121.4240830">
    <ele>14.4</ele>
    <time>2025-08-16T03:02:53Z</time>
   </trkpt>
   <trkpt lat="25.0201780" lon="121.4240840">
    <ele>14.4</ele>
    <time>2025-08-16T03:02:54Z</time>
   </trkpt>
   <trkpt lat="25.0201770" lon="121.4240870">
    <ele>14.4</ele>
    <time>2025-08-16T03:02:55Z</time>
   </trkpt>
   <trkpt lat="25.0201770" lon="121.4240890">
    <ele>14.4</ele>
    <time>2025-08-16T03:02:56Z</time>
   </trkpt>
   <trkpt lat="25.0201800" lon="121.4240880">
    <ele>14.4</ele>
    <time>2025-08-16T03:02:57Z</time>
   </trkpt>
   <trkpt lat="25.0201850" lon="121.4240900">
    <ele>14.4</ele>
    <time>2025-08-16T03:02:58Z</time>
   </trkpt>
   <trkpt lat="25.0202090" lon="121.4241050">
    <ele>14.4</ele>
    <time>2025-08-16T03:02:59Z</time>
   </trkpt>
   <trkpt lat="25.0202130" lon="121.4241070">
    <ele>14.4</ele>
    <time>2025-08-16T03:03:00Z</time>
   </trkpt>
   <trkpt lat="25.0202230" lon="121.4241110">
    <ele>14.4</ele>
    <time>2025-08-16T03:03:01Z</time>
   </trkpt>
   <trkpt lat="25.0202320" lon="121.4241110">
    <ele>14.4</ele>
    <time>2025-08-16T03:03:02Z</time>
   </trkpt>
   <trkpt lat="25.0202550" lon="121.4241120">
    <ele>14.4</ele>
    <time>2025-08-16T03:03:04Z</time>
   </trkpt>
   <trkpt lat="25.0202660" lon="121.4241060">
    <ele>14.4</ele>
    <time>2025-08-16T03:03:05Z</time>
   </trkpt>
   <trkpt lat="25.0202740" lon="121.4240970">
    <ele>14.4</ele>
    <time>2025-08-16T03:03:06Z</time>
   </trkpt>
   <trkpt lat="25.0202770" lon="121.4240880">
    <ele>14.4</ele>
    <time>2025-08-16T03:03:07Z</time>
   </trkpt>
   <trkpt lat="25.0202620" lon="121.4240910">
    <ele>14.4</ele>
    <time>2025-08-16T03:03:08Z</time>
   </trkpt>
   <trkpt lat="25.0202490" lon="121.4240970">
    <ele>14.4</ele>
    <time>2025-08-16T03:03:09Z</time>
   </trkpt>
   <trkpt lat="25.0202770" lon="121.4240690">
    <ele>14.4</ele>
    <time>2025-08-16T03:03:10Z</time>
   </trkpt>
   <trkpt lat="25.0203050" lon="121.4240420">
    <ele>14.4</ele>
    <time>2025-08-16T03:03:11Z</time>
   </trkpt>
   <trkpt lat="25.0203080" lon="121.4240430">
    <ele>14.4</ele>
    <time>2025-08-16T03:03:12Z</time>
   </trkpt>
   <trkpt lat="25.0203080" lon="121.4240490">
    <ele>14.4</ele>
    <time>2025-08-16T03:03:13Z</time>
   </trkpt>
   <trkpt lat="25.0203040" lon="121.4240510">
    <ele>14.4</ele>
    <time>2025-08-16T03:03:14Z</time>
   </trkpt>
   <trkpt lat="25.0203060" lon="121.4240540">
    <ele>14.4</ele>
    <time>2025-08-16T03:03:15Z</time>
   </trkpt>
   <trkpt lat="25.0203110" lon="121.4240530">
    <ele>14.4</ele>
    <time>2025-08-16T03:03:16Z</time>
   </trkpt>
   <trkpt lat="25.0203170" lon="121.4240510">
    <ele>14.4</ele>
    <time>2025-08-16T03:03:17Z</time>
   </trkpt>
   <trkpt lat="25.0203390" lon="121.4240360">
    <ele>14.4</ele>
    <time>2025-08-16T03:03:18Z</time>
   </trkpt>
   <trkpt lat="25.0203420" lon="121.4240340">
    <ele>14.4</ele>
    <time>2025-08-16T03:03:19Z</time>
   </trkpt>
   <trkpt lat="25.0203430" lon="121.4240330">
    <ele>14.4</ele>
    <time>2025-08-16T03:03:20Z</time>
   </trkpt>
   <trkpt lat="25.0203450" lon="121.4240320">
    <ele>14.4</ele>
    <time>2025-08-16T03:03:21Z</time>
   </trkpt>
   <trkpt lat="25.0203470" lon="121.4240310">
    <ele>14.4</ele>
    <time>2025-08-16T03:03:22Z</time>
   </trkpt>
   <trkpt lat="25.0203530" lon="121.4240150">
    <ele>14.4</ele>
    <time>2025-08-16T03:03:23Z</time>
   </trkpt>
   <trkpt lat="25.0203550" lon="121.4240110">
    <ele>14.4</ele>
    <time>2025-08-16T03:03:24Z</time>
   </trkpt>
   <trkpt lat="25.0203540" lon="121.4239970">
    <ele>14.4</ele>
    <time>2025-08-16T03:03:25Z</time>
   </trkpt>
   <trkpt lat="25.0203520" lon="121.4239870">
    <ele>14.4</ele>
    <time>2025-08-16T03:03:26Z</time>
   </trkpt>
   <trkpt lat="25.0203490" lon="121.4239770">
    <ele>14.4</ele>
    <time>2025-08-16T03:03:27Z</time>
   </trkpt>
   <trkpt lat="25.0203470" lon="121.4239670">
    <ele>14.4</ele>
    <time>2025-08-16T03:03:28Z</time>
   </trkpt>
   <trkpt lat="25.0203290" lon="121.4239330">
    <ele>14.4</ele>
    <time>2025-08-16T03:03:29Z</time>
   </trkpt>
   <trkpt lat="25.0203250" lon="121.4239240">
    <ele>14.4</ele>
    <time>2025-08-16T03:03:30Z</time>
   </trkpt>
   <trkpt lat="25.0203220" lon="121.4239190">
    <ele>14.4</ele>
    <time>2025-08-16T03:03:31Z</time>
   </trkpt>
   <trkpt lat="25.0203170" lon="121.4239090">
    <ele>14.4</ele>
    <time>2025-08-16T03:03:32Z</time>
   </trkpt>
   <trkpt lat="25.0203100" lon="121.4238970">
    <ele>14.4</ele>
    <time>2025-08-16T03:03:33Z</time>
   </trkpt>
   <trkpt lat="25.0202830" lon="121.4238530">
    <ele>14.5</ele>
    <time>2025-08-16T03:03:34Z</time>
   </trkpt>
   <trkpt lat="25.0202750" lon="121.4238420">
    <ele>14.5</ele>
    <time>2025-08-16T03:03:35Z</time>
   </trkpt>
   <trkpt lat="25.0202690" lon="121.4238330">
    <ele>14.5</ele>
    <time>2025-08-16T03:03:36Z</time>
   </trkpt>
   <trkpt lat="25.0202660" lon="121.4238280">
    <ele>14.5</ele>
    <time>2025-08-16T03:03:37Z</time>
   </trkpt>
   <trkpt lat="25.0202660" lon="121.4238250">
    <ele>14.5</ele>
    <time>2025-08-16T03:03:38Z</time>
   </trkpt>
   <trkpt lat="25.0202640" lon="121.4238220">
    <ele>14.5</ele>
    <time>2025-08-16T03:03:39Z</time>
   </trkpt>
   <trkpt lat="25.0202620" lon="121.4238200">
    <ele>14.5</ele>
    <time>2025-08-16T03:03:40Z</time>
   </trkpt>
   <trkpt lat="25.0202520" lon="121.4238200">
    <ele>14.5</ele>
    <time>2025-08-16T03:03:41Z</time>
   </trkpt>
   <trkpt lat="25.0202510" lon="121.4238210">
    <ele>14.5</ele>
    <time>2025-08-16T03:03:42Z</time>
   </trkpt>
   <trkpt lat="25.0202500" lon="121.4238220">
    <ele>14.5</ele>
    <time>2025-08-16T03:03:43Z</time>
   </trkpt>
   <trkpt lat="25.0202500" lon="121.4238230">
    <ele>14.5</ele>
    <time>2025-08-16T03:03:44Z</time>
   </trkpt>
   <trkpt lat="25.0202500" lon="121.4238240">
    <ele>14.5</ele>
    <time>2025-08-16T03:03:45Z</time>
   </trkpt>
   <trkpt lat="25.0202500" lon="121.4238230">
    <ele>14.5</ele>
    <time>2025-08-16T03:03:46Z</time>
   </trkpt>
   <trkpt lat="25.0202410" lon="121.4238150">
    <ele>14.5</ele>
    <time>2025-08-16T03:03:47Z</time>
   </trkpt>
   <trkpt lat="25.0202370" lon="121.4238110">
    <ele>14.5</ele>
    <time>2025-08-16T03:03:49Z</time>
   </trkpt>
   <trkpt lat="25.0202370" lon="121.4238110">
    <ele>14.5</ele>
    <time>2025-08-16T03:03:51Z</time>
   </trkpt>
   <trkpt lat="25.0202370" lon="121.4238110">
    <ele>14.5</ele>
    <time>2025-08-16T03:03:52Z</time>
   </trkpt>
   <trkpt lat="25.0202340" lon="121.4238080">
    <ele>14.5</ele>
    <time>2025-08-16T03:03:53Z</time>
   </trkpt>
   <trkpt lat="25.0202340" lon="121.4238080">
    <ele>14.5</ele>
    <time>2025-08-16T03:03:54Z</time>
   </trkpt>
   <trkpt lat="25.0202340" lon="121.4238070">
    <ele>14.5</ele>
    <time>2025-08-16T03:03:55Z</time>
   </trkpt>
   <trkpt lat="25.0202340" lon="121.4238060">
    <ele>14.5</ele>
    <time>2025-08-16T03:03:56Z</time>
   </trkpt>
   <trkpt lat="25.0202320" lon="121.4238050">
    <ele>14.5</ele>
    <time>2025-08-16T03:03:57Z</time>
   </trkpt>
   <trkpt lat="25.0202320" lon="121.4238050">
    <ele>14.5</ele>
    <time>2025-08-16T03:03:58Z</time>
   </trkpt>
   <trkpt lat="25.0202330" lon="121.4238050">
    <ele>14.5</ele>
    <time>2025-08-16T03:03:59Z</time>
   </trkpt>
   <trkpt lat="25.0202380" lon="121.4238100">
    <ele>14.5</ele>
    <time>2025-08-16T03:04:00Z</time>
   </trkpt>
   <trkpt lat="25.0202430" lon="121.4237940">
    <ele>14.5</ele>
    <time>2025-08-16T03:04:01Z</time>
   </trkpt>
   <trkpt lat="25.0202460" lon="121.4237820">
    <ele>14.5</ele>
    <time>2025-08-16T03:04:02Z</time>
   </trkpt>
   <trkpt lat="25.0202490" lon="121.4237730">
    <ele>14.5</ele>
    <time>2025-08-16T03:04:03Z</time>
   </trkpt>
   <trkpt lat="25.0202500" lon="121.4237680">
    <ele>14.5</ele>
    <time>2025-08-16T03:04:04Z</time>
   </trkpt>
   <trkpt lat="25.0202510" lon="121.4237650">
    <ele>14.5</ele>
    <time>2025-08-16T03:04:05Z</time>
   </trkpt>
   <trkpt lat="25.0202540" lon="121.4237890">
    <ele>14.5</ele>
    <time>2025-08-16T03:04:06Z</time>
   </trkpt>
   <trkpt lat="25.0202220" lon="121.4237650">
    <ele>14.5</ele>
    <time>2025-08-16T03:04:07Z</time>
   </trkpt>
   <trkpt lat="25.0202050" lon="121.4237520">
    <ele>14.5</ele>
    <time>2025-08-16T03:04:08Z</time>
   </trkpt>
   <trkpt lat="25.0201970" lon="121.4237460">
    <ele>14.5</ele>
    <time>2025-08-16T03:04:09Z</time>
   </trkpt>
   <trkpt lat="25.0202010" lon="121.4237510">
    <ele>14.5</ele>
    <time>2025-08-16T03:04:10Z</time>
   </trkpt>
   <trkpt lat="25.0202080" lon="121.4237590">
    <ele>14.5</ele>
    <time>2025-08-16T03:04:11Z</time>
   </trkpt>
   <trkpt lat="25.0202150" lon="121.4237680">
    <ele>14.5</ele>
    <time>2025-08-16T03:04:12Z</time>
   </trkpt>
   <trkpt lat="25.0202220" lon="121.4237760">
    <ele>14.5</ele>
    <time>2025-08-16T03:04:13Z</time>
   </trkpt>
   <trkpt lat="25.0202280" lon="121.4237820">
    <ele>14.5</ele>
    <time>2025-08-16T03:04:14Z</time>
   </trkpt>
   <trkpt lat="25.0202300" lon="121.4237850">
    <ele>14.5</ele>
    <time>2025-08-16T03:04:15Z</time>
   </trkpt>
   <trkpt lat="25.0202320" lon="121.4237860">
    <ele>14.5</ele>
    <time>2025-08-16T03:04:16Z</time>
   </trkpt>
   <trkpt lat="25.0202320" lon="121.4237860">
    <ele>14.5</ele>
    <time>2025-08-16T03:04:17Z</time>
   </trkpt>
   <trkpt lat="25.0202330" lon="121.4237860">
    <ele>14.5</ele>
    <time>2025-08-16T03:04:18Z</time>
   </trkpt>
   <trkpt lat="25.0202140" lon="121.4237690">
    <ele>14.5</ele>
    <time>2025-08-16T03:04:19Z</time>
   </trkpt>
   <trkpt lat="25.0202060" lon="121.4237620">
    <ele>14.5</ele>
    <time>2025-08-16T03:04:20Z</time>
   </trkpt>
   <trkpt lat="25.0202030" lon="121.4237580">
    <ele>14.5</ele>
    <time>2025-08-16T03:04:21Z</time>
   </trkpt>
   <trkpt lat="25.0202010" lon="121.4237570">
    <ele>14.5</ele>
    <time>2025-08-16T03:04:22Z</time>
   </trkpt>
   <trkpt lat="25.0202010" lon="121.4237560">
    <ele>14.5</ele>
    <time>2025-08-16T03:04:23Z</time>
   </trkpt>
   <trkpt lat="25.0202100" lon="121.4237580">
    <ele>14.5</ele>
    <time>2025-08-16T03:04:24Z</time>
   </trkpt>
   <trkpt lat="25.0202190" lon="121.4237600">
    <ele>14.5</ele>
    <time>2025-08-16T03:04:25Z</time>
   </trkpt>
   <trkpt lat="25.0202280" lon="121.4237630">
    <ele>14.5</ele>
    <time>2025-08-16T03:04:26Z</time>
   </trkpt>
   <trkpt lat="25.0202370" lon="121.4237650">
    <ele>14.5</ele>
    <time>2025-08-16T03:04:27Z</time>
   </trkpt>
   <trkpt lat="25.0202370" lon="121.4237680">
    <ele>14.5</ele>
    <time>2025-08-16T03:04:28Z</time>
   </trkpt>
   <trkpt lat="25.0202380" lon="121.4237690">
    <ele>14.5</ele>
    <time>2025-08-16T03:04:29Z</time>
   </trkpt>
   <trkpt lat="25.0202370" lon="121.4237680">
    <ele>14.5</ele>
    <time>2025-08-16T03:04:30Z</time>
   </trkpt>
   <trkpt lat="25.0202360" lon="121.4237670">
    <ele>14.5</ele>
    <time>2025-08-16T03:04:31Z</time>
   </trkpt>
   <trkpt lat="25.0202370" lon="121.4237670">
    <ele>14.5</ele>
    <time>2025-08-16T03:04:32Z</time>
   </trkpt>
   <trkpt lat="25.0202290" lon="121.4237650">
    <ele>14.5</ele>
    <time>2025-08-16T03:04:33Z</time>
   </trkpt>
   <trkpt lat="25.0202290" lon="121.4237630">
    <ele>14.5</ele>
    <time>2025-08-16T03:04:34Z</time>
   </trkpt>
   <trkpt lat="25.0202310" lon="121.4237620">
    <ele>14.5</ele>
    <time>2025-08-16T03:04:35Z</time>
   </trkpt>
   <trkpt lat="25.0202320" lon="121.4237610">
    <ele>14.5</ele>
    <time>2025-08-16T03:04:36Z</time>
   </trkpt>
   <trkpt lat="25.0202230" lon="121.4237650">
    <ele>14.5</ele>
    <time>2025-08-16T03:04:37Z</time>
   </trkpt>
   <trkpt lat="25.0202200" lon="121.4237650">
    <ele>14.5</ele>
    <time>2025-08-16T03:04:38Z</time>
   </trkpt>
   <trkpt lat="25.0202210" lon="121.4237650">
    <ele>14.5</ele>
    <time>2025-08-16T03:04:39Z</time>
   </trkpt>
   <trkpt lat="25.0202220" lon="121.4237650">
    <ele>14.5</ele>
    <time>2025-08-16T03:04:41Z</time>
   </trkpt>
   <trkpt lat="25.0202140" lon="121.4237640">
    <ele>14.5</ele>
    <time>2025-08-16T03:04:42Z</time>
   </trkpt>
   <trkpt lat="25.0202110" lon="121.4237650">
    <ele>14.5</ele>
    <time>2025-08-16T03:04:43Z</time>
   </trkpt>
   <trkpt lat="25.0202100" lon="121.4237640">
    <ele>14.5</ele>
    <time>2025-08-16T03:04:44Z</time>
   </trkpt>
   <trkpt lat="25.0202100" lon="121.4237630">
    <ele>14.5</ele>
    <time>2025-08-16T03:04:45Z</time>
   </trkpt>
   <trkpt lat="25.0202090" lon="121.4237630">
    <ele>14.5</ele>
    <time>2025-08-16T03:04:46Z</time>
   </trkpt>
   <trkpt lat="25.0202090" lon="121.4237610">
    <ele>14.5</ele>
    <time>2025-08-16T03:04:47Z</time>
   </trkpt>
   <trkpt lat="25.0201830" lon="121.4237380">
    <ele>14.5</ele>
    <time>2025-08-16T03:04:48Z</time>
   </trkpt>
   <trkpt lat="25.0201770" lon="121.4237270">
    <ele>14.5</ele>
    <time>2025-08-16T03:04:49Z</time>
   </trkpt>
   <trkpt lat="25.0201730" lon="121.4237200">
    <ele>14.5</ele>
    <time>2025-08-16T03:04:50Z</time>
   </trkpt>
   <trkpt lat="25.0201680" lon="121.4237140">
    <ele>14.5</ele>
    <time>2025-08-16T03:04:51Z</time>
   </trkpt>
   <trkpt lat="25.0201640" lon="121.4237070">
    <ele>14.5</ele>
    <time>2025-08-16T03:04:52Z</time>
   </trkpt>
   <trkpt lat="25.0201590" lon="121.4237010">
    <ele>14.5</ele>
    <time>2025-08-16T03:04:53Z</time>
   </trkpt>
   <trkpt lat="25.0201520" lon="121.4236840">
    <ele>14.5</ele>
    <time>2025-08-16T03:04:54Z</time>
   </trkpt>
   <trkpt lat="25.0201480" lon="121.4236690">
    <ele>14.5</ele>
    <time>2025-08-16T03:04:55Z</time>
   </trkpt>
   <trkpt lat="25.0201480" lon="121.4236520">
    <ele>14.5</ele>
    <time>2025-08-16T03:04:56Z</time>
   </trkpt>
   <trkpt lat="25.0201460" lon="121.4236340">
    <ele>14.5</ele>
    <time>2025-08-16T03:04:57Z</time>
   </trkpt>
   <trkpt lat="25.0201200" lon="121.4236370">
    <ele>14.5</ele>
    <time>2025-08-16T03:04:58Z</time>
   </trkpt>
   <trkpt lat="25.0201140" lon="121.4236290">
    <ele>14.5</ele>
    <time>2025-08-16T03:04:59Z</time>
   </trkpt>
   <trkpt lat="25.0201080" lon="121.4236190">
    <ele>14.5</ele>
    <time>2025-08-16T03:05:00Z</time>
   </trkpt>
   <trkpt lat="25.0201020" lon="121.4236110">
    <ele>14.5</ele>
    <time>2025-08-16T03:05:01Z</time>
   </trkpt>
   <trkpt lat="25.0200990" lon="121.4236100">
    <ele>14.5</ele>
    <time>2025-08-16T03:05:02Z</time>
   </trkpt>
   <trkpt lat="25.0201010" lon="121.4236340">
    <ele>14.5</ele>
    <time>2025-08-16T03:05:03Z</time>
   </trkpt>
   <trkpt lat="25.0201070" lon="121.4236410">
    <ele>14.5</ele>
    <time>2025-08-16T03:05:04Z</time>
   </trkpt>
   <trkpt lat="25.0201170" lon="121.4236490">
    <ele>14.5</ele>
    <time>2025-08-16T03:05:05Z</time>
   </trkpt>
   <trkpt lat="25.0201260" lon="121.4236560">
    <ele>14.5</ele>
    <time>2025-08-16T03:05:06Z</time>
   </trkpt>
   <trkpt lat="25.0201320" lon="121.4236590">
    <ele>14.5</ele>
    <time>2025-08-16T03:05:07Z</time>
   </trkpt>
   <trkpt lat="25.0201350" lon="121.4236590">
    <ele>14.5</ele>
    <time>2025-08-16T03:05:08Z</time>
   </trkpt>
   <trkpt lat="25.0201360" lon="121.4236590">
    <ele>14.5</ele>
    <time>2025-08-16T03:05:09Z</time>
   </trkpt>
   <trkpt lat="25.0201270" lon="121.4236500">
    <ele>14.5</ele>
    <time>2025-08-16T03:05:10Z</time>
   </trkpt>
   <trkpt lat="25.0201240" lon="121.4236460">
    <ele>14.5</ele>
    <time>2025-08-16T03:05:11Z</time>
   </trkpt>
   <trkpt lat="25.0201220" lon="121.4236450">
    <ele>14.5</ele>
    <time>2025-08-16T03:05:12Z</time>
   </trkpt>
   <trkpt lat="25.0201220" lon="121.4236450">
    <ele>14.5</ele>
    <time>2025-08-16T03:05:13Z</time>
   </trkpt>
   <trkpt lat="25.0201210" lon="121.4236450">
    <ele>14.5</ele>
    <time>2025-08-16T03:05:14Z</time>
   </trkpt>
   <trkpt lat="25.0201210" lon="121.4236450">
    <ele>14.5</ele>
    <time>2025-08-16T03:05:15Z</time>
   </trkpt>
   <trkpt lat="25.0201060" lon="121.4236390">
    <ele>14.5</ele>
    <time>2025-08-16T03:05:16Z</time>
   </trkpt>
   <trkpt lat="25.0201030" lon="121.4236380">
    <ele>14.5</ele>
    <time>2025-08-16T03:05:17Z</time>
   </trkpt>
   <trkpt lat="25.0201010" lon="121.4236370">
    <ele>14.5</ele>
    <time>2025-08-16T03:05:18Z</time>
   </trkpt>
   <trkpt lat="25.0201000" lon="121.4236370">
    <ele>14.5</ele>
    <time>2025-08-16T03:05:19Z</time>
   </trkpt>
   <trkpt lat="25.0201010" lon="121.4236370">
    <ele>14.5</ele>
    <time>2025-08-16T03:05:20Z</time>
   </trkpt>
   <trkpt lat="25.0201040" lon="121.4236370">
    <ele>14.5</ele>
    <time>2025-08-16T03:05:21Z</time>
   </trkpt>
   <trkpt lat="25.0201050" lon="121.4236370">
    <ele>14.5</ele>
    <time>2025-08-16T03:05:22Z</time>
   </trkpt>
   <trkpt lat="25.0200890" lon="121.4236360">
    <ele>14.5</ele>
    <time>2025-08-16T03:05:23Z</time>
   </trkpt>
   <trkpt lat="25.0200850" lon="121.4236360">
    <ele>14.5</ele>
    <time>2025-08-16T03:05:24Z</time>
   </trkpt>
   <trkpt lat="25.0200830" lon="121.4236360">
    <ele>14.5</ele>
    <time>2025-08-16T03:05:25Z</time>
   </trkpt>
   <trkpt lat="25.0200810" lon="121.4236360">
    <ele>14.5</ele>
    <time>2025-08-16T03:05:26Z</time>
   </trkpt>
   <trkpt lat="25.0200810" lon="121.4236360">
    <ele>14.5</ele>
    <time>2025-08-16T03:05:27Z</time>
   </trkpt>
   <trkpt lat="25.0200720" lon="121.4236270">
    <ele>14.5</ele>
    <time>2025-08-16T03:05:28Z</time>
   </trkpt>
   <trkpt lat="25.0200670" lon="121.4236220">
    <ele>14.5</ele>
    <time>2025-08-16T03:05:29Z</time>
   </trkpt>
   <trkpt lat="25.0200640" lon="121.4236180">
    <ele>14.5</ele>
    <time>2025-08-16T03:05:30Z</time>
   </trkpt>
   <trkpt lat="25.0200630" lon="121.4236160">
    <ele>14.5</ele>
    <time>2025-08-16T03:05:31Z</time>
   </trkpt>
   <trkpt lat="25.0200620" lon="121.4236160">
    <ele>14.5</ele>
    <time>2025-08-16T03:05:32Z</time>
   </trkpt>
   <trkpt lat="25.0200620" lon="121.4236150">
    <ele>14.5</ele>
    <time>2025-08-16T03:05:33Z</time>
   </trkpt>
   <trkpt lat="25.0200720" lon="121.4236280">
    <ele>14.5</ele>
    <time>2025-08-16T03:05:34Z</time>
   </trkpt>
   <trkpt lat="25.0200770" lon="121.4236350">
    <ele>14.5</ele>
    <time>2025-08-16T03:05:35Z</time>
   </trkpt>
   <trkpt lat="25.0200800" lon="121.4236380">
    <ele>14.5</ele>
    <time>2025-08-16T03:05:36Z</time>
   </trkpt>
   <trkpt lat="25.0200810" lon="121.4236400">
    <ele>14.5</ele>
    <time>2025-08-16T03:05:37Z</time>
   </trkpt>
   <trkpt lat="25.0200820" lon="121.4236410">
    <ele>14.5</ele>
    <time>2025-08-16T03:05:38Z</time>
   </trkpt>
   <trkpt lat="25.0200820" lon="121.4236410">
    <ele>14.5</ele>
    <time>2025-08-16T03:05:39Z</time>
   </trkpt>
   <trkpt lat="25.0200830" lon="121.4236410">
    <ele>14.5</ele>
    <time>2025-08-16T03:05:40Z</time>
   </trkpt>
   <trkpt lat="25.0200870" lon="121.4236220">
    <ele>14.5</ele>
    <time>2025-08-16T03:05:41Z</time>
   </trkpt>
   <trkpt lat="25.0200910" lon="121.4236080">
    <ele>14.5</ele>
    <time>2025-08-16T03:05:42Z</time>
   </trkpt>
   <trkpt lat="25.0200920" lon="121.4235990">
    <ele>14.5</ele>
    <time>2025-08-16T03:05:43Z</time>
   </trkpt>
   <trkpt lat="25.0200940" lon="121.4235930">
    <ele>14.5</ele>
    <time>2025-08-16T03:05:44Z</time>
   </trkpt>
   <trkpt lat="25.0200950" lon="121.4235890">
    <ele>14.5</ele>
    <time>2025-08-16T03:05:45Z</time>
   </trkpt>
   <trkpt lat="25.0200960" lon="121.4235870">
    <ele>14.5</ele>
    <time>2025-08-16T03:05:46Z</time>
   </trkpt>
   <trkpt lat="25.0200860" lon="121.4236000">
    <ele>14.5</ele>
    <time>2025-08-16T03:05:47Z</time>
   </trkpt>
   <trkpt lat="25.0200800" lon="121.4236070">
    <ele>14.5</ele>
    <time>2025-08-16T03:05:48Z</time>
   </trkpt>
   <trkpt lat="25.0200770" lon="121.4236110">
    <ele>14.5</ele>
    <time>2025-08-16T03:05:49Z</time>
   </trkpt>
   <trkpt lat="25.0200750" lon="121.4236140">
    <ele>14.5</ele>
    <time>2025-08-16T03:05:50Z</time>
   </trkpt>
   <trkpt lat="25.0200740" lon="121.4236150">
    <ele>14.5</ele>
    <time>2025-08-16T03:05:51Z</time>
   </trkpt>
   <trkpt lat="25.0200750" lon="121.4236190">
    <ele>14.5</ele>
    <time>2025-08-16T03:05:52Z</time>
   </trkpt>
   <trkpt lat="25.0200750" lon="121.4236220">
    <ele>14.5</ele>
    <time>2025-08-16T03:05:53Z</time>
   </trkpt>
   <trkpt lat="25.0200750" lon="121.4236240">
    <ele>14.5</ele>
    <time>2025-08-16T03:05:54Z</time>
   </trkpt>
   <trkpt lat="25.0200750" lon="121.4236250">
    <ele>14.5</ele>
    <time>2025-08-16T03:05:55Z</time>
   </trkpt>
   <trkpt lat="25.0200760" lon="121.4236250">
    <ele>14.5</ele>
    <time>2025-08-16T03:05:56Z</time>
   </trkpt>
   <trkpt lat="25.0200760" lon="121.4236240">
    <ele>14.5</ele>
    <time>2025-08-16T03:05:57Z</time>
   </trkpt>
   <trkpt lat="25.0200760" lon="121.4236240">
    <ele>14.5</ele>
    <time>2025-08-16T03:05:58Z</time>
   </trkpt>
   <trkpt lat="25.0200750" lon="121.4236290">
    <ele>14.5</ele>
    <time>2025-08-16T03:05:59Z</time>
   </trkpt>
   <trkpt lat="25.0200740" lon="121.4236310">
    <ele>14.5</ele>
    <time>2025-08-16T03:06:00Z</time>
   </trkpt>
   <trkpt lat="25.0200750" lon="121.4236320">
    <ele>14.5</ele>
    <time>2025-08-16T03:06:01Z</time>
   </trkpt>
   <trkpt lat="25.0200750" lon="121.4236320">
    <ele>14.5</ele>
    <time>2025-08-16T03:06:02Z</time>
   </trkpt>
   <trkpt lat="25.0200760" lon="121.4236320">
    <ele>14.5</ele>
    <time>2025-08-16T03:06:03Z</time>
   </trkpt>
   <trkpt lat="25.0200760" lon="121.4236320">
    <ele>14.5</ele>
    <time>2025-08-16T03:06:04Z</time>
   </trkpt>
   <trkpt lat="25.0200750" lon="121.4236320">
    <ele>14.5</ele>
    <time>2025-08-16T03:06:05Z</time>
   </trkpt>
   <trkpt lat="25.0200770" lon="121.4236250">
    <ele>14.5</ele>
    <time>2025-08-16T03:06:06Z</time>
   </trkpt>
   <trkpt lat="25.0200770" lon="121.4236220">
    <ele>14.5</ele>
    <time>2025-08-16T03:06:07Z</time>
   </trkpt>
   <trkpt lat="25.0200770" lon="121.4236200">
    <ele>14.5</ele>
    <time>2025-08-16T03:06:08Z</time>
   </trkpt>
   <trkpt lat="25.0200760" lon="121.4236190">
    <ele>14.5</ele>
    <time>2025-08-16T03:06:09Z</time>
   </trkpt>
   <trkpt lat="25.0200760" lon="121.4236180">
    <ele>14.5</ele>
    <time>2025-08-16T03:06:10Z</time>
   </trkpt>
   <trkpt lat="25.0200770" lon="121.4236180">
    <ele>14.5</ele>
    <time>2025-08-16T03:06:11Z</time>
   </trkpt>
   <trkpt lat="25.0200770" lon="121.4236170">
    <ele>14.5</ele>
    <time>2025-08-16T03:06:12Z</time>
   </trkpt>
   <trkpt lat="25.0200750" lon="121.4236260">
    <ele>14.5</ele>
    <time>2025-08-16T03:06:13Z</time>
   </trkpt>
   <trkpt lat="25.0200750" lon="121.4236290">
    <ele>14.5</ele>
    <time>2025-08-16T03:06:14Z</time>
   </trkpt>
   <trkpt lat="25.0200740" lon="121.4236300">
    <ele>14.5</ele>
    <time>2025-08-16T03:06:15Z</time>
   </trkpt>
   <trkpt lat="25.0200730" lon="121.4236320">
    <ele>14.5</ele>
    <time>2025-08-16T03:06:16Z</time>
   </trkpt>
   <trkpt lat="25.0200710" lon="121.4236320">
    <ele>14.5</ele>
    <time>2025-08-16T03:06:17Z</time>
   </trkpt>
   <trkpt lat="25.0200810" lon="121.4236210">
    <ele>14.5</ele>
    <time>2025-08-16T03:06:18Z</time>
   </trkpt>
   <trkpt lat="25.0200900" lon="121.4236110">
    <ele>14.5</ele>
    <time>2025-08-16T03:06:19Z</time>
   </trkpt>
   <trkpt lat="25.0200930" lon="121.4236040">
    <ele>14.5</ele>
    <time>2025-08-16T03:06:20Z</time>
   </trkpt>
   <trkpt lat="25.0200960" lon="121.4236000">
    <ele>14.5</ele>
    <time>2025-08-16T03:06:21Z</time>
   </trkpt>
   <trkpt lat="25.0200980" lon="121.4235980">
    <ele>14.5</ele>
    <time>2025-08-16T03:06:22Z</time>
   </trkpt>
   <trkpt lat="25.0200870" lon="121.4236210">
    <ele>14.5</ele>
    <time>2025-08-16T03:06:23Z</time>
   </trkpt>
   <trkpt lat="25.0200810" lon="121.4236330">
    <ele>14.5</ele>
    <time>2025-08-16T03:06:24Z</time>
   </trkpt>
   <trkpt lat="25.0200780" lon="121.4236380">
    <ele>14.5</ele>
    <time>2025-08-16T03:06:25Z</time>
   </trkpt>
   <trkpt lat="25.0200760" lon="121.4236420">
    <ele>14.5</ele>
    <time>2025-08-16T03:06:26Z</time>
   </trkpt>
   <trkpt lat="25.0200750" lon="121.4236440">
    <ele>14.5</ele>
    <time>2025-08-16T03:06:27Z</time>
   </trkpt>
   <trkpt lat="25.0200740" lon="121.4236440">
    <ele>14.5</ele>
    <time>2025-08-16T03:06:28Z</time>
   </trkpt>
   <trkpt lat="25.0200760" lon="121.4236360">
    <ele>14.5</ele>
    <time>2025-08-16T03:06:29Z</time>
   </trkpt>
   <trkpt lat="25.0200770" lon="121.4236320">
    <ele>14.5</ele>
    <time>2025-08-16T03:06:30Z</time>
   </trkpt>
   <trkpt lat="25.0200770" lon="121.4236300">
    <ele>14.5</ele>
    <time>2025-08-16T03:06:31Z</time>
   </trkpt>
   <trkpt lat="25.0200770" lon="121.4236290">
    <ele>14.5</ele>
    <time>2025-08-16T03:06:32Z</time>
   </trkpt>
   <trkpt lat="25.0200770" lon="121.4236280">
    <ele>14.5</ele>
    <time>2025-08-16T03:06:33Z</time>
   </trkpt>
   <trkpt lat="25.0200790" lon="121.4236310">
    <ele>14.5</ele>
    <time>2025-08-16T03:06:34Z</time>
   </trkpt>
   <trkpt lat="25.0200800" lon="121.4236330">
    <ele>14.5</ele>
    <time>2025-08-16T03:06:35Z</time>
   </trkpt>
   <trkpt lat="25.0200500" lon="121.4236390">
    <ele>14.5</ele>
    <time>2025-08-16T03:06:36Z</time>
   </trkpt>
   <trkpt lat="25.0200550" lon="121.4236340">
    <ele>14.5</ele>
    <time>2025-08-16T03:06:37Z</time>
   </trkpt>
   <trkpt lat="25.0200630" lon="121.4236280">
    <ele>14.5</ele>
    <time>2025-08-16T03:06:38Z</time>
   </trkpt>
   <trkpt lat="25.0200680" lon="121.4236240">
    <ele>14.5</ele>
    <time>2025-08-16T03:06:40Z</time>
   </trkpt>
   <trkpt lat="25.0200620" lon="121.4236280">
    <ele>14.5</ele>
    <time>2025-08-16T03:06:41Z</time>
   </trkpt>
   <trkpt lat="25.0200590" lon="121.4236290">
    <ele>14.5</ele>
    <time>2025-08-16T03:06:42Z</time>
   </trkpt>
   <trkpt lat="25.0200580" lon="121.4236310">
    <ele>14.5</ele>
    <time>2025-08-16T03:06:43Z</time>
   </trkpt>
   <trkpt lat="25.0200570" lon="121.4236330">
    <ele>14.5</ele>
    <time>2025-08-16T03:06:44Z</time>
   </trkpt>
   <trkpt lat="25.0200560" lon="121.4236340">
    <ele>14.5</ele>
    <time>2025-08-16T03:06:45Z</time>
   </trkpt>
   <trkpt lat="25.0200590" lon="121.4236420">
    <ele>14.5</ele>
    <time>2025-08-16T03:06:46Z</time>
   </trkpt>
   <trkpt lat="25.0200630" lon="121.4236390">
    <ele>14.5</ele>
    <time>2025-08-16T03:06:47Z</time>
   </trkpt>
   <trkpt lat="25.0200660" lon="121.4236370">
    <ele>14.5</ele>
    <time>2025-08-16T03:06:48Z</time>
   </trkpt>
   <trkpt lat="25.0200700" lon="121.4236350">
    <ele>14.5</ele>
    <time>2025-08-16T03:06:49Z</time>
   </trkpt>
   <trkpt lat="25.0200720" lon="121.4236340">
    <ele>14.5</ele>
    <time>2025-08-16T03:06:50Z</time>
   </trkpt>
   <trkpt lat="25.0200480" lon="121.4236310">
    <ele>14.5</ele>
    <time>2025-08-16T03:06:51Z</time>
   </trkpt>
   <trkpt lat="25.0200480" lon="121.4236300">
    <ele>14.5</ele>
    <time>2025-08-16T03:06:52Z</time>
   </trkpt>
   <trkpt lat="25.0200500" lon="121.4236290">
    <ele>14.5</ele>
    <time>2025-08-16T03:06:53Z</time>
   </trkpt>
   <trkpt lat="25.0200540" lon="121.4236270">
    <ele>14.5</ele>
    <time>2025-08-16T03:06:54Z</time>
   </trkpt>
   <trkpt lat="25.0200560" lon="121.4236250">
    <ele>14.5</ele>
    <time>2025-08-16T03:06:55Z</time>
   </trkpt>
   <trkpt lat="25.0200550" lon="121.4236240">
    <ele>14.5</ele>
    <time>2025-08-16T03:06:56Z</time>
   </trkpt>
   <trkpt lat="25.0200260" lon="121.4236190">
    <ele>14.6</ele>
    <time>2025-08-16T03:06:57Z</time>
   </trkpt>
   <trkpt lat="25.0200200" lon="121.4236200">
    <ele>14.6</ele>
    <time>2025-08-16T03:06:58Z</time>
   </trkpt>
   <trkpt lat="25.0200110" lon="121.4236190">
    <ele>14.6</ele>
    <time>2025-08-16T03:06:59Z</time>
   </trkpt>
   <trkpt lat="25.0200030" lon="121.4236190">
    <ele>14.6</ele>
    <time>2025-08-16T03:07:00Z</time>
   </trkpt>
   <trkpt lat="25.0199940" lon="121.4236180">
    <ele>14.6</ele>
    <time>2025-08-16T03:07:01Z</time>
   </trkpt>
   <trkpt lat="25.0199850" lon="121.4236180">
    <ele>14.6</ele>
    <time>2025-08-16T03:07:02Z</time>
   </trkpt>
   <trkpt lat="25.0199900" lon="121.4236190">
    <ele>14.6</ele>
    <time>2025-08-16T03:07:03Z</time>
   </trkpt>
   <trkpt lat="25.0199970" lon="121.4236210">
    <ele>14.6</ele>
    <time>2025-08-16T03:07:04Z</time>
   </trkpt>
   <trkpt lat="25.0200050" lon="121.4236210">
    <ele>14.6</ele>
    <time>2025-08-16T03:07:05Z</time>
   </trkpt>
   <trkpt lat="25.0200100" lon="121.4236210">
    <ele>14.6</ele>
    <time>2025-08-16T03:07:06Z</time>
   </trkpt>
   <trkpt lat="25.0199890" lon="121.4236160">
    <ele>14.6</ele>
    <time>2025-08-16T03:07:07Z</time>
   </trkpt>
   <trkpt lat="25.0199870" lon="121.4236150">
    <ele>14.6</ele>
    <time>2025-08-16T03:07:08Z</time>
   </trkpt>
   <trkpt lat="25.0199850" lon="121.4236140">
    <ele>14.6</ele>
    <time>2025-08-16T03:07:09Z</time>
   </trkpt>
   <trkpt lat="25.0199860" lon="121.4236130">
    <ele>14.6</ele>
    <time>2025-08-16T03:07:10Z</time>
   </trkpt>
   <trkpt lat="25.0199870" lon="121.4236110">
    <ele>14.6</ele>
    <time>2025-08-16T03:07:11Z</time>
   </trkpt>
   <trkpt lat="25.0199520" lon="121.4236130">
    <ele>14.6</ele>
    <time>2025-08-16T03:07:12Z</time>
   </trkpt>
   <trkpt lat="25.0199480" lon="121.4236130">
    <ele>14.6</ele>
    <time>2025-08-16T03:07:13Z</time>
   </trkpt>
   <trkpt lat="25.0199470" lon="121.4236130">
    <ele>14.6</ele>
    <time>2025-08-16T03:07:14Z</time>
   </trkpt>
   <trkpt lat="25.0199470" lon="121.4236130">
    <ele>14.6</ele>
    <time>2025-08-16T03:07:15Z</time>
   </trkpt>
   <trkpt lat="25.0199470" lon="121.4236130">
    <ele>14.6</ele>
    <time>2025-08-16T03:07:16Z</time>
   </trkpt>
   <trkpt lat="25.0199320" lon="121.4236170">
    <ele>14.6</ele>
    <time>2025-08-16T03:07:17Z</time>
   </trkpt>
   <trkpt lat="25.0199290" lon="121.4236180">
    <ele>14.6</ele>
    <time>2025-08-16T03:07:18Z</time>
   </trkpt>
   <trkpt lat="25.0199280" lon="121.4236180">
    <ele>14.6</ele>
    <time>2025-08-16T03:07:19Z</time>
   </trkpt>
   <trkpt lat="25.0199290" lon="121.4236170">
    <ele>14.6</ele>
    <time>2025-08-16T03:07:20Z</time>
   </trkpt>
   <trkpt lat="25.0199290" lon="121.4236150">
    <ele>14.6</ele>
    <time>2025-08-16T03:07:21Z</time>
   </trkpt>
   <trkpt lat="25.0199230" lon="121.4236170">
    <ele>14.6</ele>
    <time>2025-08-16T03:07:23Z</time>
   </trkpt>
   <trkpt lat="25.0199220" lon="121.4236160">
    <ele>14.6</ele>
    <time>2025-08-16T03:07:24Z</time>
   </trkpt>
   <trkpt lat="25.0199100" lon="121.4236060">
    <ele>14.6</ele>
    <time>2025-08-16T03:07:25Z</time>
   </trkpt>
   <trkpt lat="25.0199000" lon="121.4235980">
    <ele>14.6</ele>
    <time>2025-08-16T03:07:26Z</time>
   </trkpt>
   <trkpt lat="25.0198970" lon="121.4235980">
    <ele>14.6</ele>
    <time>2025-08-16T03:07:27Z</time>
   </trkpt>
   <trkpt lat="25.0198960" lon="121.4235970">
    <ele>14.6</ele>
    <time>2025-08-16T03:07:28Z</time>
   </trkpt>
   <trkpt lat="25.0198960" lon="121.4235960">
    <ele>14.6</ele>
    <time>2025-08-16T03:07:29Z</time>
   </trkpt>
   <trkpt lat="25.0198960" lon="121.4235960">
    <ele>14.6</ele>
    <time>2025-08-16T03:07:30Z</time>
   </trkpt>
   <trkpt lat="25.0198960" lon="121.4235960">
    <ele>14.6</ele>
    <time>2025-08-16T03:07:31Z</time>
   </trkpt>
   <trkpt lat="25.0198960" lon="121.4235950">
    <ele>14.6</ele>
    <time>2025-08-16T03:07:32Z</time>
   </trkpt>
   <trkpt lat="25.0198950" lon="121.4235860">
    <ele>14.6</ele>
    <time>2025-08-16T03:07:33Z</time>
   </trkpt>
   <trkpt lat="25.0198950" lon="121.4235810">
    <ele>14.6</ele>
    <time>2025-08-16T03:07:34Z</time>
   </trkpt>
   <trkpt lat="25.0198950" lon="121.4235780">
    <ele>14.6</ele>
    <time>2025-08-16T03:07:35Z</time>
   </trkpt>
   <trkpt lat="25.0198940" lon="121.4235780">
    <ele>14.6</ele>
    <time>2025-08-16T03:07:36Z</time>
   </trkpt>
   <trkpt lat="25.0198930" lon="121.4235780">
    <ele>14.6</ele>
    <time>2025-08-16T03:07:37Z</time>
   </trkpt>
   <trkpt lat="25.0198930" lon="121.4235780">
    <ele>14.6</ele>
    <time>2025-08-16T03:07:38Z</time>
   </trkpt>
   <trkpt lat="25.0198920" lon="121.4235780">
    <ele>14.6</ele>
    <time>2025-08-16T03:07:39Z</time>
   </trkpt>
   <trkpt lat="25.0198910" lon="121.4235790">
    <ele>14.6</ele>
    <time>2025-08-16T03:07:40Z</time>
   </trkpt>
   <trkpt lat="25.0198910" lon="121.4235790">
    <ele>14.6</ele>
    <time>2025-08-16T03:07:41Z</time>
   </trkpt>
   <trkpt lat="25.0198910" lon="121.4235790">
    <ele>14.6</ele>
    <time>2025-08-16T03:07:42Z</time>
   </trkpt>
   <trkpt lat="25.0198910" lon="121.4235790">
    <ele>14.6</ele>
    <time>2025-08-16T03:07:43Z</time>
   </trkpt>
   <trkpt lat="25.0198910" lon="121.4235790">
    <ele>14.6</ele>
    <time>2025-08-16T03:07:44Z</time>
   </trkpt>
   <trkpt lat="25.0198910" lon="121.4235860">
    <ele>14.6</ele>
    <time>2025-08-16T03:07:45Z</time>
   </trkpt>
   <trkpt lat="25.0198910" lon="121.4235900">
    <ele>14.6</ele>
    <time>2025-08-16T03:07:46Z</time>
   </trkpt>
   <trkpt lat="25.0198910" lon="121.4235920">
    <ele>14.6</ele>
    <time>2025-08-16T03:07:47Z</time>
   </trkpt>
   <trkpt lat="25.0198910" lon="121.4235920">
    <ele>14.6</ele>
    <time>2025-08-16T03:07:48Z</time>
   </trkpt>
   <trkpt lat="25.0198910" lon="121.4235920">
    <ele>14.6</ele>
    <time>2025-08-16T03:07:49Z</time>
   </trkpt>
   <trkpt lat="25.0198920" lon="121.4235910">
    <ele>14.6</ele>
    <time>2025-08-16T03:07:50Z</time>
   </trkpt>
   <trkpt lat="25.0198920" lon="121.4235900">
    <ele>14.6</ele>
    <time>2025-08-16T03:07:51Z</time>
   </trkpt>
   <trkpt lat="25.0198920" lon="121.4235890">
    <ele>14.6</ele>
    <time>2025-08-16T03:07:52Z</time>
   </trkpt>
   <trkpt lat="25.0198920" lon="121.4235890">
    <ele>14.6</ele>
    <time>2025-08-16T03:07:53Z</time>
   </trkpt>
   <trkpt lat="25.0198920" lon="121.4235880">
    <ele>14.6</ele>
    <time>2025-08-16T03:07:54Z</time>
   </trkpt>
   <trkpt lat="25.0198910" lon="121.4235890">
    <ele>14.6</ele>
    <time>2025-08-16T03:07:55Z</time>
   </trkpt>
   <trkpt lat="25.0198900" lon="121.4235890">
    <ele>14.6</ele>
    <time>2025-08-16T03:07:56Z</time>
   </trkpt>
   <trkpt lat="25.0198900" lon="121.4235890">
    <ele>14.6</ele>
    <time>2025-08-16T03:07:57Z</time>
   </trkpt>
   <trkpt lat="25.0198900" lon="121.4235900">
    <ele>14.6</ele>
    <time>2025-08-16T03:07:58Z</time>
   </trkpt>
   <trkpt lat="25.0198900" lon="121.4235900">
    <ele>14.6</ele>
    <time>2025-08-16T03:07:59Z</time>
   </trkpt>
   <trkpt lat="25.0198900" lon="121.4235920">
    <ele>14.6</ele>
    <time>2025-08-16T03:08:00Z</time>
   </trkpt>
   <trkpt lat="25.0198910" lon="121.4235930">
    <ele>14.6</ele>
    <time>2025-08-16T03:08:01Z</time>
   </trkpt>
   <trkpt lat="25.0198910" lon="121.4235940">
    <ele>14.6</ele>
    <time>2025-08-16T03:08:02Z</time>
   </trkpt>
   <trkpt lat="25.0198910" lon="121.4235940">
    <ele>14.6</ele>
    <time>2025-08-16T03:08:03Z</time>
   </trkpt>
   <trkpt lat="25.0198900" lon="121.4235950">
    <ele>14.6</ele>
    <time>2025-08-16T03:08:04Z</time>
   </trkpt>
   <trkpt lat="25.0198930" lon="121.4235930">
    <ele>14.6</ele>
    <time>2025-08-16T03:08:05Z</time>
   </trkpt>
   <trkpt lat="25.0198950" lon="121.4235920">
    <ele>14.6</ele>
    <time>2025-08-16T03:08:06Z</time>
   </trkpt>
   <trkpt lat="25.0198960" lon="121.4235910">
    <ele>14.6</ele>
    <time>2025-08-16T03:08:07Z</time>
   </trkpt>
   <trkpt lat="25.0198970" lon="121.4235900">
    <ele>14.6</ele>
    <time>2025-08-16T03:08:08Z</time>
   </trkpt>
   <trkpt lat="25.0198970" lon="121.4235900">
    <ele>14.6</ele>
    <time>2025-08-16T03:08:09Z</time>
   </trkpt>
   <trkpt lat="25.0198980" lon="121.4235900">
    <ele>14.6</ele>
    <time>2025-08-16T03:08:10Z</time>
   </trkpt>
   <trkpt lat="25.0198960" lon="121.4235930">
    <ele>14.6</ele>
    <time>2025-08-16T03:08:11Z</time>
   </trkpt>
   <trkpt lat="25.0198950" lon="121.4235950">
    <ele>14.6</ele>
    <time>2025-08-16T03:08:12Z</time>
   </trkpt>
   <trkpt lat="25.0198930" lon="121.4235970">
    <ele>14.6</ele>
    <time>2025-08-16T03:08:13Z</time>
   </trkpt>
   <trkpt lat="25.0198920" lon="121.4235980">
    <ele>14.6</ele>
    <time>2025-08-16T03:08:14Z</time>
   </trkpt>
   <trkpt lat="25.0198910" lon="121.4235990">
    <ele>14.6</ele>
    <time>2025-08-16T03:08:15Z</time>
   </trkpt>
   <trkpt lat="25.0198910" lon="121.4235940">
    <ele>14.6</ele>
    <time>2025-08-16T03:08:16Z</time>
   </trkpt>
   <trkpt lat="25.0198920" lon="121.4235910">
    <ele>14.6</ele>
    <time>2025-08-16T03:08:17Z</time>
   </trkpt>
   <trkpt lat="25.0198920" lon="121.4235900">
    <ele>14.6</ele>
    <time>2025-08-16T03:08:18Z</time>
   </trkpt>
   <trkpt lat="25.0198920" lon="121.4235890">
    <ele>14.6</ele>
    <time>2025-08-16T03:08:19Z</time>
   </trkpt>
   <trkpt lat="25.0198910" lon="121.4235890">
    <ele>14.6</ele>
    <time>2025-08-16T03:08:20Z</time>
   </trkpt>
   <trkpt lat="25.0198910" lon="121.4235880">
    <ele>14.6</ele>
    <time>2025-08-16T03:08:21Z</time>
   </trkpt>
   <trkpt lat="25.0198920" lon="121.4235870">
    <ele>14.6</ele>
    <time>2025-08-16T03:08:22Z</time>
   </trkpt>
   <trkpt lat="25.0198870" lon="121.4235890">
    <ele>14.6</ele>
    <time>2025-08-16T03:08:23Z</time>
   </trkpt>
   <trkpt lat="25.0198840" lon="121.4235890">
    <ele>14.6</ele>
    <time>2025-08-16T03:08:24Z</time>
   </trkpt>
   <trkpt lat="25.0198810" lon="121.4235900">
    <ele>14.6</ele>
    <time>2025-08-16T03:08:25Z</time>
   </trkpt>
   <trkpt lat="25.0198790" lon="121.4235910">
    <ele>14.6</ele>
    <time>2025-08-16T03:08:26Z</time>
   </trkpt>
   <trkpt lat="25.0198800" lon="121.4235920">
    <ele>14.6</ele>
    <time>2025-08-16T03:08:27Z</time>
   </trkpt>
   <trkpt lat="25.0198880" lon="121.4235970">
    <ele>14.6</ele>
    <time>2025-08-16T03:08:28Z</time>
   </trkpt>
   <trkpt lat="25.0198930" lon="121.4236010">
    <ele>14.6</ele>
    <time>2025-08-16T03:08:29Z</time>
   </trkpt>
   <trkpt lat="25.0198960" lon="121.4236050">
    <ele>14.6</ele>
    <time>2025-08-16T03:08:30Z</time>
   </trkpt>
   <trkpt lat="25.0198990" lon="121.4236080">
    <ele>14.6</ele>
    <time>2025-08-16T03:08:31Z</time>
   </trkpt>
   <trkpt lat="25.0199000" lon="121.4236100">
    <ele>14.6</ele>
    <time>2025-08-16T03:08:32Z</time>
   </trkpt>
   <trkpt lat="25.0199000" lon="121.4236100">
    <ele>14.6</ele>
    <time>2025-08-16T03:08:33Z</time>
   </trkpt>
   <trkpt lat="25.0198980" lon="121.4236100">
    <ele>14.6</ele>
    <time>2025-08-16T03:08:34Z</time>
   </trkpt>
   <trkpt lat="25.0198830" lon="121.4235930">
    <ele>14.6</ele>
    <time>2025-08-16T03:08:35Z</time>
   </trkpt>
   <trkpt lat="25.0198850" lon="121.4235920">
    <ele>14.6</ele>
    <time>2025-08-16T03:08:36Z</time>
   </trkpt>
   <trkpt lat="25.0198870" lon="121.4235900">
    <ele>14.6</ele>
    <time>2025-08-16T03:08:37Z</time>
   </trkpt>
   <trkpt lat="25.0198880" lon="121.4235890">
    <ele>14.6</ele>
    <time>2025-08-16T03:08:38Z</time>
   </trkpt>
   <trkpt lat="25.0198890" lon="121.4235870">
    <ele>14.6</ele>
    <time>2025-08-16T03:08:39Z</time>
   </trkpt>
   <trkpt lat="25.0198870" lon="121.4235890">
    <ele>14.6</ele>
    <time>2025-08-16T03:08:40Z</time>
   </trkpt>
   <trkpt lat="25.0198860" lon="121.4235880">
    <ele>14.6</ele>
    <time>2025-08-16T03:08:41Z</time>
   </trkpt>
   <trkpt lat="25.0198870" lon="121.4235870">
    <ele>14.6</ele>
    <time>2025-08-16T03:08:42Z</time>
   </trkpt>
   <trkpt lat="25.0198880" lon="121.4235850">
    <ele>14.6</ele>
    <time>2025-08-16T03:08:43Z</time>
   </trkpt>
   <trkpt lat="25.0198890" lon="121.4235840">
    <ele>14.6</ele>
    <time>2025-08-16T03:08:44Z</time>
   </trkpt>
   <trkpt lat="25.0198790" lon="121.4235840">
    <ele>14.6</ele>
    <time>2025-08-16T03:08:45Z</time>
   </trkpt>
   <trkpt lat="25.0198770" lon="121.4235830">
    <ele>14.6</ele>
    <time>2025-08-16T03:08:46Z</time>
   </trkpt>
   <trkpt lat="25.0198770" lon="121.4235810">
    <ele>14.6</ele>
    <time>2025-08-16T03:08:47Z</time>
   </trkpt>
   <trkpt lat="25.0198790" lon="121.4235780">
    <ele>14.6</ele>
    <time>2025-08-16T03:08:48Z</time>
   </trkpt>
   <trkpt lat="25.0198790" lon="121.4235760">
    <ele>14.6</ele>
    <time>2025-08-16T03:08:49Z</time>
   </trkpt>
   <trkpt lat="25.0198780" lon="121.4235740">
    <ele>14.6</ele>
    <time>2025-08-16T03:08:50Z</time>
   </trkpt>
   <trkpt lat="25.0198630" lon="121.4235720">
    <ele>14.6</ele>
    <time>2025-08-16T03:08:51Z</time>
   </trkpt>
   <trkpt lat="25.0198630" lon="121.4235720">
    <ele>14.6</ele>
    <time>2025-08-16T03:08:52Z</time>
   </trkpt>
   <trkpt lat="25.0198630" lon="121.4235700">
    <ele>14.6</ele>
    <time>2025-08-16T03:08:53Z</time>
   </trkpt>
   <trkpt lat="25.0198630" lon="121.4235680">
    <ele>14.6</ele>
    <time>2025-08-16T03:08:54Z</time>
   </trkpt>
   <trkpt lat="25.0198620" lon="121.4235680">
    <ele>14.6</ele>
    <time>2025-08-16T03:08:55Z</time>
   </trkpt>
   <trkpt lat="25.0198620" lon="121.4235660">
    <ele>14.6</ele>
    <time>2025-08-16T03:08:56Z</time>
   </trkpt>
   <trkpt lat="25.0198360" lon="121.4235720">
    <ele>14.6</ele>
    <time>2025-08-16T03:08:58Z</time>
   </trkpt>
   <trkpt lat="25.0198330" lon="121.4235730">
    <ele>14.6</ele>
    <time>2025-08-16T03:08:59Z</time>
   </trkpt>
   <trkpt lat="25.0198290" lon="121.4235730">
    <ele>14.6</ele>
    <time>2025-08-16T03:09:00Z</time>
   </trkpt>
   <trkpt lat="25.0198220" lon="121.4235750">
    <ele>14.6</ele>
    <time>2025-08-16T03:09:01Z</time>
   </trkpt>
   <trkpt lat="25.0198160" lon="121.4235750">
    <ele>14.7</ele>
    <time>2025-08-16T03:09:02Z</time>
   </trkpt>
   <trkpt lat="25.0198080" lon="121.4235750">
    <ele>14.7</ele>
    <time>2025-08-16T03:09:03Z</time>
   </trkpt>
   <trkpt lat="25.0198020" lon="121.4235740">
    <ele>14.7</ele>
    <time>2025-08-16T03:09:04Z</time>
   </trkpt>
   <trkpt lat="25.0197960" lon="121.4235730">
    <ele>14.7</ele>
    <time>2025-08-16T03:09:05Z</time>
   </trkpt>
   <trkpt lat="25.0197870" lon="121.4235720">
    <ele>14.7</ele>
    <time>2025-08-16T03:09:06Z</time>
   </trkpt>
   <trkpt lat="25.0197730" lon="121.4235680">
    <ele>14.7</ele>
    <time>2025-08-16T03:09:07Z</time>
   </trkpt>
   <trkpt lat="25.0197580" lon="121.4235630">
    <ele>14.7</ele>
    <time>2025-08-16T03:09:08Z</time>
   </trkpt>
   <trkpt lat="25.0197460" lon="121.4235600">
    <ele>14.7</ele>
    <time>2025-08-16T03:09:09Z</time>
   </trkpt>
   <trkpt lat="25.0197220" lon="121.4235450">
    <ele>14.7</ele>
    <time>2025-08-16T03:09:10Z</time>
   </trkpt>
   <trkpt lat="25.0197080" lon="121.4235330">
    <ele>14.7</ele>
    <time>2025-08-16T03:09:11Z</time>
   </trkpt>
   <trkpt lat="25.0196870" lon="121.4235150">
    <ele>14.8</ele>
    <time>2025-08-16T03:09:12Z</time>
   </trkpt>
   <trkpt lat="25.0196860" lon="121.4235140">
    <ele>14.8</ele>
    <time>2025-08-16T03:09:13Z</time>
   </trkpt>
   <trkpt lat="25.0196840" lon="121.4235130">
    <ele>14.8</ele>
    <time>2025-08-16T03:09:14Z</time>
   </trkpt>
   <trkpt lat="25.0196840" lon="121.4235140">
    <ele>14.8</ele>
    <time>2025-08-16T03:09:15Z</time>
   </trkpt>
   <trkpt lat="25.0196820" lon="121.4235140">
    <ele>14.8</ele>
    <time>2025-08-16T03:09:16Z</time>
   </trkpt>
   <trkpt lat="25.0196780" lon="121.4235110">
    <ele>14.8</ele>
    <time>2025-08-16T03:09:17Z</time>
   </trkpt>
   <trkpt lat="25.0196760" lon="121.4235100">
    <ele>14.8</ele>
    <time>2025-08-16T03:09:18Z</time>
   </trkpt>
   <trkpt lat="25.0196810" lon="121.4235130">
    <ele>14.8</ele>
    <time>2025-08-16T03:09:19Z</time>
   </trkpt>
   <trkpt lat="25.0196870" lon="121.4235160">
    <ele>14.8</ele>
    <time>2025-08-16T03:09:20Z</time>
   </trkpt>
   <trkpt lat="25.0196880" lon="121.4235170">
    <ele>14.8</ele>
    <time>2025-08-16T03:09:21Z</time>
   </trkpt>
   <trkpt lat="25.0196800" lon="121.4235190">
    <ele>14.8</ele>
    <time>2025-08-16T03:09:22Z</time>
   </trkpt>
   <trkpt lat="25.0196720" lon="121.4235260">
    <ele>14.8</ele>
    <time>2025-08-16T03:09:23Z</time>
   </trkpt>
   <trkpt lat="25.0196660" lon="121.4235290">
    <ele>14.8</ele>
    <time>2025-08-16T03:09:25Z</time>
   </trkpt>
   <trkpt lat="25.0196580" lon="121.4235340">
    <ele>14.8</ele>
    <time>2025-08-16T03:09:26Z</time>
   </trkpt>
   <trkpt lat="25.0196550" lon="121.4235360">
    <ele>14.8</ele>
    <time>2025-08-16T03:09:27Z</time>
   </trkpt>
   <trkpt lat="25.0196460" lon="121.4235390">
    <ele>14.8</ele>
    <time>2025-08-16T03:09:28Z</time>
   </trkpt>
   <trkpt lat="25.0196400" lon="121.4235390">
    <ele>14.8</ele>
    <time>2025-08-16T03:09:29Z</time>
   </trkpt>
   <trkpt lat="25.0196340" lon="121.4235390">
    <ele>14.8</ele>
    <time>2025-08-16T03:09:30Z</time>
   </trkpt>
   <trkpt lat="25.0196280" lon="121.4235400">
    <ele>14.8</ele>
    <time>2025-08-16T03:09:31Z</time>
   </trkpt>
   <trkpt lat="25.0196270" lon="121.4235410">
    <ele>14.8</ele>
    <time>2025-08-16T03:09:32Z</time>
   </trkpt>
   <trkpt lat="25.0196210" lon="121.4235370">
    <ele>14.8</ele>
    <time>2025-08-16T03:09:33Z</time>
   </trkpt>
   <trkpt lat="25.0196110" lon="121.4235310">
    <ele>14.8</ele>
    <time>2025-08-16T03:09:34Z</time>
   </trkpt>
   <trkpt lat="25.0195980" lon="121.4235230">
    <ele>14.8</ele>
    <time>2025-08-16T03:09:35Z</time>
   </trkpt>
   <trkpt lat="25.0195690" lon="121.4234990">
    <ele>14.8</ele>
    <time>2025-08-16T03:09:36Z</time>
   </trkpt>
   <trkpt lat="25.0195660" lon="121.4234970">
    <ele>14.8</ele>
    <time>2025-08-16T03:09:37Z</time>
   </trkpt>
   <trkpt lat="25.0195570" lon="121.4234890">
    <ele>14.8</ele>
    <time>2025-08-16T03:09:38Z</time>
   </trkpt>
   <trkpt lat="25.0195430" lon="121.4234770">
    <ele>14.8</ele>
    <time>2025-08-16T03:09:39Z</time>
   </trkpt>
   <trkpt lat="25.0195170" lon="121.4234510">
    <ele>14.8</ele>
    <time>2025-08-16T03:09:40Z</time>
   </trkpt>
   <trkpt lat="25.0195100" lon="121.4234450">
    <ele>14.8</ele>
    <time>2025-08-16T03:09:41Z</time>
   </trkpt>
   <trkpt lat="25.0194980" lon="121.4234350">
    <ele>14.8</ele>
    <time>2025-08-16T03:09:42Z</time>
   </trkpt>
   <trkpt lat="25.0194940" lon="121.4234320">
    <ele>14.8</ele>
    <time>2025-08-16T03:09:43Z</time>
   </trkpt>
   <trkpt lat="25.0194900" lon="121.4234290">
    <ele>14.8</ele>
    <time>2025-08-16T03:09:44Z</time>
   </trkpt>
   <trkpt lat="25.0194860" lon="121.4234260">
    <ele>14.8</ele>
    <time>2025-08-16T03:09:45Z</time>
   </trkpt>
   <trkpt lat="25.0194820" lon="121.4234230">
    <ele>14.8</ele>
    <time>2025-08-16T03:09:46Z</time>
   </trkpt>
   <trkpt lat="25.0194780" lon="121.4234200">
    <ele>14.8</ele>
    <time>2025-08-16T03:09:47Z</time>
   </trkpt>
   <trkpt lat="25.0194670" lon="121.4234140">
    <ele>14.8</ele>
    <time>2025-08-16T03:09:48Z</time>
   </trkpt>
   <trkpt lat="25.0194600" lon="121.4234110">
    <ele>14.8</ele>
    <time>2025-08-16T03:09:49Z</time>
   </trkpt>
   <trkpt lat="25.0194530" lon="121.4234080">
    <ele>14.8</ele>
    <time>2025-08-16T03:09:51Z</time>
   </trkpt>
   <trkpt lat="25.0194460" lon="121.4234050">
    <ele>14.8</ele>
    <time>2025-08-16T03:09:52Z</time>
   </trkpt>
   <trkpt lat="25.0194380" lon="121.4234020">
    <ele>14.8</ele>
    <time>2025-08-16T03:09:53Z</time>
   </trkpt>
   <trkpt lat="25.0194310" lon="121.4233990">
    <ele>14.8</ele>
    <time>2025-08-16T03:09:54Z</time>
   </trkpt>
   <trkpt lat="25.0194240" lon="121.4233960">
    <ele>14.8</ele>
    <time>2025-08-16T03:09:55Z</time>
   </trkpt>
   <trkpt lat="25.0194170" lon="121.4233930">
    <ele>14.8</ele>
    <time>2025-08-16T03:09:56Z</time>
   </trkpt>
   <trkpt lat="25.0193980" lon="121.4233830">
    <ele>14.8</ele>
    <time>2025-08-16T03:09:57Z</time>
   </trkpt>
   <trkpt lat="25.0193870" lon="121.4233780">
    <ele>14.8</ele>
    <time>2025-08-16T03:09:59Z</time>
   </trkpt>
   <trkpt lat="25.0193760" lon="121.4233720">
    <ele>14.8</ele>
    <time>2025-08-16T03:10:00Z</time>
   </trkpt>
   <trkpt lat="25.0193650" lon="121.4233670">
    <ele>14.8</ele>
    <time>2025-08-16T03:10:01Z</time>
   </trkpt>
   <trkpt lat="25.0193540" lon="121.4233610">
    <ele>14.8</ele>
    <time>2025-08-16T03:10:02Z</time>
   </trkpt>
   <trkpt lat="25.0193080" lon="121.4233390">
    <ele>14.8</ele>
    <time>2025-08-16T03:10:03Z</time>
   </trkpt>
   <trkpt lat="25.0192800" lon="121.4233260">
    <ele>14.8</ele>
    <time>2025-08-16T03:10:04Z</time>
   </trkpt>
   <trkpt lat="25.0192630" lon="121.4233190">
    <ele>14.8</ele>
    <time>2025-08-16T03:10:05Z</time>
   </trkpt>
   <trkpt lat="25.0192530" lon="121.4233140">
    <ele>14.8</ele>
    <time>2025-08-16T03:10:06Z</time>
   </trkpt>
   <trkpt lat="25.0192500" lon="121.4233110">
    <ele>14.8</ele>
    <time>2025-08-16T03:10:07Z</time>
   </trkpt>
   <trkpt lat="25.0192480" lon="121.4233100">
    <ele>14.8</ele>
    <time>2025-08-16T03:10:08Z</time>
   </trkpt>
   <trkpt lat="25.0192470" lon="121.4233090">
    <ele>14.8</ele>
    <time>2025-08-16T03:10:09Z</time>
   </trkpt>
   <trkpt lat="25.0192460" lon="121.4233130">
    <ele>14.8</ele>
    <time>2025-08-16T03:10:10Z</time>
   </trkpt>
   <trkpt lat="25.0192450" lon="121.4233150">
    <ele>14.8</ele>
    <time>2025-08-16T03:10:11Z</time>
   </trkpt>
   <trkpt lat="25.0192440" lon="121.4233160">
    <ele>14.8</ele>
    <time>2025-08-16T03:10:12Z</time>
   </trkpt>
   <trkpt lat="25.0192440" lon="121.4233170">
    <ele>14.8</ele>
    <time>2025-08-16T03:10:13Z</time>
   </trkpt>
   <trkpt lat="25.0192430" lon="121.4233170">
    <ele>14.8</ele>
    <time>2025-08-16T03:10:14Z</time>
   </trkpt>
   <trkpt lat="25.0192480" lon="121.4233230">
    <ele>14.8</ele>
    <time>2025-08-16T03:10:15Z</time>
   </trkpt>
   <trkpt lat="25.0192490" lon="121.4233250">
    <ele>14.8</ele>
    <time>2025-08-16T03:10:16Z</time>
   </trkpt>
   <trkpt lat="25.0192500" lon="121.4233260">
    <ele>14.8</ele>
    <time>2025-08-16T03:10:17Z</time>
   </trkpt>
   <trkpt lat="25.0192510" lon="121.4233270">
    <ele>14.8</ele>
    <time>2025-08-16T03:10:18Z</time>
   </trkpt>
   <trkpt lat="25.0192510" lon="121.4233270">
    <ele>14.8</ele>
    <time>2025-08-16T03:10:19Z</time>
   </trkpt>
   <trkpt lat="25.0192530" lon="121.4233350">
    <ele>14.8</ele>
    <time>2025-08-16T03:10:20Z</time>
   </trkpt>
   <trkpt lat="25.0192540" lon="121.4233400">
    <ele>14.8</ele>
    <time>2025-08-16T03:10:21Z</time>
   </trkpt>
   <trkpt lat="25.0192550" lon="121.4233420">
    <ele>14.8</ele>
    <time>2025-08-16T03:10:22Z</time>
   </trkpt>
   <trkpt lat="25.0192550" lon="121.4233430">
    <ele>14.8</ele>
    <time>2025-08-16T03:10:23Z</time>
   </trkpt>
   <trkpt lat="25.0192550" lon="121.4233430">
    <ele>14.8</ele>
    <time>2025-08-16T03:10:24Z</time>
   </trkpt>
   <trkpt lat="25.0192500" lon="121.4233350">
    <ele>14.8</ele>
    <time>2025-08-16T03:10:25Z</time>
   </trkpt>
   <trkpt lat="25.0192470" lon="121.4233310">
    <ele>14.8</ele>
    <time>2025-08-16T03:10:26Z</time>
   </trkpt>
   <trkpt lat="25.0192460" lon="121.4233290">
    <ele>14.8</ele>
    <time>2025-08-16T03:10:27Z</time>
   </trkpt>
   <trkpt lat="25.0192460" lon="121.4233280">
    <ele>14.8</ele>
    <time>2025-08-16T03:10:28Z</time>
   </trkpt>
   <trkpt lat="25.0192460" lon="121.4233280">
    <ele>14.8</ele>
    <time>2025-08-16T03:10:29Z</time>
   </trkpt>
   <trkpt lat="25.0192460" lon="121.4233270">
    <ele>14.8</ele>
    <time>2025-08-16T03:10:30Z</time>
   </trkpt>
   <trkpt lat="25.0192540" lon="121.4233320">
    <ele>14.8</ele>
    <time>2025-08-16T03:10:31Z</time>
   </trkpt>
   <trkpt lat="25.0192590" lon="121.4233350">
    <ele>14.8</ele>
    <time>2025-08-16T03:10:32Z</time>
   </trkpt>
   <trkpt lat="25.0192610" lon="121.4233360">
    <ele>14.8</ele>
    <time>2025-08-16T03:10:33Z</time>
   </trkpt>
   <trkpt lat="25.0192620" lon="121.4233370">
    <ele>14.8</ele>
    <time>2025-08-16T03:10:34Z</time>
   </trkpt>
   <trkpt lat="25.0192620" lon="121.4233370">
    <ele>14.8</ele>
    <time>2025-08-16T03:10:35Z</time>
   </trkpt>
   <trkpt lat="25.0192620" lon="121.4233380">
    <ele>14.8</ele>
    <time>2025-08-16T03:10:36Z</time>
   </trkpt>
   <trkpt lat="25.0192620" lon="121.4233380">
    <ele>14.8</ele>
    <time>2025-08-16T03:10:37Z</time>
   </trkpt>
   <trkpt lat="25.0192750" lon="121.4233450">
    <ele>14.8</ele>
    <time>2025-08-16T03:10:38Z</time>
   </trkpt>
   <trkpt lat="25.0192830" lon="121.4233490">
    <ele>14.8</ele>
    <time>2025-08-16T03:10:39Z</time>
   </trkpt>
   <trkpt lat="25.0192870" lon="121.4233510">
    <ele>14.8</ele>
    <time>2025-08-16T03:10:40Z</time>
   </trkpt>
   <trkpt lat="25.0192890" lon="121.4233520">
    <ele>14.8</ele>
    <time>2025-08-16T03:10:41Z</time>
   </trkpt>
   <trkpt lat="25.0192900" lon="121.4233530">
    <ele>14.8</ele>
    <time>2025-08-16T03:10:42Z</time>
   </trkpt>
   <trkpt lat="25.0192900" lon="121.4233530">
    <ele>14.8</ele>
    <time>2025-08-16T03:10:43Z</time>
   </trkpt>
   <trkpt lat="25.0192900" lon="121.4233530">
    <ele>14.8</ele>
    <time>2025-08-16T03:10:44Z</time>
   </trkpt>
   <trkpt lat="25.0192590" lon="121.4233440">
    <ele>14.8</ele>
    <time>2025-08-16T03:10:45Z</time>
   </trkpt>
   <trkpt lat="25.0192430" lon="121.4233380">
    <ele>14.8</ele>
    <time>2025-08-16T03:10:46Z</time>
   </trkpt>
   <trkpt lat="25.0192340" lon="121.4233360">
    <ele>14.8</ele>
    <time>2025-08-16T03:10:47Z</time>
   </trkpt>
   <trkpt lat="25.0192340" lon="121.4233390">
    <ele>14.8</ele>
    <time>2025-08-16T03:10:48Z</time>
   </trkpt>
   <trkpt lat="25.0192300" lon="121.4233380">
    <ele>14.8</ele>
    <time>2025-08-16T03:10:49Z</time>
   </trkpt>
   <trkpt lat="25.0192270" lon="121.4233380">
    <ele>14.8</ele>
    <time>2025-08-16T03:10:50Z</time>
   </trkpt>
   <trkpt lat="25.0192250" lon="121.4233370">
    <ele>14.8</ele>
    <time>2025-08-16T03:10:51Z</time>
   </trkpt>
   <trkpt lat="25.0192110" lon="121.4233370">
    <ele>14.8</ele>
    <time>2025-08-16T03:10:52Z</time>
   </trkpt>
   <trkpt lat="25.0192080" lon="121.4233370">
    <ele>14.8</ele>
    <time>2025-08-16T03:10:53Z</time>
   </trkpt>
   <trkpt lat="25.0192080" lon="121.4233360">
    <ele>14.8</ele>
    <time>2025-08-16T03:10:54Z</time>
   </trkpt>
   <trkpt lat="25.0192100" lon="121.4233360">
    <ele>14.8</ele>
    <time>2025-08-16T03:10:55Z</time>
   </trkpt>
   <trkpt lat="25.0192110" lon="121.4233360">
    <ele>14.8</ele>
    <time>2025-08-16T03:10:56Z</time>
   </trkpt>
   <trkpt lat="25.0192400" lon="121.4233370">
    <ele>14.8</ele>
    <time>2025-08-16T03:10:57Z</time>
   </trkpt>
   <trkpt lat="25.0192460" lon="121.4233370">
    <ele>14.8</ele>
    <time>2025-08-16T03:10:58Z</time>
   </trkpt>
   <trkpt lat="25.0192450" lon="121.4233350">
    <ele>14.8</ele>
    <time>2025-08-16T03:10:59Z</time>
   </trkpt>
   <trkpt lat="25.0192430" lon="121.4233340">
    <ele>14.8</ele>
    <time>2025-08-16T03:11:00Z</time>
   </trkpt>
   <trkpt lat="25.0192410" lon="121.4233320">
    <ele>14.8</ele>
    <time>2025-08-16T03:11:01Z</time>
   </trkpt>
   <trkpt lat="25.0192400" lon="121.4233310">
    <ele>14.8</ele>
    <time>2025-08-16T03:11:02Z</time>
   </trkpt>
   <trkpt lat="25.0192380" lon="121.4233290">
    <ele>14.8</ele>
    <time>2025-08-16T03:11:03Z</time>
   </trkpt>
   <trkpt lat="25.0192360" lon="121.4233280">
    <ele>14.8</ele>
    <time>2025-08-16T03:11:04Z</time>
   </trkpt>
   <trkpt lat="25.0192350" lon="121.4233260">
    <ele>14.8</ele>
    <time>2025-08-16T03:11:05Z</time>
   </trkpt>
   <trkpt lat="25.0192330" lon="121.4233250">
    <ele>14.8</ele>
    <time>2025-08-16T03:11:06Z</time>
   </trkpt>
   <trkpt lat="25.0192310" lon="121.4233240">
    <ele>14.8</ele>
    <time>2025-08-16T03:11:07Z</time>
   </trkpt>
   <trkpt lat="25.0192300" lon="121.4233220">
    <ele>14.8</ele>
    <time>2025-08-16T03:11:08Z</time>
   </trkpt>
   <trkpt lat="25.0192280" lon="121.4233210">
    <ele>14.8</ele>
    <time>2025-08-16T03:11:09Z</time>
   </trkpt>
   <trkpt lat="25.0192260" lon="121.4233190">
    <ele>14.8</ele>
    <time>2025-08-16T03:11:10Z</time>
   </trkpt>
   <trkpt lat="25.0192250" lon="121.4233180">
    <ele>14.8</ele>
    <time>2025-08-16T03:11:11Z</time>
   </trkpt>
   <trkpt lat="25.0192230" lon="121.4233160">
    <ele>14.8</ele>
    <time>2025-08-16T03:11:12Z</time>
   </trkpt>
   <trkpt lat="25.0192220" lon="121.4233150">
    <ele>14.8</ele>
    <time>2025-08-16T03:11:13Z</time>
   </trkpt>
   <trkpt lat="25.0192200" lon="121.4233140">
    <ele>14.8</ele>
    <time>2025-08-16T03:11:14Z</time>
   </trkpt>
   <trkpt lat="25.0192180" lon="121.4233120">
    <ele>14.8</ele>
    <time>2025-08-16T03:11:15Z</time>
   </trkpt>
   <trkpt lat="25.0192170" lon="121.4233110">
    <ele>14.8</ele>
    <time>2025-08-16T03:11:16Z</time>
   </trkpt>
   <trkpt lat="25.0192150" lon="121.4233090">
    <ele>14.8</ele>
    <time>2025-08-16T03:11:17Z</time>
   </trkpt>
   <trkpt lat="25.0192130" lon="121.4233080">
    <ele>14.8</ele>
    <time>2025-08-16T03:11:18Z</time>
   </trkpt>
   <trkpt lat="25.0192120" lon="121.4233060">
    <ele>14.8</ele>
    <time>2025-08-16T03:11:19Z</time>
   </trkpt>
   <trkpt lat="25.0192100" lon="121.4233050">
    <ele>14.8</ele>
    <time>2025-08-16T03:11:20Z</time>
   </trkpt>
   <trkpt lat="25.0192080" lon="121.4233030">
    <ele>14.8</ele>
    <time>2025-08-16T03:11:21Z</time>
   </trkpt>
   <trkpt lat="25.0192070" lon="121.4233020">
    <ele>14.8</ele>
    <time>2025-08-16T03:11:22Z</time>
   </trkpt>
   <trkpt lat="25.0192050" lon="121.4233010">
    <ele>14.8</ele>
    <time>2025-08-16T03:11:23Z</time>
   </trkpt>
   <trkpt lat="25.0192030" lon="121.4232990">
    <ele>14.8</ele>
    <time>2025-08-16T03:11:24Z</time>
   </trkpt>
   <trkpt lat="25.0192020" lon="121.4232980">
    <ele>14.8</ele>
    <time>2025-08-16T03:11:25Z</time>
   </trkpt>
   <trkpt lat="25.0192000" lon="121.4232960">
    <ele>14.8</ele>
    <time>2025-08-16T03:11:26Z</time>
   </trkpt>
   <trkpt lat="25.0191980" lon="121.4232950">
    <ele>14.8</ele>
    <time>2025-08-16T03:11:27Z</time>
   </trkpt>
   <trkpt lat="25.0191970" lon="121.4232930">
    <ele>14.8</ele>
    <time>2025-08-16T03:11:28Z</time>
   </trkpt>
   <trkpt lat="25.0191950" lon="121.4232920">
    <ele>14.8</ele>
    <time>2025-08-16T03:11:29Z</time>
   </trkpt>
   <trkpt lat="25.0191810" lon="121.4232750">
    <ele>14.8</ele>
    <time>2025-08-16T03:11:30Z</time>
   </trkpt>
   <trkpt lat="25.0191870" lon="121.4232780">
    <ele>14.8</ele>
    <time>2025-08-16T03:11:31Z</time>
   </trkpt>
   <trkpt lat="25.0191910" lon="121.4232810">
    <ele>14.8</ele>
    <time>2025-08-16T03:11:32Z</time>
   </trkpt>
   <trkpt lat="25.0191940" lon="121.4232830">
    <ele>14.8</ele>
    <time>2025-08-16T03:11:33Z</time>
   </trkpt>
   <trkpt lat="25.0191760" lon="121.4233260">
    <ele>14.7</ele>
    <time>2025-08-16T03:11:34Z</time>
   </trkpt>
   <trkpt lat="25.0191560" lon="121.4233550">
    <ele>14.7</ele>
    <time>2025-08-16T03:11:35Z</time>
   </trkpt>
   <trkpt lat="25.0191480" lon="121.4233680">
    <ele>14.7</ele>
    <time>2025-08-16T03:11:36Z</time>
   </trkpt>
   <trkpt lat="25.0191410" lon="121.4233820">
    <ele>14.7</ele>
    <time>2025-08-16T03:11:37Z</time>
   </trkpt>
   <trkpt lat="25.0191340" lon="121.4233950">
    <ele>14.7</ele>
    <time>2025-08-16T03:11:38Z</time>
   </trkpt>
   <trkpt lat="25.0191260" lon="121.4234090">
    <ele>14.7</ele>
    <time>2025-08-16T03:11:39Z</time>
   </trkpt>
   <trkpt lat="25.0191190" lon="121.4234220">
    <ele>14.6</ele>
    <time>2025-08-16T03:11:40Z</time>
   </trkpt>
   <trkpt lat="25.0191200" lon="121.4234430">
    <ele>14.6</ele>
    <time>2025-08-16T03:11:42Z</time>
   </trkpt>
   <trkpt lat="25.0191200" lon="121.4234530">
    <ele>14.6</ele>
    <time>2025-08-16T03:11:43Z</time>
   </trkpt>
   <trkpt lat="25.0191200" lon="121.4234640">
    <ele>14.6</ele>
    <time>2025-08-16T03:11:44Z</time>
   </trkpt>
   <trkpt lat="25.0191240" lon="121.4234740">
    <ele>14.6</ele>
    <time>2025-08-16T03:11:45Z</time>
   </trkpt>
   <trkpt lat="25.0191190" lon="121.4234730">
    <ele>14.6</ele>
    <time>2025-08-16T03:11:46Z</time>
   </trkpt>
   <trkpt lat="25.0191180" lon="121.4234610">
    <ele>14.6</ele>
    <time>2025-08-16T03:11:47Z</time>
   </trkpt>
   <trkpt lat="25.0191190" lon="121.4234380">
    <ele>14.6</ele>
    <time>2025-08-16T03:11:48Z</time>
   </trkpt>
   <trkpt lat="25.0191180" lon="121.4234290">
    <ele>14.6</ele>
    <time>2025-08-16T03:11:49Z</time>
   </trkpt>
   <trkpt lat="25.0191180" lon="121.4234280">
    <ele>14.6</ele>
    <time>2025-08-16T03:11:50Z</time>
   </trkpt>
   <trkpt lat="25.0191190" lon="121.4234270">
    <ele>14.6</ele>
    <time>2025-08-16T03:11:51Z</time>
   </trkpt>
   <trkpt lat="25.0191120" lon="121.4234280">
    <ele>14.6</ele>
    <time>2025-08-16T03:11:52Z</time>
   </trkpt>
   <trkpt lat="25.0191120" lon="121.4234280">
    <ele>14.6</ele>
    <time>2025-08-16T03:11:53Z</time>
   </trkpt>
   <trkpt lat="25.0191100" lon="121.4234300">
    <ele>14.6</ele>
    <time>2025-08-16T03:11:55Z</time>
   </trkpt>
   <trkpt lat="25.0191100" lon="121.4234300">
    <ele>14.6</ele>
    <time>2025-08-16T03:11:56Z</time>
   </trkpt>
   <trkpt lat="25.0191100" lon="121.4234310">
    <ele>14.6</ele>
    <time>2025-08-16T03:11:57Z</time>
   </trkpt>
   <trkpt lat="25.0191100" lon="121.4234310">
    <ele>14.6</ele>
    <time>2025-08-16T03:11:58Z</time>
   </trkpt>
   <trkpt lat="25.0191010" lon="121.4234310">
    <ele>14.6</ele>
    <time>2025-08-16T03:11:59Z</time>
   </trkpt>
   <trkpt lat="25.0191010" lon="121.4234310">
    <ele>14.6</ele>
    <time>2025-08-16T03:12:00Z</time>
   </trkpt>
   <trkpt lat="25.0191010" lon="121.4234310">
    <ele>14.6</ele>
    <time>2025-08-16T03:12:01Z</time>
   </trkpt>
   <trkpt lat="25.0191010" lon="121.4234310">
    <ele>14.6</ele>
    <time>2025-08-16T03:12:02Z</time>
   </trkpt>
   <trkpt lat="25.0191000" lon="121.4234310">
    <ele>14.6</ele>
    <time>2025-08-16T03:12:03Z</time>
   </trkpt>
   <trkpt lat="25.0191010" lon="121.4234310">
    <ele>14.6</ele>
    <time>2025-08-16T03:12:04Z</time>
   </trkpt>
   <trkpt lat="25.0191010" lon="121.4234330">
    <ele>14.6</ele>
    <time>2025-08-16T03:12:05Z</time>
   </trkpt>
   <trkpt lat="25.0190870" lon="121.4234320">
    <ele>14.6</ele>
    <time>2025-08-16T03:12:06Z</time>
   </trkpt>
   <trkpt lat="25.0190560" lon="121.4234300">
    <ele>14.6</ele>
    <time>2025-08-16T03:12:07Z</time>
   </trkpt>
   <trkpt lat="25.0190220" lon="121.4234270">
    <ele>14.6</ele>
    <time>2025-08-16T03:12:08Z</time>
   </trkpt>
   <trkpt lat="25.0190140" lon="121.4234270">
    <ele>14.6</ele>
    <time>2025-08-16T03:12:09Z</time>
   </trkpt>
   <trkpt lat="25.0190040" lon="121.4234260">
    <ele>14.6</ele>
    <time>2025-08-16T03:12:10Z</time>
   </trkpt>
   <trkpt lat="25.0189980" lon="121.4234330">
    <ele>14.6</ele>
    <time>2025-08-16T03:12:11Z</time>
   </trkpt>
   <trkpt lat="25.0189950" lon="121.4234370">
    <ele>14.6</ele>
    <time>2025-08-16T03:12:12Z</time>
   </trkpt>
   <trkpt lat="25.0189930" lon="121.4234390">
    <ele>14.6</ele>
    <time>2025-08-16T03:12:13Z</time>
   </trkpt>
   <trkpt lat="25.0189920" lon="121.4234400">
    <ele>14.6</ele>
    <time>2025-08-16T03:12:14Z</time>
   </trkpt>
   <trkpt lat="25.0189920" lon="121.4234410">
    <ele>14.6</ele>
    <time>2025-08-16T03:12:15Z</time>
   </trkpt>
   <trkpt lat="25.0189920" lon="121.4234410">
    <ele>14.6</ele>
    <time>2025-08-16T03:12:16Z</time>
   </trkpt>
   <trkpt lat="25.0189920" lon="121.4234410">
    <ele>14.6</ele>
    <time>2025-08-16T03:12:17Z</time>
   </trkpt>
   <trkpt lat="25.0189920" lon="121.4234440">
    <ele>14.6</ele>
    <time>2025-08-16T03:12:18Z</time>
   </trkpt>
   <trkpt lat="25.0189920" lon="121.4234460">
    <ele>14.6</ele>
    <time>2025-08-16T03:12:19Z</time>
   </trkpt>
   <trkpt lat="25.0189920" lon="121.4234470">
    <ele>14.6</ele>
    <time>2025-08-16T03:12:20Z</time>
   </trkpt>
   <trkpt lat="25.0189920" lon="121.4234480">
    <ele>14.6</ele>
    <time>2025-08-16T03:12:21Z</time>
   </trkpt>
   <trkpt lat="25.0189920" lon="121.4234480">
    <ele>14.6</ele>
    <time>2025-08-16T03:12:22Z</time>
   </trkpt>
   <trkpt lat="25.0189910" lon="121.4234480">
    <ele>14.6</ele>
    <time>2025-08-16T03:12:23Z</time>
   </trkpt>
   <trkpt lat="25.0189910" lon="121.4234480">
    <ele>14.6</ele>
    <time>2025-08-16T03:12:24Z</time>
   </trkpt>
   <trkpt lat="25.0189930" lon="121.4234420">
    <ele>14.7</ele>
    <time>2025-08-16T03:12:25Z</time>
   </trkpt>
   <trkpt lat="25.0189930" lon="121.4234390">
    <ele>14.7</ele>
    <time>2025-08-16T03:12:26Z</time>
   </trkpt>
   <trkpt lat="25.0189940" lon="121.4234370">
    <ele>14.7</ele>
    <time>2025-08-16T03:12:27Z</time>
   </trkpt>
   <trkpt lat="25.0189940" lon="121.4234360">
    <ele>14.7</ele>
    <time>2025-08-16T03:12:28Z</time>
   </trkpt>
   <trkpt lat="25.0189940" lon="121.4234360">
    <ele>14.7</ele>
    <time>2025-08-16T03:12:29Z</time>
   </trkpt>
   <trkpt lat="25.0189950" lon="121.4234360">
    <ele>14.7</ele>
    <time>2025-08-16T03:12:30Z</time>
   </trkpt>
   <trkpt lat="25.0189950" lon="121.4234360">
    <ele>14.7</ele>
    <time>2025-08-16T03:12:31Z</time>
   </trkpt>
   <trkpt lat="25.0189910" lon="121.4234360">
    <ele>14.7</ele>
    <time>2025-08-16T03:12:32Z</time>
   </trkpt>
   <trkpt lat="25.0189890" lon="121.4234360">
    <ele>14.7</ele>
    <time>2025-08-16T03:12:33Z</time>
   </trkpt>
   <trkpt lat="25.0189880" lon="121.4234360">
    <ele>14.7</ele>
    <time>2025-08-16T03:12:34Z</time>
   </trkpt>
   <trkpt lat="25.0189880" lon="121.4234360">
    <ele>14.7</ele>
    <time>2025-08-16T03:12:35Z</time>
   </trkpt>
   <trkpt lat="25.0189870" lon="121.4234360">
    <ele>14.7</ele>
    <time>2025-08-16T03:12:36Z</time>
   </trkpt>
   <trkpt lat="25.0189880" lon="121.4234410">
    <ele>14.7</ele>
    <time>2025-08-16T03:12:37Z</time>
   </trkpt>
   <trkpt lat="25.0189880" lon="121.4234440">
    <ele>14.7</ele>
    <time>2025-08-16T03:12:38Z</time>
   </trkpt>
   <trkpt lat="25.0189890" lon="121.4234460">
    <ele>14.7</ele>
    <time>2025-08-16T03:12:39Z</time>
   </trkpt>
   <trkpt lat="25.0189890" lon="121.4234470">
    <ele>14.7</ele>
    <time>2025-08-16T03:12:40Z</time>
   </trkpt>
   <trkpt lat="25.0189890" lon="121.4234480">
    <ele>14.7</ele>
    <time>2025-08-16T03:12:41Z</time>
   </trkpt>
   <trkpt lat="25.0189850" lon="121.4234490">
    <ele>14.7</ele>
    <time>2025-08-16T03:12:42Z</time>
   </trkpt>
   <trkpt lat="25.0189830" lon="121.4234490">
    <ele>14.7</ele>
    <time>2025-08-16T03:12:43Z</time>
   </trkpt>
   <trkpt lat="25.0189820" lon="121.4234490">
    <ele>14.7</ele>
    <time>2025-08-16T03:12:44Z</time>
   </trkpt>
   <trkpt lat="25.0189810" lon="121.4234490">
    <ele>14.7</ele>
    <time>2025-08-16T03:12:45Z</time>
   </trkpt>
   <trkpt lat="25.0189820" lon="121.4234490">
    <ele>14.7</ele>
    <time>2025-08-16T03:12:46Z</time>
   </trkpt>
   <trkpt lat="25.0189740" lon="121.4234400">
    <ele>14.7</ele>
    <time>2025-08-16T03:12:47Z</time>
   </trkpt>
   <trkpt lat="25.0189890" lon="121.4234400">
    <ele>14.7</ele>
    <time>2025-08-16T03:12:49Z</time>
   </trkpt>
   <trkpt lat="25.0189900" lon="121.4234400">
    <ele>14.7</ele>
    <time>2025-08-16T03:12:50Z</time>
   </trkpt>
   <trkpt lat="25.0189910" lon="121.4234390">
    <ele>14.7</ele>
    <time>2025-08-16T03:12:51Z</time>
   </trkpt>
   <trkpt lat="25.0189890" lon="121.4234400">
    <ele>14.7</ele>
    <time>2025-08-16T03:12:52Z</time>
   </trkpt>
   <trkpt lat="25.0189890" lon="121.4234410">
    <ele>14.7</ele>
    <time>2025-08-16T03:12:53Z</time>
   </trkpt>
   <trkpt lat="25.0189880" lon="121.4234410">
    <ele>14.7</ele>
    <time>2025-08-16T03:12:54Z</time>
   </trkpt>
   <trkpt lat="25.0189880" lon="121.4234410">
    <ele>14.7</ele>
    <time>2025-08-16T03:12:55Z</time>
   </trkpt>
   <trkpt lat="25.0189920" lon="121.4234390">
    <ele>14.7</ele>
    <time>2025-08-16T03:12:56Z</time>
   </trkpt>
   <trkpt lat="25.0189920" lon="121.4234390">
    <ele>14.7</ele>
    <time>2025-08-16T03:12:57Z</time>
   </trkpt>
   <trkpt lat="25.0189910" lon="121.4234390">
    <ele>14.7</ele>
    <time>2025-08-16T03:12:58Z</time>
   </trkpt>
   <trkpt lat="25.0189910" lon="121.4234380">
    <ele>14.7</ele>
    <time>2025-08-16T03:12:59Z</time>
   </trkpt>
   <trkpt lat="25.0189920" lon="121.4234380">
    <ele>14.7</ele>
    <time>2025-08-16T03:13:00Z</time>
   </trkpt>
   <trkpt lat="25.0189980" lon="121.4234310">
    <ele>14.7</ele>
    <time>2025-08-16T03:13:01Z</time>
   </trkpt>
   <trkpt lat="25.0190010" lon="121.4234310">
    <ele>14.7</ele>
    <time>2025-08-16T03:13:02Z</time>
   </trkpt>
   <trkpt lat="25.0190010" lon="121.4234310">
    <ele>14.7</ele>
    <time>2025-08-16T03:13:03Z</time>
   </trkpt>
   <trkpt lat="25.0190020" lon="121.4234310">
    <ele>14.7</ele>
    <time>2025-08-16T03:13:04Z</time>
   </trkpt>
   <trkpt lat="25.0190040" lon="121.4234320">
    <ele>14.7</ele>
    <time>2025-08-16T03:13:05Z</time>
   </trkpt>
   <trkpt lat="25.0190050" lon="121.4234320">
    <ele>14.7</ele>
    <time>2025-08-16T03:13:07Z</time>
   </trkpt>
   <trkpt lat="25.0190150" lon="121.4234190">
    <ele>14.7</ele>
    <time>2025-08-16T03:13:08Z</time>
   </trkpt>
   <trkpt lat="25.0190170" lon="121.4234160">
    <ele>14.7</ele>
    <time>2025-08-16T03:13:09Z</time>
   </trkpt>
   <trkpt lat="25.0190180" lon="121.4234150">
    <ele>14.7</ele>
    <time>2025-08-16T03:13:10Z</time>
   </trkpt>
   <trkpt lat="25.0190200" lon="121.4234110">
    <ele>14.7</ele>
    <time>2025-08-16T03:13:11Z</time>
   </trkpt>
   <trkpt lat="25.0190220" lon="121.4234080">
    <ele>14.7</ele>
    <time>2025-08-16T03:13:12Z</time>
   </trkpt>
   <trkpt lat="25.0190240" lon="121.4234060">
    <ele>14.7</ele>
    <time>2025-08-16T03:13:13Z</time>
   </trkpt>
   <trkpt lat="25.0190230" lon="121.4234050">
    <ele>14.7</ele>
    <time>2025-08-16T03:13:14Z</time>
   </trkpt>
   <trkpt lat="25.0190380" lon="121.4233920">
    <ele>14.7</ele>
    <time>2025-08-16T03:13:15Z</time>
   </trkpt>
   <trkpt lat="25.0190420" lon="121.4233840">
    <ele>14.7</ele>
    <time>2025-08-16T03:13:16Z</time>
   </trkpt>
   <trkpt lat="25.0190440" lon="121.4233760">
    <ele>14.7</ele>
    <time>2025-08-16T03:13:18Z</time>
   </trkpt>
   <trkpt lat="25.0190470" lon="121.4233690">
    <ele>14.7</ele>
    <time>2025-08-16T03:13:19Z</time>
   </trkpt>
   <trkpt lat="25.0190500" lon="121.4233610">
    <ele>14.7</ele>
    <time>2025-08-16T03:13:20Z</time>
   </trkpt>
   <trkpt lat="25.0190520" lon="121.4233540">
    <ele>14.7</ele>
    <time>2025-08-16T03:13:21Z</time>
   </trkpt>
   <trkpt lat="25.0190550" lon="121.4233460">
    <ele>14.7</ele>
    <time>2025-08-16T03:13:22Z</time>
   </trkpt>
   <trkpt lat="25.0190580" lon="121.4233390">
    <ele>14.7</ele>
    <time>2025-08-16T03:13:24Z</time>
   </trkpt>
   <trkpt lat="25.0190600" lon="121.4233310">
    <ele>14.7</ele>
    <time>2025-08-16T03:13:25Z</time>
   </trkpt>
   <trkpt lat="25.0190630" lon="121.4233240">
    <ele>14.7</ele>
    <time>2025-08-16T03:13:26Z</time>
   </trkpt>
   <trkpt lat="25.0190660" lon="121.4233160">
    <ele>14.7</ele>
    <time>2025-08-16T03:13:27Z</time>
   </trkpt>
   <trkpt lat="25.0190680" lon="121.4233090">
    <ele>14.7</ele>
    <time>2025-08-16T03:13:28Z</time>
   </trkpt>
   <trkpt lat="25.0190710" lon="121.4233010">
    <ele>14.7</ele>
    <time>2025-08-16T03:13:29Z</time>
   </trkpt>
   <trkpt lat="25.0190810" lon="121.4232670">
    <ele>14.7</ele>
    <time>2025-08-16T03:13:30Z</time>
   </trkpt>
   <trkpt lat="25.0190830" lon="121.4232590">
    <ele>14.7</ele>
    <time>2025-08-16T03:13:31Z</time>
   </trkpt>
   <trkpt lat="25.0190750" lon="121.4232840">
    <ele>14.7</ele>
    <time>2025-08-16T03:13:32Z</time>
   </trkpt>
   <trkpt lat="25.0190640" lon="121.4233210">
    <ele>14.7</ele>
    <time>2025-08-16T03:13:33Z</time>
   </trkpt>
   <trkpt lat="25.0190540" lon="121.4233570">
    <ele>14.7</ele>
    <time>2025-08-16T03:13:34Z</time>
   </trkpt>
   <trkpt lat="25.0190530" lon="121.4233530">
    <ele>14.7</ele>
    <time>2025-08-16T03:13:35Z</time>
   </trkpt>
   <trkpt lat="25.0190530" lon="121.4233490">
    <ele>14.7</ele>
    <time>2025-08-16T03:13:36Z</time>
   </trkpt>
   <trkpt lat="25.0190510" lon="121.4233410">
    <ele>14.7</ele>
    <time>2025-08-16T03:13:37Z</time>
   </trkpt>
   <trkpt lat="25.0190410" lon="121.4233220">
    <ele>14.7</ele>
    <time>2025-08-16T03:13:38Z</time>
   </trkpt>
   <trkpt lat="25.0190310" lon="121.4232890">
    <ele>14.8</ele>
    <time>2025-08-16T03:13:39Z</time>
   </trkpt>
   <trkpt lat="25.0190200" lon="121.4232530">
    <ele>14.8</ele>
    <time>2025-08-16T03:13:40Z</time>
   </trkpt>
   <trkpt lat="25.0190210" lon="121.4232420">
    <ele>14.8</ele>
    <time>2025-08-16T03:13:41Z</time>
   </trkpt>
   <trkpt lat="25.0190260" lon="121.4232220">
    <ele>14.8</ele>
    <time>2025-08-16T03:13:42Z</time>
   </trkpt>
   <trkpt lat="25.0190350" lon="121.4232060">
    <ele>14.8</ele>
    <time>2025-08-16T03:13:43Z</time>
   </trkpt>
   <trkpt lat="25.0190450" lon="121.4231900">
    <ele>14.8</ele>
    <time>2025-08-16T03:13:44Z</time>
   </trkpt>
   <trkpt lat="25.0190560" lon="121.4231750">
    <ele>14.8</ele>
    <time>2025-08-16T03:13:45Z</time>
   </trkpt>
   <trkpt lat="25.0190780" lon="121.4231700">
    <ele>14.8</ele>
    <time>2025-08-16T03:13:46Z</time>
   </trkpt>
   <trkpt lat="25.0190890" lon="121.4231670">
    <ele>14.8</ele>
    <time>2025-08-16T03:13:47Z</time>
   </trkpt>
   <trkpt lat="25.0191030" lon="121.4231620">
    <ele>14.8</ele>
    <time>2025-08-16T03:13:48Z</time>
   </trkpt>
   <trkpt lat="25.0191170" lon="121.4231590">
    <ele>14.8</ele>
    <time>2025-08-16T03:13:49Z</time>
   </trkpt>
   <trkpt lat="25.0191310" lon="121.4231560">
    <ele>14.8</ele>
    <time>2025-08-16T03:13:50Z</time>
   </trkpt>
   <trkpt lat="25.0191450" lon="121.4231550">
    <ele>14.8</ele>
    <time>2025-08-16T03:13:51Z</time>
   </trkpt>
   <trkpt lat="25.0191780" lon="121.4231920">
    <ele>14.8</ele>
    <time>2025-08-16T03:13:52Z</time>
   </trkpt>
   <trkpt lat="25.0191980" lon="121.4231950">
    <ele>14.8</ele>
    <time>2025-08-16T03:13:53Z</time>
   </trkpt>
   <trkpt lat="25.0192070" lon="121.4231930">
    <ele>14.8</ele>
    <time>2025-08-16T03:13:54Z</time>
   </trkpt>
   <trkpt lat="25.0192150" lon="121.4231910">
    <ele>14.8</ele>
    <time>2025-08-16T03:13:55Z</time>
   </trkpt>
   <trkpt lat="25.0192370" lon="121.4231910">
    <ele>14.8</ele>
    <time>2025-08-16T03:13:56Z</time>
   </trkpt>
   <trkpt lat="25.0192470" lon="121.4231940">
    <ele>14.8</ele>
    <time>2025-08-16T03:13:57Z</time>
   </trkpt>
   <trkpt lat="25.0192570" lon="121.4231980">
    <ele>14.8</ele>
    <time>2025-08-16T03:13:58Z</time>
   </trkpt>
   <trkpt lat="25.0192730" lon="121.4232070">
    <ele>14.8</ele>
    <time>2025-08-16T03:13:59Z</time>
   </trkpt>
   <trkpt lat="25.0192870" lon="121.4232110">
    <ele>14.8</ele>
    <time>2025-08-16T03:14:00Z</time>
   </trkpt>
   <trkpt lat="25.0193070" lon="121.4232210">
    <ele>14.8</ele>
    <time>2025-08-16T03:14:01Z</time>
   </trkpt>
   <trkpt lat="25.0193150" lon="121.4232290">
    <ele>14.8</ele>
    <time>2025-08-16T03:14:02Z</time>
   </trkpt>
   <trkpt lat="25.0193220" lon="121.4232360">
    <ele>14.8</ele>
    <time>2025-08-16T03:14:03Z</time>
   </trkpt>
   <trkpt lat="25.0193250" lon="121.4232400">
    <ele>14.8</ele>
    <time>2025-08-16T03:14:04Z</time>
   </trkpt>
   <trkpt lat="25.0193300" lon="121.4232410">
    <ele>14.8</ele>
    <time>2025-08-16T03:14:05Z</time>
   </trkpt>
   <trkpt lat="25.0193390" lon="121.4232470">
    <ele>14.8</ele>
    <time>2025-08-16T03:14:06Z</time>
   </trkpt>
   <trkpt lat="25.0193500" lon="121.4232540">
    <ele>14.8</ele>
    <time>2025-08-16T03:14:07Z</time>
   </trkpt>
   <trkpt lat="25.0193580" lon="121.4232910">
    <ele>14.8</ele>
    <time>2025-08-16T03:14:08Z</time>
   </trkpt>
   <trkpt lat="25.0193640" lon="121.4232990">
    <ele>14.8</ele>
    <time>2025-08-16T03:14:09Z</time>
   </trkpt>
   <trkpt lat="25.0193730" lon="121.4233050">
    <ele>14.8</ele>
    <time>2025-08-16T03:14:10Z</time>
   </trkpt>
   <trkpt lat="25.0193840" lon="121.4233080">
    <ele>14.8</ele>
    <time>2025-08-16T03:14:11Z</time>
   </trkpt>
   <trkpt lat="25.0193980" lon="121.4233090">
    <ele>14.8</ele>
    <time>2025-08-16T03:14:12Z</time>
   </trkpt>
   <trkpt lat="25.0194020" lon="121.4233330">
    <ele>14.8</ele>
    <time>2025-08-16T03:14:13Z</time>
   </trkpt>
   <trkpt lat="25.0194100" lon="121.4233390">
    <ele>14.8</ele>
    <time>2025-08-16T03:14:14Z</time>
   </trkpt>
   <trkpt lat="25.0194190" lon="121.4233430">
    <ele>14.8</ele>
    <time>2025-08-16T03:14:15Z</time>
   </trkpt>
   <trkpt lat="25.0194260" lon="121.4233430">
    <ele>14.8</ele>
    <time>2025-08-16T03:14:16Z</time>
   </trkpt>
   <trkpt lat="25.0194310" lon="121.4233440">
    <ele>14.8</ele>
    <time>2025-08-16T03:14:17Z</time>
   </trkpt>
   <trkpt lat="25.0194470" lon="121.4233540">
    <ele>14.8</ele>
    <time>2025-08-16T03:14:18Z</time>
   </trkpt>
   <trkpt lat="25.0194560" lon="121.4233610">
    <ele>14.8</ele>
    <time>2025-08-16T03:14:19Z</time>
   </trkpt>
   <trkpt lat="25.0194660" lon="121.4233670">
    <ele>14.8</ele>
    <time>2025-08-16T03:14:20Z</time>
   </trkpt>
   <trkpt lat="25.0194750" lon="121.4233780">
    <ele>14.8</ele>
    <time>2025-08-16T03:14:21Z</time>
   </trkpt>
   <trkpt lat="25.0194800" lon="121.4233850">
    <ele>14.8</ele>
    <time>2025-08-16T03:14:22Z</time>
   </trkpt>
   <trkpt lat="25.0194840" lon="121.4233910">
    <ele>14.8</ele>
    <time>2025-08-16T03:14:23Z</time>
   </trkpt>
   <trkpt lat="25.0194890" lon="121.4233980">
    <ele>14.8</ele>
    <time>2025-08-16T03:14:24Z</time>
   </trkpt>
   <trkpt lat="25.0194930" lon="121.4234040">
    <ele>14.8</ele>
    <time>2025-08-16T03:14:25Z</time>
   </trkpt>
   <trkpt lat="25.0194980" lon="121.4234110">
    <ele>14.8</ele>
    <time>2025-08-16T03:14:27Z</time>
   </trkpt>
   <trkpt lat="25.0195060" lon="121.4234160">
    <ele>14.8</ele>
    <time>2025-08-16T03:14:28Z</time>
   </trkpt>
   <trkpt lat="25.0195120" lon="121.4234170">
    <ele>14.8</ele>
    <time>2025-08-16T03:14:29Z</time>
   </trkpt>
   <trkpt lat="25.0195150" lon="121.4234130">
    <ele>14.8</ele>
    <time>2025-08-16T03:14:30Z</time>
   </trkpt>
   <trkpt lat="25.0195230" lon="121.4234170">
    <ele>14.8</ele>
    <time>2025-08-16T03:14:32Z</time>
   </trkpt>
   <trkpt lat="25.0195260" lon="121.4234220">
    <ele>14.8</ele>
    <time>2025-08-16T03:14:33Z</time>
   </trkpt>
   <trkpt lat="25.0195340" lon="121.4234350">
    <ele>14.8</ele>
    <time>2025-08-16T03:14:34Z</time>
   </trkpt>
   <trkpt lat="25.0195420" lon="121.4234490">
    <ele>14.8</ele>
    <time>2025-08-16T03:14:35Z</time>
   </trkpt>
   <trkpt lat="25.0195680" lon="121.4234810">
    <ele>14.8</ele>
    <time>2025-08-16T03:14:36Z</time>
   </trkpt>
   <trkpt lat="25.0196050" lon="121.4234910">
    <ele>14.8</ele>
    <time>2025-08-16T03:14:37Z</time>
   </trkpt>
   <trkpt lat="25.0196190" lon="121.4234910">
    <ele>14.8</ele>
    <time>2025-08-16T03:14:38Z</time>
   </trkpt>
   <trkpt lat="25.0196280" lon="121.4234840">
    <ele>14.8</ele>
    <time>2025-08-16T03:14:39Z</time>
   </trkpt>
   <trkpt lat="25.0196310" lon="121.4234700">
    <ele>14.8</ele>
    <time>2025-08-16T03:14:40Z</time>
   </trkpt>
   <trkpt lat="25.0196320" lon="121.4234580">
    <ele>14.8</ele>
    <time>2025-08-16T03:14:41Z</time>
   </trkpt>
   <trkpt lat="25.0196330" lon="121.4234510">
    <ele>14.8</ele>
    <time>2025-08-16T03:14:42Z</time>
   </trkpt>
   <trkpt lat="25.0196330" lon="121.4234660">
    <ele>14.8</ele>
    <time>2025-08-16T03:14:43Z</time>
   </trkpt>
   <trkpt lat="25.0196330" lon="121.4234690">
    <ele>14.8</ele>
    <time>2025-08-16T03:14:44Z</time>
   </trkpt>
   <trkpt lat="25.0196330" lon="121.4234710">
    <ele>14.8</ele>
    <time>2025-08-16T03:14:45Z</time>
   </trkpt>
   <trkpt lat="25.0196330" lon="121.4234700">
    <ele>14.8</ele>
    <time>2025-08-16T03:14:46Z</time>
   </trkpt>
   <trkpt lat="25.0196330" lon="121.4234700">
    <ele>14.8</ele>
    <time>2025-08-16T03:14:47Z</time>
   </trkpt>
   <trkpt lat="25.0196340" lon="121.4234710">
    <ele>14.8</ele>
    <time>2025-08-16T03:14:48Z</time>
   </trkpt>
   <trkpt lat="25.0196380" lon="121.4234840">
    <ele>14.8</ele>
    <time>2025-08-16T03:14:49Z</time>
   </trkpt>
   <trkpt lat="25.0196390" lon="121.4234830">
    <ele>14.8</ele>
    <time>2025-08-16T03:14:51Z</time>
   </trkpt>
   <trkpt lat="25.0196400" lon="121.4234820">
    <ele>14.8</ele>
    <time>2025-08-16T03:14:52Z</time>
   </trkpt>
   <trkpt lat="25.0196400" lon="121.4234810">
    <ele>14.8</ele>
    <time>2025-08-16T03:14:53Z</time>
   </trkpt>
   <trkpt lat="25.0196410" lon="121.4234870">
    <ele>14.8</ele>
    <time>2025-08-16T03:14:54Z</time>
   </trkpt>
   <trkpt lat="25.0196410" lon="121.4234890">
    <ele>14.8</ele>
    <time>2025-08-16T03:14:55Z</time>
   </trkpt>
   <trkpt lat="25.0196410" lon="121.4234900">
    <ele>14.8</ele>
    <time>2025-08-16T03:14:56Z</time>
   </trkpt>
   <trkpt lat="25.0196430" lon="121.4234910">
    <ele>14.8</ele>
    <time>2025-08-16T03:14:57Z</time>
   </trkpt>
   <trkpt lat="25.0196430" lon="121.4234900">
    <ele>14.8</ele>
    <time>2025-08-16T03:14:58Z</time>
   </trkpt>
   <trkpt lat="25.0196450" lon="121.4234950">
    <ele>14.8</ele>
    <time>2025-08-16T03:14:59Z</time>
   </trkpt>
   <trkpt lat="25.0196460" lon="121.4234960">
    <ele>14.8</ele>
    <time>2025-08-16T03:15:00Z</time>
   </trkpt>
   <trkpt lat="25.0196460" lon="121.4234960">
    <ele>14.8</ele>
    <time>2025-08-16T03:15:01Z</time>
   </trkpt>
   <trkpt lat="25.0196460" lon="121.4234980">
    <ele>14.8</ele>
    <time>2025-08-16T03:15:03Z</time>
   </trkpt>
   <trkpt lat="25.0196460" lon="121.4234970">
    <ele>14.8</ele>
    <time>2025-08-16T03:15:04Z</time>
   </trkpt>
   <trkpt lat="25.0196470" lon="121.4234960">
    <ele>14.8</ele>
    <time>2025-08-16T03:15:05Z</time>
   </trkpt>
   <trkpt lat="25.0196500" lon="121.4235000">
    <ele>14.8</ele>
    <time>2025-08-16T03:15:06Z</time>
   </trkpt>
   <trkpt lat="25.0196500" lon="121.4235000">
    <ele>14.8</ele>
    <time>2025-08-16T03:15:07Z</time>
   </trkpt>
   <trkpt lat="25.0196510" lon="121.4235000">
    <ele>14.8</ele>
    <time>2025-08-16T03:15:09Z</time>
   </trkpt>
   <trkpt lat="25.0196500" lon="121.4235000">
    <ele>14.8</ele>
    <time>2025-08-16T03:15:10Z</time>
   </trkpt>
   <trkpt lat="25.0196500" lon="121.4235000">
    <ele>14.8</ele>
    <time>2025-08-16T03:15:11Z</time>
   </trkpt>
   <trkpt lat="25.0196580" lon="121.4235050">
    <ele>14.8</ele>
    <time>2025-08-16T03:15:12Z</time>
   </trkpt>
   <trkpt lat="25.0196570" lon="121.4235080">
    <ele>14.8</ele>
    <time>2025-08-16T03:15:13Z</time>
   </trkpt>
   <trkpt lat="25.0196570" lon="121.4235090">
    <ele>14.8</ele>
    <time>2025-08-16T03:15:14Z</time>
   </trkpt>
   <trkpt lat="25.0196570" lon="121.4235100">
    <ele>14.8</ele>
    <time>2025-08-16T03:15:15Z</time>
   </trkpt>
   <trkpt lat="25.0196570" lon="121.4235110">
    <ele>14.8</ele>
    <time>2025-08-16T03:15:16Z</time>
   </trkpt>
   <trkpt lat="25.0196570" lon="121.4235110">
    <ele>14.8</ele>
    <time>2025-08-16T03:15:17Z</time>
   </trkpt>
   <trkpt lat="25.0196570" lon="121.4235110">
    <ele>14.8</ele>
    <time>2025-08-16T03:15:18Z</time>
   </trkpt>
   <trkpt lat="25.0196560" lon="121.4235130">
    <ele>14.8</ele>
    <time>2025-08-16T03:15:19Z</time>
   </trkpt>
   <trkpt lat="25.0196570" lon="121.4235160">
    <ele>14.8</ele>
    <time>2025-08-16T03:15:20Z</time>
   </trkpt>
   <trkpt lat="25.0196600" lon="121.4235180">
    <ele>14.8</ele>
    <time>2025-08-16T03:15:21Z</time>
   </trkpt>
   <trkpt lat="25.0196630" lon="121.4235180">
    <ele>14.8</ele>
    <time>2025-08-16T03:15:22Z</time>
   </trkpt>
   <trkpt lat="25.0196640" lon="121.4235160">
    <ele>14.8</ele>
    <time>2025-08-16T03:15:23Z</time>
   </trkpt>
   <trkpt lat="25.0196650" lon="121.4235150">
    <ele>14.8</ele>
    <time>2025-08-16T03:15:24Z</time>
   </trkpt>
   <trkpt lat="25.0196650" lon="121.4235140">
    <ele>14.8</ele>
    <time>2025-08-16T03:15:25Z</time>
   </trkpt>
   <trkpt lat="25.0196540" lon="121.4235070">
    <ele>14.8</ele>
    <time>2025-08-16T03:15:26Z</time>
   </trkpt>
   <trkpt lat="25.0196440" lon="121.4234960">
    <ele>14.8</ele>
    <time>2025-08-16T03:15:27Z</time>
   </trkpt>
   <trkpt lat="25.0196360" lon="121.4234820">
    <ele>14.8</ele>
    <time>2025-08-16T03:15:28Z</time>
   </trkpt>
   <trkpt lat="25.0196320" lon="121.4234710">
    <ele>14.8</ele>
    <time>2025-08-16T03:15:29Z</time>
   </trkpt>
   <trkpt lat="25.0196300" lon="121.4234680">
    <ele>14.8</ele>
    <time>2025-08-16T03:15:30Z</time>
   </trkpt>
   <trkpt lat="25.0196280" lon="121.4234660">
    <ele>14.8</ele>
    <time>2025-08-16T03:15:31Z</time>
   </trkpt>
   <trkpt lat="25.0196270" lon="121.4234650">
    <ele>14.8</ele>
    <time>2025-08-16T03:15:32Z</time>
   </trkpt>
   <trkpt lat="25.0196260" lon="121.4234640">
    <ele>14.8</ele>
    <time>2025-08-16T03:15:33Z</time>
   </trkpt>
   <trkpt lat="25.0196260" lon="121.4234640">
    <ele>14.8</ele>
    <time>2025-08-16T03:15:34Z</time>
   </trkpt>
   <trkpt lat="25.0196260" lon="121.4234650">
    <ele>14.8</ele>
    <time>2025-08-16T03:15:35Z</time>
   </trkpt>
   <trkpt lat="25.0196290" lon="121.4235210">
    <ele>14.8</ele>
    <time>2025-08-16T03:15:36Z</time>
   </trkpt>
   <trkpt lat="25.0196340" lon="121.4235250">
    <ele>14.8</ele>
    <time>2025-08-16T03:15:37Z</time>
   </trkpt>
   <trkpt lat="25.0196380" lon="121.4235290">
    <ele>14.8</ele>
    <time>2025-08-16T03:15:38Z</time>
   </trkpt>
   <trkpt lat="25.0196410" lon="121.4235340">
    <ele>14.8</ele>
    <time>2025-08-16T03:15:39Z</time>
   </trkpt>
   <trkpt lat="25.0196450" lon="121.4235380">
    <ele>14.8</ele>
    <time>2025-08-16T03:15:40Z</time>
   </trkpt>
   <trkpt lat="25.0196490" lon="121.4235420">
    <ele>14.8</ele>
    <time>2025-08-16T03:15:41Z</time>
   </trkpt>
   <trkpt lat="25.0196530" lon="121.4235460">
    <ele>14.8</ele>
    <time>2025-08-16T03:15:42Z</time>
   </trkpt>
   <trkpt lat="25.0196560" lon="121.4235510">
    <ele>14.8</ele>
    <time>2025-08-16T03:15:43Z</time>
   </trkpt>
   <trkpt lat="25.0196600" lon="121.4235550">
    <ele>14.7</ele>
    <time>2025-08-16T03:15:44Z</time>
   </trkpt>
   <trkpt lat="25.0196700" lon="121.4235610">
    <ele>14.7</ele>
    <time>2025-08-16T03:15:45Z</time>
   </trkpt>
   <trkpt lat="25.0196800" lon="121.4235560">
    <ele>14.7</ele>
    <time>2025-08-16T03:15:46Z</time>
   </trkpt>
   <trkpt lat="25.0196890" lon="121.4235460">
    <ele>14.7</ele>
    <time>2025-08-16T03:15:47Z</time>
   </trkpt>
   <trkpt lat="25.0197020" lon="121.4235380">
    <ele>14.7</ele>
    <time>2025-08-16T03:15:48Z</time>
   </trkpt>
   <trkpt lat="25.0197150" lon="121.4235340">
    <ele>14.7</ele>
    <time>2025-08-16T03:15:49Z</time>
   </trkpt>
   <trkpt lat="25.0197440" lon="121.4235370">
    <ele>14.7</ele>
    <time>2025-08-16T03:15:50Z</time>
   </trkpt>
   <trkpt lat="25.0197590" lon="121.4235440">
    <ele>14.7</ele>
    <time>2025-08-16T03:15:51Z</time>
   </trkpt>
   <trkpt lat="25.0197810" lon="121.4235510">
    <ele>14.7</ele>
    <time>2025-08-16T03:15:52Z</time>
   </trkpt>
   <trkpt lat="25.0197850" lon="121.4235410">
    <ele>14.7</ele>
    <time>2025-08-16T03:15:53Z</time>
   </trkpt>
   <trkpt lat="25.0197830" lon="121.4235340">
    <ele>14.7</ele>
    <time>2025-08-16T03:15:54Z</time>
   </trkpt>
   <trkpt lat="25.0197820" lon="121.4235350">
    <ele>14.7</ele>
    <time>2025-08-16T03:15:55Z</time>
   </trkpt>
   <trkpt lat="25.0197750" lon="121.4235370">
    <ele>14.7</ele>
    <time>2025-08-16T03:15:56Z</time>
   </trkpt>
   <trkpt lat="25.0197710" lon="121.4235390">
    <ele>14.7</ele>
    <time>2025-08-16T03:15:58Z</time>
   </trkpt>
   <trkpt lat="25.0197700" lon="121.4235400">
    <ele>14.7</ele>
    <time>2025-08-16T03:16:00Z</time>
   </trkpt>
   <trkpt lat="25.0197710" lon="121.4235450">
    <ele>14.7</ele>
    <time>2025-08-16T03:16:01Z</time>
   </trkpt>
   <trkpt lat="25.0197710" lon="121.4235460">
    <ele>14.7</ele>
    <time>2025-08-16T03:16:02Z</time>
   </trkpt>
   <trkpt lat="25.0197720" lon="121.4235470">
    <ele>14.7</ele>
    <time>2025-08-16T03:16:03Z</time>
   </trkpt>
   <trkpt lat="25.0197720" lon="121.4235480">
    <ele>14.7</ele>
    <time>2025-08-16T03:16:04Z</time>
   </trkpt>
   <trkpt lat="25.0197730" lon="121.4235480">
    <ele>14.7</ele>
    <time>2025-08-16T03:16:05Z</time>
   </trkpt>
   <trkpt lat="25.0197720" lon="121.4235480">
    <ele>14.7</ele>
    <time>2025-08-16T03:16:06Z</time>
   </trkpt>
   <trkpt lat="25.0197700" lon="121.4235480">
    <ele>14.7</ele>
    <time>2025-08-16T03:16:07Z</time>
   </trkpt>
   <trkpt lat="25.0197690" lon="121.4235480">
    <ele>14.7</ele>
    <time>2025-08-16T03:16:08Z</time>
   </trkpt>
   <trkpt lat="25.0197680" lon="121.4235480">
    <ele>14.7</ele>
    <time>2025-08-16T03:16:09Z</time>
   </trkpt>
   <trkpt lat="25.0197680" lon="121.4235470">
    <ele>14.7</ele>
    <time>2025-08-16T03:16:10Z</time>
   </trkpt>
   <trkpt lat="25.0197680" lon="121.4235470">
    <ele>14.7</ele>
    <time>2025-08-16T03:16:11Z</time>
   </trkpt>
   <trkpt lat="25.0197610" lon="121.4235460">
    <ele>14.7</ele>
    <time>2025-08-16T03:16:12Z</time>
   </trkpt>
   <trkpt lat="25.0197590" lon="121.4235460">
    <ele>14.7</ele>
    <time>2025-08-16T03:16:13Z</time>
   </trkpt>
   <trkpt lat="25.0197630" lon="121.4235520">
    <ele>14.7</ele>
    <time>2025-08-16T03:16:14Z</time>
   </trkpt>
   <trkpt lat="25.0197660" lon="121.4235570">
    <ele>14.7</ele>
    <time>2025-08-16T03:16:15Z</time>
   </trkpt>
   <trkpt lat="25.0197680" lon="121.4235600">
    <ele>14.7</ele>
    <time>2025-08-16T03:16:16Z</time>
   </trkpt>
   <trkpt lat="25.0197680" lon="121.4235640">
    <ele>14.7</ele>
    <time>2025-08-16T03:16:17Z</time>
   </trkpt>
   <trkpt lat="25.0197680" lon="121.4235680">
    <ele>14.7</ele>
    <time>2025-08-16T03:16:18Z</time>
   </trkpt>
   <trkpt lat="25.0197670" lon="121.4235720">
    <ele>14.7</ele>
    <time>2025-08-16T03:16:19Z</time>
   </trkpt>
   <trkpt lat="25.0197650" lon="121.4235810">
    <ele>14.7</ele>
    <time>2025-08-16T03:16:20Z</time>
   </trkpt>
   <trkpt lat="25.0197600" lon="121.4235520">
    <ele>14.7</ele>
    <time>2025-08-16T03:16:21Z</time>
   </trkpt>
   <trkpt lat="25.0197630" lon="121.4235520">
    <ele>14.7</ele>
    <time>2025-08-16T03:16:22Z</time>
   </trkpt>
   <trkpt lat="25.0197630" lon="121.4235510">
    <ele>14.7</ele>
    <time>2025-08-16T03:16:23Z</time>
   </trkpt>
   <trkpt lat="25.0197620" lon="121.4235500">
    <ele>14.7</ele>
    <time>2025-08-16T03:16:24Z</time>
   </trkpt>
   <trkpt lat="25.0197620" lon="121.4235500">
    <ele>14.7</ele>
    <time>2025-08-16T03:16:25Z</time>
   </trkpt>
   <trkpt lat="25.0197610" lon="121.4235510">
    <ele>14.7</ele>
    <time>2025-08-16T03:16:26Z</time>
   </trkpt>
   <trkpt lat="25.0197470" lon="121.4235510">
    <ele>14.7</ele>
    <time>2025-08-16T03:16:27Z</time>
   </trkpt>
   <trkpt lat="25.0197450" lon="121.4235510">
    <ele>14.7</ele>
    <time>2025-08-16T03:16:28Z</time>
   </trkpt>
   <trkpt lat="25.0197590" lon="121.4235600">
    <ele>14.7</ele>
    <time>2025-08-16T03:16:29Z</time>
   </trkpt>
   <trkpt lat="25.0197480" lon="121.4235530">
    <ele>14.7</ele>
    <time>2025-08-16T03:16:30Z</time>
   </trkpt>
   <trkpt lat="25.0197480" lon="121.4235530">
    <ele>14.7</ele>
    <time>2025-08-16T03:16:31Z</time>
   </trkpt>
   <trkpt lat="25.0197690" lon="121.4235660">
    <ele>14.6</ele>
    <time>2025-08-16T03:16:32Z</time>
   </trkpt>
   <trkpt lat="25.0197730" lon="121.4235690">
    <ele>14.6</ele>
    <time>2025-08-16T03:16:34Z</time>
   </trkpt>
   <trkpt lat="25.0197770" lon="121.4235700">
    <ele>14.6</ele>
    <time>2025-08-16T03:16:35Z</time>
   </trkpt>
   <trkpt lat="25.0197790" lon="121.4235720">
    <ele>14.6</ele>
    <time>2025-08-16T03:16:36Z</time>
   </trkpt>
   <trkpt lat="25.0197800" lon="121.4235730">
    <ele>14.6</ele>
    <time>2025-08-16T03:16:37Z</time>
   </trkpt>
   <trkpt lat="25.0198060" lon="121.4235830">
    <ele>14.6</ele>
    <time>2025-08-16T03:16:38Z</time>
   </trkpt>
   <trkpt lat="25.0198200" lon="121.4235910">
    <ele>14.6</ele>
    <time>2025-08-16T03:16:39Z</time>
   </trkpt>
   <trkpt lat="25.0198310" lon="121.4236000">
    <ele>14.6</ele>
    <time>2025-08-16T03:16:40Z</time>
   </trkpt>
   <trkpt lat="25.0198600" lon="121.4236310">
    <ele>14.6</ele>
    <time>2025-08-16T03:16:41Z</time>
   </trkpt>
   <trkpt lat="25.0198760" lon="121.4236480">
    <ele>14.6</ele>
    <time>2025-08-16T03:16:42Z</time>
   </trkpt>
   <trkpt lat="25.0198830" lon="121.4236560">
    <ele>14.6</ele>
    <time>2025-08-16T03:16:43Z</time>
   </trkpt>
   <trkpt lat="25.0199000" lon="121.4236710">
    <ele>14.6</ele>
    <time>2025-08-16T03:16:44Z</time>
   </trkpt>
   <trkpt lat="25.0199090" lon="121.4236770">
    <ele>14.6</ele>
    <time>2025-08-16T03:16:45Z</time>
   </trkpt>
   <trkpt lat="25.0199170" lon="121.4236820">
    <ele>14.6</ele>
    <time>2025-08-16T03:16:46Z</time>
   </trkpt>
   <trkpt lat="25.0199440" lon="121.4236890">
    <ele>14.6</ele>
    <time>2025-08-16T03:16:47Z</time>
   </trkpt>
   <trkpt lat="25.0199640" lon="121.4236950">
    <ele>14.6</ele>
    <time>2025-08-16T03:16:48Z</time>
   </trkpt>
   <trkpt lat="25.0199720" lon="121.4236980">
    <ele>14.6</ele>
    <time>2025-08-16T03:16:49Z</time>
   </trkpt>
   <trkpt lat="25.0199800" lon="121.4237020">
    <ele>14.6</ele>
    <time>2025-08-16T03:16:50Z</time>
   </trkpt>
   <trkpt lat="25.0199930" lon="121.4237080">
    <ele>14.6</ele>
    <time>2025-08-16T03:16:51Z</time>
   </trkpt>
   <trkpt lat="25.0200130" lon="121.4237070">
    <ele>14.6</ele>
    <time>2025-08-16T03:16:52Z</time>
   </trkpt>
   <trkpt lat="25.0200220" lon="121.4237090">
    <ele>14.6</ele>
    <time>2025-08-16T03:16:53Z</time>
   </trkpt>
   <trkpt lat="25.0200370" lon="121.4237150">
    <ele>14.5</ele>
    <time>2025-08-16T03:16:55Z</time>
   </trkpt>
   <trkpt lat="25.0200470" lon="121.4237170">
    <ele>14.5</ele>
    <time>2025-08-16T03:16:56Z</time>
   </trkpt>
   <trkpt lat="25.0200650" lon="121.4237170">
    <ele>14.5</ele>
    <time>2025-08-16T03:16:57Z</time>
   </trkpt>
   <trkpt lat="25.0200750" lon="121.4237130">
    <ele>14.5</ele>
    <time>2025-08-16T03:16:58Z</time>
   </trkpt>
   <trkpt lat="25.0200850" lon="121.4237100">
    <ele>14.5</ele>
    <time>2025-08-16T03:16:59Z</time>
   </trkpt>
   <trkpt lat="25.0200920" lon="121.4237020">
    <ele>14.5</ele>
    <time>2025-08-16T03:17:00Z</time>
   </trkpt>
   <trkpt lat="25.0200980" lon="121.4236910">
    <ele>14.5</ele>
    <time>2025-08-16T03:17:01Z</time>
   </trkpt>
   <trkpt lat="25.0201030" lon="121.4236820">
    <ele>14.5</ele>
    <time>2025-08-16T03:17:02Z</time>
   </trkpt>
   <trkpt lat="25.0201060" lon="121.4236760">
    <ele>14.5</ele>
    <time>2025-08-16T03:17:03Z</time>
   </trkpt>
   <trkpt lat="25.0200990" lon="121.4236640">
    <ele>14.5</ele>
    <time>2025-08-16T03:17:04Z</time>
   </trkpt>
   <trkpt lat="25.0200740" lon="121.4236870">
    <ele>14.5</ele>
    <time>2025-08-16T03:17:05Z</time>
   </trkpt>
   <trkpt lat="25.0200680" lon="121.4236990">
    <ele>14.5</ele>
    <time>2025-08-16T03:17:06Z</time>
   </trkpt>
   <trkpt lat="25.0200700" lon="121.4237020">
    <ele>14.5</ele>
    <time>2025-08-16T03:17:07Z</time>
   </trkpt>
   <trkpt lat="25.0200720" lon="121.4237040">
    <ele>14.5</ele>
    <time>2025-08-16T03:17:08Z</time>
   </trkpt>
   <trkpt lat="25.0200740" lon="121.4237070">
    <ele>14.5</ele>
    <time>2025-08-16T03:17:09Z</time>
   </trkpt>
   <trkpt lat="25.0200760" lon="121.4237090">
    <ele>14.5</ele>
    <time>2025-08-16T03:17:10Z</time>
   </trkpt>
   <trkpt lat="25.0200780" lon="121.4237120">
    <ele>14.5</ele>
    <time>2025-08-16T03:17:11Z</time>
   </trkpt>
   <trkpt lat="25.0200800" lon="121.4237140">
    <ele>14.5</ele>
    <time>2025-08-16T03:17:12Z</time>
   </trkpt>
   <trkpt lat="25.0200820" lon="121.4237170">
    <ele>14.5</ele>
    <time>2025-08-16T03:17:13Z</time>
   </trkpt>
   <trkpt lat="25.0200840" lon="121.4237190">
    <ele>14.5</ele>
    <time>2025-08-16T03:17:14Z</time>
   </trkpt>
   <trkpt lat="25.0200850" lon="121.4237210">
    <ele>14.5</ele>
    <time>2025-08-16T03:17:16Z</time>
   </trkpt>
   <trkpt lat="25.0200870" lon="121.4237240">
    <ele>14.5</ele>
    <time>2025-08-16T03:17:17Z</time>
   </trkpt>
   <trkpt lat="25.0200890" lon="121.4237260">
    <ele>14.5</ele>
    <time>2025-08-16T03:17:18Z</time>
   </trkpt>
   <trkpt lat="25.0200910" lon="121.4237290">
    <ele>14.5</ele>
    <time>2025-08-16T03:17:19Z</time>
   </trkpt>
   <trkpt lat="25.0200930" lon="121.4237310">
    <ele>14.5</ele>
    <time>2025-08-16T03:17:20Z</time>
   </trkpt>
   <trkpt lat="25.0200950" lon="121.4237340">
    <ele>14.5</ele>
    <time>2025-08-16T03:17:21Z</time>
   </trkpt>
   <trkpt lat="25.0200970" lon="121.4237360">
    <ele>14.5</ele>
    <time>2025-08-16T03:17:22Z</time>
   </trkpt>
   <trkpt lat="25.0200990" lon="121.4237390">
    <ele>14.5</ele>
    <time>2025-08-16T03:17:23Z</time>
   </trkpt>
   <trkpt lat="25.0201010" lon="121.4237410">
    <ele>14.5</ele>
    <time>2025-08-16T03:17:24Z</time>
   </trkpt>
   <trkpt lat="25.0200800" lon="121.4237170">
    <ele>14.5</ele>
    <time>2025-08-16T03:17:25Z</time>
   </trkpt>
   <trkpt lat="25.0200690" lon="121.4237050">
    <ele>14.5</ele>
    <time>2025-08-16T03:17:26Z</time>
   </trkpt>
   <trkpt lat="25.0200630" lon="121.4236980">
    <ele>14.5</ele>
    <time>2025-08-16T03:17:27Z</time>
   </trkpt>
   <trkpt lat="25.0200600" lon="121.4236940">
    <ele>14.5</ele>
    <time>2025-08-16T03:17:28Z</time>
   </trkpt>
   <trkpt lat="25.0200580" lon="121.4236920">
    <ele>14.5</ele>
    <time>2025-08-16T03:17:29Z</time>
   </trkpt>
   <trkpt lat="25.0200570" lon="121.4236910">
    <ele>14.5</ele>
    <time>2025-08-16T03:17:30Z</time>
   </trkpt>
   <trkpt lat="25.0200580" lon="121.4236920">
    <ele>14.5</ele>
    <time>2025-08-16T03:17:31Z</time>
   </trkpt>
   <trkpt lat="25.0200590" lon="121.4236930">
    <ele>14.5</ele>
    <time>2025-08-16T03:17:32Z</time>
   </trkpt>
   <trkpt lat="25.0200590" lon="121.4236940">
    <ele>14.5</ele>
    <time>2025-08-16T03:17:33Z</time>
   </trkpt>
   <trkpt lat="25.0200600" lon="121.4236950">
    <ele>14.5</ele>
    <time>2025-08-16T03:17:34Z</time>
   </trkpt>
   <trkpt lat="25.0200610" lon="121.4236950">
    <ele>14.5</ele>
    <time>2025-08-16T03:17:35Z</time>
   </trkpt>
   <trkpt lat="25.0200610" lon="121.4236960">
    <ele>14.5</ele>
    <time>2025-08-16T03:17:36Z</time>
   </trkpt>
   <trkpt lat="25.0200610" lon="121.4236960">
    <ele>14.5</ele>
    <time>2025-08-16T03:17:37Z</time>
   </trkpt>
   <trkpt lat="25.0200610" lon="121.4236920">
    <ele>14.5</ele>
    <time>2025-08-16T03:17:38Z</time>
   </trkpt>
   <trkpt lat="25.0200610" lon="121.4236870">
    <ele>14.5</ele>
    <time>2025-08-16T03:17:39Z</time>
   </trkpt>
   <trkpt lat="25.0200710" lon="121.4237010">
    <ele>14.5</ele>
    <time>2025-08-16T03:17:40Z</time>
   </trkpt>
   <trkpt lat="25.0200720" lon="121.4237030">
    <ele>14.5</ele>
    <time>2025-08-16T03:17:41Z</time>
   </trkpt>
   <trkpt lat="25.0200720" lon="121.4237030">
    <ele>14.5</ele>
    <time>2025-08-16T03:17:42Z</time>
   </trkpt>
   <trkpt lat="25.0200720" lon="121.4237030">
    <ele>14.5</ele>
    <time>2025-08-16T03:17:43Z</time>
   </trkpt>
   <trkpt lat="25.0200720" lon="121.4237030">
    <ele>14.5</ele>
    <time>2025-08-16T03:17:44Z</time>
   </trkpt>
   <trkpt lat="25.0200720" lon="121.4237020">
    <ele>14.5</ele>
    <time>2025-08-16T03:17:45Z</time>
   </trkpt>
   <trkpt lat="25.0200740" lon="121.4237020">
    <ele>14.5</ele>
    <time>2025-08-16T03:17:46Z</time>
   </trkpt>
   <trkpt lat="25.0200740" lon="121.4237020">
    <ele>14.5</ele>
    <time>2025-08-16T03:17:47Z</time>
   </trkpt>
   <trkpt lat="25.0200750" lon="121.4237030">
    <ele>14.5</ele>
    <time>2025-08-16T03:17:48Z</time>
   </trkpt>
   <trkpt lat="25.0200750" lon="121.4237020">
    <ele>14.5</ele>
    <time>2025-08-16T03:17:49Z</time>
   </trkpt>
   <trkpt lat="25.0200760" lon="121.4237020">
    <ele>14.5</ele>
    <time>2025-08-16T03:17:50Z</time>
   </trkpt>
   <trkpt lat="25.0200790" lon="121.4237000">
    <ele>14.5</ele>
    <time>2025-08-16T03:17:51Z</time>
   </trkpt>
   <trkpt lat="25.0200800" lon="121.4237010">
    <ele>14.5</ele>
    <time>2025-08-16T03:17:53Z</time>
   </trkpt>
   <trkpt lat="25.0200800" lon="121.4237010">
    <ele>14.5</ele>
    <time>2025-08-16T03:17:54Z</time>
   </trkpt>
   <trkpt lat="25.0200810" lon="121.4237000">
    <ele>14.5</ele>
    <time>2025-08-16T03:17:55Z</time>
   </trkpt>
   <trkpt lat="25.0200810" lon="121.4237000">
    <ele>14.5</ele>
    <time>2025-08-16T03:17:56Z</time>
   </trkpt>
   <trkpt lat="25.0200810" lon="121.4236990">
    <ele>14.5</ele>
    <time>2025-08-16T03:17:57Z</time>
   </trkpt>
   <trkpt lat="25.0200810" lon="121.4237000">
    <ele>14.5</ele>
    <time>2025-08-16T03:17:58Z</time>
   </trkpt>
   <trkpt lat="25.0200800" lon="121.4237010">
    <ele>14.5</ele>
    <time>2025-08-16T03:17:59Z</time>
   </trkpt>
   <trkpt lat="25.0200830" lon="121.4237010">
    <ele>14.5</ele>
    <time>2025-08-16T03:18:01Z</time>
   </trkpt>
   <trkpt lat="25.0200880" lon="121.4236960">
    <ele>14.5</ele>
    <time>2025-08-16T03:18:02Z</time>
   </trkpt>
   <trkpt lat="25.0200920" lon="121.4237000">
    <ele>14.5</ele>
    <time>2025-08-16T03:18:03Z</time>
   </trkpt>
   <trkpt lat="25.0200940" lon="121.4237020">
    <ele>14.5</ele>
    <time>2025-08-16T03:18:04Z</time>
   </trkpt>
   <trkpt lat="25.0200970" lon="121.4237050">
    <ele>14.5</ele>
    <time>2025-08-16T03:18:05Z</time>
   </trkpt>
   <trkpt lat="25.0200990" lon="121.4237080">
    <ele>14.5</ele>
    <time>2025-08-16T03:18:06Z</time>
   </trkpt>
   <trkpt lat="25.0201020" lon="121.4237110">
    <ele>14.5</ele>
    <time>2025-08-16T03:18:07Z</time>
   </trkpt>
   <trkpt lat="25.0201040" lon="121.4237130">
    <ele>14.5</ele>
    <time>2025-08-16T03:18:08Z</time>
   </trkpt>
   <trkpt lat="25.0201070" lon="121.4237160">
    <ele>14.5</ele>
    <time>2025-08-16T03:18:09Z</time>
   </trkpt>
   <trkpt lat="25.0201090" lon="121.4237190">
    <ele>14.5</ele>
    <time>2025-08-16T03:18:10Z</time>
   </trkpt>
   <trkpt lat="25.0201120" lon="121.4237220">
    <ele>14.5</ele>
    <time>2025-08-16T03:18:11Z</time>
   </trkpt>
   <trkpt lat="25.0201140" lon="121.4237240">
    <ele>14.5</ele>
    <time>2025-08-16T03:18:12Z</time>
   </trkpt>
   <trkpt lat="25.0201170" lon="121.4237270">
    <ele>14.5</ele>
    <time>2025-08-16T03:18:13Z</time>
   </trkpt>
   <trkpt lat="25.0201320" lon="121.4237360">
    <ele>14.5</ele>
    <time>2025-08-16T03:18:14Z</time>
   </trkpt>
   <trkpt lat="25.0201470" lon="121.4237420">
    <ele>14.5</ele>
    <time>2025-08-16T03:18:15Z</time>
   </trkpt>
   <trkpt lat="25.0201750" lon="121.4237400">
    <ele>14.5</ele>
    <time>2025-08-16T03:18:16Z</time>
   </trkpt>
   <trkpt lat="25.0201860" lon="121.4237360">
    <ele>14.5</ele>
    <time>2025-08-16T03:18:17Z</time>
   </trkpt>
   <trkpt lat="25.0202060" lon="121.4237310">
    <ele>14.5</ele>
    <time>2025-08-16T03:18:18Z</time>
   </trkpt>
   <trkpt lat="25.0202140" lon="121.4237290">
    <ele>14.5</ele>
    <time>2025-08-16T03:18:19Z</time>
   </trkpt>
   <trkpt lat="25.0202220" lon="121.4237260">
    <ele>14.5</ele>
    <time>2025-08-16T03:18:20Z</time>
   </trkpt>
   <trkpt lat="25.0202330" lon="121.4237290">
    <ele>14.5</ele>
    <time>2025-08-16T03:18:21Z</time>
   </trkpt>
   <trkpt lat="25.0202370" lon="121.4237270">
    <ele>14.5</ele>
    <time>2025-08-16T03:18:22Z</time>
   </trkpt>
   <trkpt lat="25.0202400" lon="121.4237290">
    <ele>14.5</ele>
    <time>2025-08-16T03:18:23Z</time>
   </trkpt>
   <trkpt lat="25.0202430" lon="121.4237280">
    <ele>14.5</ele>
    <time>2025-08-16T03:18:24Z</time>
   </trkpt>
   <trkpt lat="25.0202460" lon="121.4237250">
    <ele>14.5</ele>
    <time>2025-08-16T03:18:25Z</time>
   </trkpt>
   <trkpt lat="25.0202440" lon="121.4237220">
    <ele>14.5</ele>
    <time>2025-08-16T03:18:26Z</time>
   </trkpt>
   <trkpt lat="25.0202270" lon="121.4237260">
    <ele>14.5</ele>
    <time>2025-08-16T03:18:27Z</time>
   </trkpt>
   <trkpt lat="25.0202240" lon="121.4237270">
    <ele>14.5</ele>
    <time>2025-08-16T03:18:28Z</time>
   </trkpt>
   <trkpt lat="25.0202230" lon="121.4237290">
    <ele>14.5</ele>
    <time>2025-08-16T03:18:29Z</time>
   </trkpt>
   <trkpt lat="25.0202230" lon="121.4237320">
    <ele>14.5</ele>
    <time>2025-08-16T03:18:30Z</time>
   </trkpt>
   <trkpt lat="25.0202220" lon="121.4237330">
    <ele>14.5</ele>
    <time>2025-08-16T03:18:31Z</time>
   </trkpt>
   <trkpt lat="25.0202190" lon="121.4237350">
    <ele>14.5</ele>
    <time>2025-08-16T03:18:32Z</time>
   </trkpt>
   <trkpt lat="25.0202200" lon="121.4237380">
    <ele>14.5</ele>
    <time>2025-08-16T03:18:34Z</time>
   </trkpt>
   <trkpt lat="25.0202220" lon="121.4237390">
    <ele>14.5</ele>
    <time>2025-08-16T03:18:35Z</time>
   </trkpt>
   <trkpt lat="25.0202220" lon="121.4237420">
    <ele>14.5</ele>
    <time>2025-08-16T03:18:36Z</time>
   </trkpt>
   <trkpt lat="25.0202290" lon="121.4237610">
    <ele>14.5</ele>
    <time>2025-08-16T03:18:37Z</time>
   </trkpt>
   <trkpt lat="25.0202300" lon="121.4237730">
    <ele>14.5</ele>
    <time>2025-08-16T03:18:38Z</time>
   </trkpt>
   <trkpt lat="25.0202320" lon="121.4238000">
    <ele>14.5</ele>
    <time>2025-08-16T03:18:39Z</time>
   </trkpt>
   <trkpt lat="25.0202430" lon="121.4238360">
    <ele>14.5</ele>
    <time>2025-08-16T03:18:40Z</time>
   </trkpt>
   <trkpt lat="25.0202490" lon="121.4238440">
    <ele>14.5</ele>
    <time>2025-08-16T03:18:41Z</time>
   </trkpt>
   <trkpt lat="25.0203050" lon="121.4238060">
    <ele>14.5</ele>
    <time>2025-08-16T03:18:42Z</time>
   </trkpt>
   <trkpt lat="25.0203190" lon="121.4238080">
    <ele>14.5</ele>
    <time>2025-08-16T03:18:43Z</time>
   </trkpt>
   <trkpt lat="25.0203340" lon="121.4238130">
    <ele>14.5</ele>
    <time>2025-08-16T03:18:44Z</time>
   </trkpt>
   <trkpt lat="25.0203490" lon="121.4238160">
    <ele>14.5</ele>
    <time>2025-08-16T03:18:45Z</time>
   </trkpt>
   <trkpt lat="25.0203640" lon="121.4238180">
    <ele>14.5</ele>
    <time>2025-08-16T03:18:46Z</time>
   </trkpt>
   <trkpt lat="25.0203870" lon="121.4238050">
    <ele>14.5</ele>
    <time>2025-08-16T03:18:47Z</time>
   </trkpt>
   <trkpt lat="25.0203960" lon="121.4238010">
    <ele>14.5</ele>
    <time>2025-08-16T03:18:48Z</time>
   </trkpt>
   <trkpt lat="25.0204180" lon="121.4238010">
    <ele>14.5</ele>
    <time>2025-08-16T03:18:49Z</time>
   </trkpt>
   <trkpt lat="25.0204260" lon="121.4238030">
    <ele>14.5</ele>
    <time>2025-08-16T03:18:50Z</time>
   </trkpt>
   <trkpt lat="25.0204340" lon="121.4238040">
    <ele>14.5</ele>
    <time>2025-08-16T03:18:51Z</time>
   </trkpt>
   <trkpt lat="25.0204450" lon="121.4238060">
    <ele>14.5</ele>
    <time>2025-08-16T03:18:52Z</time>
   </trkpt>
   <trkpt lat="25.0204570" lon="121.4238090">
    <ele>14.5</ele>
    <time>2025-08-16T03:18:53Z</time>
   </trkpt>
   <trkpt lat="25.0204640" lon="121.4238220">
    <ele>14.5</ele>
    <time>2025-08-16T03:18:54Z</time>
   </trkpt>
   <trkpt lat="25.0204750" lon="121.4238230">
    <ele>14.5</ele>
    <time>2025-08-16T03:18:55Z</time>
   </trkpt>
   <trkpt lat="25.0204850" lon="121.4238250">
    <ele>14.5</ele>
    <time>2025-08-16T03:18:56Z</time>
   </trkpt>
   <trkpt lat="25.0204940" lon="121.4238290">
    <ele>14.5</ele>
    <time>2025-08-16T03:18:57Z</time>
   </trkpt>
   <trkpt lat="25.0205030" lon="121.4238310">
    <ele>14.5</ele>
    <time>2025-08-16T03:18:58Z</time>
   </trkpt>
   <trkpt lat="25.0205130" lon="121.4238350">
    <ele>14.5</ele>
    <time>2025-08-16T03:18:59Z</time>
   </trkpt>
   <trkpt lat="25.0205220" lon="121.4238370">
    <ele>14.5</ele>
    <time>2025-08-16T03:19:00Z</time>
   </trkpt>
   <trkpt lat="25.0205050" lon="121.4238400">
    <ele>14.5</ele>
    <time>2025-08-16T03:19:01Z</time>
   </trkpt>
   <trkpt lat="25.0205130" lon="121.4238440">
    <ele>14.5</ele>
    <time>2025-08-16T03:19:02Z</time>
   </trkpt>
   <trkpt lat="25.0205230" lon="121.4238490">
    <ele>14.5</ele>
    <time>2025-08-16T03:19:03Z</time>
   </trkpt>
   <trkpt lat="25.0205340" lon="121.4238570">
    <ele>14.5</ele>
    <time>2025-08-16T03:19:04Z</time>
   </trkpt>
   <trkpt lat="25.0205430" lon="121.4238640">
    <ele>14.5</ele>
    <time>2025-08-16T03:19:05Z</time>
   </trkpt>
   <trkpt lat="25.0205550" lon="121.4238710">
    <ele>14.5</ele>
    <time>2025-08-16T03:19:06Z</time>
   </trkpt>
   <trkpt lat="25.0205600" lon="121.4238860">
    <ele>14.5</ele>
    <time>2025-08-16T03:19:07Z</time>
   </trkpt>
   <trkpt lat="25.0205690" lon="121.4238920">
    <ele>14.5</ele>
    <time>2025-08-16T03:19:08Z</time>
   </trkpt>
   <trkpt lat="25.0205850" lon="121.4239040">
    <ele>14.5</ele>
    <time>2025-08-16T03:19:09Z</time>
   </trkpt>
   <trkpt lat="25.0205920" lon="121.4239090">
    <ele>14.5</ele>
    <time>2025-08-16T03:19:10Z</time>
   </trkpt>
   <trkpt lat="25.0206000" lon="121.4239130">
    <ele>14.5</ele>
    <time>2025-08-16T03:19:11Z</time>
   </trkpt>
   <trkpt lat="25.0206070" lon="121.4239180">
    <ele>14.5</ele>
    <time>2025-08-16T03:19:12Z</time>
   </trkpt>
   <trkpt lat="25.0206150" lon="121.4239230">
    <ele>14.6</ele>
    <time>2025-08-16T03:19:13Z</time>
   </trkpt>
   <trkpt lat="25.0206210" lon="121.4239270">
    <ele>14.6</ele>
    <time>2025-08-16T03:19:14Z</time>
   </trkpt>
   <trkpt lat="25.0206270" lon="121.4239310">
    <ele>14.6</ele>
    <time>2025-08-16T03:19:15Z</time>
   </trkpt>
   <trkpt lat="25.0206280" lon="121.4239320">
    <ele>14.6</ele>
    <time>2025-08-16T03:19:16Z</time>
   </trkpt>
   <trkpt lat="25.0206300" lon="121.4239340">
    <ele>14.6</ele>
    <time>2025-08-16T03:19:17Z</time>
   </trkpt>
   <trkpt lat="25.0206340" lon="121.4239360">
    <ele>14.6</ele>
    <time>2025-08-16T03:19:18Z</time>
   </trkpt>
   <trkpt lat="25.0206420" lon="121.4239430">
    <ele>14.6</ele>
    <time>2025-08-16T03:19:19Z</time>
   </trkpt>
   <trkpt lat="25.0206660" lon="121.4239530">
    <ele>14.6</ele>
    <time>2025-08-16T03:19:20Z</time>
   </trkpt>
   <trkpt lat="25.0206730" lon="121.4239580">
    <ele>14.6</ele>
    <time>2025-08-16T03:19:21Z</time>
   </trkpt>
   <trkpt lat="25.0206820" lon="121.4239620">
    <ele>14.6</ele>
    <time>2025-08-16T03:19:22Z</time>
   </trkpt>
   <trkpt lat="25.0206870" lon="121.4239650">
    <ele>14.6</ele>
    <time>2025-08-16T03:19:23Z</time>
   </trkpt>
   <trkpt lat="25.0206920" lon="121.4239680">
    <ele>14.6</ele>
    <time>2025-08-16T03:19:24Z</time>
   </trkpt>
   <trkpt lat="25.0206950" lon="121.4239690">
    <ele>14.6</ele>
    <time>2025-08-16T03:19:25Z</time>
   </trkpt>
   <trkpt lat="25.0207020" lon="121.4239730">
    <ele>14.6</ele>
    <time>2025-08-16T03:19:26Z</time>
   </trkpt>
   <trkpt lat="25.0207260" lon="121.4239840">
    <ele>14.6</ele>
    <time>2025-08-16T03:19:27Z</time>
   </trkpt>
   <trkpt lat="25.0207310" lon="121.4239870">
    <ele>14.6</ele>
    <time>2025-08-16T03:19:28Z</time>
   </trkpt>
   <trkpt lat="25.0207370" lon="121.4239910">
    <ele>14.6</ele>
    <time>2025-08-16T03:19:29Z</time>
   </trkpt>
   <trkpt lat="25.0207540" lon="121.4240000">
    <ele>14.6</ele>
    <time>2025-08-16T03:19:30Z</time>
   </trkpt>
   <trkpt lat="25.0207690" lon="121.4240090">
    <ele>14.6</ele>
    <time>2025-08-16T03:19:31Z</time>
   </trkpt>
   <trkpt lat="25.0207900" lon="121.4240140">
    <ele>14.6</ele>
    <time>2025-08-16T03:19:32Z</time>
   </trkpt>
   <trkpt lat="25.0207990" lon="121.4240180">
    <ele>14.6</ele>
    <time>2025-08-16T03:19:33Z</time>
   </trkpt>
   <trkpt lat="25.0208110" lon="121.4240250">
    <ele>14.6</ele>
    <time>2025-08-16T03:19:34Z</time>
   </trkpt>
   <trkpt lat="25.0208210" lon="121.4240310">
    <ele>14.6</ele>
    <time>2025-08-16T03:19:35Z</time>
   </trkpt>
   <trkpt lat="25.0208280" lon="121.4240360">
    <ele>14.6</ele>
    <time>2025-08-16T03:19:36Z</time>
   </trkpt>
   <trkpt lat="25.0208330" lon="121.4240410">
    <ele>14.6</ele>
    <time>2025-08-16T03:19:37Z</time>
   </trkpt>
   <trkpt lat="25.0208350" lon="121.4240460">
    <ele>14.6</ele>
    <time>2025-08-16T03:19:38Z</time>
   </trkpt>
   <trkpt lat="25.0208340" lon="121.4240470">
    <ele>14.6</ele>
    <time>2025-08-16T03:19:39Z</time>
   </trkpt>
   <trkpt lat="25.0208370" lon="121.4240510">
    <ele>14.6</ele>
    <time>2025-08-16T03:19:40Z</time>
   </trkpt>
   <trkpt lat="25.0208430" lon="121.4240540">
    <ele>14.6</ele>
    <time>2025-08-16T03:19:41Z</time>
   </trkpt>
   <trkpt lat="25.0208510" lon="121.4240610">
    <ele>14.6</ele>
    <time>2025-08-16T03:19:42Z</time>
   </trkpt>
   <trkpt lat="25.0208580" lon="121.4240690">
    <ele>14.6</ele>
    <time>2025-08-16T03:19:43Z</time>
   </trkpt>
   <trkpt lat="25.0208670" lon="121.4240790">
    <ele>14.6</ele>
    <time>2025-08-16T03:19:44Z</time>
   </trkpt>
   <trkpt lat="25.0208810" lon="121.4240720">
    <ele>14.6</ele>
    <time>2025-08-16T03:19:45Z</time>
   </trkpt>
   <trkpt lat="25.0208900" lon="121.4240760">
    <ele>14.6</ele>
    <time>2025-08-16T03:19:46Z</time>
   </trkpt>
   <trkpt lat="25.0208990" lon="121.4240830">
    <ele>14.6</ele>
    <time>2025-08-16T03:19:47Z</time>
   </trkpt>
   <trkpt lat="25.0209090" lon="121.4240930">
    <ele>14.6</ele>
    <time>2025-08-16T03:19:48Z</time>
   </trkpt>
   <trkpt lat="25.0209160" lon="121.4241020">
    <ele>14.6</ele>
    <time>2025-08-16T03:19:49Z</time>
   </trkpt>
   <trkpt lat="25.0209170" lon="121.4241060">
    <ele>14.6</ele>
    <time>2025-08-16T03:19:50Z</time>
   </trkpt>
   <trkpt lat="25.0209210" lon="121.4241100">
    <ele>14.6</ele>
    <time>2025-08-16T03:19:51Z</time>
   </trkpt>
   <trkpt lat="25.0209310" lon="121.4240900">
    <ele>14.6</ele>
    <time>2025-08-16T03:19:52Z</time>
   </trkpt>
   <trkpt lat="25.0209380" lon="121.4240890">
    <ele>14.6</ele>
    <time>2025-08-16T03:19:53Z</time>
   </trkpt>
   <trkpt lat="25.0209470" lon="121.4240970">
    <ele>14.6</ele>
    <time>2025-08-16T03:19:54Z</time>
   </trkpt>
   <trkpt lat="25.0209520" lon="121.4241020">
    <ele>14.6</ele>
    <time>2025-08-16T03:19:55Z</time>
   </trkpt>
   <trkpt lat="25.0209560" lon="121.4241060">
    <ele>14.6</ele>
    <time>2025-08-16T03:19:56Z</time>
   </trkpt>
   <trkpt lat="25.0209610" lon="121.4241110">
    <ele>14.6</ele>
    <time>2025-08-16T03:19:57Z</time>
   </trkpt>
   <trkpt lat="25.0209660" lon="121.4241150">
    <ele>14.6</ele>
    <time>2025-08-16T03:19:58Z</time>
   </trkpt>
   <trkpt lat="25.0209750" lon="121.4241210">
    <ele>14.6</ele>
    <time>2025-08-16T03:19:59Z</time>
   </trkpt>
   <trkpt lat="25.0209850" lon="121.4241260">
    <ele>14.6</ele>
    <time>2025-08-16T03:20:00Z</time>
   </trkpt>
   <trkpt lat="25.0209880" lon="121.4241280">
    <ele>14.6</ele>
    <time>2025-08-16T03:20:01Z</time>
   </trkpt>
   <trkpt lat="25.0209850" lon="121.4241260">
    <ele>14.6</ele>
    <time>2025-08-16T03:20:02Z</time>
   </trkpt>
   <trkpt lat="25.0209910" lon="121.4241310">
    <ele>14.6</ele>
    <time>2025-08-16T03:20:03Z</time>
   </trkpt>
   <trkpt lat="25.0210130" lon="121.4241480">
    <ele>14.6</ele>
    <time>2025-08-16T03:20:04Z</time>
   </trkpt>
   <trkpt lat="25.0210280" lon="121.4241590">
    <ele>14.6</ele>
    <time>2025-08-16T03:20:05Z</time>
   </trkpt>
   <trkpt lat="25.0210400" lon="121.4241680">
    <ele>14.6</ele>
    <time>2025-08-16T03:20:06Z</time>
   </trkpt>
   <trkpt lat="25.0210550" lon="121.4241760">
    <ele>14.6</ele>
    <time>2025-08-16T03:20:07Z</time>
   </trkpt>
   <trkpt lat="25.0211000" lon="121.4241940">
    <ele>14.6</ele>
    <time>2025-08-16T03:20:08Z</time>
   </trkpt>
   <trkpt lat="25.0211410" lon="121.4241930">
    <ele>14.6</ele>
    <time>2025-08-16T03:20:09Z</time>
   </trkpt>
   <trkpt lat="25.0211540" lon="121.4241940">
    <ele>14.6</ele>
    <time>2025-08-16T03:20:11Z</time>
   </trkpt>
   <trkpt lat="25.0211670" lon="121.4241950">
    <ele>14.6</ele>
    <time>2025-08-16T03:20:12Z</time>
   </trkpt>
   <trkpt lat="25.0211770" lon="121.4241980">
    <ele>14.6</ele>
    <time>2025-08-16T03:20:13Z</time>
   </trkpt>
   <trkpt lat="25.0211830" lon="121.4241980">
    <ele>14.6</ele>
    <time>2025-08-16T03:20:14Z</time>
   </trkpt>
   <trkpt lat="25.0211830" lon="121.4241960">
    <ele>14.6</ele>
    <time>2025-08-16T03:20:15Z</time>
   </trkpt>
   <trkpt lat="25.0211840" lon="121.4241950">
    <ele>14.6</ele>
    <time>2025-08-16T03:20:16Z</time>
   </trkpt>
   <trkpt lat="25.0211950" lon="121.4241960">
    <ele>14.6</ele>
    <time>2025-08-16T03:20:17Z</time>
   </trkpt>
   <trkpt lat="25.0212050" lon="121.4241970">
    <ele>14.6</ele>
    <time>2025-08-16T03:20:18Z</time>
   </trkpt>
   <trkpt lat="25.0212060" lon="121.4241990">
    <ele>14.6</ele>
    <time>2025-08-16T03:20:19Z</time>
   </trkpt>
   <trkpt lat="25.0211990" lon="121.4242020">
    <ele>14.6</ele>
    <time>2025-08-16T03:20:20Z</time>
   </trkpt>
   <trkpt lat="25.0212010" lon="121.4242030">
    <ele>14.6</ele>
    <time>2025-08-16T03:20:21Z</time>
   </trkpt>
   <trkpt lat="25.0212070" lon="121.4242040">
    <ele>14.6</ele>
    <time>2025-08-16T03:20:22Z</time>
   </trkpt>
   <trkpt lat="25.0212140" lon="121.4242080">
    <ele>14.6</ele>
    <time>2025-08-16T03:20:23Z</time>
   </trkpt>
   <trkpt lat="25.0212140" lon="121.4242090">
    <ele>14.6</ele>
    <time>2025-08-16T03:20:24Z</time>
   </trkpt>
   <trkpt lat="25.0212130" lon="121.4242090">
    <ele>14.6</ele>
    <time>2025-08-16T03:20:25Z</time>
   </trkpt>
   <trkpt lat="25.0212190" lon="121.4242080">
    <ele>14.6</ele>
    <time>2025-08-16T03:20:26Z</time>
   </trkpt>
   <trkpt lat="25.0212360" lon="121.4242080">
    <ele>14.6</ele>
    <time>2025-08-16T03:20:27Z</time>
   </trkpt>
   <trkpt lat="25.0212480" lon="121.4242090">
    <ele>14.6</ele>
    <time>2025-08-16T03:20:28Z</time>
   </trkpt>
   <trkpt lat="25.0212640" lon="121.4242100">
    <ele>14.6</ele>
    <time>2025-08-16T03:20:29Z</time>
   </trkpt>
   <trkpt lat="25.0212750" lon="121.4242420">
    <ele>14.6</ele>
    <time>2025-08-16T03:20:30Z</time>
   </trkpt>
   <trkpt lat="25.0212780" lon="121.4242500">
    <ele>14.6</ele>
    <time>2025-08-16T03:20:31Z</time>
   </trkpt>
   <trkpt lat="25.0212850" lon="121.4242750">
    <ele>14.6</ele>
    <time>2025-08-16T03:20:33Z</time>
   </trkpt>
   <trkpt lat="25.0212890" lon="121.4242820">
    <ele>14.6</ele>
    <time>2025-08-16T03:20:34Z</time>
   </trkpt>
   <trkpt lat="25.0212920" lon="121.4242890">
    <ele>14.6</ele>
    <time>2025-08-16T03:20:35Z</time>
   </trkpt>
   <trkpt lat="25.0212930" lon="121.4242940">
    <ele>14.6</ele>
    <time>2025-08-16T03:20:36Z</time>
   </trkpt>
   <trkpt lat="25.0212990" lon="121.4243000">
    <ele>14.6</ele>
    <time>2025-08-16T03:20:37Z</time>
   </trkpt>
   <trkpt lat="25.0213070" lon="121.4243030">
    <ele>14.6</ele>
    <time>2025-08-16T03:20:38Z</time>
   </trkpt>
   <trkpt lat="25.0213200" lon="121.4243080">
    <ele>14.6</ele>
    <time>2025-08-16T03:20:39Z</time>
   </trkpt>
   <trkpt lat="25.0213490" lon="121.4243250">
    <ele>14.6</ele>
    <time>2025-08-16T03:20:40Z</time>
   </trkpt>
   <trkpt lat="25.0213590" lon="121.4243310">
    <ele>14.6</ele>
    <time>2025-08-16T03:20:41Z</time>
   </trkpt>
   <trkpt lat="25.0213710" lon="121.4243330">
    <ele>14.6</ele>
    <time>2025-08-16T03:20:42Z</time>
   </trkpt>
   <trkpt lat="25.0213790" lon="121.4243400">
    <ele>14.6</ele>
    <time>2025-08-16T03:20:43Z</time>
   </trkpt>
   <trkpt lat="25.0214090" lon="121.4243400">
    <ele>14.6</ele>
    <time>2025-08-16T03:20:44Z</time>
   </trkpt>
   <trkpt lat="25.0214270" lon="121.4243410">
    <ele>14.6</ele>
    <time>2025-08-16T03:20:45Z</time>
   </trkpt>
   <trkpt lat="25.0214410" lon="121.4243450">
    <ele>14.6</ele>
    <time>2025-08-16T03:20:46Z</time>
   </trkpt>
   <trkpt lat="25.0214490" lon="121.4243430">
    <ele>14.6</ele>
    <time>2025-08-16T03:20:47Z</time>
   </trkpt>
   <trkpt lat="25.0214560" lon="121.4243420">
    <ele>14.6</ele>
    <time>2025-08-16T03:20:48Z</time>
   </trkpt>
   <trkpt lat="25.0214640" lon="121.4243400">
    <ele>14.6</ele>
    <time>2025-08-16T03:20:49Z</time>
   </trkpt>
   <trkpt lat="25.0214650" lon="121.4243500">
    <ele>14.6</ele>
    <time>2025-08-16T03:20:50Z</time>
   </trkpt>
   <trkpt lat="25.0214740" lon="121.4243560">
    <ele>14.6</ele>
    <time>2025-08-16T03:20:51Z</time>
   </trkpt>
   <trkpt lat="25.0214850" lon="121.4243650">
    <ele>14.6</ele>
    <time>2025-08-16T03:20:52Z</time>
   </trkpt>
   <trkpt lat="25.0214950" lon="121.4243770">
    <ele>14.6</ele>
    <time>2025-08-16T03:20:53Z</time>
   </trkpt>
   <trkpt lat="25.0215040" lon="121.4243910">
    <ele>14.6</ele>
    <time>2025-08-16T03:20:54Z</time>
   </trkpt>
   <trkpt lat="25.0215140" lon="121.4244050">
    <ele>14.6</ele>
    <time>2025-08-16T03:20:55Z</time>
   </trkpt>
   <trkpt lat="25.0215220" lon="121.4244180">
    <ele>14.6</ele>
    <time>2025-08-16T03:20:56Z</time>
   </trkpt>
   <trkpt lat="25.0215290" lon="121.4244300">
    <ele>14.6</ele>
    <time>2025-08-16T03:20:57Z</time>
   </trkpt>
   <trkpt lat="25.0215330" lon="121.4244370">
    <ele>14.6</ele>
    <time>2025-08-16T03:20:58Z</time>
   </trkpt>
   <trkpt lat="25.0215380" lon="121.4244400">
    <ele>14.6</ele>
    <time>2025-08-16T03:20:59Z</time>
   </trkpt>
   <trkpt lat="25.0215450" lon="121.4244440">
    <ele>14.6</ele>
    <time>2025-08-16T03:21:00Z</time>
   </trkpt>
   <trkpt lat="25.0215630" lon="121.4244410">
    <ele>14.6</ele>
    <time>2025-08-16T03:21:01Z</time>
   </trkpt>
   <trkpt lat="25.0215730" lon="121.4244450">
    <ele>14.6</ele>
    <time>2025-08-16T03:21:02Z</time>
   </trkpt>
   <trkpt lat="25.0215840" lon="121.4244520">
    <ele>14.6</ele>
    <time>2025-08-16T03:21:03Z</time>
   </trkpt>
   <trkpt lat="25.0215940" lon="121.4244590">
    <ele>14.6</ele>
    <time>2025-08-16T03:21:04Z</time>
   </trkpt>
   <trkpt lat="25.0216040" lon="121.4244630">
    <ele>14.6</ele>
    <time>2025-08-16T03:21:05Z</time>
   </trkpt>
   <trkpt lat="25.0216100" lon="121.4244660">
    <ele>14.6</ele>
    <time>2025-08-16T03:21:06Z</time>
   </trkpt>
   <trkpt lat="25.0216370" lon="121.4244660">
    <ele>14.6</ele>
    <time>2025-08-16T03:21:07Z</time>
   </trkpt>
   <trkpt lat="25.0216470" lon="121.4244650">
    <ele>14.6</ele>
    <time>2025-08-16T03:21:09Z</time>
   </trkpt>
   <trkpt lat="25.0216570" lon="121.4244670">
    <ele>14.6</ele>
    <time>2025-08-16T03:21:10Z</time>
   </trkpt>
   <trkpt lat="25.0216720" lon="121.4244700">
    <ele>14.6</ele>
    <time>2025-08-16T03:21:11Z</time>
   </trkpt>
   <trkpt lat="25.0216790" lon="121.4244720">
    <ele>14.6</ele>
    <time>2025-08-16T03:21:12Z</time>
   </trkpt>
   <trkpt lat="25.0216840" lon="121.4244740">
    <ele>14.6</ele>
    <time>2025-08-16T03:21:13Z</time>
   </trkpt>
   <trkpt lat="25.0216900" lon="121.4244760">
    <ele>14.6</ele>
    <time>2025-08-16T03:21:14Z</time>
   </trkpt>
   <trkpt lat="25.0216970" lon="121.4244770">
    <ele>14.6</ele>
    <time>2025-08-16T03:21:15Z</time>
   </trkpt>
   <trkpt lat="25.0217020" lon="121.4244810">
    <ele>14.6</ele>
    <time>2025-08-16T03:21:16Z</time>
   </trkpt>
   <trkpt lat="25.0217110" lon="121.4244870">
    <ele>14.6</ele>
    <time>2025-08-16T03:21:17Z</time>
   </trkpt>
   <trkpt lat="25.0217180" lon="121.4244910">
    <ele>14.6</ele>
    <time>2025-08-16T03:21:18Z</time>
   </trkpt>
   <trkpt lat="25.0217210" lon="121.4244930">
    <ele>14.6</ele>
    <time>2025-08-16T03:21:19Z</time>
   </trkpt>
   <trkpt lat="25.0217250" lon="121.4244950">
    <ele>14.6</ele>
    <time>2025-08-16T03:21:20Z</time>
   </trkpt>
   <trkpt lat="25.0217310" lon="121.4245000">
    <ele>14.6</ele>
    <time>2025-08-16T03:21:21Z</time>
   </trkpt>
   <trkpt lat="25.0217580" lon="121.4245270">
    <ele>14.6</ele>
    <time>2025-08-16T03:21:22Z</time>
   </trkpt>
   <trkpt lat="25.0217890" lon="121.4245400">
    <ele>14.6</ele>
    <time>2025-08-16T03:21:23Z</time>
   </trkpt>
   <trkpt lat="25.0218050" lon="121.4245440">
    <ele>14.5</ele>
    <time>2025-08-16T03:21:25Z</time>
   </trkpt>
   <trkpt lat="25.0218220" lon="121.4245480">
    <ele>14.5</ele>
    <time>2025-08-16T03:21:26Z</time>
   </trkpt>
   <trkpt lat="25.0218380" lon="121.4245520">
    <ele>14.5</ele>
    <time>2025-08-16T03:21:27Z</time>
   </trkpt>
   <trkpt lat="25.0218590" lon="121.4245570">
    <ele>14.5</ele>
    <time>2025-08-16T03:21:28Z</time>
   </trkpt>
   <trkpt lat="25.0218670" lon="121.4245590">
    <ele>14.5</ele>
    <time>2025-08-16T03:21:29Z</time>
   </trkpt>
   <trkpt lat="25.0218760" lon="121.4245610">
    <ele>14.5</ele>
    <time>2025-08-16T03:21:30Z</time>
   </trkpt>
   <trkpt lat="25.0218900" lon="121.4245640">
    <ele>14.5</ele>
    <time>2025-08-16T03:21:31Z</time>
   </trkpt>
   <trkpt lat="25.0219070" lon="121.4245700">
    <ele>14.5</ele>
    <time>2025-08-16T03:21:32Z</time>
   </trkpt>
   <trkpt lat="25.0219160" lon="121.4245720">
    <ele>14.5</ele>
    <time>2025-08-16T03:21:33Z</time>
   </trkpt>
   <trkpt lat="25.0219290" lon="121.4245730">
    <ele>14.5</ele>
    <time>2025-08-16T03:21:34Z</time>
   </trkpt>
   <trkpt lat="25.0219420" lon="121.4245720">
    <ele>14.5</ele>
    <time>2025-08-16T03:21:35Z</time>
   </trkpt>
   <trkpt lat="25.0219550" lon="121.4245690">
    <ele>14.5</ele>
    <time>2025-08-16T03:21:36Z</time>
   </trkpt>
   <trkpt lat="25.0219720" lon="121.4245750">
    <ele>14.5</ele>
    <time>2025-08-16T03:21:37Z</time>
   </trkpt>
   <trkpt lat="25.0219800" lon="121.4245730">
    <ele>14.5</ele>
    <time>2025-08-16T03:21:38Z</time>
   </trkpt>
   <trkpt lat="25.0219890" lon="121.4245650">
    <ele>14.5</ele>
    <time>2025-08-16T03:21:39Z</time>
   </trkpt>
   <trkpt lat="25.0219970" lon="121.4245530">
    <ele>14.6</ele>
    <time>2025-08-16T03:21:40Z</time>
   </trkpt>
   <trkpt lat="25.0220050" lon="121.4245200">
    <ele>14.6</ele>
    <time>2025-08-16T03:21:41Z</time>
   </trkpt>
   <trkpt lat="25.0220050" lon="121.4245000">
    <ele>14.7</ele>
    <time>2025-08-16T03:21:42Z</time>
   </trkpt>
   <trkpt lat="25.0220060" lon="121.4244900">
    <ele>14.7</ele>
    <time>2025-08-16T03:21:43Z</time>
   </trkpt>
   <trkpt lat="25.0220090" lon="121.4244770">
    <ele>14.7</ele>
    <time>2025-08-16T03:21:44Z</time>
   </trkpt>
   <trkpt lat="25.0220120" lon="121.4244640">
    <ele>14.7</ele>
    <time>2025-08-16T03:21:45Z</time>
   </trkpt>
   <trkpt lat="25.0220190" lon="121.4244420">
    <ele>14.8</ele>
    <time>2025-08-16T03:21:46Z</time>
   </trkpt>
   <trkpt lat="25.0220210" lon="121.4244320">
    <ele>14.8</ele>
    <time>2025-08-16T03:21:47Z</time>
   </trkpt>
   <trkpt lat="25.0220240" lon="121.4244230">
    <ele>14.8</ele>
    <time>2025-08-16T03:21:48Z</time>
   </trkpt>
   <trkpt lat="25.0220300" lon="121.4244010">
    <ele>14.8</ele>
    <time>2025-08-16T03:21:49Z</time>
   </trkpt>
   <trkpt lat="25.0220330" lon="121.4243920">
    <ele>14.9</ele>
    <time>2025-08-16T03:21:50Z</time>
   </trkpt>
   <trkpt lat="25.0220360" lon="121.4243830">
    <ele>14.9</ele>
    <time>2025-08-16T03:21:51Z</time>
   </trkpt>
   <trkpt lat="25.0220410" lon="121.4243700">
    <ele>14.9</ele>
    <time>2025-08-16T03:21:52Z</time>
   </trkpt>
   <trkpt lat="25.0220520" lon="121.4243480">
    <ele>14.9</ele>
    <time>2025-08-16T03:21:53Z</time>
   </trkpt>
   <trkpt lat="25.0220560" lon="121.4243400">
    <ele>15.0</ele>
    <time>2025-08-16T03:21:54Z</time>
   </trkpt>
   <trkpt lat="25.0220620" lon="121.4243290">
    <ele>15.0</ele>
    <time>2025-08-16T03:21:55Z</time>
   </trkpt>
   <trkpt lat="25.0220680" lon="121.4243160">
    <ele>15.0</ele>
    <time>2025-08-16T03:21:56Z</time>
   </trkpt>
   <trkpt lat="25.0220760" lon="121.4242930">
    <ele>15.0</ele>
    <time>2025-08-16T03:21:57Z</time>
   </trkpt>
   <trkpt lat="25.0220780" lon="121.4242820">
    <ele>15.1</ele>
    <time>2025-08-16T03:21:58Z</time>
   </trkpt>
   <trkpt lat="25.0220800" lon="121.4242720">
    <ele>15.1</ele>
    <time>2025-08-16T03:21:59Z</time>
   </trkpt>
   <trkpt lat="25.0220830" lon="121.4242590">
    <ele>15.1</ele>
    <time>2025-08-16T03:22:00Z</time>
   </trkpt>
   <trkpt lat="25.0220870" lon="121.4242470">
    <ele>15.1</ele>
    <time>2025-08-16T03:22:01Z</time>
   </trkpt>
   <trkpt lat="25.0220910" lon="121.4242390">
    <ele>15.2</ele>
    <time>2025-08-16T03:22:02Z</time>
   </trkpt>
   <trkpt lat="25.0220930" lon="121.4242290">
    <ele>15.2</ele>
    <time>2025-08-16T03:22:03Z</time>
   </trkpt>
   <trkpt lat="25.0220950" lon="121.4242170">
    <ele>15.2</ele>
    <time>2025-08-16T03:22:04Z</time>
   </trkpt>
   <trkpt lat="25.0220960" lon="121.4241990">
    <ele>15.2</ele>
    <time>2025-08-16T03:22:05Z</time>
   </trkpt>
   <trkpt lat="25.0220970" lon="121.4241820">
    <ele>15.3</ele>
    <time>2025-08-16T03:22:06Z</time>
   </trkpt>
   <trkpt lat="25.0220990" lon="121.4241680">
    <ele>15.3</ele>
    <time>2025-08-16T03:22:07Z</time>
   </trkpt>
   <trkpt lat="25.0221010" lon="121.4241600">
    <ele>15.4</ele>
    <time>2025-08-16T03:22:08Z</time>
   </trkpt>
   <trkpt lat="25.0221040" lon="121.4241680">
    <ele>15.4</ele>
    <time>2025-08-16T03:22:09Z</time>
   </trkpt>
   <trkpt lat="25.0221060" lon="121.4241650">
    <ele>15.4</ele>
    <time>2025-08-16T03:22:10Z</time>
   </trkpt>
   <trkpt lat="25.0221060" lon="121.4241610">
    <ele>15.4</ele>
    <time>2025-08-16T03:22:11Z</time>
   </trkpt>
   <trkpt lat="25.0221030" lon="121.4241590">
    <ele>15.4</ele>
    <time>2025-08-16T03:22:12Z</time>
   </trkpt>
   <trkpt lat="25.0221020" lon="121.4241600">
    <ele>15.4</ele>
    <time>2025-08-16T03:22:13Z</time>
   </trkpt>
   <trkpt lat="25.0220990" lon="121.4241650">
    <ele>15.4</ele>
    <time>2025-08-16T03:22:14Z</time>
   </trkpt>
  </trkseg>
 </trk>
</gpx>
