<?xml version="1.0" encoding="UTF-8"?>
<gpx xmlns:xsi="http://www.w3.org/2001/XMLSchema-instance" xsi:schemaLocation="http://www.topografix.com/GPX/1/1 http://www.topografix.com/GPX/1/1/gpx.xsd" creator="StravaGPX" version="1.1" xmlns="http://www.topografix.com/GPX/1/1">
 <metadata>
  <time>2025-08-21T02:48:23Z</time>
 </metadata>
 <trk>
  <name>晨間步行</name>
  <type>walking</type>
  <trkseg>
   <trkpt lat="25.0223330" lon="121.4256020">
    <ele>13.4</ele>
    <time>2025-08-21T02:48:23Z</time>
   </trkpt>
   <trkpt lat="25.0223470" lon="121.4256450">
    <ele>13.5</ele>
    <time>2025-08-21T02:48:29Z</time>
   </trkpt>
   <trkpt lat="25.0223600" lon="121.4256350">
    <ele>13.5</ele>
    <time>2025-08-21T02:48:35Z</time>
   </trkpt>
   <trkpt lat="25.0223740" lon="121.4256250">
    <ele>13.5</ele>
    <time>2025-08-21T02:48:41Z</time>
   </trkpt>
   <trkpt lat="25.0223870" lon="121.4256140">
    <ele>13.5</ele>
    <time>2025-08-21T02:48:46Z</time>
   </trkpt>
   <trkpt lat="25.0224000" lon="121.4256040">
    <ele>13.5</ele>
    <time>2025-08-21T02:48:52Z</time>
   </trkpt>
   <trkpt lat="25.0224130" lon="121.4255940">
    <ele>13.5</ele>
    <time>2025-08-21T02:48:58Z</time>
   </trkpt>
   <trkpt lat="25.0224260" lon="121.4255840">
    <ele>13.5</ele>
    <time>2025-08-21T02:49:04Z</time>
   </trkpt>
   <trkpt lat="25.0224390" lon="121.4255740">
    <ele>13.6</ele>
    <time>2025-08-21T02:49:10Z</time>
   </trkpt>
   <trkpt lat="25.0224530" lon="121.4255640">
    <ele>13.6</ele>
    <time>2025-08-21T02:49:16Z</time>
   </trkpt>
   <trkpt lat="25.0224660" lon="121.4255530">
    <ele>13.6</ele>
    <time>2025-08-21T02:49:22Z</time>
   </trkpt>
   <trkpt lat="25.0224790" lon="121.4255430">
    <ele>13.6</ele>
    <time>2025-08-21T02:49:28Z</time>
   </trkpt>
   <trkpt lat="25.0224920" lon="121.4255330">
    <ele>13.6</ele>
    <time>2025-08-21T02:49:34Z</time>
   </trkpt>
   <trkpt lat="25.0225050" lon="121.4255230">
    <ele>13.6</ele>
    <time>2025-08-21T02:49:40Z</time>
   </trkpt>
   <trkpt lat="25.0225180" lon="121.4255130">
    <ele>13.6</ele>
    <time>2025-08-21T02:49:46Z</time>
   </trkpt>
   <trkpt lat="25.0225320" lon="121.4255030">
    <ele>13.7</ele>
    <time>2025-08-21T02:49:52Z</time>
   </trkpt>
   <trkpt lat="25.0225450" lon="121.4254920">
    <ele>13.7</ele>
    <time>2025-08-21T02:49:53Z</time>
   </trkpt>
   <trkpt lat="25.0225580" lon="121.4254820">
    <ele>13.7</ele>
    <time>2025-08-21T02:49:54Z</time>
   </trkpt>
   <trkpt lat="25.0225710" lon="121.4254720">
    <ele>13.7</ele>
    <time>2025-08-21T02:49:55Z</time>
   </trkpt>
   <trkpt lat="25.0225840" lon="121.4254620">
    <ele>13.7</ele>
    <time>2025-08-21T02:49:56Z</time>
   </trkpt>
   <trkpt lat="25.0225970" lon="121.4254520">
    <ele>13.8</ele>
    <time>2025-08-21T02:49:57Z</time>
   </trkpt>
   <trkpt lat="25.0226110" lon="121.4254420">
    <ele>13.8</ele>
    <time>2025-08-21T02:49:58Z</time>
   </trkpt>
   <trkpt lat="25.0226240" lon="121.4254310">
    <ele>13.8</ele>
    <time>2025-08-21T02:50:09Z</time>
   </trkpt>
   <trkpt lat="25.0226370" lon="121.4254210">
    <ele>13.8</ele>
    <time>2025-08-21T02:50:10Z</time>
   </trkpt>
   <trkpt lat="25.0226500" lon="121.4254110">
    <ele>13.8</ele>
    <time>2025-08-21T02:50:11Z</time>
   </trkpt>
   <trkpt lat="25.0226500" lon="121.4254120">
    <ele>13.8</ele>
    <time>2025-08-21T02:50:12Z</time>
   </trkpt>
   <trkpt lat="25.0226500" lon="121.4254120">
    <ele>13.8</ele>
    <time>2025-08-21T02:50:13Z</time>
   </trkpt>
   <trkpt lat="25.0226500" lon="121.4254120">
    <ele>13.8</ele>
    <time>2025-08-21T02:50:14Z</time>
   </trkpt>
   <trkpt lat="25.0226500" lon="121.4254120">
    <ele>13.8</ele>
    <time>2025-08-21T02:50:15Z</time>
   </trkpt>
   <trkpt lat="25.0226500" lon="121.4254120">
    <ele>13.8</ele>
    <time>2025-08-21T02:50:16Z</time>
   </trkpt>
   <trkpt lat="25.0226500" lon="121.4254120">
    <ele>13.8</ele>
    <time>2025-08-21T02:50:17Z</time>
   </trkpt>
   <trkpt lat="25.0226500" lon="121.4254120">
    <ele>13.8</ele>
    <time>2025-08-21T02:50:28Z</time>
   </trkpt>
   <trkpt lat="25.0226460" lon="121.4254150">
    <ele>13.8</ele>
    <time>2025-08-21T02:50:29Z</time>
   </trkpt>
   <trkpt lat="25.0226410" lon="121.4254190">
    <ele>13.8</ele>
    <time>2025-08-21T02:50:30Z</time>
   </trkpt>
   <trkpt lat="25.0226370" lon="121.4254220">
    <ele>13.8</ele>
    <time>2025-08-21T02:50:31Z</time>
   </trkpt>
   <trkpt lat="25.0226320" lon="121.4254250">
    <ele>13.8</ele>
    <time>2025-08-21T02:50:39Z</time>
   </trkpt>
   <trkpt lat="25.0226280" lon="121.4254280">
    <ele>13.8</ele>
    <time>2025-08-21T02:50:40Z</time>
   </trkpt>
   <trkpt lat="25.0226230" lon="121.4254320">
    <ele>13.8</ele>
    <time>2025-08-21T02:50:41Z</time>
   </trkpt>
   <trkpt lat="25.0226190" lon="121.4254350">
    <ele>13.8</ele>
    <time>2025-08-21T02:50:42Z</time>
   </trkpt>
   <trkpt lat="25.0226180" lon="121.4254370">
    <ele>13.8</ele>
    <time>2025-08-21T02:50:43Z</time>
   </trkpt>
   <trkpt lat="25.0226170" lon="121.4254380">
    <ele>13.8</ele>
    <time>2025-08-21T02:50:44Z</time>
   </trkpt>
   <trkpt lat="25.0226150" lon="121.4254380">
    <ele>13.8</ele>
    <time>2025-08-21T02:50:45Z</time>
   </trkpt>
   <trkpt lat="25.0226140" lon="121.4254390">
    <ele>13.8</ele>
    <time>2025-08-21T02:50:46Z</time>
   </trkpt>
   <trkpt lat="25.0226130" lon="121.4254400">
    <ele>13.8</ele>
    <time>2025-08-21T02:50:47Z</time>
   </trkpt>
   <trkpt lat="25.0226120" lon="121.4254410">
    <ele>13.8</ele>
    <time>2025-08-21T02:50:48Z</time>
   </trkpt>
   <trkpt lat="25.0226110" lon="121.4254420">
    <ele>13.8</ele>
    <time>2025-08-21T02:50:49Z</time>
   </trkpt>
   <trkpt lat="25.0226100" lon="121.4254430">
    <ele>13.8</ele>
    <time>2025-08-21T02:50:50Z</time>
   </trkpt>
   <trkpt lat="25.0226080" lon="121.4254430">
    <ele>13.8</ele>
    <time>2025-08-21T02:50:51Z</time>
   </trkpt>
   <trkpt lat="25.0226070" lon="121.4254440">
    <ele>13.8</ele>
    <time>2025-08-21T02:50:52Z</time>
   </trkpt>
   <trkpt lat="25.0226060" lon="121.4254450">
    <ele>13.8</ele>
    <time>2025-08-21T02:50:53Z</time>
   </trkpt>
   <trkpt lat="25.0226050" lon="121.4254460">
    <ele>13.8</ele>
    <time>2025-08-21T02:50:54Z</time>
   </trkpt>
   <trkpt lat="25.0226040" lon="121.4254470">
    <ele>13.8</ele>
    <time>2025-08-21T02:50:55Z</time>
   </trkpt>
   <trkpt lat="25.0226020" lon="121.4254470">
    <ele>13.8</ele>
    <time>2025-08-21T02:50:56Z</time>
   </trkpt>
   <trkpt lat="25.0226010" lon="121.4254480">
    <ele>13.8</ele>
    <time>2025-08-21T02:50:57Z</time>
   </trkpt>
   <trkpt lat="25.0226000" lon="121.4254490">
    <ele>13.8</ele>
    <time>2025-08-21T02:50:58Z</time>
   </trkpt>
   <trkpt lat="25.0225990" lon="121.4254500">
    <ele>13.8</ele>
    <time>2025-08-21T02:50:59Z</time>
   </trkpt>
   <trkpt lat="25.0225980" lon="121.4254510">
    <ele>13.8</ele>
    <time>2025-08-21T02:51:00Z</time>
   </trkpt>
   <trkpt lat="25.0225960" lon="121.4254510">
    <ele>13.8</ele>
    <time>2025-08-21T02:51:01Z</time>
   </trkpt>
   <trkpt lat="25.0225950" lon="121.4254520">
    <ele>13.8</ele>
    <time>2025-08-21T02:51:02Z</time>
   </trkpt>
   <trkpt lat="25.0225940" lon="121.4254530">
    <ele>13.8</ele>
    <time>2025-08-21T02:51:03Z</time>
   </trkpt>
   <trkpt lat="25.0225930" lon="121.4254540">
    <ele>13.8</ele>
    <time>2025-08-21T02:51:04Z</time>
   </trkpt>
   <trkpt lat="25.0225920" lon="121.4254550">
    <ele>13.8</ele>
    <time>2025-08-21T02:51:05Z</time>
   </trkpt>
   <trkpt lat="25.0225910" lon="121.4254560">
    <ele>13.8</ele>
    <time>2025-08-21T02:51:06Z</time>
   </trkpt>
   <trkpt lat="25.0225890" lon="121.4254560">
    <ele>13.8</ele>
    <time>2025-08-21T02:51:07Z</time>
   </trkpt>
   <trkpt lat="25.0225880" lon="121.4254570">
    <ele>13.8</ele>
    <time>2025-08-21T02:51:08Z</time>
   </trkpt>
   <trkpt lat="25.0225870" lon="121.4254580">
    <ele>13.8</ele>
    <time>2025-08-21T02:51:09Z</time>
   </trkpt>
   <trkpt lat="25.0225870" lon="121.4254580">
    <ele>13.8</ele>
    <time>2025-08-21T02:51:10Z</time>
   </trkpt>
   <trkpt lat="25.0225870" lon="121.4254580">
    <ele>13.8</ele>
    <time>2025-08-21T02:51:11Z</time>
   </trkpt>
   <trkpt lat="25.0225870" lon="121.4254580">
    <ele>13.8</ele>
    <time>2025-08-21T02:51:12Z</time>
   </trkpt>
   <trkpt lat="25.0225870" lon="121.4254580">
    <ele>13.8</ele>
    <time>2025-08-21T02:51:13Z</time>
   </trkpt>
   <trkpt lat="25.0225870" lon="121.4254580">
    <ele>13.8</ele>
    <time>2025-08-21T02:51:14Z</time>
   </trkpt>
   <trkpt lat="25.0225720" lon="121.4254690">
    <ele>13.8</ele>
    <time>2025-08-21T02:51:15Z</time>
   </trkpt>
   <trkpt lat="25.0225720" lon="121.4254690">
    <ele>13.8</ele>
    <time>2025-08-21T02:51:16Z</time>
   </trkpt>
   <trkpt lat="25.0225720" lon="121.4254690">
    <ele>13.8</ele>
    <time>2025-08-21T02:51:17Z</time>
   </trkpt>
   <trkpt lat="25.0225720" lon="121.4254690">
    <ele>13.8</ele>
    <time>2025-08-21T02:51:18Z</time>
   </trkpt>
   <trkpt lat="25.0222670" lon="121.4257350">
    <ele>13.7</ele>
    <time>2025-08-21T02:51:19Z</time>
   </trkpt>
   <trkpt lat="25.0225720" lon="121.4254690">
    <ele>13.6</ele>
    <time>2025-08-21T02:51:20Z</time>
   </trkpt>
   <trkpt lat="25.0222720" lon="121.4257430">
    <ele>13.6</ele>
    <time>2025-08-21T02:51:21Z</time>
   </trkpt>
   <trkpt lat="25.0225720" lon="121.4254690">
    <ele>13.5</ele>
    <time>2025-08-21T02:51:22Z</time>
   </trkpt>
   <trkpt lat="25.0225720" lon="121.4254690">
    <ele>13.5</ele>
    <time>2025-08-21T02:51:23Z</time>
   </trkpt>
   <trkpt lat="25.0225720" lon="121.4254690">
    <ele>13.5</ele>
    <time>2025-08-21T02:51:24Z</time>
   </trkpt>
   <trkpt lat="25.0225720" lon="121.4254690">
    <ele>13.5</ele>
    <time>2025-08-21T02:51:25Z</time>
   </trkpt>
   <trkpt lat="25.0225720" lon="121.4254700">
    <ele>13.5</ele>
    <time>2025-08-21T02:51:26Z</time>
   </trkpt>
   <trkpt lat="25.0225590" lon="121.4254800">
    <ele>13.5</ele>
    <time>2025-08-21T02:51:27Z</time>
   </trkpt>
   <trkpt lat="25.0225270" lon="121.4255070">
    <ele>13.5</ele>
    <time>2025-08-21T02:51:28Z</time>
   </trkpt>
   <trkpt lat="25.0224960" lon="121.4255330">
    <ele>13.5</ele>
    <time>2025-08-21T02:51:29Z</time>
   </trkpt>
   <trkpt lat="25.0224140" lon="121.4255910">
    <ele>13.5</ele>
    <time>2025-08-21T02:51:30Z</time>
   </trkpt>
   <trkpt lat="25.0223600" lon="121.4256450">
    <ele>13.5</ele>
    <time>2025-08-21T02:51:31Z</time>
   </trkpt>
   <trkpt lat="25.0222940" lon="121.4256900">
    <ele>13.5</ele>
    <time>2025-08-21T02:51:32Z</time>
   </trkpt>
   <trkpt lat="25.0222430" lon="121.4257250">
    <ele>13.5</ele>
    <time>2025-08-21T02:51:33Z</time>
   </trkpt>
   <trkpt lat="25.0222330" lon="121.4257590">
    <ele>13.5</ele>
    <time>2025-08-21T02:51:34Z</time>
   </trkpt>
   <trkpt lat="25.0222240" lon="121.4257910">
    <ele>13.4</ele>
    <time>2025-08-21T02:51:35Z</time>
   </trkpt>
   <trkpt lat="25.0222080" lon="121.4257960">
    <ele>13.4</ele>
    <time>2025-08-21T02:51:36Z</time>
   </trkpt>
   <trkpt lat="25.0221960" lon="121.4258100">
    <ele>13.4</ele>
    <time>2025-08-21T02:51:37Z</time>
   </trkpt>
   <trkpt lat="25.0221760" lon="121.4258360">
    <ele>13.4</ele>
    <time>2025-08-21T02:51:38Z</time>
   </trkpt>
   <trkpt lat="25.0221690" lon="121.4258440">
    <ele>13.4</ele>
    <time>2025-08-21T02:51:39Z</time>
   </trkpt>
   <trkpt lat="25.0221670" lon="121.4258440">
    <ele>13.4</ele>
    <time>2025-08-21T02:51:40Z</time>
   </trkpt>
   <trkpt lat="25.0221620" lon="121.4258550">
    <ele>13.4</ele>
    <time>2025-08-21T02:51:41Z</time>
   </trkpt>
   <trkpt lat="25.0221550" lon="121.4258640">
    <ele>13.4</ele>
    <time>2025-08-21T02:51:42Z</time>
   </trkpt>
   <trkpt lat="25.0221500" lon="121.4258620">
    <ele>13.4</ele>
    <time>2025-08-21T02:51:43Z</time>
   </trkpt>
   <trkpt lat="25.0221460" lon="121.4258610">
    <ele>13.4</ele>
    <time>2025-08-21T02:51:44Z</time>
   </trkpt>
   <trkpt lat="25.0221460" lon="121.4258580">
    <ele>13.4</ele>
    <time>2025-08-21T02:51:45Z</time>
   </trkpt>
   <trkpt lat="25.0221460" lon="121.4258570">
    <ele>13.4</ele>
    <time>2025-08-21T02:51:46Z</time>
   </trkpt>
   <trkpt lat="25.0221450" lon="121.4258610">
    <ele>13.4</ele>
    <time>2025-08-21T02:51:47Z</time>
   </trkpt>
   <trkpt lat="25.0221490" lon="121.4258640">
    <ele>13.4</ele>
    <time>2025-08-21T02:51:48Z</time>
   </trkpt>
   <trkpt lat="25.0221540" lon="121.4258630">
    <ele>13.4</ele>
    <time>2025-08-21T02:51:49Z</time>
   </trkpt>
   <trkpt lat="25.0221550" lon="121.4258630">
    <ele>13.4</ele>
    <time>2025-08-21T02:51:50Z</time>
   </trkpt>
   <trkpt lat="25.0221560" lon="121.4258630">
    <ele>13.4</ele>
    <time>2025-08-21T02:51:51Z</time>
   </trkpt>
   <trkpt lat="25.0221560" lon="121.4258630">
    <ele>13.4</ele>
    <time>2025-08-21T02:51:52Z</time>
   </trkpt>
   <trkpt lat="25.0221590" lon="121.4258660">
    <ele>13.4</ele>
    <time>2025-08-21T02:51:53Z</time>
   </trkpt>
   <trkpt lat="25.0221690" lon="121.4258700">
    <ele>13.4</ele>
    <time>2025-08-21T02:51:54Z</time>
   </trkpt>
   <trkpt lat="25.0221710" lon="121.4258710">
    <ele>13.4</ele>
    <time>2025-08-21T02:51:55Z</time>
   </trkpt>
   <trkpt lat="25.0221720" lon="121.4258710">
    <ele>13.4</ele>
    <time>2025-08-21T02:51:56Z</time>
   </trkpt>
   <trkpt lat="25.0221740" lon="121.4258720">
    <ele>13.4</ele>
    <time>2025-08-21T02:51:57Z</time>
   </trkpt>
   <trkpt lat="25.0221830" lon="121.4258750">
    <ele>13.4</ele>
    <time>2025-08-21T02:51:58Z</time>
   </trkpt>
   <trkpt lat="25.0221850" lon="121.4258760">
    <ele>13.4</ele>
    <time>2025-08-21T02:51:59Z</time>
   </trkpt>
   <trkpt lat="25.0221860" lon="121.4258770">
    <ele>13.4</ele>
    <time>2025-08-21T02:52:00Z</time>
   </trkpt>
   <trkpt lat="25.0221860" lon="121.4258770">
    <ele>13.4</ele>
    <time>2025-08-21T02:52:01Z</time>
   </trkpt>
   <trkpt lat="25.0221890" lon="121.4258770">
    <ele>13.4</ele>
    <time>2025-08-21T02:52:02Z</time>
   </trkpt>
   <trkpt lat="25.0221900" lon="121.4258770">
    <ele>13.4</ele>
    <time>2025-08-21T02:52:03Z</time>
   </trkpt>
   <trkpt lat="25.0221930" lon="121.4258760">
    <ele>13.4</ele>
    <time>2025-08-21T02:52:04Z</time>
   </trkpt>
   <trkpt lat="25.0221930" lon="121.4258770">
    <ele>13.4</ele>
    <time>2025-08-21T02:52:05Z</time>
   </trkpt>
   <trkpt lat="25.0221940" lon="121.4258770">
    <ele>13.4</ele>
    <time>2025-08-21T02:52:06Z</time>
   </trkpt>
   <trkpt lat="25.0222000" lon="121.4258780">
    <ele>13.4</ele>
    <time>2025-08-21T02:52:07Z</time>
   </trkpt>
   <trkpt lat="25.0222010" lon="121.4258790">
    <ele>13.4</ele>
    <time>2025-08-21T02:52:08Z</time>
   </trkpt>
   <trkpt lat="25.0222010" lon="121.4258790">
    <ele>13.4</ele>
    <time>2025-08-21T02:52:09Z</time>
   </trkpt>
   <trkpt lat="25.0221960" lon="121.4258870">
    <ele>13.4</ele>
    <time>2025-08-21T02:52:10Z</time>
   </trkpt>
   <trkpt lat="25.0221850" lon="121.4258970">
    <ele>13.4</ele>
    <time>2025-08-21T02:52:11Z</time>
   </trkpt>
   <trkpt lat="25.0221810" lon="121.4259070">
    <ele>13.4</ele>
    <time>2025-08-21T02:52:12Z</time>
   </trkpt>
   <trkpt lat="25.0221800" lon="121.4259150">
    <ele>13.4</ele>
    <time>2025-08-21T02:52:13Z</time>
   </trkpt>
   <trkpt lat="25.0221760" lon="121.4259200">
    <ele>13.4</ele>
    <time>2025-08-21T02:52:14Z</time>
   </trkpt>
   <trkpt lat="25.0221730" lon="121.4259230">
    <ele>13.4</ele>
    <time>2025-08-21T02:52:15Z</time>
   </trkpt>
   <trkpt lat="25.0221680" lon="121.4259290">
    <ele>13.4</ele>
    <time>2025-08-21T02:52:16Z</time>
   </trkpt>
   <trkpt lat="25.0221590" lon="121.4259310">
    <ele>13.4</ele>
    <time>2025-08-21T02:52:17Z</time>
   </trkpt>
   <trkpt lat="25.0221530" lon="121.4259330">
    <ele>13.4</ele>
    <time>2025-08-21T02:52:18Z</time>
   </trkpt>
   <trkpt lat="25.0221390" lon="121.4259280">
    <ele>13.4</ele>
    <time>2025-08-21T02:52:19Z</time>
   </trkpt>
   <trkpt lat="25.0221300" lon="121.4259340">
    <ele>13.4</ele>
    <time>2025-08-21T02:52:20Z</time>
   </trkpt>
   <trkpt lat="25.0220870" lon="121.4259500">
    <ele>13.4</ele>
    <time>2025-08-21T02:52:21Z</time>
   </trkpt>
   <trkpt lat="25.0220650" lon="121.4259560">
    <ele>13.4</ele>
    <time>2025-08-21T02:52:22Z</time>
   </trkpt>
   <trkpt lat="25.0220480" lon="121.4259680">
    <ele>13.4</ele>
    <time>2025-08-21T02:52:23Z</time>
   </trkpt>
   <trkpt lat="25.0220430" lon="121.4259710">
    <ele>13.4</ele>
    <time>2025-08-21T02:52:24Z</time>
   </trkpt>
   <trkpt lat="25.0220360" lon="121.4259740">
    <ele>13.4</ele>
    <time>2025-08-21T02:52:25Z</time>
   </trkpt>
   <trkpt lat="25.0220600" lon="121.4259870">
    <ele>13.4</ele>
    <time>2025-08-21T02:52:27Z</time>
   </trkpt>
   <trkpt lat="25.0220690" lon="121.4259780">
    <ele>13.4</ele>
    <time>2025-08-21T02:52:28Z</time>
   </trkpt>
   <trkpt lat="25.0220770" lon="121.4259690">
    <ele>13.4</ele>
    <time>2025-08-21T02:52:29Z</time>
   </trkpt>
   <trkpt lat="25.0220970" lon="121.4259580">
    <ele>13.4</ele>
    <time>2025-08-21T02:52:30Z</time>
   </trkpt>
   <trkpt lat="25.0221060" lon="121.4259670">
    <ele>13.4</ele>
    <time>2025-08-21T02:52:31Z</time>
   </trkpt>
   <trkpt lat="25.0221020" lon="121.4259720">
    <ele>13.4</ele>
    <time>2025-08-21T02:52:32Z</time>
   </trkpt>
   <trkpt lat="25.0220900" lon="121.4259750">
    <ele>13.4</ele>
    <time>2025-08-21T02:52:33Z</time>
   </trkpt>
   <trkpt lat="25.0220790" lon="121.4259790">
    <ele>13.4</ele>
    <time>2025-08-21T02:52:34Z</time>
   </trkpt>
   <trkpt lat="25.0220670" lon="121.4259820">
    <ele>13.4</ele>
    <time>2025-08-21T02:52:35Z</time>
   </trkpt>
   <trkpt lat="25.0220560" lon="121.4259860">
    <ele>13.4</ele>
    <time>2025-08-21T02:52:36Z</time>
   </trkpt>
   <trkpt lat="25.0220240" lon="121.4259950">
    <ele>13.4</ele>
    <time>2025-08-21T02:52:37Z</time>
   </trkpt>
   <trkpt lat="25.0219870" lon="121.4260090">
    <ele>13.4</ele>
    <time>2025-08-21T02:52:38Z</time>
   </trkpt>
   <trkpt lat="25.0219750" lon="121.4260140">
    <ele>13.4</ele>
    <time>2025-08-21T02:52:39Z</time>
   </trkpt>
   <trkpt lat="25.0219420" lon="121.4260190">
    <ele>13.4</ele>
    <time>2025-08-21T02:52:40Z</time>
   </trkpt>
   <trkpt lat="25.0219320" lon="121.4260250">
    <ele>13.4</ele>
    <time>2025-08-21T02:52:41Z</time>
   </trkpt>
   <trkpt lat="25.0219600" lon="121.4260010">
    <ele>13.4</ele>
    <time>2025-08-21T02:52:42Z</time>
   </trkpt>
   <trkpt lat="25.0220030" lon="121.4259670">
    <ele>13.3</ele>
    <time>2025-08-21T02:52:43Z</time>
   </trkpt>
   <trkpt lat="25.0220010" lon="121.4259720">
    <ele>13.3</ele>
    <time>2025-08-21T02:52:44Z</time>
   </trkpt>
   <trkpt lat="25.0219990" lon="121.4259760">
    <ele>13.3</ele>
    <time>2025-08-21T02:52:45Z</time>
   </trkpt>
   <trkpt lat="25.0219980" lon="121.4259790">
    <ele>13.3</ele>
    <time>2025-08-21T02:52:46Z</time>
   </trkpt>
   <trkpt lat="25.0219950" lon="121.4259810">
    <ele>13.3</ele>
    <time>2025-08-21T02:52:47Z</time>
   </trkpt>
   <trkpt lat="25.0219880" lon="121.4259930">
    <ele>13.3</ele>
    <time>2025-08-21T02:52:48Z</time>
   </trkpt>
   <trkpt lat="25.0219890" lon="121.4260140">
    <ele>13.3</ele>
    <time>2025-08-21T02:52:49Z</time>
   </trkpt>
   <trkpt lat="25.0219910" lon="121.4260260">
    <ele>13.3</ele>
    <time>2025-08-21T02:52:50Z</time>
   </trkpt>
   <trkpt lat="25.0220010" lon="121.4260200">
    <ele>13.3</ele>
    <time>2025-08-21T02:52:51Z</time>
   </trkpt>
   <trkpt lat="25.0220130" lon="121.4260040">
    <ele>13.3</ele>
    <time>2025-08-21T02:52:52Z</time>
   </trkpt>
   <trkpt lat="25.0220240" lon="121.4259870">
    <ele>13.3</ele>
    <time>2025-08-21T02:52:53Z</time>
   </trkpt>
   <trkpt lat="25.0220360" lon="121.4259710">
    <ele>13.3</ele>
    <time>2025-08-21T02:52:54Z</time>
   </trkpt>
   <trkpt lat="25.0220480" lon="121.4259540">
    <ele>13.3</ele>
    <time>2025-08-21T02:52:55Z</time>
   </trkpt>
   <trkpt lat="25.0220700" lon="121.4259250">
    <ele>13.3</ele>
    <time>2025-08-21T02:52:56Z</time>
   </trkpt>
   <trkpt lat="25.0220840" lon="121.4259050">
    <ele>13.3</ele>
    <time>2025-08-21T02:52:57Z</time>
   </trkpt>
   <trkpt lat="25.0220860" lon="121.4259020">
    <ele>13.3</ele>
    <time>2025-08-21T02:52:58Z</time>
   </trkpt>
   <trkpt lat="25.0220880" lon="121.4259000">
    <ele>13.3</ele>
    <time>2025-08-21T02:52:59Z</time>
   </trkpt>
   <trkpt lat="25.0221010" lon="121.4258830">
    <ele>13.3</ele>
    <time>2025-08-21T02:53:00Z</time>
   </trkpt>
   <trkpt lat="25.0221120" lon="121.4258650">
    <ele>13.3</ele>
    <time>2025-08-21T02:53:01Z</time>
   </trkpt>
   <trkpt lat="25.0221090" lon="121.4258670">
    <ele>13.3</ele>
    <time>2025-08-21T02:53:02Z</time>
   </trkpt>
   <trkpt lat="25.0221060" lon="121.4258700">
    <ele>13.3</ele>
    <time>2025-08-21T02:53:03Z</time>
   </trkpt>
   <trkpt lat="25.0221040" lon="121.4258720">
    <ele>13.3</ele>
    <time>2025-08-21T02:53:04Z</time>
   </trkpt>
   <trkpt lat="25.0221010" lon="121.4258740">
    <ele>13.3</ele>
    <time>2025-08-21T02:53:05Z</time>
   </trkpt>
   <trkpt lat="25.0220980" lon="121.4258760">
    <ele>13.3</ele>
    <time>2025-08-21T02:53:06Z</time>
   </trkpt>
   <trkpt lat="25.0220950" lon="121.4258790">
    <ele>13.3</ele>
    <time>2025-08-21T02:53:07Z</time>
   </trkpt>
   <trkpt lat="25.0220920" lon="121.4258810">
    <ele>13.3</ele>
    <time>2025-08-21T02:53:08Z</time>
   </trkpt>
   <trkpt lat="25.0220890" lon="121.4258830">
    <ele>13.3</ele>
    <time>2025-08-21T02:53:09Z</time>
   </trkpt>
   <trkpt lat="25.0220870" lon="121.4258850">
    <ele>13.3</ele>
    <time>2025-08-21T02:53:11Z</time>
   </trkpt>
   <trkpt lat="25.0220840" lon="121.4258880">
    <ele>13.3</ele>
    <time>2025-08-21T02:53:12Z</time>
   </trkpt>
   <trkpt lat="25.0220810" lon="121.4258900">
    <ele>13.3</ele>
    <time>2025-08-21T02:53:13Z</time>
   </trkpt>
   <trkpt lat="25.0220680" lon="121.4258950">
    <ele>13.3</ele>
    <time>2025-08-21T02:53:15Z</time>
   </trkpt>
   <trkpt lat="25.0220650" lon="121.4258970">
    <ele>13.3</ele>
    <time>2025-08-21T02:53:16Z</time>
   </trkpt>
   <trkpt lat="25.0220620" lon="121.4258980">
    <ele>13.3</ele>
    <time>2025-08-21T02:53:17Z</time>
   </trkpt>
   <trkpt lat="25.0220580" lon="121.4259020">
    <ele>13.3</ele>
    <time>2025-08-21T02:53:18Z</time>
   </trkpt>
   <trkpt lat="25.0220550" lon="121.4259110">
    <ele>13.3</ele>
    <time>2025-08-21T02:53:19Z</time>
   </trkpt>
   <trkpt lat="25.0220260" lon="121.4259170">
    <ele>13.3</ele>
    <time>2025-08-21T02:53:20Z</time>
   </trkpt>
   <trkpt lat="25.0220180" lon="121.4259130">
    <ele>13.3</ele>
    <time>2025-08-21T02:53:21Z</time>
   </trkpt>
   <trkpt lat="25.0220100" lon="121.4259060">
    <ele>13.3</ele>
    <time>2025-08-21T02:53:22Z</time>
   </trkpt>
   <trkpt lat="25.0220070" lon="121.4258990">
    <ele>13.3</ele>
    <time>2025-08-21T02:53:23Z</time>
   </trkpt>
   <trkpt lat="25.0220050" lon="121.4258940">
    <ele>13.3</ele>
    <time>2025-08-21T02:53:24Z</time>
   </trkpt>
   <trkpt lat="25.0220020" lon="121.4258890">
    <ele>13.3</ele>
    <time>2025-08-21T02:53:25Z</time>
   </trkpt>
   <trkpt lat="25.0219870" lon="121.4258850">
    <ele>13.3</ele>
    <time>2025-08-21T02:53:26Z</time>
   </trkpt>
   <trkpt lat="25.0219750" lon="121.4258870">
    <ele>13.3</ele>
    <time>2025-08-21T02:53:27Z</time>
   </trkpt>
   <trkpt lat="25.0219660" lon="121.4258950">
    <ele>13.3</ele>
    <time>2025-08-21T02:53:28Z</time>
   </trkpt>
   <trkpt lat="25.0219610" lon="121.4259050">
    <ele>13.3</ele>
    <time>2025-08-21T02:53:29Z</time>
   </trkpt>
   <trkpt lat="25.0219640" lon="121.4259170">
    <ele>13.3</ele>
    <time>2025-08-21T02:53:30Z</time>
   </trkpt>
   <trkpt lat="25.0219810" lon="121.4259410">
    <ele>13.3</ele>
    <time>2025-08-21T02:53:31Z</time>
   </trkpt>
   <trkpt lat="25.0219940" lon="121.4259570">
    <ele>13.3</ele>
    <time>2025-08-21T02:53:32Z</time>
   </trkpt>
   <trkpt lat="25.0219990" lon="121.4259660">
    <ele>13.3</ele>
    <time>2025-08-21T02:53:33Z</time>
   </trkpt>
   <trkpt lat="25.0220010" lon="121.4259690">
    <ele>13.3</ele>
    <time>2025-08-21T02:53:34Z</time>
   </trkpt>
   <trkpt lat="25.0220010" lon="121.4259710">
    <ele>13.3</ele>
    <time>2025-08-21T02:53:35Z</time>
   </trkpt>
   <trkpt lat="25.0220020" lon="121.4259720">
    <ele>13.3</ele>
    <time>2025-08-21T02:53:37Z</time>
   </trkpt>
   <trkpt lat="25.0220020" lon="121.4259730">
    <ele>13.3</ele>
    <time>2025-08-21T02:53:38Z</time>
   </trkpt>
   <trkpt lat="25.0220050" lon="121.4259800">
    <ele>13.3</ele>
    <time>2025-08-21T02:53:39Z</time>
   </trkpt>
   <trkpt lat="25.0220060" lon="121.4259800">
    <ele>13.3</ele>
    <time>2025-08-21T02:53:40Z</time>
   </trkpt>
   <trkpt lat="25.0220070" lon="121.4259800">
    <ele>13.3</ele>
    <time>2025-08-21T02:53:41Z</time>
   </trkpt>
   <trkpt lat="25.0220070" lon="121.4259800">
    <ele>13.3</ele>
    <time>2025-08-21T02:53:42Z</time>
   </trkpt>
   <trkpt lat="25.0220070" lon="121.4259810">
    <ele>13.3</ele>
    <time>2025-08-21T02:53:43Z</time>
   </trkpt>
   <trkpt lat="25.0220070" lon="121.4259810">
    <ele>13.3</ele>
    <time>2025-08-21T02:53:44Z</time>
   </trkpt>
   <trkpt lat="25.0220080" lon="121.4259920">
    <ele>13.3</ele>
    <time>2025-08-21T02:53:45Z</time>
   </trkpt>
   <trkpt lat="25.0220060" lon="121.4259910">
    <ele>13.3</ele>
    <time>2025-08-21T02:53:46Z</time>
   </trkpt>
   <trkpt lat="25.0220050" lon="121.4259900">
    <ele>13.3</ele>
    <time>2025-08-21T02:53:47Z</time>
   </trkpt>
   <trkpt lat="25.0220030" lon="121.4259890">
    <ele>13.3</ele>
    <time>2025-08-21T02:53:48Z</time>
   </trkpt>
   <trkpt lat="25.0220010" lon="121.4259880">
    <ele>13.3</ele>
    <time>2025-08-21T02:53:49Z</time>
   </trkpt>
   <trkpt lat="25.0219990" lon="121.4259870">
    <ele>13.3</ele>
    <time>2025-08-21T02:53:50Z</time>
   </trkpt>
   <trkpt lat="25.0219980" lon="121.4259870">
    <ele>13.3</ele>
    <time>2025-08-21T02:53:51Z</time>
   </trkpt>
   <trkpt lat="25.0219960" lon="121.4259860">
    <ele>13.3</ele>
    <time>2025-08-21T02:53:52Z</time>
   </trkpt>
   <trkpt lat="25.0219940" lon="121.4259850">
    <ele>13.3</ele>
    <time>2025-08-21T02:53:53Z</time>
   </trkpt>
   <trkpt lat="25.0219930" lon="121.4259840">
    <ele>13.3</ele>
    <time>2025-08-21T02:53:54Z</time>
   </trkpt>
   <trkpt lat="25.0219910" lon="121.4259830">
    <ele>13.3</ele>
    <time>2025-08-21T02:53:56Z</time>
   </trkpt>
   <trkpt lat="25.0219890" lon="121.4259820">
    <ele>13.3</ele>
    <time>2025-08-21T02:53:57Z</time>
   </trkpt>
   <trkpt lat="25.0219870" lon="121.4259810">
    <ele>13.3</ele>
    <time>2025-08-21T02:53:58Z</time>
   </trkpt>
   <trkpt lat="25.0219860" lon="121.4259800">
    <ele>13.3</ele>
    <time>2025-08-21T02:53:59Z</time>
   </trkpt>
   <trkpt lat="25.0219840" lon="121.4259790">
    <ele>13.3</ele>
    <time>2025-08-21T02:54:00Z</time>
   </trkpt>
   <trkpt lat="25.0219820" lon="121.4259780">
    <ele>13.3</ele>
    <time>2025-08-21T02:54:01Z</time>
   </trkpt>
   <trkpt lat="25.0219810" lon="121.4259780">
    <ele>13.3</ele>
    <time>2025-08-21T02:54:02Z</time>
   </trkpt>
   <trkpt lat="25.0219790" lon="121.4259770">
    <ele>13.3</ele>
    <time>2025-08-21T02:54:03Z</time>
   </trkpt>
   <trkpt lat="25.0219770" lon="121.4259760">
    <ele>13.3</ele>
    <time>2025-08-21T02:54:04Z</time>
   </trkpt>
   <trkpt lat="25.0219750" lon="121.4259750">
    <ele>13.3</ele>
    <time>2025-08-21T02:54:05Z</time>
   </trkpt>
   <trkpt lat="25.0219740" lon="121.4259740">
    <ele>13.3</ele>
    <time>2025-08-21T02:54:06Z</time>
   </trkpt>
   <trkpt lat="25.0219720" lon="121.4259730">
    <ele>13.3</ele>
    <time>2025-08-21T02:54:07Z</time>
   </trkpt>
   <trkpt lat="25.0219610" lon="121.4259710">
    <ele>13.3</ele>
    <time>2025-08-21T02:54:08Z</time>
   </trkpt>
   <trkpt lat="25.0219530" lon="121.4259670">
    <ele>13.3</ele>
    <time>2025-08-21T02:54:09Z</time>
   </trkpt>
   <trkpt lat="25.0219490" lon="121.4259580">
    <ele>13.3</ele>
    <time>2025-08-21T02:54:10Z</time>
   </trkpt>
   <trkpt lat="25.0219460" lon="121.4259510">
    <ele>13.3</ele>
    <time>2025-08-21T02:54:11Z</time>
   </trkpt>
   <trkpt lat="25.0219720" lon="121.4259080">
    <ele>13.3</ele>
    <time>2025-08-21T02:54:12Z</time>
   </trkpt>
   <trkpt lat="25.0219970" lon="121.4258760">
    <ele>13.3</ele>
    <time>2025-08-21T02:54:13Z</time>
   </trkpt>
   <trkpt lat="25.0220160" lon="121.4258510">
    <ele>13.3</ele>
    <time>2025-08-21T02:54:14Z</time>
   </trkpt>
   <trkpt lat="25.0219890" lon="121.4258630">
    <ele>13.3</ele>
    <time>2025-08-21T02:54:15Z</time>
   </trkpt>
   <trkpt lat="25.0219900" lon="121.4258710">
    <ele>13.3</ele>
    <time>2025-08-21T02:54:16Z</time>
   </trkpt>
   <trkpt lat="25.0219940" lon="121.4258700">
    <ele>13.3</ele>
    <time>2025-08-21T02:54:17Z</time>
   </trkpt>
   <trkpt lat="25.0219980" lon="121.4258680">
    <ele>13.3</ele>
    <time>2025-08-21T02:54:18Z</time>
   </trkpt>
   <trkpt lat="25.0220030" lon="121.4258650">
    <ele>13.3</ele>
    <time>2025-08-21T02:54:19Z</time>
   </trkpt>
   <trkpt lat="25.0220070" lon="121.4258610">
    <ele>13.3</ele>
    <time>2025-08-21T02:54:20Z</time>
   </trkpt>
   <trkpt lat="25.0220020" lon="121.4258600">
    <ele>13.3</ele>
    <time>2025-08-21T02:54:21Z</time>
   </trkpt>
   <trkpt lat="25.0220010" lon="121.4258600">
    <ele>13.3</ele>
    <time>2025-08-21T02:54:22Z</time>
   </trkpt>
   <trkpt lat="25.0220000" lon="121.4258600">
    <ele>13.3</ele>
    <time>2025-08-21T02:54:23Z</time>
   </trkpt>
   <trkpt lat="25.0220030" lon="121.4258580">
    <ele>13.3</ele>
    <time>2025-08-21T02:54:24Z</time>
   </trkpt>
   <trkpt lat="25.0220030" lon="121.4258560">
    <ele>13.3</ele>
    <time>2025-08-21T02:54:25Z</time>
   </trkpt>
   <trkpt lat="25.0220030" lon="121.4258560">
    <ele>13.3</ele>
    <time>2025-08-21T02:54:26Z</time>
   </trkpt>
   <trkpt lat="25.0219710" lon="121.4258530">
    <ele>13.3</ele>
    <time>2025-08-21T02:54:27Z</time>
   </trkpt>
   <trkpt lat="25.0219640" lon="121.4258530">
    <ele>13.3</ele>
    <time>2025-08-21T02:54:28Z</time>
   </trkpt>
   <trkpt lat="25.0219650" lon="121.4258420">
    <ele>13.3</ele>
    <time>2025-08-21T02:54:29Z</time>
   </trkpt>
   <trkpt lat="25.0219700" lon="121.4258310">
    <ele>13.3</ele>
    <time>2025-08-21T02:54:30Z</time>
   </trkpt>
   <trkpt lat="25.0219750" lon="121.4258210">
    <ele>13.3</ele>
    <time>2025-08-21T02:54:31Z</time>
   </trkpt>
   <trkpt lat="25.0219800" lon="121.4258100">
    <ele>13.3</ele>
    <time>2025-08-21T02:54:32Z</time>
   </trkpt>
   <trkpt lat="25.0219850" lon="121.4258000">
    <ele>13.3</ele>
    <time>2025-08-21T02:54:33Z</time>
   </trkpt>
   <trkpt lat="25.0219900" lon="121.4257900">
    <ele>13.3</ele>
    <time>2025-08-21T02:54:34Z</time>
   </trkpt>
   <trkpt lat="25.0219950" lon="121.4257790">
    <ele>13.3</ele>
    <time>2025-08-21T02:54:35Z</time>
   </trkpt>
   <trkpt lat="25.0220000" lon="121.4257690">
    <ele>13.3</ele>
    <time>2025-08-21T02:54:36Z</time>
   </trkpt>
   <trkpt lat="25.0220050" lon="121.4257580">
    <ele>13.3</ele>
    <time>2025-08-21T02:54:37Z</time>
   </trkpt>
   <trkpt lat="25.0220100" lon="121.4257480">
    <ele>13.3</ele>
    <time>2025-08-21T02:54:38Z</time>
   </trkpt>
   <trkpt lat="25.0220360" lon="121.4256930">
    <ele>13.3</ele>
    <time>2025-08-21T02:54:39Z</time>
   </trkpt>
   <trkpt lat="25.0219710" lon="121.4257990">
    <ele>13.3</ele>
    <time>2025-08-21T02:54:40Z</time>
   </trkpt>
   <trkpt lat="25.0219620" lon="121.4258150">
    <ele>13.3</ele>
    <time>2025-08-21T02:54:41Z</time>
   </trkpt>
   <trkpt lat="25.0219630" lon="121.4258180">
    <ele>13.3</ele>
    <time>2025-08-21T02:54:42Z</time>
   </trkpt>
   <trkpt lat="25.0219680" lon="121.4258150">
    <ele>13.3</ele>
    <time>2025-08-21T02:54:43Z</time>
   </trkpt>
   <trkpt lat="25.0219710" lon="121.4258130">
    <ele>13.3</ele>
    <time>2025-08-21T02:54:44Z</time>
   </trkpt>
   <trkpt lat="25.0219800" lon="121.4258070">
    <ele>13.3</ele>
    <time>2025-08-21T02:54:45Z</time>
   </trkpt>
   <trkpt lat="25.0219840" lon="121.4258060">
    <ele>13.3</ele>
    <time>2025-08-21T02:54:46Z</time>
   </trkpt>
   <trkpt lat="25.0219590" lon="121.4258110">
    <ele>13.3</ele>
    <time>2025-08-21T02:54:47Z</time>
   </trkpt>
   <trkpt lat="25.0219600" lon="121.4258080">
    <ele>13.3</ele>
    <time>2025-08-21T02:54:48Z</time>
   </trkpt>
   <trkpt lat="25.0219640" lon="121.4258030">
    <ele>13.3</ele>
    <time>2025-08-21T02:54:49Z</time>
   </trkpt>
   <trkpt lat="25.0219700" lon="121.4257980">
    <ele>13.3</ele>
    <time>2025-08-21T02:54:50Z</time>
   </trkpt>
   <trkpt lat="25.0219760" lon="121.4257900">
    <ele>13.3</ele>
    <time>2025-08-21T02:54:51Z</time>
   </trkpt>
   <trkpt lat="25.0219810" lon="121.4257840">
    <ele>13.3</ele>
    <time>2025-08-21T02:54:52Z</time>
   </trkpt>
   <trkpt lat="25.0219600" lon="121.4257950">
    <ele>13.3</ele>
    <time>2025-08-21T02:54:53Z</time>
   </trkpt>
   <trkpt lat="25.0219630" lon="121.4257910">
    <ele>13.3</ele>
    <time>2025-08-21T02:54:54Z</time>
   </trkpt>
   <trkpt lat="25.0219630" lon="121.4257890">
    <ele>13.3</ele>
    <time>2025-08-21T02:54:55Z</time>
   </trkpt>
   <trkpt lat="25.0219660" lon="121.4257820">
    <ele>13.3</ele>
    <time>2025-08-21T02:54:56Z</time>
   </trkpt>
   <trkpt lat="25.0219720" lon="121.4257750">
    <ele>13.3</ele>
    <time>2025-08-21T02:54:57Z</time>
   </trkpt>
   <trkpt lat="25.0219820" lon="121.4257620">
    <ele>13.3</ele>
    <time>2025-08-21T02:54:58Z</time>
   </trkpt>
   <trkpt lat="25.0219510" lon="121.4257390">
    <ele>13.3</ele>
    <time>2025-08-21T02:54:59Z</time>
   </trkpt>
   <trkpt lat="25.0219140" lon="121.4257310">
    <ele>13.3</ele>
    <time>2025-08-21T02:55:00Z</time>
   </trkpt>
   <trkpt lat="25.0219040" lon="121.4257200">
    <ele>13.3</ele>
    <time>2025-08-21T02:55:01Z</time>
   </trkpt>
   <trkpt lat="25.0218910" lon="121.4257100">
    <ele>13.3</ele>
    <time>2025-08-21T02:55:02Z</time>
   </trkpt>
   <trkpt lat="25.0218630" lon="121.4256980">
    <ele>13.3</ele>
    <time>2025-08-21T02:55:03Z</time>
   </trkpt>
   <trkpt lat="25.0218540" lon="121.4256960">
    <ele>13.3</ele>
    <time>2025-08-21T02:55:04Z</time>
   </trkpt>
   <trkpt lat="25.0218250" lon="121.4257080">
    <ele>13.3</ele>
    <time>2025-08-21T02:55:05Z</time>
   </trkpt>
   <trkpt lat="25.0218170" lon="121.4257140">
    <ele>13.3</ele>
    <time>2025-08-21T02:55:06Z</time>
   </trkpt>
   <trkpt lat="25.0218100" lon="121.4257320">
    <ele>13.3</ele>
    <time>2025-08-21T02:55:07Z</time>
   </trkpt>
   <trkpt lat="25.0218020" lon="121.4257430">
    <ele>13.3</ele>
    <time>2025-08-21T02:55:08Z</time>
   </trkpt>
   <trkpt lat="25.0217900" lon="121.4257440">
    <ele>13.3</ele>
    <time>2025-08-21T02:55:09Z</time>
   </trkpt>
   <trkpt lat="25.0217870" lon="121.4257400">
    <ele>13.3</ele>
    <time>2025-08-21T02:55:10Z</time>
   </trkpt>
   <trkpt lat="25.0217850" lon="121.4257360">
    <ele>13.3</ele>
    <time>2025-08-21T02:55:11Z</time>
   </trkpt>
   <trkpt lat="25.0217820" lon="121.4257320">
    <ele>13.3</ele>
    <time>2025-08-21T02:55:12Z</time>
   </trkpt>
   <trkpt lat="25.0217800" lon="121.4257280">
    <ele>13.3</ele>
    <time>2025-08-21T02:55:13Z</time>
   </trkpt>
   <trkpt lat="25.0217770" lon="121.4257240">
    <ele>13.3</ele>
    <time>2025-08-21T02:55:14Z</time>
   </trkpt>
   <trkpt lat="25.0217750" lon="121.4257200">
    <ele>13.3</ele>
    <time>2025-08-21T02:55:15Z</time>
   </trkpt>
   <trkpt lat="25.0217730" lon="121.4257160">
    <ele>13.3</ele>
    <time>2025-08-21T02:55:16Z</time>
   </trkpt>
   <trkpt lat="25.0217700" lon="121.4257120">
    <ele>13.3</ele>
    <time>2025-08-21T02:55:17Z</time>
   </trkpt>
   <trkpt lat="25.0217680" lon="121.4257080">
    <ele>13.3</ele>
    <time>2025-08-21T02:55:18Z</time>
   </trkpt>
   <trkpt lat="25.0217650" lon="121.4257030">
    <ele>13.3</ele>
    <time>2025-08-21T02:55:19Z</time>
   </trkpt>
   <trkpt lat="25.0217630" lon="121.4256990">
    <ele>13.3</ele>
    <time>2025-08-21T02:55:20Z</time>
   </trkpt>
   <trkpt lat="25.0217600" lon="121.4256950">
    <ele>13.3</ele>
    <time>2025-08-21T02:55:21Z</time>
   </trkpt>
   <trkpt lat="25.0217580" lon="121.4256910">
    <ele>13.3</ele>
    <time>2025-08-21T02:55:22Z</time>
   </trkpt>
   <trkpt lat="25.0217560" lon="121.4256870">
    <ele>13.3</ele>
    <time>2025-08-21T02:55:23Z</time>
   </trkpt>
   <trkpt lat="25.0217530" lon="121.4256830">
    <ele>13.3</ele>
    <time>2025-08-21T02:55:24Z</time>
   </trkpt>
   <trkpt lat="25.0217510" lon="121.4256790">
    <ele>13.3</ele>
    <time>2025-08-21T02:55:25Z</time>
   </trkpt>
   <trkpt lat="25.0217480" lon="121.4256750">
    <ele>13.3</ele>
    <time>2025-08-21T02:55:26Z</time>
   </trkpt>
   <trkpt lat="25.0217460" lon="121.4256710">
    <ele>13.3</ele>
    <time>2025-08-21T02:55:27Z</time>
   </trkpt>
   <trkpt lat="25.0217430" lon="121.4256670">
    <ele>13.3</ele>
    <time>2025-08-21T02:55:28Z</time>
   </trkpt>
   <trkpt lat="25.0217410" lon="121.4256630">
    <ele>13.3</ele>
    <time>2025-08-21T02:55:29Z</time>
   </trkpt>
   <trkpt lat="25.0217410" lon="121.4256400">
    <ele>13.3</ele>
    <time>2025-08-21T02:55:30Z</time>
   </trkpt>
   <trkpt lat="25.0217440" lon="121.4256260">
    <ele>13.3</ele>
    <time>2025-08-21T02:55:31Z</time>
   </trkpt>
   <trkpt lat="25.0217610" lon="121.4256580">
    <ele>13.3</ele>
    <time>2025-08-21T02:55:32Z</time>
   </trkpt>
   <trkpt lat="25.0217790" lon="121.4257030">
    <ele>13.3</ele>
    <time>2025-08-21T02:55:33Z</time>
   </trkpt>
   <trkpt lat="25.0217820" lon="121.4257110">
    <ele>13.3</ele>
    <time>2025-08-21T02:55:34Z</time>
   </trkpt>
   <trkpt lat="25.0217960" lon="121.4257100">
    <ele>13.3</ele>
    <time>2025-08-21T02:55:35Z</time>
   </trkpt>
   <trkpt lat="25.0217960" lon="121.4257080">
    <ele>13.3</ele>
    <time>2025-08-21T02:55:36Z</time>
   </trkpt>
   <trkpt lat="25.0217960" lon="121.4257070">
    <ele>13.3</ele>
    <time>2025-08-21T02:55:37Z</time>
   </trkpt>
   <trkpt lat="25.0217960" lon="121.4257070">
    <ele>13.3</ele>
    <time>2025-08-21T02:55:38Z</time>
   </trkpt>
   <trkpt lat="25.0217950" lon="121.4257050">
    <ele>13.3</ele>
    <time>2025-08-21T02:55:39Z</time>
   </trkpt>
   <trkpt lat="25.0217950" lon="121.4257050">
    <ele>13.3</ele>
    <time>2025-08-21T02:55:40Z</time>
   </trkpt>
   <trkpt lat="25.0217940" lon="121.4257060">
    <ele>13.3</ele>
    <time>2025-08-21T02:55:42Z</time>
   </trkpt>
   <trkpt lat="25.0217950" lon="121.4257160">
    <ele>13.3</ele>
    <time>2025-08-21T02:55:43Z</time>
   </trkpt>
   <trkpt lat="25.0217950" lon="121.4257150">
    <ele>13.3</ele>
    <time>2025-08-21T02:55:44Z</time>
   </trkpt>
   <trkpt lat="25.0217950" lon="121.4257130">
    <ele>13.3</ele>
    <time>2025-08-21T02:55:45Z</time>
   </trkpt>
   <trkpt lat="25.0217940" lon="121.4257120">
    <ele>13.3</ele>
    <time>2025-08-21T02:55:46Z</time>
   </trkpt>
   <trkpt lat="25.0217920" lon="121.4257310">
    <ele>13.3</ele>
    <time>2025-08-21T02:55:47Z</time>
   </trkpt>
   <trkpt lat="25.0217810" lon="121.4257330">
    <ele>13.3</ele>
    <time>2025-08-21T02:55:48Z</time>
   </trkpt>
   <trkpt lat="25.0217610" lon="121.4257280">
    <ele>13.3</ele>
    <time>2025-08-21T02:55:49Z</time>
   </trkpt>
   <trkpt lat="25.0217310" lon="121.4257120">
    <ele>13.3</ele>
    <time>2025-08-21T02:55:50Z</time>
   </trkpt>
   <trkpt lat="25.0217190" lon="121.4257040">
    <ele>13.3</ele>
    <time>2025-08-21T02:55:51Z</time>
   </trkpt>
   <trkpt lat="25.0216890" lon="121.4256820">
    <ele>13.3</ele>
    <time>2025-08-21T02:55:52Z</time>
   </trkpt>
   <trkpt lat="25.0216800" lon="121.4256760">
    <ele>13.3</ele>
    <time>2025-08-21T02:55:53Z</time>
   </trkpt>
   <trkpt lat="25.0216590" lon="121.4256800">
    <ele>13.3</ele>
    <time>2025-08-21T02:55:54Z</time>
   </trkpt>
   <trkpt lat="25.0216510" lon="121.4256860">
    <ele>13.3</ele>
    <time>2025-08-21T02:55:55Z</time>
   </trkpt>
   <trkpt lat="25.0216430" lon="121.4256890">
    <ele>13.3</ele>
    <time>2025-08-21T02:55:56Z</time>
   </trkpt>
   <trkpt lat="25.0216400" lon="121.4256940">
    <ele>13.3</ele>
    <time>2025-08-21T02:55:57Z</time>
   </trkpt>
   <trkpt lat="25.0216420" lon="121.4256970">
    <ele>13.3</ele>
    <time>2025-08-21T02:55:58Z</time>
   </trkpt>
   <trkpt lat="25.0216400" lon="121.4256960">
    <ele>13.4</ele>
    <time>2025-08-21T02:55:59Z</time>
   </trkpt>
   <trkpt lat="25.0216390" lon="121.4256960">
    <ele>13.4</ele>
    <time>2025-08-21T02:56:00Z</time>
   </trkpt>
   <trkpt lat="25.0216220" lon="121.4256840">
    <ele>13.4</ele>
    <time>2025-08-21T02:56:01Z</time>
   </trkpt>
   <trkpt lat="25.0216190" lon="121.4256820">
    <ele>13.4</ele>
    <time>2025-08-21T02:56:02Z</time>
   </trkpt>
   <trkpt lat="25.0216160" lon="121.4256790">
    <ele>13.4</ele>
    <time>2025-08-21T02:56:03Z</time>
   </trkpt>
   <trkpt lat="25.0216120" lon="121.4256760">
    <ele>13.4</ele>
    <time>2025-08-21T02:56:04Z</time>
   </trkpt>
   <trkpt lat="25.0216080" lon="121.4256730">
    <ele>13.4</ele>
    <time>2025-08-21T02:56:05Z</time>
   </trkpt>
   <trkpt lat="25.0216040" lon="121.4256700">
    <ele>13.4</ele>
    <time>2025-08-21T02:56:06Z</time>
   </trkpt>
   <trkpt lat="25.0216000" lon="121.4256670">
    <ele>13.4</ele>
    <time>2025-08-21T02:56:07Z</time>
   </trkpt>
   <trkpt lat="25.0215980" lon="121.4256640">
    <ele>13.4</ele>
    <time>2025-08-21T02:56:08Z</time>
   </trkpt>
   <trkpt lat="25.0215960" lon="121.4256610">
    <ele>13.4</ele>
    <time>2025-08-21T02:56:09Z</time>
   </trkpt>
   <trkpt lat="25.0215870" lon="121.4256490">
    <ele>13.4</ele>
    <time>2025-08-21T02:56:10Z</time>
   </trkpt>
   <trkpt lat="25.0215840" lon="121.4256460">
    <ele>13.4</ele>
    <time>2025-08-21T02:56:11Z</time>
   </trkpt>
   <trkpt lat="25.0215820" lon="121.4256430">
    <ele>13.4</ele>
    <time>2025-08-21T02:56:12Z</time>
   </trkpt>
   <trkpt lat="25.0215810" lon="121.4256410">
    <ele>13.4</ele>
    <time>2025-08-21T02:56:13Z</time>
   </trkpt>
   <trkpt lat="25.0215800" lon="121.4256400">
    <ele>13.4</ele>
    <time>2025-08-21T02:56:14Z</time>
   </trkpt>
   <trkpt lat="25.0215790" lon="121.4256400">
    <ele>13.4</ele>
    <time>2025-08-21T02:56:15Z</time>
   </trkpt>
   <trkpt lat="25.0215750" lon="121.4256370">
    <ele>13.4</ele>
    <time>2025-08-21T02:56:16Z</time>
   </trkpt>
   <trkpt lat="25.0215620" lon="121.4256280">
    <ele>13.4</ele>
    <time>2025-08-21T02:56:17Z</time>
   </trkpt>
   <trkpt lat="25.0215580" lon="121.4256250">
    <ele>13.4</ele>
    <time>2025-08-21T02:56:18Z</time>
   </trkpt>
   <trkpt lat="25.0215570" lon="121.4256240">
    <ele>13.4</ele>
    <time>2025-08-21T02:56:19Z</time>
   </trkpt>
   <trkpt lat="25.0215550" lon="121.4256220">
    <ele>13.4</ele>
    <time>2025-08-21T02:56:20Z</time>
   </trkpt>
   <trkpt lat="25.0215570" lon="121.4256230">
    <ele>13.4</ele>
    <time>2025-08-21T02:56:21Z</time>
   </trkpt>
   <trkpt lat="25.0215610" lon="121.4256240">
    <ele>13.4</ele>
    <time>2025-08-21T02:56:22Z</time>
   </trkpt>
   <trkpt lat="25.0215640" lon="121.4256260">
    <ele>13.4</ele>
    <time>2025-08-21T02:56:23Z</time>
   </trkpt>
   <trkpt lat="25.0215670" lon="121.4256280">
    <ele>13.4</ele>
    <time>2025-08-21T02:56:24Z</time>
   </trkpt>
   <trkpt lat="25.0215710" lon="121.4256290">
    <ele>13.4</ele>
    <time>2025-08-21T02:56:26Z</time>
   </trkpt>
   <trkpt lat="25.0215740" lon="121.4256310">
    <ele>13.4</ele>
    <time>2025-08-21T02:56:27Z</time>
   </trkpt>
   <trkpt lat="25.0215770" lon="121.4256330">
    <ele>13.4</ele>
    <time>2025-08-21T02:56:28Z</time>
   </trkpt>
   <trkpt lat="25.0215810" lon="121.4256340">
    <ele>13.4</ele>
    <time>2025-08-21T02:56:29Z</time>
   </trkpt>
   <trkpt lat="25.0215840" lon="121.4256360">
    <ele>13.4</ele>
    <time>2025-08-21T02:56:30Z</time>
   </trkpt>
   <trkpt lat="25.0215870" lon="121.4256380">
    <ele>13.4</ele>
    <time>2025-08-21T02:56:31Z</time>
   </trkpt>
   <trkpt lat="25.0215910" lon="121.4256390">
    <ele>13.4</ele>
    <time>2025-08-21T02:56:32Z</time>
   </trkpt>
   <trkpt lat="25.0215940" lon="121.4256410">
    <ele>13.4</ele>
    <time>2025-08-21T02:56:33Z</time>
   </trkpt>
   <trkpt lat="25.0216170" lon="121.4256440">
    <ele>13.4</ele>
    <time>2025-08-21T02:56:34Z</time>
   </trkpt>
   <trkpt lat="25.0216240" lon="121.4256340">
    <ele>13.4</ele>
    <time>2025-08-21T02:56:35Z</time>
   </trkpt>
   <trkpt lat="25.0216040" lon="121.4256090">
    <ele>13.4</ele>
    <time>2025-08-21T02:56:36Z</time>
   </trkpt>
   <trkpt lat="25.0215860" lon="121.4255960">
    <ele>13.4</ele>
    <time>2025-08-21T02:56:37Z</time>
   </trkpt>
   <trkpt lat="25.0215760" lon="121.4255900">
    <ele>13.4</ele>
    <time>2025-08-21T02:56:38Z</time>
   </trkpt>
   <trkpt lat="25.0215730" lon="121.4255870">
    <ele>13.4</ele>
    <time>2025-08-21T02:56:39Z</time>
   </trkpt>
   <trkpt lat="25.0215710" lon="121.4255830">
    <ele>13.4</ele>
    <time>2025-08-21T02:56:40Z</time>
   </trkpt>
   <trkpt lat="25.0215680" lon="121.4255800">
    <ele>13.4</ele>
    <time>2025-08-21T02:56:41Z</time>
   </trkpt>
   <trkpt lat="25.0215660" lon="121.4255770">
    <ele>13.4</ele>
    <time>2025-08-21T02:56:42Z</time>
   </trkpt>
   <trkpt lat="25.0215630" lon="121.4255740">
    <ele>13.4</ele>
    <time>2025-08-21T02:56:43Z</time>
   </trkpt>
   <trkpt lat="25.0215610" lon="121.4255710">
    <ele>13.4</ele>
    <time>2025-08-21T02:56:44Z</time>
   </trkpt>
   <trkpt lat="25.0215580" lon="121.4255670">
    <ele>13.4</ele>
    <time>2025-08-21T02:56:45Z</time>
   </trkpt>
   <trkpt lat="25.0215560" lon="121.4255640">
    <ele>13.4</ele>
    <time>2025-08-21T02:56:46Z</time>
   </trkpt>
   <trkpt lat="25.0215530" lon="121.4255610">
    <ele>13.4</ele>
    <time>2025-08-21T02:56:47Z</time>
   </trkpt>
   <trkpt lat="25.0215420" lon="121.4255510">
    <ele>13.4</ele>
    <time>2025-08-21T02:56:48Z</time>
   </trkpt>
   <trkpt lat="25.0215370" lon="121.4255450">
    <ele>13.4</ele>
    <time>2025-08-21T02:56:49Z</time>
   </trkpt>
   <trkpt lat="25.0215360" lon="121.4255430">
    <ele>13.4</ele>
    <time>2025-08-21T02:56:50Z</time>
   </trkpt>
   <trkpt lat="25.0215360" lon="121.4255410">
    <ele>13.4</ele>
    <time>2025-08-21T02:56:51Z</time>
   </trkpt>
   <trkpt lat="25.0215360" lon="121.4255410">
    <ele>13.4</ele>
    <time>2025-08-21T02:56:52Z</time>
   </trkpt>
   <trkpt lat="25.0215360" lon="121.4255410">
    <ele>13.4</ele>
    <time>2025-08-21T02:56:53Z</time>
   </trkpt>
   <trkpt lat="25.0215360" lon="121.4255400">
    <ele>13.4</ele>
    <time>2025-08-21T02:56:54Z</time>
   </trkpt>
   <trkpt lat="25.0215290" lon="121.4255380">
    <ele>13.4</ele>
    <time>2025-08-21T02:56:55Z</time>
   </trkpt>
   <trkpt lat="25.0215290" lon="121.4255380">
    <ele>13.4</ele>
    <time>2025-08-21T02:56:56Z</time>
   </trkpt>
   <trkpt lat="25.0215290" lon="121.4255370">
    <ele>13.4</ele>
    <time>2025-08-21T02:56:57Z</time>
   </trkpt>
   <trkpt lat="25.0215300" lon="121.4255360">
    <ele>13.4</ele>
    <time>2025-08-21T02:56:58Z</time>
   </trkpt>
   <trkpt lat="25.0215300" lon="121.4255360">
    <ele>13.4</ele>
    <time>2025-08-21T02:56:59Z</time>
   </trkpt>
   <trkpt lat="25.0215300" lon="121.4255360">
    <ele>13.4</ele>
    <time>2025-08-21T02:57:00Z</time>
   </trkpt>
   <trkpt lat="25.0215230" lon="121.4255370">
    <ele>13.4</ele>
    <time>2025-08-21T02:57:01Z</time>
   </trkpt>
   <trkpt lat="25.0215230" lon="121.4255380">
    <ele>13.4</ele>
    <time>2025-08-21T02:57:02Z</time>
   </trkpt>
   <trkpt lat="25.0215230" lon="121.4255370">
    <ele>13.4</ele>
    <time>2025-08-21T02:57:03Z</time>
   </trkpt>
   <trkpt lat="25.0215220" lon="121.4255370">
    <ele>13.4</ele>
    <time>2025-08-21T02:57:04Z</time>
   </trkpt>
   <trkpt lat="25.0215220" lon="121.4255380">
    <ele>13.4</ele>
    <time>2025-08-21T02:57:05Z</time>
   </trkpt>
   <trkpt lat="25.0215220" lon="121.4255390">
    <ele>13.4</ele>
    <time>2025-08-21T02:57:06Z</time>
   </trkpt>
   <trkpt lat="25.0215220" lon="121.4255400">
    <ele>13.4</ele>
    <time>2025-08-21T02:57:07Z</time>
   </trkpt>
   <trkpt lat="25.0215180" lon="121.4255450">
    <ele>13.4</ele>
    <time>2025-08-21T02:57:08Z</time>
   </trkpt>
   <trkpt lat="25.0215160" lon="121.4255460">
    <ele>13.4</ele>
    <time>2025-08-21T02:57:09Z</time>
   </trkpt>
   <trkpt lat="25.0215150" lon="121.4255450">
    <ele>13.4</ele>
    <time>2025-08-21T02:57:10Z</time>
   </trkpt>
   <trkpt lat="25.0215150" lon="121.4255450">
    <ele>13.4</ele>
    <time>2025-08-21T02:57:11Z</time>
   </trkpt>
   <trkpt lat="25.0215160" lon="121.4255450">
    <ele>13.4</ele>
    <time>2025-08-21T02:57:13Z</time>
   </trkpt>
   <trkpt lat="25.0215170" lon="121.4255440">
    <ele>13.4</ele>
    <time>2025-08-21T02:57:14Z</time>
   </trkpt>
   <trkpt lat="25.0215140" lon="121.4255470">
    <ele>13.4</ele>
    <time>2025-08-21T02:57:15Z</time>
   </trkpt>
   <trkpt lat="25.0215140" lon="121.4255470">
    <ele>13.4</ele>
    <time>2025-08-21T02:57:16Z</time>
   </trkpt>
   <trkpt lat="25.0215140" lon="121.4255460">
    <ele>13.4</ele>
    <time>2025-08-21T02:57:17Z</time>
   </trkpt>
   <trkpt lat="25.0215140" lon="121.4255450">
    <ele>13.4</ele>
    <time>2025-08-21T02:57:18Z</time>
   </trkpt>
   <trkpt lat="25.0215160" lon="121.4255420">
    <ele>13.4</ele>
    <time>2025-08-21T02:57:19Z</time>
   </trkpt>
   <trkpt lat="25.0215210" lon="121.4255340">
    <ele>13.4</ele>
    <time>2025-08-21T02:57:20Z</time>
   </trkpt>
   <trkpt lat="25.0215310" lon="121.4255300">
    <ele>13.4</ele>
    <time>2025-08-21T02:57:21Z</time>
   </trkpt>
   <trkpt lat="25.0215180" lon="121.4255310">
    <ele>13.4</ele>
    <time>2025-08-21T02:57:22Z</time>
   </trkpt>
   <trkpt lat="25.0215180" lon="121.4255260">
    <ele>13.4</ele>
    <time>2025-08-21T02:57:23Z</time>
   </trkpt>
   <trkpt lat="25.0215160" lon="121.4255210">
    <ele>13.4</ele>
    <time>2025-08-21T02:57:24Z</time>
   </trkpt>
   <trkpt lat="25.0215150" lon="121.4255160">
    <ele>13.4</ele>
    <time>2025-08-21T02:57:25Z</time>
   </trkpt>
   <trkpt lat="25.0215100" lon="121.4255090">
    <ele>13.4</ele>
    <time>2025-08-21T02:57:26Z</time>
   </trkpt>
   <trkpt lat="25.0214920" lon="121.4255270">
    <ele>13.4</ele>
    <time>2025-08-21T02:57:27Z</time>
   </trkpt>
   <trkpt lat="25.0214820" lon="121.4255370">
    <ele>13.4</ele>
    <time>2025-08-21T02:57:28Z</time>
   </trkpt>
   <trkpt lat="25.0214720" lon="121.4255460">
    <ele>13.4</ele>
    <time>2025-08-21T02:57:29Z</time>
   </trkpt>
   <trkpt lat="25.0214660" lon="121.4255490">
    <ele>13.4</ele>
    <time>2025-08-21T02:57:30Z</time>
   </trkpt>
   <trkpt lat="25.0214620" lon="121.4255560">
    <ele>13.4</ele>
    <time>2025-08-21T02:57:31Z</time>
   </trkpt>
   <trkpt lat="25.0214580" lon="121.4255630">
    <ele>13.5</ele>
    <time>2025-08-21T02:57:32Z</time>
   </trkpt>
   <trkpt lat="25.0214550" lon="121.4255690">
    <ele>13.5</ele>
    <time>2025-08-21T02:57:33Z</time>
   </trkpt>
   <trkpt lat="25.0214480" lon="121.4255800">
    <ele>13.5</ele>
    <time>2025-08-21T02:57:34Z</time>
   </trkpt>
   <trkpt lat="25.0214450" lon="121.4255860">
    <ele>13.5</ele>
    <time>2025-08-21T02:57:35Z</time>
   </trkpt>
   <trkpt lat="25.0214380" lon="121.4255870">
    <ele>13.5</ele>
    <time>2025-08-21T02:57:36Z</time>
   </trkpt>
   <trkpt lat="25.0214370" lon="121.4255860">
    <ele>13.5</ele>
    <time>2025-08-21T02:57:37Z</time>
   </trkpt>
   <trkpt lat="25.0214380" lon="121.4255850">
    <ele>13.5</ele>
    <time>2025-08-21T02:57:38Z</time>
   </trkpt>
   <trkpt lat="25.0214380" lon="121.4255830">
    <ele>13.5</ele>
    <time>2025-08-21T02:57:39Z</time>
   </trkpt>
   <trkpt lat="25.0214390" lon="121.4255810">
    <ele>13.5</ele>
    <time>2025-08-21T02:57:40Z</time>
   </trkpt>
   <trkpt lat="25.0214390" lon="121.4255800">
    <ele>13.5</ele>
    <time>2025-08-21T02:57:41Z</time>
   </trkpt>
   <trkpt lat="25.0214410" lon="121.4255780">
    <ele>13.5</ele>
    <time>2025-08-21T02:57:42Z</time>
   </trkpt>
   <trkpt lat="25.0214480" lon="121.4255740">
    <ele>13.5</ele>
    <time>2025-08-21T02:57:44Z</time>
   </trkpt>
   <trkpt lat="25.0214490" lon="121.4255720">
    <ele>13.5</ele>
    <time>2025-08-21T02:57:45Z</time>
   </trkpt>
   <trkpt lat="25.0214520" lon="121.4255700">
    <ele>13.5</ele>
    <time>2025-08-21T02:57:46Z</time>
   </trkpt>
   <trkpt lat="25.0214540" lon="121.4255680">
    <ele>13.5</ele>
    <time>2025-08-21T02:57:47Z</time>
   </trkpt>
   <trkpt lat="25.0214550" lon="121.4255650">
    <ele>13.5</ele>
    <time>2025-08-21T02:57:48Z</time>
   </trkpt>
   <trkpt lat="25.0214570" lon="121.4255630">
    <ele>13.5</ele>
    <time>2025-08-21T02:57:49Z</time>
   </trkpt>
   <trkpt lat="25.0214580" lon="121.4255590">
    <ele>13.5</ele>
    <time>2025-08-21T02:57:50Z</time>
   </trkpt>
   <trkpt lat="25.0214580" lon="121.4255560">
    <ele>13.5</ele>
    <time>2025-08-21T02:57:51Z</time>
   </trkpt>
   <trkpt lat="25.0214630" lon="121.4255520">
    <ele>13.5</ele>
    <time>2025-08-21T02:57:52Z</time>
   </trkpt>
   <trkpt lat="25.0214640" lon="121.4255530">
    <ele>13.5</ele>
    <time>2025-08-21T02:57:53Z</time>
   </trkpt>
   <trkpt lat="25.0214630" lon="121.4255520">
    <ele>13.5</ele>
    <time>2025-08-21T02:57:54Z</time>
   </trkpt>
   <trkpt lat="25.0214620" lon="121.4255510">
    <ele>13.5</ele>
    <time>2025-08-21T02:57:55Z</time>
   </trkpt>
   <trkpt lat="25.0214610" lon="121.4255500">
    <ele>13.5</ele>
    <time>2025-08-21T02:57:56Z</time>
   </trkpt>
   <trkpt lat="25.0214600" lon="121.4255490">
    <ele>13.5</ele>
    <time>2025-08-21T02:57:57Z</time>
   </trkpt>
   <trkpt lat="25.0214580" lon="121.4255480">
    <ele>13.5</ele>
    <time>2025-08-21T02:57:58Z</time>
   </trkpt>
   <trkpt lat="25.0214580" lon="121.4255480">
    <ele>13.5</ele>
    <time>2025-08-21T02:57:59Z</time>
   </trkpt>
   <trkpt lat="25.0214540" lon="121.4255500">
    <ele>13.5</ele>
    <time>2025-08-21T02:58:00Z</time>
   </trkpt>
   <trkpt lat="25.0214530" lon="121.4255500">
    <ele>13.5</ele>
    <time>2025-08-21T02:58:01Z</time>
   </trkpt>
   <trkpt lat="25.0214540" lon="121.4255480">
    <ele>13.5</ele>
    <time>2025-08-21T02:58:02Z</time>
   </trkpt>
   <trkpt lat="25.0214520" lon="121.4255480">
    <ele>13.5</ele>
    <time>2025-08-21T02:58:03Z</time>
   </trkpt>
   <trkpt lat="25.0214510" lon="121.4255480">
    <ele>13.5</ele>
    <time>2025-08-21T02:58:04Z</time>
   </trkpt>
   <trkpt lat="25.0214490" lon="121.4255480">
    <ele>13.5</ele>
    <time>2025-08-21T02:58:05Z</time>
   </trkpt>
   <trkpt lat="25.0214470" lon="121.4255480">
    <ele>13.5</ele>
    <time>2025-08-21T02:58:06Z</time>
   </trkpt>
   <trkpt lat="25.0214440" lon="121.4255480">
    <ele>13.5</ele>
    <time>2025-08-21T02:58:07Z</time>
   </trkpt>
   <trkpt lat="25.0214430" lon="121.4255470">
    <ele>13.5</ele>
    <time>2025-08-21T02:58:08Z</time>
   </trkpt>
   <trkpt lat="25.0214430" lon="121.4255470">
    <ele>13.5</ele>
    <time>2025-08-21T02:58:09Z</time>
   </trkpt>
   <trkpt lat="25.0214430" lon="121.4255480">
    <ele>13.5</ele>
    <time>2025-08-21T02:58:10Z</time>
   </trkpt>
   <trkpt lat="25.0214270" lon="121.4255460">
    <ele>13.5</ele>
    <time>2025-08-21T02:58:11Z</time>
   </trkpt>
   <trkpt lat="25.0214270" lon="121.4255480">
    <ele>13.5</ele>
    <time>2025-08-21T02:58:12Z</time>
   </trkpt>
   <trkpt lat="25.0214430" lon="121.4255480">
    <ele>13.5</ele>
    <time>2025-08-21T02:58:13Z</time>
   </trkpt>
   <trkpt lat="25.0214460" lon="121.4255520">
    <ele>13.5</ele>
    <time>2025-08-21T02:58:14Z</time>
   </trkpt>
   <trkpt lat="25.0214450" lon="121.4255520">
    <ele>13.5</ele>
    <time>2025-08-21T02:58:15Z</time>
   </trkpt>
   <trkpt lat="25.0214430" lon="121.4255510">
    <ele>13.5</ele>
    <time>2025-08-21T02:58:16Z</time>
   </trkpt>
   <trkpt lat="25.0214420" lon="121.4255510">
    <ele>13.5</ele>
    <time>2025-08-21T02:58:17Z</time>
   </trkpt>
   <trkpt lat="25.0214410" lon="121.4255510">
    <ele>13.5</ele>
    <time>2025-08-21T02:58:18Z</time>
   </trkpt>
   <trkpt lat="25.0214400" lon="121.4255500">
    <ele>13.5</ele>
    <time>2025-08-21T02:58:19Z</time>
   </trkpt>
   <trkpt lat="25.0214400" lon="121.4255500">
    <ele>13.5</ele>
    <time>2025-08-21T02:58:20Z</time>
   </trkpt>
   <trkpt lat="25.0214380" lon="121.4255500">
    <ele>13.5</ele>
    <time>2025-08-21T02:58:21Z</time>
   </trkpt>
   <trkpt lat="25.0214380" lon="121.4255510">
    <ele>13.5</ele>
    <time>2025-08-21T02:58:22Z</time>
   </trkpt>
   <trkpt lat="25.0214380" lon="121.4255520">
    <ele>13.5</ele>
    <time>2025-08-21T02:58:23Z</time>
   </trkpt>
   <trkpt lat="25.0214390" lon="121.4255530">
    <ele>13.5</ele>
    <time>2025-08-21T02:58:24Z</time>
   </trkpt>
   <trkpt lat="25.0214390" lon="121.4255540">
    <ele>13.5</ele>
    <time>2025-08-21T02:58:25Z</time>
   </trkpt>
   <trkpt lat="25.0214390" lon="121.4255550">
    <ele>13.5</ele>
    <time>2025-08-21T02:58:26Z</time>
   </trkpt>
   <trkpt lat="25.0214400" lon="121.4255560">
    <ele>13.5</ele>
    <time>2025-08-21T02:58:27Z</time>
   </trkpt>
   <trkpt lat="25.0214440" lon="121.4255780">
    <ele>13.5</ele>
    <time>2025-08-21T02:58:28Z</time>
   </trkpt>
   <trkpt lat="25.0214480" lon="121.4255790">
    <ele>13.5</ele>
    <time>2025-08-21T02:58:29Z</time>
   </trkpt>
   <trkpt lat="25.0214430" lon="121.4255610">
    <ele>13.5</ele>
    <time>2025-08-21T02:58:30Z</time>
   </trkpt>
   <trkpt lat="25.0214440" lon="121.4255610">
    <ele>13.5</ele>
    <time>2025-08-21T02:58:31Z</time>
   </trkpt>
   <trkpt lat="25.0214450" lon="121.4255610">
    <ele>13.5</ele>
    <time>2025-08-21T02:58:32Z</time>
   </trkpt>
   <trkpt lat="25.0214470" lon="121.4255620">
    <ele>13.5</ele>
    <time>2025-08-21T02:58:33Z</time>
   </trkpt>
   <trkpt lat="25.0214480" lon="121.4255620">
    <ele>13.5</ele>
    <time>2025-08-21T02:58:34Z</time>
   </trkpt>
   <trkpt lat="25.0214440" lon="121.4255580">
    <ele>13.5</ele>
    <time>2025-08-21T02:58:35Z</time>
   </trkpt>
   <trkpt lat="25.0214460" lon="121.4255550">
    <ele>13.5</ele>
    <time>2025-08-21T02:58:36Z</time>
   </trkpt>
   <trkpt lat="25.0214470" lon="121.4255530">
    <ele>13.5</ele>
    <time>2025-08-21T02:58:37Z</time>
   </trkpt>
   <trkpt lat="25.0214480" lon="121.4255540">
    <ele>13.5</ele>
    <time>2025-08-21T02:58:38Z</time>
   </trkpt>
   <trkpt lat="25.0214470" lon="121.4255570">
    <ele>13.5</ele>
    <time>2025-08-21T02:58:39Z</time>
   </trkpt>
   <trkpt lat="25.0214480" lon="121.4255590">
    <ele>13.5</ele>
    <time>2025-08-21T02:58:40Z</time>
   </trkpt>
   <trkpt lat="25.0214410" lon="121.4255580">
    <ele>13.5</ele>
    <time>2025-08-21T02:58:41Z</time>
   </trkpt>
   <trkpt lat="25.0214410" lon="121.4255580">
    <ele>13.5</ele>
    <time>2025-08-21T02:58:42Z</time>
   </trkpt>
   <trkpt lat="25.0214420" lon="121.4255580">
    <ele>13.5</ele>
    <time>2025-08-21T02:58:43Z</time>
   </trkpt>
   <trkpt lat="25.0214420" lon="121.4255590">
    <ele>13.5</ele>
    <time>2025-08-21T02:58:44Z</time>
   </trkpt>
   <trkpt lat="25.0214430" lon="121.4255600">
    <ele>13.5</ele>
    <time>2025-08-21T02:58:45Z</time>
   </trkpt>
   <trkpt lat="25.0214430" lon="121.4255600">
    <ele>13.5</ele>
    <time>2025-08-21T02:58:46Z</time>
   </trkpt>
   <trkpt lat="25.0214420" lon="121.4255600">
    <ele>13.5</ele>
    <time>2025-08-21T02:58:47Z</time>
   </trkpt>
   <trkpt lat="25.0214390" lon="121.4255550">
    <ele>13.5</ele>
    <time>2025-08-21T02:58:48Z</time>
   </trkpt>
   <trkpt lat="25.0214350" lon="121.4255550">
    <ele>13.5</ele>
    <time>2025-08-21T02:58:49Z</time>
   </trkpt>
   <trkpt lat="25.0214340" lon="121.4255580">
    <ele>13.5</ele>
    <time>2025-08-21T02:58:50Z</time>
   </trkpt>
   <trkpt lat="25.0214340" lon="121.4255600">
    <ele>13.5</ele>
    <time>2025-08-21T02:58:51Z</time>
   </trkpt>
   <trkpt lat="25.0214330" lon="121.4255610">
    <ele>13.5</ele>
    <time>2025-08-21T02:58:52Z</time>
   </trkpt>
   <trkpt lat="25.0214310" lon="121.4255620">
    <ele>13.5</ele>
    <time>2025-08-21T02:58:53Z</time>
   </trkpt>
   <trkpt lat="25.0214240" lon="121.4255610">
    <ele>13.5</ele>
    <time>2025-08-21T02:58:54Z</time>
   </trkpt>
   <trkpt lat="25.0214220" lon="121.4255620">
    <ele>13.5</ele>
    <time>2025-08-21T02:58:55Z</time>
   </trkpt>
   <trkpt lat="25.0214220" lon="121.4255620">
    <ele>13.5</ele>
    <time>2025-08-21T02:58:56Z</time>
   </trkpt>
   <trkpt lat="25.0214200" lon="121.4255640">
    <ele>13.5</ele>
    <time>2025-08-21T02:58:57Z</time>
   </trkpt>
   <trkpt lat="25.0214200" lon="121.4255670">
    <ele>13.5</ele>
    <time>2025-08-21T02:58:58Z</time>
   </trkpt>
   <trkpt lat="25.0214210" lon="121.4255700">
    <ele>13.5</ele>
    <time>2025-08-21T02:58:59Z</time>
   </trkpt>
   <trkpt lat="25.0214220" lon="121.4255730">
    <ele>13.5</ele>
    <time>2025-08-21T02:59:00Z</time>
   </trkpt>
   <trkpt lat="25.0214230" lon="121.4255770">
    <ele>13.5</ele>
    <time>2025-08-21T02:59:01Z</time>
   </trkpt>
   <trkpt lat="25.0214240" lon="121.4255800">
    <ele>13.5</ele>
    <time>2025-08-21T02:59:02Z</time>
   </trkpt>
   <trkpt lat="25.0214250" lon="121.4255830">
    <ele>13.5</ele>
    <time>2025-08-21T02:59:03Z</time>
   </trkpt>
   <trkpt lat="25.0214270" lon="121.4255860">
    <ele>13.5</ele>
    <time>2025-08-21T02:59:04Z</time>
   </trkpt>
   <trkpt lat="25.0214280" lon="121.4255890">
    <ele>13.5</ele>
    <time>2025-08-21T02:59:05Z</time>
   </trkpt>
   <trkpt lat="25.0214290" lon="121.4255920">
    <ele>13.5</ele>
    <time>2025-08-21T02:59:06Z</time>
   </trkpt>
   <trkpt lat="25.0214300" lon="121.4255960">
    <ele>13.5</ele>
    <time>2025-08-21T02:59:07Z</time>
   </trkpt>
   <trkpt lat="25.0214310" lon="121.4255990">
    <ele>13.5</ele>
    <time>2025-08-21T02:59:08Z</time>
   </trkpt>
   <trkpt lat="25.0214320" lon="121.4256020">
    <ele>13.5</ele>
    <time>2025-08-21T02:59:09Z</time>
   </trkpt>
   <trkpt lat="25.0214330" lon="121.4256050">
    <ele>13.5</ele>
    <time>2025-08-21T02:59:10Z</time>
   </trkpt>
   <trkpt lat="25.0214490" lon="121.4256110">
    <ele>13.5</ele>
    <time>2025-08-21T02:59:11Z</time>
   </trkpt>
   <trkpt lat="25.0214610" lon="121.4256070">
    <ele>13.5</ele>
    <time>2025-08-21T02:59:12Z</time>
   </trkpt>
   <trkpt lat="25.0214750" lon="121.4255960">
    <ele>13.5</ele>
    <time>2025-08-21T02:59:13Z</time>
   </trkpt>
   <trkpt lat="25.0214800" lon="121.4255900">
    <ele>13.5</ele>
    <time>2025-08-21T02:59:14Z</time>
   </trkpt>
   <trkpt lat="25.0214430" lon="121.4255960">
    <ele>13.5</ele>
    <time>2025-08-21T02:59:15Z</time>
   </trkpt>
   <trkpt lat="25.0214440" lon="121.4255960">
    <ele>13.5</ele>
    <time>2025-08-21T02:59:16Z</time>
   </trkpt>
   <trkpt lat="25.0214450" lon="121.4255960">
    <ele>13.5</ele>
    <time>2025-08-21T02:59:17Z</time>
   </trkpt>
   <trkpt lat="25.0214450" lon="121.4255960">
    <ele>13.5</ele>
    <time>2025-08-21T02:59:18Z</time>
   </trkpt>
   <trkpt lat="25.0214770" lon="121.4255950">
    <ele>13.5</ele>
    <time>2025-08-21T02:59:19Z</time>
   </trkpt>
   <trkpt lat="25.0214880" lon="121.4255960">
    <ele>13.5</ele>
    <time>2025-08-21T02:59:20Z</time>
   </trkpt>
   <trkpt lat="25.0214830" lon="121.4256020">
    <ele>13.5</ele>
    <time>2025-08-21T02:59:21Z</time>
   </trkpt>
   <trkpt lat="25.0214780" lon="121.4256060">
    <ele>13.5</ele>
    <time>2025-08-21T02:59:22Z</time>
   </trkpt>
   <trkpt lat="25.0214750" lon="121.4256150">
    <ele>13.5</ele>
    <time>2025-08-21T02:59:24Z</time>
   </trkpt>
   <trkpt lat="25.0214530" lon="121.4256050">
    <ele>13.5</ele>
    <time>2025-08-21T02:59:25Z</time>
   </trkpt>
   <trkpt lat="25.0214460" lon="121.4255950">
    <ele>13.5</ele>
    <time>2025-08-21T02:59:26Z</time>
   </trkpt>
   <trkpt lat="25.0214440" lon="121.4255940">
    <ele>13.5</ele>
    <time>2025-08-21T02:59:27Z</time>
   </trkpt>
   <trkpt lat="25.0214420" lon="121.4255930">
    <ele>13.5</ele>
    <time>2025-08-21T02:59:28Z</time>
   </trkpt>
   <trkpt lat="25.0214400" lon="121.4255920">
    <ele>13.5</ele>
    <time>2025-08-21T02:59:29Z</time>
   </trkpt>
   <trkpt lat="25.0214380" lon="121.4255900">
    <ele>13.5</ele>
    <time>2025-08-21T02:59:30Z</time>
   </trkpt>
   <trkpt lat="25.0214360" lon="121.4255890">
    <ele>13.5</ele>
    <time>2025-08-21T02:59:31Z</time>
   </trkpt>
   <trkpt lat="25.0214340" lon="121.4255880">
    <ele>13.5</ele>
    <time>2025-08-21T02:59:32Z</time>
   </trkpt>
   <trkpt lat="25.0214320" lon="121.4255870">
    <ele>13.5</ele>
    <time>2025-08-21T02:59:33Z</time>
   </trkpt>
   <trkpt lat="25.0214290" lon="121.4255860">
    <ele>13.5</ele>
    <time>2025-08-21T02:59:34Z</time>
   </trkpt>
   <trkpt lat="25.0214270" lon="121.4255850">
    <ele>13.5</ele>
    <time>2025-08-21T02:59:35Z</time>
   </trkpt>
   <trkpt lat="25.0214250" lon="121.4255840">
    <ele>13.5</ele>
    <time>2025-08-21T02:59:36Z</time>
   </trkpt>
   <trkpt lat="25.0214230" lon="121.4255830">
    <ele>13.5</ele>
    <time>2025-08-21T02:59:37Z</time>
   </trkpt>
   <trkpt lat="25.0214210" lon="121.4255810">
    <ele>13.5</ele>
    <time>2025-08-21T02:59:38Z</time>
   </trkpt>
   <trkpt lat="25.0214190" lon="121.4255800">
    <ele>13.5</ele>
    <time>2025-08-21T02:59:39Z</time>
   </trkpt>
   <trkpt lat="25.0214170" lon="121.4255790">
    <ele>13.5</ele>
    <time>2025-08-21T02:59:40Z</time>
   </trkpt>
   <trkpt lat="25.0214150" lon="121.4255780">
    <ele>13.5</ele>
    <time>2025-08-21T02:59:41Z</time>
   </trkpt>
   <trkpt lat="25.0214130" lon="121.4255770">
    <ele>13.5</ele>
    <time>2025-08-21T02:59:42Z</time>
   </trkpt>
   <trkpt lat="25.0214010" lon="121.4255720">
    <ele>13.5</ele>
    <time>2025-08-21T02:59:43Z</time>
   </trkpt>
   <trkpt lat="25.0213940" lon="121.4255680">
    <ele>13.5</ele>
    <time>2025-08-21T02:59:44Z</time>
   </trkpt>
   <trkpt lat="25.0213860" lon="121.4255640">
    <ele>13.5</ele>
    <time>2025-08-21T02:59:45Z</time>
   </trkpt>
   <trkpt lat="25.0213780" lon="121.4255600">
    <ele>13.5</ele>
    <time>2025-08-21T02:59:46Z</time>
   </trkpt>
   <trkpt lat="25.0213720" lon="121.4255660">
    <ele>13.5</ele>
    <time>2025-08-21T02:59:47Z</time>
   </trkpt>
   <trkpt lat="25.0213720" lon="121.4255720">
    <ele>13.5</ele>
    <time>2025-08-21T02:59:48Z</time>
   </trkpt>
   <trkpt lat="25.0213730" lon="121.4255740">
    <ele>13.5</ele>
    <time>2025-08-21T02:59:49Z</time>
   </trkpt>
   <trkpt lat="25.0213730" lon="121.4255760">
    <ele>13.5</ele>
    <time>2025-08-21T02:59:50Z</time>
   </trkpt>
   <trkpt lat="25.0213730" lon="121.4255780">
    <ele>13.5</ele>
    <time>2025-08-21T02:59:51Z</time>
   </trkpt>
   <trkpt lat="25.0213720" lon="121.4255790">
    <ele>13.5</ele>
    <time>2025-08-21T02:59:52Z</time>
   </trkpt>
   <trkpt lat="25.0213700" lon="121.4255820">
    <ele>13.5</ele>
    <time>2025-08-21T02:59:53Z</time>
   </trkpt>
   <trkpt lat="25.0213670" lon="121.4255830">
    <ele>13.5</ele>
    <time>2025-08-21T02:59:54Z</time>
   </trkpt>
   <trkpt lat="25.0213570" lon="121.4255650">
    <ele>13.5</ele>
    <time>2025-08-21T02:59:55Z</time>
   </trkpt>
   <trkpt lat="25.0213610" lon="121.4255660">
    <ele>13.5</ele>
    <time>2025-08-21T02:59:56Z</time>
   </trkpt>
   <trkpt lat="25.0213630" lon="121.4255670">
    <ele>13.5</ele>
    <time>2025-08-21T02:59:57Z</time>
   </trkpt>
   <trkpt lat="25.0213640" lon="121.4255670">
    <ele>13.5</ele>
    <time>2025-08-21T02:59:58Z</time>
   </trkpt>
   <trkpt lat="25.0213640" lon="121.4255680">
    <ele>13.5</ele>
    <time>2025-08-21T02:59:59Z</time>
   </trkpt>
   <trkpt lat="25.0213630" lon="121.4255690">
    <ele>13.5</ele>
    <time>2025-08-21T03:00:00Z</time>
   </trkpt>
   <trkpt lat="25.0213620" lon="121.4255690">
    <ele>13.5</ele>
    <time>2025-08-21T03:00:01Z</time>
   </trkpt>
   <trkpt lat="25.0213500" lon="121.4255580">
    <ele>13.5</ele>
    <time>2025-08-21T03:00:02Z</time>
   </trkpt>
   <trkpt lat="25.0213500" lon="121.4255560">
    <ele>13.5</ele>
    <time>2025-08-21T03:00:03Z</time>
   </trkpt>
   <trkpt lat="25.0213500" lon="121.4255560">
    <ele>13.5</ele>
    <time>2025-08-21T03:00:04Z</time>
   </trkpt>
   <trkpt lat="25.0213500" lon="121.4255550">
    <ele>13.5</ele>
    <time>2025-08-21T03:00:05Z</time>
   </trkpt>
   <trkpt lat="25.0213500" lon="121.4255550">
    <ele>13.5</ele>
    <time>2025-08-21T03:00:06Z</time>
   </trkpt>
   <trkpt lat="25.0213490" lon="121.4255560">
    <ele>13.5</ele>
    <time>2025-08-21T03:00:07Z</time>
   </trkpt>
   <trkpt lat="25.0213480" lon="121.4255500">
    <ele>13.5</ele>
    <time>2025-08-21T03:00:08Z</time>
   </trkpt>
   <trkpt lat="25.0213490" lon="121.4255490">
    <ele>13.5</ele>
    <time>2025-08-21T03:00:09Z</time>
   </trkpt>
   <trkpt lat="25.0213500" lon="121.4255480">
    <ele>13.5</ele>
    <time>2025-08-21T03:00:10Z</time>
   </trkpt>
   <trkpt lat="25.0213530" lon="121.4255460">
    <ele>13.5</ele>
    <time>2025-08-21T03:00:11Z</time>
   </trkpt>
   <trkpt lat="25.0213540" lon="121.4255440">
    <ele>13.5</ele>
    <time>2025-08-21T03:00:12Z</time>
   </trkpt>
   <trkpt lat="25.0213560" lon="121.4255410">
    <ele>13.5</ele>
    <time>2025-08-21T03:00:13Z</time>
   </trkpt>
   <trkpt lat="25.0213590" lon="121.4255380">
    <ele>13.5</ele>
    <time>2025-08-21T03:00:14Z</time>
   </trkpt>
   <trkpt lat="25.0213540" lon="121.4255280">
    <ele>13.5</ele>
    <time>2025-08-21T03:00:15Z</time>
   </trkpt>
   <trkpt lat="25.0213550" lon="121.4255260">
    <ele>13.5</ele>
    <time>2025-08-21T03:00:16Z</time>
   </trkpt>
   <trkpt lat="25.0213570" lon="121.4255240">
    <ele>13.5</ele>
    <time>2025-08-21T03:00:17Z</time>
   </trkpt>
   <trkpt lat="25.0213590" lon="121.4255230">
    <ele>13.5</ele>
    <time>2025-08-21T03:00:18Z</time>
   </trkpt>
   <trkpt lat="25.0213620" lon="121.4255230">
    <ele>13.5</ele>
    <time>2025-08-21T03:00:19Z</time>
   </trkpt>
   <trkpt lat="25.0213640" lon="121.4255210">
    <ele>13.5</ele>
    <time>2025-08-21T03:00:20Z</time>
   </trkpt>
   <trkpt lat="25.0213580" lon="121.4255160">
    <ele>13.5</ele>
    <time>2025-08-21T03:00:21Z</time>
   </trkpt>
   <trkpt lat="25.0213590" lon="121.4255140">
    <ele>13.5</ele>
    <time>2025-08-21T03:00:22Z</time>
   </trkpt>
   <trkpt lat="25.0213610" lon="121.4255130">
    <ele>13.5</ele>
    <time>2025-08-21T03:00:23Z</time>
   </trkpt>
   <trkpt lat="25.0213630" lon="121.4255130">
    <ele>13.5</ele>
    <time>2025-08-21T03:00:24Z</time>
   </trkpt>
   <trkpt lat="25.0213650" lon="121.4255120">
    <ele>13.5</ele>
    <time>2025-08-21T03:00:25Z</time>
   </trkpt>
   <trkpt lat="25.0213680" lon="121.4255120">
    <ele>13.5</ele>
    <time>2025-08-21T03:00:26Z</time>
   </trkpt>
   <trkpt lat="25.0213700" lon="121.4255130">
    <ele>13.5</ele>
    <time>2025-08-21T03:00:27Z</time>
   </trkpt>
   <trkpt lat="25.0213660" lon="121.4255150">
    <ele>13.5</ele>
    <time>2025-08-21T03:00:28Z</time>
   </trkpt>
   <trkpt lat="25.0213660" lon="121.4255150">
    <ele>13.5</ele>
    <time>2025-08-21T03:00:29Z</time>
   </trkpt>
   <trkpt lat="25.0213670" lon="121.4255130">
    <ele>13.5</ele>
    <time>2025-08-21T03:00:30Z</time>
   </trkpt>
   <trkpt lat="25.0213690" lon="121.4255130">
    <ele>13.5</ele>
    <time>2025-08-21T03:00:31Z</time>
   </trkpt>
   <trkpt lat="25.0213690" lon="121.4255100">
    <ele>13.5</ele>
    <time>2025-08-21T03:00:32Z</time>
   </trkpt>
   <trkpt lat="25.0213680" lon="121.4255070">
    <ele>13.5</ele>
    <time>2025-08-21T03:00:33Z</time>
   </trkpt>
   <trkpt lat="25.0213490" lon="121.4255040">
    <ele>13.5</ele>
    <time>2025-08-21T03:00:34Z</time>
   </trkpt>
   <trkpt lat="25.0213370" lon="121.4255000">
    <ele>13.5</ele>
    <time>2025-08-21T03:00:35Z</time>
   </trkpt>
   <trkpt lat="25.0213280" lon="121.4254980">
    <ele>13.5</ele>
    <time>2025-08-21T03:00:36Z</time>
   </trkpt>
   <trkpt lat="25.0213140" lon="121.4254980">
    <ele>13.5</ele>
    <time>2025-08-21T03:00:37Z</time>
   </trkpt>
   <trkpt lat="25.0213020" lon="121.4254990">
    <ele>13.5</ele>
    <time>2025-08-21T03:00:38Z</time>
   </trkpt>
   <trkpt lat="25.0212900" lon="121.4255010">
    <ele>13.6</ele>
    <time>2025-08-21T03:00:39Z</time>
   </trkpt>
   <trkpt lat="25.0212910" lon="121.4255010">
    <ele>13.6</ele>
    <time>2025-08-21T03:00:40Z</time>
   </trkpt>
   <trkpt lat="25.0212880" lon="121.4254940">
    <ele>13.6</ele>
    <time>2025-08-21T03:00:41Z</time>
   </trkpt>
   <trkpt lat="25.0212900" lon="121.4254890">
    <ele>13.6</ele>
    <time>2025-08-21T03:00:42Z</time>
   </trkpt>
   <trkpt lat="25.0212910" lon="121.4254860">
    <ele>13.6</ele>
    <time>2025-08-21T03:00:43Z</time>
   </trkpt>
   <trkpt lat="25.0212920" lon="121.4254800">
    <ele>13.6</ele>
    <time>2025-08-21T03:00:44Z</time>
   </trkpt>
   <trkpt lat="25.0212930" lon="121.4254750">
    <ele>13.6</ele>
    <time>2025-08-21T03:00:45Z</time>
   </trkpt>
   <trkpt lat="25.0212930" lon="121.4254710">
    <ele>13.6</ele>
    <time>2025-08-21T03:00:46Z</time>
   </trkpt>
   <trkpt lat="25.0212920" lon="121.4254660">
    <ele>13.6</ele>
    <time>2025-08-21T03:00:47Z</time>
   </trkpt>
   <trkpt lat="25.0212930" lon="121.4254630">
    <ele>13.6</ele>
    <time>2025-08-21T03:00:48Z</time>
   </trkpt>
   <trkpt lat="25.0212930" lon="121.4254620">
    <ele>13.6</ele>
    <time>2025-08-21T03:00:49Z</time>
   </trkpt>
   <trkpt lat="25.0212950" lon="121.4254580">
    <ele>13.6</ele>
    <time>2025-08-21T03:00:50Z</time>
   </trkpt>
   <trkpt lat="25.0212970" lon="121.4254540">
    <ele>13.6</ele>
    <time>2025-08-21T03:00:51Z</time>
   </trkpt>
   <trkpt lat="25.0212980" lon="121.4254530">
    <ele>13.6</ele>
    <time>2025-08-21T03:00:52Z</time>
   </trkpt>
   <trkpt lat="25.0213000" lon="121.4254490">
    <ele>13.6</ele>
    <time>2025-08-21T03:00:53Z</time>
   </trkpt>
   <trkpt lat="25.0212970" lon="121.4254450">
    <ele>13.6</ele>
    <time>2025-08-21T03:00:54Z</time>
   </trkpt>
   <trkpt lat="25.0212970" lon="121.4254430">
    <ele>13.6</ele>
    <time>2025-08-21T03:00:55Z</time>
   </trkpt>
   <trkpt lat="25.0212970" lon="121.4254420">
    <ele>13.6</ele>
    <time>2025-08-21T03:00:56Z</time>
   </trkpt>
   <trkpt lat="25.0212990" lon="121.4254400">
    <ele>13.6</ele>
    <time>2025-08-21T03:00:57Z</time>
   </trkpt>
   <trkpt lat="25.0213000" lon="121.4254390">
    <ele>13.6</ele>
    <time>2025-08-21T03:00:58Z</time>
   </trkpt>
   <trkpt lat="25.0213010" lon="121.4254380">
    <ele>13.6</ele>
    <time>2025-08-21T03:00:59Z</time>
   </trkpt>
   <trkpt lat="25.0213160" lon="121.4254300">
    <ele>13.6</ele>
    <time>2025-08-21T03:01:00Z</time>
   </trkpt>
   <trkpt lat="25.0213190" lon="121.4254270">
    <ele>13.6</ele>
    <time>2025-08-21T03:01:01Z</time>
   </trkpt>
   <trkpt lat="25.0213200" lon="121.4254260">
    <ele>13.6</ele>
    <time>2025-08-21T03:01:02Z</time>
   </trkpt>
   <trkpt lat="25.0213200" lon="121.4254260">
    <ele>13.6</ele>
    <time>2025-08-21T03:01:03Z</time>
   </trkpt>
   <trkpt lat="25.0213200" lon="121.4254260">
    <ele>13.6</ele>
    <time>2025-08-21T03:01:04Z</time>
   </trkpt>
   <trkpt lat="25.0213200" lon="121.4254270">
    <ele>13.6</ele>
    <time>2025-08-21T03:01:05Z</time>
   </trkpt>
   <trkpt lat="25.0213210" lon="121.4254280">
    <ele>13.6</ele>
    <time>2025-08-21T03:01:06Z</time>
   </trkpt>
   <trkpt lat="25.0213210" lon="121.4254280">
    <ele>13.6</ele>
    <time>2025-08-21T03:01:07Z</time>
   </trkpt>
   <trkpt lat="25.0213210" lon="121.4254280">
    <ele>13.6</ele>
    <time>2025-08-21T03:01:08Z</time>
   </trkpt>
   <trkpt lat="25.0213210" lon="121.4254280">
    <ele>13.6</ele>
    <time>2025-08-21T03:01:09Z</time>
   </trkpt>
   <trkpt lat="25.0213040" lon="121.4254350">
    <ele>13.6</ele>
    <time>2025-08-21T03:01:10Z</time>
   </trkpt>
   <trkpt lat="25.0213010" lon="121.4254360">
    <ele>13.6</ele>
    <time>2025-08-21T03:01:11Z</time>
   </trkpt>
   <trkpt lat="25.0213020" lon="121.4254370">
    <ele>13.6</ele>
    <time>2025-08-21T03:01:12Z</time>
   </trkpt>
   <trkpt lat="25.0213020" lon="121.4254370">
    <ele>13.6</ele>
    <time>2025-08-21T03:01:13Z</time>
   </trkpt>
   <trkpt lat="25.0212950" lon="121.4254380">
    <ele>13.6</ele>
    <time>2025-08-21T03:01:14Z</time>
   </trkpt>
   <trkpt lat="25.0212940" lon="121.4254390">
    <ele>13.6</ele>
    <time>2025-08-21T03:01:15Z</time>
   </trkpt>
   <trkpt lat="25.0212930" lon="121.4254380">
    <ele>13.6</ele>
    <time>2025-08-21T03:01:16Z</time>
   </trkpt>
   <trkpt lat="25.0212930" lon="121.4254370">
    <ele>13.6</ele>
    <time>2025-08-21T03:01:17Z</time>
   </trkpt>
   <trkpt lat="25.0212920" lon="121.4254360">
    <ele>13.6</ele>
    <time>2025-08-21T03:01:18Z</time>
   </trkpt>
   <trkpt lat="25.0212910" lon="121.4254360">
    <ele>13.6</ele>
    <time>2025-08-21T03:01:19Z</time>
   </trkpt>
   <trkpt lat="25.0212830" lon="121.4254420">
    <ele>13.6</ele>
    <time>2025-08-21T03:01:20Z</time>
   </trkpt>
   <trkpt lat="25.0212810" lon="121.4254430">
    <ele>13.6</ele>
    <time>2025-08-21T03:01:21Z</time>
   </trkpt>
   <trkpt lat="25.0212810" lon="121.4254440">
    <ele>13.6</ele>
    <time>2025-08-21T03:01:22Z</time>
   </trkpt>
   <trkpt lat="25.0212820" lon="121.4254450">
    <ele>13.6</ele>
    <time>2025-08-21T03:01:23Z</time>
   </trkpt>
   <trkpt lat="25.0212820" lon="121.4254460">
    <ele>13.6</ele>
    <time>2025-08-21T03:01:24Z</time>
   </trkpt>
   <trkpt lat="25.0212830" lon="121.4254480">
    <ele>13.6</ele>
    <time>2025-08-21T03:01:25Z</time>
   </trkpt>
   <trkpt lat="25.0212830" lon="121.4254510">
    <ele>13.6</ele>
    <time>2025-08-21T03:01:26Z</time>
   </trkpt>
   <trkpt lat="25.0212850" lon="121.4254640">
    <ele>13.6</ele>
    <time>2025-08-21T03:01:27Z</time>
   </trkpt>
   <trkpt lat="25.0212880" lon="121.4254710">
    <ele>13.6</ele>
    <time>2025-08-21T03:01:28Z</time>
   </trkpt>
   <trkpt lat="25.0212960" lon="121.4254820">
    <ele>13.6</ele>
    <time>2025-08-21T03:01:29Z</time>
   </trkpt>
   <trkpt lat="25.0213050" lon="121.4254870">
    <ele>13.6</ele>
    <time>2025-08-21T03:01:30Z</time>
   </trkpt>
   <trkpt lat="25.0213110" lon="121.4254850">
    <ele>13.6</ele>
    <time>2025-08-21T03:01:31Z</time>
   </trkpt>
   <trkpt lat="25.0213110" lon="121.4254870">
    <ele>13.6</ele>
    <time>2025-08-21T03:01:32Z</time>
   </trkpt>
   <trkpt lat="25.0213100" lon="121.4254880">
    <ele>13.6</ele>
    <time>2025-08-21T03:01:33Z</time>
   </trkpt>
   <trkpt lat="25.0213100" lon="121.4254900">
    <ele>13.6</ele>
    <time>2025-08-21T03:01:34Z</time>
   </trkpt>
   <trkpt lat="25.0213100" lon="121.4254920">
    <ele>13.6</ele>
    <time>2025-08-21T03:01:35Z</time>
   </trkpt>
   <trkpt lat="25.0213100" lon="121.4254940">
    <ele>13.6</ele>
    <time>2025-08-21T03:01:36Z</time>
   </trkpt>
   <trkpt lat="25.0213090" lon="121.4254950">
    <ele>13.6</ele>
    <time>2025-08-21T03:01:37Z</time>
   </trkpt>
   <trkpt lat="25.0213090" lon="121.4254970">
    <ele>13.6</ele>
    <time>2025-08-21T03:01:38Z</time>
   </trkpt>
   <trkpt lat="25.0213090" lon="121.4254990">
    <ele>13.6</ele>
    <time>2025-08-21T03:01:39Z</time>
   </trkpt>
   <trkpt lat="25.0213090" lon="121.4255010">
    <ele>13.6</ele>
    <time>2025-08-21T03:01:40Z</time>
   </trkpt>
   <trkpt lat="25.0213080" lon="121.4255020">
    <ele>13.6</ele>
    <time>2025-08-21T03:01:41Z</time>
   </trkpt>
   <trkpt lat="25.0213080" lon="121.4255040">
    <ele>13.6</ele>
    <time>2025-08-21T03:01:42Z</time>
   </trkpt>
   <trkpt lat="25.0213080" lon="121.4255060">
    <ele>13.6</ele>
    <time>2025-08-21T03:01:43Z</time>
   </trkpt>
   <trkpt lat="25.0213080" lon="121.4255080">
    <ele>13.6</ele>
    <time>2025-08-21T03:01:44Z</time>
   </trkpt>
   <trkpt lat="25.0213070" lon="121.4255090">
    <ele>13.6</ele>
    <time>2025-08-21T03:01:45Z</time>
   </trkpt>
   <trkpt lat="25.0213070" lon="121.4255110">
    <ele>13.6</ele>
    <time>2025-08-21T03:01:46Z</time>
   </trkpt>
   <trkpt lat="25.0213070" lon="121.4255130">
    <ele>13.6</ele>
    <time>2025-08-21T03:01:47Z</time>
   </trkpt>
   <trkpt lat="25.0213070" lon="121.4255150">
    <ele>13.6</ele>
    <time>2025-08-21T03:01:48Z</time>
   </trkpt>
   <trkpt lat="25.0213060" lon="121.4255160">
    <ele>13.6</ele>
    <time>2025-08-21T03:01:49Z</time>
   </trkpt>
   <trkpt lat="25.0213060" lon="121.4255180">
    <ele>13.6</ele>
    <time>2025-08-21T03:01:50Z</time>
   </trkpt>
   <trkpt lat="25.0213060" lon="121.4255200">
    <ele>13.6</ele>
    <time>2025-08-21T03:01:51Z</time>
   </trkpt>
   <trkpt lat="25.0213060" lon="121.4255220">
    <ele>13.6</ele>
    <time>2025-08-21T03:01:52Z</time>
   </trkpt>
   <trkpt lat="25.0213050" lon="121.4255230">
    <ele>13.6</ele>
    <time>2025-08-21T03:01:53Z</time>
   </trkpt>
   <trkpt lat="25.0213050" lon="121.4255250">
    <ele>13.6</ele>
    <time>2025-08-21T03:01:54Z</time>
   </trkpt>
   <trkpt lat="25.0213050" lon="121.4255270">
    <ele>13.6</ele>
    <time>2025-08-21T03:01:55Z</time>
   </trkpt>
   <trkpt lat="25.0213050" lon="121.4255290">
    <ele>13.6</ele>
    <time>2025-08-21T03:01:56Z</time>
   </trkpt>
   <trkpt lat="25.0213040" lon="121.4255300">
    <ele>13.6</ele>
    <time>2025-08-21T03:01:57Z</time>
   </trkpt>
   <trkpt lat="25.0213040" lon="121.4255320">
    <ele>13.6</ele>
    <time>2025-08-21T03:01:58Z</time>
   </trkpt>
   <trkpt lat="25.0213040" lon="121.4255340">
    <ele>13.6</ele>
    <time>2025-08-21T03:01:59Z</time>
   </trkpt>
   <trkpt lat="25.0213170" lon="121.4255540">
    <ele>13.6</ele>
    <time>2025-08-21T03:02:00Z</time>
   </trkpt>
   <trkpt lat="25.0213250" lon="121.4255650">
    <ele>13.6</ele>
    <time>2025-08-21T03:02:01Z</time>
   </trkpt>
   <trkpt lat="25.0213290" lon="121.4255700">
    <ele>13.6</ele>
    <time>2025-08-21T03:02:02Z</time>
   </trkpt>
   <trkpt lat="25.0213310" lon="121.4255730">
    <ele>13.6</ele>
    <time>2025-08-21T03:02:03Z</time>
   </trkpt>
   <trkpt lat="25.0213270" lon="121.4255760">
    <ele>13.6</ele>
    <time>2025-08-21T03:02:04Z</time>
   </trkpt>
   <trkpt lat="25.0213240" lon="121.4255780">
    <ele>13.6</ele>
    <time>2025-08-21T03:02:05Z</time>
   </trkpt>
   <trkpt lat="25.0213220" lon="121.4255790">
    <ele>13.6</ele>
    <time>2025-08-21T03:02:06Z</time>
   </trkpt>
   <trkpt lat="25.0213200" lon="121.4255800">
    <ele>13.6</ele>
    <time>2025-08-21T03:02:07Z</time>
   </trkpt>
   <trkpt lat="25.0213190" lon="121.4255800">
    <ele>13.6</ele>
    <time>2025-08-21T03:02:08Z</time>
   </trkpt>
   <trkpt lat="25.0213190" lon="121.4255800">
    <ele>13.6</ele>
    <time>2025-08-21T03:02:09Z</time>
   </trkpt>
   <trkpt lat="25.0213190" lon="121.4255810">
    <ele>13.6</ele>
    <time>2025-08-21T03:02:10Z</time>
   </trkpt>
   <trkpt lat="25.0213190" lon="121.4255790">
    <ele>13.6</ele>
    <time>2025-08-21T03:02:11Z</time>
   </trkpt>
   <trkpt lat="25.0213200" lon="121.4255770">
    <ele>13.6</ele>
    <time>2025-08-21T03:02:12Z</time>
   </trkpt>
   <trkpt lat="25.0213190" lon="121.4255760">
    <ele>13.6</ele>
    <time>2025-08-21T03:02:13Z</time>
   </trkpt>
   <trkpt lat="25.0213140" lon="121.4255730">
    <ele>13.6</ele>
    <time>2025-08-21T03:02:14Z</time>
   </trkpt>
   <trkpt lat="25.0213130" lon="121.4255680">
    <ele>13.6</ele>
    <time>2025-08-21T03:02:15Z</time>
   </trkpt>
   <trkpt lat="25.0213150" lon="121.4255640">
    <ele>13.6</ele>
    <time>2025-08-21T03:02:16Z</time>
   </trkpt>
   <trkpt lat="25.0213170" lon="121.4255630">
    <ele>13.6</ele>
    <time>2025-08-21T03:02:17Z</time>
   </trkpt>
   <trkpt lat="25.0213150" lon="121.4255600">
    <ele>13.6</ele>
    <time>2025-08-21T03:02:18Z</time>
   </trkpt>
   <trkpt lat="25.0212990" lon="121.4255370">
    <ele>13.6</ele>
    <time>2025-08-21T03:02:19Z</time>
   </trkpt>
   <trkpt lat="25.0212920" lon="121.4255260">
    <ele>13.6</ele>
    <time>2025-08-21T03:02:20Z</time>
   </trkpt>
   <trkpt lat="25.0212860" lon="121.4255200">
    <ele>13.6</ele>
    <time>2025-08-21T03:02:22Z</time>
   </trkpt>
   <trkpt lat="25.0212800" lon="121.4255140">
    <ele>13.6</ele>
    <time>2025-08-21T03:02:23Z</time>
   </trkpt>
   <trkpt lat="25.0212740" lon="121.4255080">
    <ele>13.6</ele>
    <time>2025-08-21T03:02:24Z</time>
   </trkpt>
   <trkpt lat="25.0212680" lon="121.4255020">
    <ele>13.6</ele>
    <time>2025-08-21T03:02:25Z</time>
   </trkpt>
   <trkpt lat="25.0212620" lon="121.4254960">
    <ele>13.6</ele>
    <time>2025-08-21T03:02:26Z</time>
   </trkpt>
   <trkpt lat="25.0212550" lon="121.4254930">
    <ele>13.6</ele>
    <time>2025-08-21T03:02:27Z</time>
   </trkpt>
   <trkpt lat="25.0212510" lon="121.4254930">
    <ele>13.6</ele>
    <time>2025-08-21T03:02:28Z</time>
   </trkpt>
   <trkpt lat="25.0212480" lon="121.4254940">
    <ele>13.6</ele>
    <time>2025-08-21T03:02:29Z</time>
   </trkpt>
   <trkpt lat="25.0212440" lon="121.4254940">
    <ele>13.7</ele>
    <time>2025-08-21T03:02:30Z</time>
   </trkpt>
   <trkpt lat="25.0212410" lon="121.4254940">
    <ele>13.7</ele>
    <time>2025-08-21T03:02:31Z</time>
   </trkpt>
   <trkpt lat="25.0212370" lon="121.4254940">
    <ele>13.7</ele>
    <time>2025-08-21T03:02:32Z</time>
   </trkpt>
   <trkpt lat="25.0212340" lon="121.4254940">
    <ele>13.7</ele>
    <time>2025-08-21T03:02:33Z</time>
   </trkpt>
   <trkpt lat="25.0212300" lon="121.4254940">
    <ele>13.7</ele>
    <time>2025-08-21T03:02:34Z</time>
   </trkpt>
   <trkpt lat="25.0212270" lon="121.4254950">
    <ele>13.7</ele>
    <time>2025-08-21T03:02:35Z</time>
   </trkpt>
   <trkpt lat="25.0212230" lon="121.4254950">
    <ele>13.7</ele>
    <time>2025-08-21T03:02:36Z</time>
   </trkpt>
   <trkpt lat="25.0212200" lon="121.4254950">
    <ele>13.7</ele>
    <time>2025-08-21T03:02:37Z</time>
   </trkpt>
   <trkpt lat="25.0211870" lon="121.4254800">
    <ele>13.7</ele>
    <time>2025-08-21T03:02:38Z</time>
   </trkpt>
   <trkpt lat="25.0211680" lon="121.4254590">
    <ele>13.7</ele>
    <time>2025-08-21T03:02:39Z</time>
   </trkpt>
   <trkpt lat="25.0211490" lon="121.4254490">
    <ele>13.7</ele>
    <time>2025-08-21T03:02:40Z</time>
   </trkpt>
   <trkpt lat="25.0211410" lon="121.4254460">
    <ele>13.7</ele>
    <time>2025-08-21T03:02:41Z</time>
   </trkpt>
   <trkpt lat="25.0211320" lon="121.4254430">
    <ele>13.7</ele>
    <time>2025-08-21T03:02:42Z</time>
   </trkpt>
   <trkpt lat="25.0211200" lon="121.4254460">
    <ele>13.7</ele>
    <time>2025-08-21T03:02:43Z</time>
   </trkpt>
   <trkpt lat="25.0211110" lon="121.4254530">
    <ele>13.7</ele>
    <time>2025-08-21T03:02:44Z</time>
   </trkpt>
   <trkpt lat="25.0211100" lon="121.4254610">
    <ele>13.7</ele>
    <time>2025-08-21T03:02:45Z</time>
   </trkpt>
   <trkpt lat="25.0211130" lon="121.4254580">
    <ele>13.7</ele>
    <time>2025-08-21T03:02:46Z</time>
   </trkpt>
   <trkpt lat="25.0211130" lon="121.4254620">
    <ele>13.7</ele>
    <time>2025-08-21T03:02:47Z</time>
   </trkpt>
   <trkpt lat="25.0211130" lon="121.4254610">
    <ele>13.7</ele>
    <time>2025-08-21T03:02:48Z</time>
   </trkpt>
   <trkpt lat="25.0211140" lon="121.4254590">
    <ele>13.7</ele>
    <time>2025-08-21T03:02:49Z</time>
   </trkpt>
   <trkpt lat="25.0211150" lon="121.4254570">
    <ele>13.7</ele>
    <time>2025-08-21T03:02:50Z</time>
   </trkpt>
   <trkpt lat="25.0211160" lon="121.4254560">
    <ele>13.7</ele>
    <time>2025-08-21T03:02:51Z</time>
   </trkpt>
   <trkpt lat="25.0211150" lon="121.4254550">
    <ele>13.7</ele>
    <time>2025-08-21T03:02:52Z</time>
   </trkpt>
   <trkpt lat="25.0211160" lon="121.4254550">
    <ele>13.7</ele>
    <time>2025-08-21T03:02:53Z</time>
   </trkpt>
   <trkpt lat="25.0211150" lon="121.4254550">
    <ele>13.7</ele>
    <time>2025-08-21T03:02:54Z</time>
   </trkpt>
   <trkpt lat="25.0211160" lon="121.4254550">
    <ele>13.7</ele>
    <time>2025-08-21T03:02:55Z</time>
   </trkpt>
   <trkpt lat="25.0211160" lon="121.4254550">
    <ele>13.7</ele>
    <time>2025-08-21T03:02:56Z</time>
   </trkpt>
   <trkpt lat="25.0211280" lon="121.4254520">
    <ele>13.7</ele>
    <time>2025-08-21T03:02:57Z</time>
   </trkpt>
   <trkpt lat="25.0211300" lon="121.4254420">
    <ele>13.7</ele>
    <time>2025-08-21T03:02:58Z</time>
   </trkpt>
   <trkpt lat="25.0211320" lon="121.4254410">
    <ele>13.7</ele>
    <time>2025-08-21T03:02:59Z</time>
   </trkpt>
   <trkpt lat="25.0211410" lon="121.4254380">
    <ele>13.7</ele>
    <time>2025-08-21T03:03:00Z</time>
   </trkpt>
   <trkpt lat="25.0211460" lon="121.4254350">
    <ele>13.7</ele>
    <time>2025-08-21T03:03:01Z</time>
   </trkpt>
   <trkpt lat="25.0211520" lon="121.4254320">
    <ele>13.7</ele>
    <time>2025-08-21T03:03:02Z</time>
   </trkpt>
   <trkpt lat="25.0211580" lon="121.4254300">
    <ele>13.7</ele>
    <time>2025-08-21T03:03:03Z</time>
   </trkpt>
   <trkpt lat="25.0211630" lon="121.4254270">
    <ele>13.7</ele>
    <time>2025-08-21T03:03:04Z</time>
   </trkpt>
   <trkpt lat="25.0211690" lon="121.4254240">
    <ele>13.7</ele>
    <time>2025-08-21T03:03:05Z</time>
   </trkpt>
   <trkpt lat="25.0211740" lon="121.4254210">
    <ele>13.7</ele>
    <time>2025-08-21T03:03:06Z</time>
   </trkpt>
   <trkpt lat="25.0211800" lon="121.4254180">
    <ele>13.7</ele>
    <time>2025-08-21T03:03:07Z</time>
   </trkpt>
   <trkpt lat="25.0211960" lon="121.4254030">
    <ele>13.7</ele>
    <time>2025-08-21T03:03:08Z</time>
   </trkpt>
   <trkpt lat="25.0212060" lon="121.4253940">
    <ele>13.7</ele>
    <time>2025-08-21T03:03:09Z</time>
   </trkpt>
   <trkpt lat="25.0212110" lon="121.4253890">
    <ele>13.7</ele>
    <time>2025-08-21T03:03:10Z</time>
   </trkpt>
   <trkpt lat="25.0212140" lon="121.4253870">
    <ele>13.7</ele>
    <time>2025-08-21T03:03:11Z</time>
   </trkpt>
   <trkpt lat="25.0212150" lon="121.4253850">
    <ele>13.7</ele>
    <time>2025-08-21T03:03:12Z</time>
   </trkpt>
   <trkpt lat="25.0212180" lon="121.4253870">
    <ele>13.7</ele>
    <time>2025-08-21T03:03:13Z</time>
   </trkpt>
   <trkpt lat="25.0212250" lon="121.4253980">
    <ele>13.7</ele>
    <time>2025-08-21T03:03:14Z</time>
   </trkpt>
   <trkpt lat="25.0212320" lon="121.4254160">
    <ele>13.8</ele>
    <time>2025-08-21T03:03:15Z</time>
   </trkpt>
   <trkpt lat="25.0212030" lon="121.4254310">
    <ele>13.8</ele>
    <time>2025-08-21T03:03:16Z</time>
   </trkpt>
   <trkpt lat="25.0211690" lon="121.4254320">
    <ele>13.8</ele>
    <time>2025-08-21T03:03:17Z</time>
   </trkpt>
   <trkpt lat="25.0211600" lon="121.4254260">
    <ele>13.8</ele>
    <time>2025-08-21T03:03:18Z</time>
   </trkpt>
   <trkpt lat="25.0211600" lon="121.4254260">
    <ele>13.8</ele>
    <time>2025-08-21T03:03:19Z</time>
   </trkpt>
   <trkpt lat="25.0211600" lon="121.4254270">
    <ele>13.8</ele>
    <time>2025-08-21T03:03:20Z</time>
   </trkpt>
   <trkpt lat="25.0211600" lon="121.4254270">
    <ele>13.8</ele>
    <time>2025-08-21T03:03:21Z</time>
   </trkpt>
   <trkpt lat="25.0211600" lon="121.4254280">
    <ele>13.8</ele>
    <time>2025-08-21T03:03:22Z</time>
   </trkpt>
   <trkpt lat="25.0211630" lon="121.4254280">
    <ele>13.8</ele>
    <time>2025-08-21T03:03:23Z</time>
   </trkpt>
   <trkpt lat="25.0211630" lon="121.4254230">
    <ele>13.8</ele>
    <time>2025-08-21T03:03:24Z</time>
   </trkpt>
   <trkpt lat="25.0211630" lon="121.4254230">
    <ele>13.8</ele>
    <time>2025-08-21T03:03:25Z</time>
   </trkpt>
   <trkpt lat="25.0211640" lon="121.4254230">
    <ele>13.8</ele>
    <time>2025-08-21T03:03:26Z</time>
   </trkpt>
   <trkpt lat="25.0211670" lon="121.4254220">
    <ele>13.8</ele>
    <time>2025-08-21T03:03:27Z</time>
   </trkpt>
   <trkpt lat="25.0211690" lon="121.4254220">
    <ele>13.8</ele>
    <time>2025-08-21T03:03:28Z</time>
   </trkpt>
   <trkpt lat="25.0211700" lon="121.4254220">
    <ele>13.8</ele>
    <time>2025-08-21T03:03:29Z</time>
   </trkpt>
   <trkpt lat="25.0211610" lon="121.4254140">
    <ele>13.8</ele>
    <time>2025-08-21T03:03:30Z</time>
   </trkpt>
   <trkpt lat="25.0211610" lon="121.4254120">
    <ele>13.8</ele>
    <time>2025-08-21T03:03:31Z</time>
   </trkpt>
   <trkpt lat="25.0211620" lon="121.4254100">
    <ele>13.8</ele>
    <time>2025-08-21T03:03:32Z</time>
   </trkpt>
   <trkpt lat="25.0211600" lon="121.4254060">
    <ele>13.8</ele>
    <time>2025-08-21T03:03:33Z</time>
   </trkpt>
   <trkpt lat="25.0211610" lon="121.4254050">
    <ele>13.8</ele>
    <time>2025-08-21T03:03:34Z</time>
   </trkpt>
   <trkpt lat="25.0211640" lon="121.4254040">
    <ele>13.8</ele>
    <time>2025-08-21T03:03:35Z</time>
   </trkpt>
   <trkpt lat="25.0211690" lon="121.4254050">
    <ele>13.8</ele>
    <time>2025-08-21T03:03:36Z</time>
   </trkpt>
   <trkpt lat="25.0211620" lon="121.4254000">
    <ele>13.8</ele>
    <time>2025-08-21T03:03:37Z</time>
   </trkpt>
   <trkpt lat="25.0211620" lon="121.4253990">
    <ele>13.8</ele>
    <time>2025-08-21T03:03:38Z</time>
   </trkpt>
   <trkpt lat="25.0211630" lon="121.4253990">
    <ele>13.8</ele>
    <time>2025-08-21T03:03:39Z</time>
   </trkpt>
   <trkpt lat="25.0211640" lon="121.4253990">
    <ele>13.8</ele>
    <time>2025-08-21T03:03:40Z</time>
   </trkpt>
   <trkpt lat="25.0211640" lon="121.4253990">
    <ele>13.8</ele>
    <time>2025-08-21T03:03:41Z</time>
   </trkpt>
   <trkpt lat="25.0211640" lon="121.4253990">
    <ele>13.8</ele>
    <time>2025-08-21T03:03:42Z</time>
   </trkpt>
   <trkpt lat="25.0211640" lon="121.4253990">
    <ele>13.8</ele>
    <time>2025-08-21T03:03:43Z</time>
   </trkpt>
   <trkpt lat="25.0211560" lon="121.4253940">
    <ele>13.8</ele>
    <time>2025-08-21T03:03:44Z</time>
   </trkpt>
   <trkpt lat="25.0211560" lon="121.4253930">
    <ele>13.8</ele>
    <time>2025-08-21T03:03:45Z</time>
   </trkpt>
   <trkpt lat="25.0211570" lon="121.4253930">
    <ele>13.8</ele>
    <time>2025-08-21T03:03:46Z</time>
   </trkpt>
   <trkpt lat="25.0211570" lon="121.4253930">
    <ele>13.8</ele>
    <time>2025-08-21T03:03:47Z</time>
   </trkpt>
   <trkpt lat="25.0211570" lon="121.4253930">
    <ele>13.8</ele>
    <time>2025-08-21T03:03:48Z</time>
   </trkpt>
   <trkpt lat="25.0211580" lon="121.4253920">
    <ele>13.8</ele>
    <time>2025-08-21T03:03:49Z</time>
   </trkpt>
   <trkpt lat="25.0211510" lon="121.4253880">
    <ele>13.8</ele>
    <time>2025-08-21T03:03:50Z</time>
   </trkpt>
   <trkpt lat="25.0211500" lon="121.4253870">
    <ele>13.8</ele>
    <time>2025-08-21T03:03:51Z</time>
   </trkpt>
   <trkpt lat="25.0211500" lon="121.4253860">
    <ele>13.8</ele>
    <time>2025-08-21T03:03:52Z</time>
   </trkpt>
   <trkpt lat="25.0211490" lon="121.4253860">
    <ele>13.8</ele>
    <time>2025-08-21T03:03:53Z</time>
   </trkpt>
   <trkpt lat="25.0211510" lon="121.4253860">
    <ele>13.8</ele>
    <time>2025-08-21T03:03:54Z</time>
   </trkpt>
   <trkpt lat="25.0211600" lon="121.4253740">
    <ele>13.8</ele>
    <time>2025-08-21T03:03:55Z</time>
   </trkpt>
   <trkpt lat="25.0211650" lon="121.4253670">
    <ele>13.8</ele>
    <time>2025-08-21T03:03:56Z</time>
   </trkpt>
   <trkpt lat="25.0211680" lon="121.4253630">
    <ele>13.8</ele>
    <time>2025-08-21T03:03:57Z</time>
   </trkpt>
   <trkpt lat="25.0211690" lon="121.4253610">
    <ele>13.8</ele>
    <time>2025-08-21T03:03:58Z</time>
   </trkpt>
   <trkpt lat="25.0211690" lon="121.4253580">
    <ele>13.8</ele>
    <time>2025-08-21T03:03:59Z</time>
   </trkpt>
   <trkpt lat="25.0211690" lon="121.4253550">
    <ele>13.8</ele>
    <time>2025-08-21T03:04:00Z</time>
   </trkpt>
   <trkpt lat="25.0211690" lon="121.4253520">
    <ele>13.8</ele>
    <time>2025-08-21T03:04:01Z</time>
   </trkpt>
   <trkpt lat="25.0211670" lon="121.4253490">
    <ele>13.8</ele>
    <time>2025-08-21T03:04:02Z</time>
   </trkpt>
   <trkpt lat="25.0211420" lon="121.4253770">
    <ele>13.8</ele>
    <time>2025-08-21T03:04:03Z</time>
   </trkpt>
   <trkpt lat="25.0211410" lon="121.4253790">
    <ele>13.8</ele>
    <time>2025-08-21T03:04:04Z</time>
   </trkpt>
   <trkpt lat="25.0211400" lon="121.4253800">
    <ele>13.8</ele>
    <time>2025-08-21T03:04:05Z</time>
   </trkpt>
   <trkpt lat="25.0211410" lon="121.4253790">
    <ele>13.8</ele>
    <time>2025-08-21T03:04:06Z</time>
   </trkpt>
   <trkpt lat="25.0211410" lon="121.4253790">
    <ele>13.8</ele>
    <time>2025-08-21T03:04:07Z</time>
   </trkpt>
   <trkpt lat="25.0211410" lon="121.4253790">
    <ele>13.8</ele>
    <time>2025-08-21T03:04:08Z</time>
   </trkpt>
   <trkpt lat="25.0211360" lon="121.4253780">
    <ele>13.8</ele>
    <time>2025-08-21T03:04:09Z</time>
   </trkpt>
   <trkpt lat="25.0211360" lon="121.4253780">
    <ele>13.8</ele>
    <time>2025-08-21T03:04:10Z</time>
   </trkpt>
   <trkpt lat="25.0211350" lon="121.4253790">
    <ele>13.8</ele>
    <time>2025-08-21T03:04:11Z</time>
   </trkpt>
   <trkpt lat="25.0211340" lon="121.4253790">
    <ele>13.8</ele>
    <time>2025-08-21T03:04:12Z</time>
   </trkpt>
   <trkpt lat="25.0211350" lon="121.4253780">
    <ele>13.8</ele>
    <time>2025-08-21T03:04:13Z</time>
   </trkpt>
   <trkpt lat="25.0211350" lon="121.4253790">
    <ele>13.8</ele>
    <time>2025-08-21T03:04:14Z</time>
   </trkpt>
   <trkpt lat="25.0211350" lon="121.4253800">
    <ele>13.8</ele>
    <time>2025-08-21T03:04:15Z</time>
   </trkpt>
   <trkpt lat="25.0211310" lon="121.4253790">
    <ele>13.8</ele>
    <time>2025-08-21T03:04:16Z</time>
   </trkpt>
   <trkpt lat="25.0211290" lon="121.4253800">
    <ele>13.8</ele>
    <time>2025-08-21T03:04:17Z</time>
   </trkpt>
   <trkpt lat="25.0211280" lon="121.4253790">
    <ele>13.8</ele>
    <time>2025-08-21T03:04:18Z</time>
   </trkpt>
   <trkpt lat="25.0211290" lon="121.4253780">
    <ele>13.8</ele>
    <time>2025-08-21T03:04:19Z</time>
   </trkpt>
   <trkpt lat="25.0211290" lon="121.4253780">
    <ele>13.8</ele>
    <time>2025-08-21T03:04:20Z</time>
   </trkpt>
   <trkpt lat="25.0211290" lon="121.4253760">
    <ele>13.8</ele>
    <time>2025-08-21T03:04:21Z</time>
   </trkpt>
   <trkpt lat="25.0211230" lon="121.4253730">
    <ele>13.8</ele>
    <time>2025-08-21T03:04:22Z</time>
   </trkpt>
   <trkpt lat="25.0211230" lon="121.4253710">
    <ele>13.8</ele>
    <time>2025-08-21T03:04:23Z</time>
   </trkpt>
   <trkpt lat="25.0211230" lon="121.4253700">
    <ele>13.8</ele>
    <time>2025-08-21T03:04:24Z</time>
   </trkpt>
   <trkpt lat="25.0211230" lon="121.4253700">
    <ele>13.8</ele>
    <time>2025-08-21T03:04:25Z</time>
   </trkpt>
   <trkpt lat="25.0211230" lon="121.4253700">
    <ele>13.8</ele>
    <time>2025-08-21T03:04:26Z</time>
   </trkpt>
   <trkpt lat="25.0211230" lon="121.4253700">
    <ele>13.8</ele>
    <time>2025-08-21T03:04:27Z</time>
   </trkpt>
   <trkpt lat="25.0211250" lon="121.4253710">
    <ele>13.8</ele>
    <time>2025-08-21T03:04:28Z</time>
   </trkpt>
   <trkpt lat="25.0211250" lon="121.4253710">
    <ele>13.8</ele>
    <time>2025-08-21T03:04:29Z</time>
   </trkpt>
   <trkpt lat="25.0211260" lon="121.4253710">
    <ele>13.8</ele>
    <time>2025-08-21T03:04:30Z</time>
   </trkpt>
   <trkpt lat="25.0211260" lon="121.4253710">
    <ele>13.8</ele>
    <time>2025-08-21T03:04:31Z</time>
   </trkpt>
   <trkpt lat="25.0211270" lon="121.4253720">
    <ele>13.8</ele>
    <time>2025-08-21T03:04:32Z</time>
   </trkpt>
   <trkpt lat="25.0211300" lon="121.4253600">
    <ele>13.8</ele>
    <time>2025-08-21T03:04:33Z</time>
   </trkpt>
   <trkpt lat="25.0211280" lon="121.4253580">
    <ele>13.8</ele>
    <time>2025-08-21T03:04:34Z</time>
   </trkpt>
   <trkpt lat="25.0211280" lon="121.4253570">
    <ele>13.8</ele>
    <time>2025-08-21T03:04:35Z</time>
   </trkpt>
   <trkpt lat="25.0211280" lon="121.4253550">
    <ele>13.8</ele>
    <time>2025-08-21T03:04:36Z</time>
   </trkpt>
   <trkpt lat="25.0211280" lon="121.4253540">
    <ele>13.8</ele>
    <time>2025-08-21T03:04:37Z</time>
   </trkpt>
   <trkpt lat="25.0211280" lon="121.4253530">
    <ele>13.8</ele>
    <time>2025-08-21T03:04:38Z</time>
   </trkpt>
   <trkpt lat="25.0211280" lon="121.4253510">
    <ele>13.8</ele>
    <time>2025-08-21T03:04:39Z</time>
   </trkpt>
   <trkpt lat="25.0211290" lon="121.4253500">
    <ele>13.8</ele>
    <time>2025-08-21T03:04:40Z</time>
   </trkpt>
   <trkpt lat="25.0211310" lon="121.4253490">
    <ele>13.8</ele>
    <time>2025-08-21T03:04:41Z</time>
   </trkpt>
   <trkpt lat="25.0211320" lon="121.4253460">
    <ele>13.8</ele>
    <time>2025-08-21T03:04:42Z</time>
   </trkpt>
   <trkpt lat="25.0211330" lon="121.4253440">
    <ele>13.8</ele>
    <time>2025-08-21T03:04:43Z</time>
   </trkpt>
   <trkpt lat="25.0211350" lon="121.4253350">
    <ele>13.9</ele>
    <time>2025-08-21T03:04:44Z</time>
   </trkpt>
   <trkpt lat="25.0211360" lon="121.4253310">
    <ele>13.9</ele>
    <time>2025-08-21T03:04:45Z</time>
   </trkpt>
   <trkpt lat="25.0211360" lon="121.4253190">
    <ele>13.9</ele>
    <time>2025-08-21T03:04:46Z</time>
   </trkpt>
   <trkpt lat="25.0211360" lon="121.4253170">
    <ele>13.9</ele>
    <time>2025-08-21T03:04:47Z</time>
   </trkpt>
   <trkpt lat="25.0211320" lon="121.4253200">
    <ele>13.9</ele>
    <time>2025-08-21T03:04:48Z</time>
   </trkpt>
   <trkpt lat="25.0211290" lon="121.4253210">
    <ele>13.9</ele>
    <time>2025-08-21T03:04:49Z</time>
   </trkpt>
   <trkpt lat="25.0211280" lon="121.4253220">
    <ele>13.9</ele>
    <time>2025-08-21T03:04:50Z</time>
   </trkpt>
   <trkpt lat="25.0211290" lon="121.4253220">
    <ele>13.9</ele>
    <time>2025-08-21T03:04:51Z</time>
   </trkpt>
   <trkpt lat="25.0211290" lon="121.4253200">
    <ele>13.9</ele>
    <time>2025-08-21T03:04:52Z</time>
   </trkpt>
   <trkpt lat="25.0211280" lon="121.4253180">
    <ele>13.9</ele>
    <time>2025-08-21T03:04:53Z</time>
   </trkpt>
   <trkpt lat="25.0211280" lon="121.4253170">
    <ele>13.9</ele>
    <time>2025-08-21T03:04:54Z</time>
   </trkpt>
   <trkpt lat="25.0211270" lon="121.4253160">
    <ele>13.9</ele>
    <time>2025-08-21T03:04:55Z</time>
   </trkpt>
   <trkpt lat="25.0211230" lon="121.4253210">
    <ele>13.9</ele>
    <time>2025-08-21T03:04:56Z</time>
   </trkpt>
   <trkpt lat="25.0211220" lon="121.4253210">
    <ele>13.9</ele>
    <time>2025-08-21T03:04:57Z</time>
   </trkpt>
   <trkpt lat="25.0211210" lon="121.4253210">
    <ele>13.9</ele>
    <time>2025-08-21T03:04:58Z</time>
   </trkpt>
   <trkpt lat="25.0211170" lon="121.4253220">
    <ele>13.9</ele>
    <time>2025-08-21T03:04:59Z</time>
   </trkpt>
   <trkpt lat="25.0211070" lon="121.4253200">
    <ele>13.9</ele>
    <time>2025-08-21T03:05:00Z</time>
   </trkpt>
   <trkpt lat="25.0210900" lon="121.4253150">
    <ele>13.9</ele>
    <time>2025-08-21T03:05:01Z</time>
   </trkpt>
   <trkpt lat="25.0210730" lon="121.4253100">
    <ele>13.9</ele>
    <time>2025-08-21T03:05:02Z</time>
   </trkpt>
   <trkpt lat="25.0210510" lon="121.4252980">
    <ele>13.9</ele>
    <time>2025-08-21T03:05:03Z</time>
   </trkpt>
   <trkpt lat="25.0210470" lon="121.4252990">
    <ele>13.9</ele>
    <time>2025-08-21T03:05:04Z</time>
   </trkpt>
   <trkpt lat="25.0210510" lon="121.4252980">
    <ele>13.9</ele>
    <time>2025-08-21T03:05:05Z</time>
   </trkpt>
   <trkpt lat="25.0210540" lon="121.4252940">
    <ele>13.9</ele>
    <time>2025-08-21T03:05:06Z</time>
   </trkpt>
   <trkpt lat="25.0210550" lon="121.4252890">
    <ele>13.9</ele>
    <time>2025-08-21T03:05:07Z</time>
   </trkpt>
   <trkpt lat="25.0210560" lon="121.4252870">
    <ele>13.9</ele>
    <time>2025-08-21T03:05:08Z</time>
   </trkpt>
   <trkpt lat="25.0210400" lon="121.4252810">
    <ele>13.9</ele>
    <time>2025-08-21T03:05:09Z</time>
   </trkpt>
   <trkpt lat="25.0210360" lon="121.4252800">
    <ele>13.9</ele>
    <time>2025-08-21T03:05:10Z</time>
   </trkpt>
   <trkpt lat="25.0210320" lon="121.4252770">
    <ele>13.9</ele>
    <time>2025-08-21T03:05:11Z</time>
   </trkpt>
   <trkpt lat="25.0210290" lon="121.4252750">
    <ele>13.9</ele>
    <time>2025-08-21T03:05:12Z</time>
   </trkpt>
   <trkpt lat="25.0210270" lon="121.4252750">
    <ele>13.9</ele>
    <time>2025-08-21T03:05:13Z</time>
   </trkpt>
   <trkpt lat="25.0210270" lon="121.4252750">
    <ele>13.9</ele>
    <time>2025-08-21T03:05:14Z</time>
   </trkpt>
   <trkpt lat="25.0210250" lon="121.4252720">
    <ele>13.9</ele>
    <time>2025-08-21T03:05:15Z</time>
   </trkpt>
   <trkpt lat="25.0210190" lon="121.4252770">
    <ele>13.9</ele>
    <time>2025-08-21T03:05:16Z</time>
   </trkpt>
   <trkpt lat="25.0210190" lon="121.4252760">
    <ele>13.9</ele>
    <time>2025-08-21T03:05:17Z</time>
   </trkpt>
   <trkpt lat="25.0210200" lon="121.4252760">
    <ele>13.9</ele>
    <time>2025-08-21T03:05:18Z</time>
   </trkpt>
   <trkpt lat="25.0210210" lon="121.4252710">
    <ele>13.9</ele>
    <time>2025-08-21T03:05:19Z</time>
   </trkpt>
   <trkpt lat="25.0210210" lon="121.4252680">
    <ele>13.9</ele>
    <time>2025-08-21T03:05:20Z</time>
   </trkpt>
   <trkpt lat="25.0210220" lon="121.4252650">
    <ele>13.9</ele>
    <time>2025-08-21T03:05:21Z</time>
   </trkpt>
   <trkpt lat="25.0210170" lon="121.4252660">
    <ele>13.9</ele>
    <time>2025-08-21T03:05:22Z</time>
   </trkpt>
   <trkpt lat="25.0210160" lon="121.4252640">
    <ele>13.9</ele>
    <time>2025-08-21T03:05:23Z</time>
   </trkpt>
   <trkpt lat="25.0210160" lon="121.4252620">
    <ele>13.9</ele>
    <time>2025-08-21T03:05:24Z</time>
   </trkpt>
   <trkpt lat="25.0210170" lon="121.4252600">
    <ele>13.9</ele>
    <time>2025-08-21T03:05:25Z</time>
   </trkpt>
   <trkpt lat="25.0210170" lon="121.4252580">
    <ele>13.9</ele>
    <time>2025-08-21T03:05:26Z</time>
   </trkpt>
   <trkpt lat="25.0210170" lon="121.4252560">
    <ele>13.9</ele>
    <time>2025-08-21T03:05:27Z</time>
   </trkpt>
   <trkpt lat="25.0210140" lon="121.4252590">
    <ele>13.9</ele>
    <time>2025-08-21T03:05:28Z</time>
   </trkpt>
   <trkpt lat="25.0210140" lon="121.4252570">
    <ele>13.9</ele>
    <time>2025-08-21T03:05:29Z</time>
   </trkpt>
   <trkpt lat="25.0210130" lon="121.4252560">
    <ele>13.9</ele>
    <time>2025-08-21T03:05:30Z</time>
   </trkpt>
   <trkpt lat="25.0210130" lon="121.4252540">
    <ele>13.9</ele>
    <time>2025-08-21T03:05:31Z</time>
   </trkpt>
   <trkpt lat="25.0210130" lon="121.4252520">
    <ele>13.9</ele>
    <time>2025-08-21T03:05:32Z</time>
   </trkpt>
   <trkpt lat="25.0210130" lon="121.4252500">
    <ele>13.9</ele>
    <time>2025-08-21T03:05:33Z</time>
   </trkpt>
   <trkpt lat="25.0210120" lon="121.4252490">
    <ele>13.9</ele>
    <time>2025-08-21T03:05:34Z</time>
   </trkpt>
   <trkpt lat="25.0210120" lon="121.4252580">
    <ele>13.9</ele>
    <time>2025-08-21T03:05:35Z</time>
   </trkpt>
   <trkpt lat="25.0210110" lon="121.4252590">
    <ele>13.9</ele>
    <time>2025-08-21T03:05:36Z</time>
   </trkpt>
   <trkpt lat="25.0210110" lon="121.4252580">
    <ele>13.9</ele>
    <time>2025-08-21T03:05:37Z</time>
   </trkpt>
   <trkpt lat="25.0210100" lon="121.4252550">
    <ele>13.9</ele>
    <time>2025-08-21T03:05:38Z</time>
   </trkpt>
   <trkpt lat="25.0210100" lon="121.4252540">
    <ele>13.9</ele>
    <time>2025-08-21T03:05:39Z</time>
   </trkpt>
   <trkpt lat="25.0210090" lon="121.4252510">
    <ele>13.9</ele>
    <time>2025-08-21T03:05:40Z</time>
   </trkpt>
   <trkpt lat="25.0210050" lon="121.4252530">
    <ele>13.9</ele>
    <time>2025-08-21T03:05:41Z</time>
   </trkpt>
   <trkpt lat="25.0210040" lon="121.4252530">
    <ele>13.9</ele>
    <time>2025-08-21T03:05:42Z</time>
   </trkpt>
   <trkpt lat="25.0210030" lon="121.4252530">
    <ele>13.9</ele>
    <time>2025-08-21T03:05:43Z</time>
   </trkpt>
   <trkpt lat="25.0210030" lon="121.4252530">
    <ele>13.9</ele>
    <time>2025-08-21T03:05:44Z</time>
   </trkpt>
   <trkpt lat="25.0210030" lon="121.4252520">
    <ele>13.9</ele>
    <time>2025-08-21T03:05:45Z</time>
   </trkpt>
   <trkpt lat="25.0210040" lon="121.4252520">
    <ele>13.9</ele>
    <time>2025-08-21T03:05:46Z</time>
   </trkpt>
   <trkpt lat="25.0210040" lon="121.4252540">
    <ele>13.9</ele>
    <time>2025-08-21T03:05:47Z</time>
   </trkpt>
   <trkpt lat="25.0210110" lon="121.4252660">
    <ele>13.9</ele>
    <time>2025-08-21T03:05:48Z</time>
   </trkpt>
   <trkpt lat="25.0210120" lon="121.4252670">
    <ele>13.9</ele>
    <time>2025-08-21T03:05:49Z</time>
   </trkpt>
   <trkpt lat="25.0210120" lon="121.4252670">
    <ele>13.9</ele>
    <time>2025-08-21T03:05:50Z</time>
   </trkpt>
   <trkpt lat="25.0210120" lon="121.4252670">
    <ele>13.9</ele>
    <time>2025-08-21T03:05:51Z</time>
   </trkpt>
   <trkpt lat="25.0210110" lon="121.4252680">
    <ele>13.9</ele>
    <time>2025-08-21T03:05:52Z</time>
   </trkpt>
   <trkpt lat="25.0210100" lon="121.4252690">
    <ele>13.9</ele>
    <time>2025-08-21T03:05:53Z</time>
   </trkpt>
   <trkpt lat="25.0210160" lon="121.4252760">
    <ele>13.9</ele>
    <time>2025-08-21T03:05:54Z</time>
   </trkpt>
   <trkpt lat="25.0210170" lon="121.4252760">
    <ele>13.9</ele>
    <time>2025-08-21T03:05:55Z</time>
   </trkpt>
   <trkpt lat="25.0210170" lon="121.4252750">
    <ele>13.9</ele>
    <time>2025-08-21T03:05:56Z</time>
   </trkpt>
   <trkpt lat="25.0210160" lon="121.4252740">
    <ele>13.9</ele>
    <time>2025-08-21T03:05:57Z</time>
   </trkpt>
   <trkpt lat="25.0210130" lon="121.4252720">
    <ele>13.9</ele>
    <time>2025-08-21T03:05:58Z</time>
   </trkpt>
   <trkpt lat="25.0210050" lon="121.4252660">
    <ele>14.0</ele>
    <time>2025-08-21T03:05:59Z</time>
   </trkpt>
   <trkpt lat="25.0209810" lon="121.4252600">
    <ele>14.0</ele>
    <time>2025-08-21T03:06:00Z</time>
   </trkpt>
   <trkpt lat="25.0209730" lon="121.4252620">
    <ele>14.0</ele>
    <time>2025-08-21T03:06:01Z</time>
   </trkpt>
   <trkpt lat="25.0209640" lon="121.4252590">
    <ele>14.0</ele>
    <time>2025-08-21T03:06:02Z</time>
   </trkpt>
   <trkpt lat="25.0209530" lon="121.4252530">
    <ele>14.0</ele>
    <time>2025-08-21T03:06:03Z</time>
   </trkpt>
   <trkpt lat="25.0209400" lon="121.4252420">
    <ele>14.0</ele>
    <time>2025-08-21T03:06:04Z</time>
   </trkpt>
   <trkpt lat="25.0209280" lon="121.4252320">
    <ele>14.0</ele>
    <time>2025-08-21T03:06:05Z</time>
   </trkpt>
   <trkpt lat="25.0208950" lon="121.4252130">
    <ele>14.1</ele>
    <time>2025-08-21T03:06:06Z</time>
   </trkpt>
   <trkpt lat="25.0208830" lon="121.4252010">
    <ele>14.1</ele>
    <time>2025-08-21T03:06:07Z</time>
   </trkpt>
   <trkpt lat="25.0208790" lon="121.4252000">
    <ele>14.1</ele>
    <time>2025-08-21T03:06:08Z</time>
   </trkpt>
   <trkpt lat="25.0208740" lon="121.4251980">
    <ele>14.0</ele>
    <time>2025-08-21T03:06:09Z</time>
   </trkpt>
   <trkpt lat="25.0208690" lon="121.4251970">
    <ele>14.0</ele>
    <time>2025-08-21T03:06:10Z</time>
   </trkpt>
   <trkpt lat="25.0208650" lon="121.4251950">
    <ele>14.0</ele>
    <time>2025-08-21T03:06:11Z</time>
   </trkpt>
   <trkpt lat="25.0208600" lon="121.4251940">
    <ele>14.0</ele>
    <time>2025-08-21T03:06:12Z</time>
   </trkpt>
   <trkpt lat="25.0208520" lon="121.4251900">
    <ele>14.0</ele>
    <time>2025-08-21T03:06:13Z</time>
   </trkpt>
   <trkpt lat="25.0208410" lon="121.4251850">
    <ele>14.0</ele>
    <time>2025-08-21T03:06:14Z</time>
   </trkpt>
   <trkpt lat="25.0208300" lon="121.4251790">
    <ele>14.0</ele>
    <time>2025-08-21T03:06:15Z</time>
   </trkpt>
   <trkpt lat="25.0208190" lon="121.4251700">
    <ele>14.0</ele>
    <time>2025-08-21T03:06:16Z</time>
   </trkpt>
   <trkpt lat="25.0208060" lon="121.4251640">
    <ele>14.0</ele>
    <time>2025-08-21T03:06:17Z</time>
   </trkpt>
   <trkpt lat="25.0207930" lon="121.4251600">
    <ele>14.0</ele>
    <time>2025-08-21T03:06:18Z</time>
   </trkpt>
   <trkpt lat="25.0207790" lon="121.4251570">
    <ele>14.0</ele>
    <time>2025-08-21T03:06:19Z</time>
   </trkpt>
   <trkpt lat="25.0207690" lon="121.4251520">
    <ele>14.0</ele>
    <time>2025-08-21T03:06:20Z</time>
   </trkpt>
   <trkpt lat="25.0207580" lon="121.4251460">
    <ele>14.0</ele>
    <time>2025-08-21T03:06:21Z</time>
   </trkpt>
   <trkpt lat="25.0207470" lon="121.4251420">
    <ele>14.0</ele>
    <time>2025-08-21T03:06:22Z</time>
   </trkpt>
   <trkpt lat="25.0207260" lon="121.4251360">
    <ele>14.0</ele>
    <time>2025-08-21T03:06:23Z</time>
   </trkpt>
   <trkpt lat="25.0207170" lon="121.4251300">
    <ele>14.0</ele>
    <time>2025-08-21T03:06:24Z</time>
   </trkpt>
   <trkpt lat="25.0207070" lon="121.4251240">
    <ele>14.0</ele>
    <time>2025-08-21T03:06:25Z</time>
   </trkpt>
   <trkpt lat="25.0206990" lon="121.4251180">
    <ele>14.0</ele>
    <time>2025-08-21T03:06:26Z</time>
   </trkpt>
   <trkpt lat="25.0206880" lon="121.4251120">
    <ele>14.0</ele>
    <time>2025-08-21T03:06:27Z</time>
   </trkpt>
   <trkpt lat="25.0206800" lon="121.4251030">
    <ele>14.0</ele>
    <time>2025-08-21T03:06:28Z</time>
   </trkpt>
   <trkpt lat="25.0206750" lon="121.4250910">
    <ele>14.0</ele>
    <time>2025-08-21T03:06:29Z</time>
   </trkpt>
   <trkpt lat="25.0206700" lon="121.4250800">
    <ele>14.0</ele>
    <time>2025-08-21T03:06:30Z</time>
   </trkpt>
   <trkpt lat="25.0206600" lon="121.4250730">
    <ele>14.0</ele>
    <time>2025-08-21T03:06:31Z</time>
   </trkpt>
   <trkpt lat="25.0206490" lon="121.4250760">
    <ele>14.0</ele>
    <time>2025-08-21T03:06:32Z</time>
   </trkpt>
   <trkpt lat="25.0206470" lon="121.4250800">
    <ele>14.0</ele>
    <time>2025-08-21T03:06:33Z</time>
   </trkpt>
   <trkpt lat="25.0206440" lon="121.4250870">
    <ele>14.0</ele>
    <time>2025-08-21T03:06:34Z</time>
   </trkpt>
   <trkpt lat="25.0206410" lon="121.4250910">
    <ele>14.0</ele>
    <time>2025-08-21T03:06:35Z</time>
   </trkpt>
   <trkpt lat="25.0206380" lon="121.4250950">
    <ele>14.0</ele>
    <time>2025-08-21T03:06:36Z</time>
   </trkpt>
   <trkpt lat="25.0206350" lon="121.4250970">
    <ele>14.0</ele>
    <time>2025-08-21T03:06:37Z</time>
   </trkpt>
   <trkpt lat="25.0206350" lon="121.4250990">
    <ele>14.0</ele>
    <time>2025-08-21T03:06:38Z</time>
   </trkpt>
   <trkpt lat="25.0206340" lon="121.4250990">
    <ele>14.0</ele>
    <time>2025-08-21T03:06:39Z</time>
   </trkpt>
   <trkpt lat="25.0206330" lon="121.4251000">
    <ele>14.0</ele>
    <time>2025-08-21T03:06:40Z</time>
   </trkpt>
   <trkpt lat="25.0206320" lon="121.4250990">
    <ele>14.0</ele>
    <time>2025-08-21T03:06:41Z</time>
   </trkpt>
   <trkpt lat="25.0206290" lon="121.4251000">
    <ele>14.0</ele>
    <time>2025-08-21T03:06:42Z</time>
   </trkpt>
   <trkpt lat="25.0206260" lon="121.4251000">
    <ele>14.0</ele>
    <time>2025-08-21T03:06:43Z</time>
   </trkpt>
   <trkpt lat="25.0206240" lon="121.4251000">
    <ele>14.0</ele>
    <time>2025-08-21T03:06:44Z</time>
   </trkpt>
   <trkpt lat="25.0206260" lon="121.4251000">
    <ele>14.0</ele>
    <time>2025-08-21T03:06:45Z</time>
   </trkpt>
   <trkpt lat="25.0206230" lon="121.4251000">
    <ele>14.0</ele>
    <time>2025-08-21T03:06:46Z</time>
   </trkpt>
   <trkpt lat="25.0206190" lon="121.4251000">
    <ele>14.0</ele>
    <time>2025-08-21T03:06:47Z</time>
   </trkpt>
   <trkpt lat="25.0206160" lon="121.4251000">
    <ele>14.0</ele>
    <time>2025-08-21T03:06:48Z</time>
   </trkpt>
   <trkpt lat="25.0206130" lon="121.4251000">
    <ele>14.0</ele>
    <time>2025-08-21T03:06:49Z</time>
   </trkpt>
   <trkpt lat="25.0206110" lon="121.4251010">
    <ele>14.0</ele>
    <time>2025-08-21T03:06:50Z</time>
   </trkpt>
   <trkpt lat="25.0206120" lon="121.4251010">
    <ele>14.0</ele>
    <time>2025-08-21T03:06:51Z</time>
   </trkpt>
   <trkpt lat="25.0206110" lon="121.4251010">
    <ele>14.0</ele>
    <time>2025-08-21T03:06:52Z</time>
   </trkpt>
   <trkpt lat="25.0206110" lon="121.4250990">
    <ele>14.0</ele>
    <time>2025-08-21T03:06:54Z</time>
   </trkpt>
   <trkpt lat="25.0206130" lon="121.4250960">
    <ele>14.0</ele>
    <time>2025-08-21T03:06:55Z</time>
   </trkpt>
   <trkpt lat="25.0206150" lon="121.4250960">
    <ele>14.0</ele>
    <time>2025-08-21T03:06:56Z</time>
   </trkpt>
   <trkpt lat="25.0206150" lon="121.4250980">
    <ele>14.0</ele>
    <time>2025-08-21T03:06:57Z</time>
   </trkpt>
   <trkpt lat="25.0206170" lon="121.4250990">
    <ele>14.0</ele>
    <time>2025-08-21T03:06:58Z</time>
   </trkpt>
   <trkpt lat="25.0206170" lon="121.4251000">
    <ele>14.0</ele>
    <time>2025-08-21T03:06:59Z</time>
   </trkpt>
   <trkpt lat="25.0206170" lon="121.4251000">
    <ele>14.0</ele>
    <time>2025-08-21T03:07:00Z</time>
   </trkpt>
   <trkpt lat="25.0206170" lon="121.4251000">
    <ele>14.0</ele>
    <time>2025-08-21T03:07:01Z</time>
   </trkpt>
   <trkpt lat="25.0206160" lon="121.4251000">
    <ele>14.0</ele>
    <time>2025-08-21T03:07:02Z</time>
   </trkpt>
   <trkpt lat="25.0206160" lon="121.4251010">
    <ele>14.0</ele>
    <time>2025-08-21T03:07:03Z</time>
   </trkpt>
   <trkpt lat="25.0206230" lon="121.4251050">
    <ele>14.0</ele>
    <time>2025-08-21T03:07:04Z</time>
   </trkpt>
   <trkpt lat="25.0206230" lon="121.4251060">
    <ele>14.0</ele>
    <time>2025-08-21T03:07:05Z</time>
   </trkpt>
   <trkpt lat="25.0206220" lon="121.4251070">
    <ele>14.0</ele>
    <time>2025-08-21T03:07:06Z</time>
   </trkpt>
   <trkpt lat="25.0206220" lon="121.4251080">
    <ele>14.0</ele>
    <time>2025-08-21T03:07:07Z</time>
   </trkpt>
   <trkpt lat="25.0206190" lon="121.4251140">
    <ele>14.0</ele>
    <time>2025-08-21T03:07:08Z</time>
   </trkpt>
   <trkpt lat="25.0206150" lon="121.4251250">
    <ele>14.0</ele>
    <time>2025-08-21T03:07:09Z</time>
   </trkpt>
   <trkpt lat="25.0206160" lon="121.4251330">
    <ele>14.0</ele>
    <time>2025-08-21T03:07:10Z</time>
   </trkpt>
   <trkpt lat="25.0206330" lon="121.4251320">
    <ele>14.0</ele>
    <time>2025-08-21T03:07:11Z</time>
   </trkpt>
   <trkpt lat="25.0206400" lon="121.4251320">
    <ele>14.0</ele>
    <time>2025-08-21T03:07:12Z</time>
   </trkpt>
   <trkpt lat="25.0206410" lon="121.4251250">
    <ele>13.9</ele>
    <time>2025-08-21T03:07:13Z</time>
   </trkpt>
   <trkpt lat="25.0206370" lon="121.4251100">
    <ele>13.9</ele>
    <time>2025-08-21T03:07:15Z</time>
   </trkpt>
   <trkpt lat="25.0206360" lon="121.4251080">
    <ele>13.9</ele>
    <time>2025-08-21T03:07:16Z</time>
   </trkpt>
   <trkpt lat="25.0206480" lon="121.4251080">
    <ele>13.9</ele>
    <time>2025-08-21T03:07:17Z</time>
   </trkpt>
   <trkpt lat="25.0206490" lon="121.4251090">
    <ele>13.9</ele>
    <time>2025-08-21T03:07:18Z</time>
   </trkpt>
   <trkpt lat="25.0206490" lon="121.4251100">
    <ele>13.9</ele>
    <time>2025-08-21T03:07:19Z</time>
   </trkpt>
   <trkpt lat="25.0206490" lon="121.4251120">
    <ele>13.9</ele>
    <time>2025-08-21T03:07:20Z</time>
   </trkpt>
   <trkpt lat="25.0206500" lon="121.4251110">
    <ele>13.9</ele>
    <time>2025-08-21T03:07:21Z</time>
   </trkpt>
   <trkpt lat="25.0206510" lon="121.4251090">
    <ele>13.9</ele>
    <time>2025-08-21T03:07:22Z</time>
   </trkpt>
   <trkpt lat="25.0206540" lon="121.4251070">
    <ele>13.9</ele>
    <time>2025-08-21T03:07:23Z</time>
   </trkpt>
   <trkpt lat="25.0206560" lon="121.4251060">
    <ele>13.9</ele>
    <time>2025-08-21T03:07:24Z</time>
   </trkpt>
   <trkpt lat="25.0206580" lon="121.4251050">
    <ele>13.9</ele>
    <time>2025-08-21T03:07:25Z</time>
   </trkpt>
   <trkpt lat="25.0206670" lon="121.4250950">
    <ele>13.9</ele>
    <time>2025-08-21T03:07:26Z</time>
   </trkpt>
   <trkpt lat="25.0206740" lon="121.4250850">
    <ele>13.9</ele>
    <time>2025-08-21T03:07:27Z</time>
   </trkpt>
   <trkpt lat="25.0206760" lon="121.4250810">
    <ele>13.9</ele>
    <time>2025-08-21T03:07:28Z</time>
   </trkpt>
   <trkpt lat="25.0206790" lon="121.4250690">
    <ele>13.9</ele>
    <time>2025-08-21T03:07:29Z</time>
   </trkpt>
   <trkpt lat="25.0206800" lon="121.4250690">
    <ele>13.9</ele>
    <time>2025-08-21T03:07:30Z</time>
   </trkpt>
   <trkpt lat="25.0206800" lon="121.4250690">
    <ele>13.9</ele>
    <time>2025-08-21T03:07:31Z</time>
   </trkpt>
   <trkpt lat="25.0206800" lon="121.4250700">
    <ele>13.9</ele>
    <time>2025-08-21T03:07:32Z</time>
   </trkpt>
   <trkpt lat="25.0206810" lon="121.4250700">
    <ele>13.9</ele>
    <time>2025-08-21T03:07:33Z</time>
   </trkpt>
   <trkpt lat="25.0206800" lon="121.4250700">
    <ele>13.9</ele>
    <time>2025-08-21T03:07:34Z</time>
   </trkpt>
   <trkpt lat="25.0206800" lon="121.4250680">
    <ele>13.9</ele>
    <time>2025-08-21T03:07:35Z</time>
   </trkpt>
   <trkpt lat="25.0206810" lon="121.4250680">
    <ele>13.9</ele>
    <time>2025-08-21T03:07:36Z</time>
   </trkpt>
   <trkpt lat="25.0206870" lon="121.4250770">
    <ele>13.9</ele>
    <time>2025-08-21T03:07:37Z</time>
   </trkpt>
   <trkpt lat="25.0206860" lon="121.4250760">
    <ele>13.9</ele>
    <time>2025-08-21T03:07:38Z</time>
   </trkpt>
   <trkpt lat="25.0206850" lon="121.4250740">
    <ele>13.9</ele>
    <time>2025-08-21T03:07:39Z</time>
   </trkpt>
   <trkpt lat="25.0206840" lon="121.4250710">
    <ele>13.9</ele>
    <time>2025-08-21T03:07:40Z</time>
   </trkpt>
   <trkpt lat="25.0206830" lon="121.4250660">
    <ele>13.9</ele>
    <time>2025-08-21T03:07:42Z</time>
   </trkpt>
   <trkpt lat="25.0206810" lon="121.4250710">
    <ele>13.9</ele>
    <time>2025-08-21T03:07:44Z</time>
   </trkpt>
   <trkpt lat="25.0206790" lon="121.4250690">
    <ele>13.9</ele>
    <time>2025-08-21T03:07:45Z</time>
   </trkpt>
   <trkpt lat="25.0206790" lon="121.4250680">
    <ele>13.9</ele>
    <time>2025-08-21T03:07:46Z</time>
   </trkpt>
   <trkpt lat="25.0206760" lon="121.4250660">
    <ele>13.9</ele>
    <time>2025-08-21T03:07:47Z</time>
   </trkpt>
   <trkpt lat="25.0206670" lon="121.4250620">
    <ele>13.9</ele>
    <time>2025-08-21T03:07:48Z</time>
   </trkpt>
   <trkpt lat="25.0206520" lon="121.4250620">
    <ele>13.9</ele>
    <time>2025-08-21T03:07:49Z</time>
   </trkpt>
   <trkpt lat="25.0206540" lon="121.4250650">
    <ele>13.9</ele>
    <time>2025-08-21T03:07:50Z</time>
   </trkpt>
   <trkpt lat="25.0206610" lon="121.4250670">
    <ele>13.9</ele>
    <time>2025-08-21T03:07:51Z</time>
   </trkpt>
   <trkpt lat="25.0206660" lon="121.4250660">
    <ele>13.9</ele>
    <time>2025-08-21T03:07:52Z</time>
   </trkpt>
   <trkpt lat="25.0206690" lon="121.4250630">
    <ele>13.9</ele>
    <time>2025-08-21T03:07:54Z</time>
   </trkpt>
   <trkpt lat="25.0206690" lon="121.4250620">
    <ele>13.9</ele>
    <time>2025-08-21T03:07:55Z</time>
   </trkpt>
   <trkpt lat="25.0206690" lon="121.4250660">
    <ele>13.9</ele>
    <time>2025-08-21T03:07:56Z</time>
   </trkpt>
   <trkpt lat="25.0206680" lon="121.4250660">
    <ele>13.9</ele>
    <time>2025-08-21T03:07:57Z</time>
   </trkpt>
   <trkpt lat="25.0206670" lon="121.4250650">
    <ele>13.9</ele>
    <time>2025-08-21T03:07:58Z</time>
   </trkpt>
   <trkpt lat="25.0206680" lon="121.4250660">
    <ele>13.9</ele>
    <time>2025-08-21T03:07:59Z</time>
   </trkpt>
   <trkpt lat="25.0206680" lon="121.4250660">
    <ele>13.9</ele>
    <time>2025-08-21T03:08:00Z</time>
   </trkpt>
   <trkpt lat="25.0206640" lon="121.4250580">
    <ele>13.9</ele>
    <time>2025-08-21T03:08:01Z</time>
   </trkpt>
   <trkpt lat="25.0206540" lon="121.4250490">
    <ele>13.9</ele>
    <time>2025-08-21T03:08:02Z</time>
   </trkpt>
   <trkpt lat="25.0206510" lon="121.4250430">
    <ele>13.9</ele>
    <time>2025-08-21T03:08:03Z</time>
   </trkpt>
   <trkpt lat="25.0206510" lon="121.4250380">
    <ele>13.9</ele>
    <time>2025-08-21T03:08:04Z</time>
   </trkpt>
   <trkpt lat="25.0206500" lon="121.4250330">
    <ele>13.9</ele>
    <time>2025-08-21T03:08:05Z</time>
   </trkpt>
   <trkpt lat="25.0206490" lon="121.4250270">
    <ele>13.9</ele>
    <time>2025-08-21T03:08:06Z</time>
   </trkpt>
   <trkpt lat="25.0206490" lon="121.4250220">
    <ele>13.9</ele>
    <time>2025-08-21T03:08:07Z</time>
   </trkpt>
   <trkpt lat="25.0206500" lon="121.4250170">
    <ele>13.9</ele>
    <time>2025-08-21T03:08:08Z</time>
   </trkpt>
   <trkpt lat="25.0206510" lon="121.4250220">
    <ele>13.9</ele>
    <time>2025-08-21T03:08:09Z</time>
   </trkpt>
   <trkpt lat="25.0206510" lon="121.4250220">
    <ele>13.9</ele>
    <time>2025-08-21T03:08:10Z</time>
   </trkpt>
   <trkpt lat="25.0206510" lon="121.4250170">
    <ele>13.9</ele>
    <time>2025-08-21T03:08:11Z</time>
   </trkpt>
   <trkpt lat="25.0206510" lon="121.4250160">
    <ele>13.9</ele>
    <time>2025-08-21T03:08:12Z</time>
   </trkpt>
   <trkpt lat="25.0206500" lon="121.4250130">
    <ele>13.9</ele>
    <time>2025-08-21T03:08:13Z</time>
   </trkpt>
   <trkpt lat="25.0206500" lon="121.4250110">
    <ele>13.9</ele>
    <time>2025-08-21T03:08:14Z</time>
   </trkpt>
   <trkpt lat="25.0206470" lon="121.4250180">
    <ele>13.9</ele>
    <time>2025-08-21T03:08:15Z</time>
   </trkpt>
   <trkpt lat="25.0206460" lon="121.4250170">
    <ele>13.9</ele>
    <time>2025-08-21T03:08:16Z</time>
   </trkpt>
   <trkpt lat="25.0206440" lon="121.4250150">
    <ele>13.9</ele>
    <time>2025-08-21T03:08:17Z</time>
   </trkpt>
   <trkpt lat="25.0206430" lon="121.4250150">
    <ele>13.9</ele>
    <time>2025-08-21T03:08:18Z</time>
   </trkpt>
   <trkpt lat="25.0206420" lon="121.4250160">
    <ele>13.9</ele>
    <time>2025-08-21T03:08:19Z</time>
   </trkpt>
   <trkpt lat="25.0206400" lon="121.4250150">
    <ele>13.9</ele>
    <time>2025-08-21T03:08:20Z</time>
   </trkpt>
   <trkpt lat="25.0206380" lon="121.4250150">
    <ele>13.9</ele>
    <time>2025-08-21T03:08:21Z</time>
   </trkpt>
   <trkpt lat="25.0206410" lon="121.4250270">
    <ele>13.9</ele>
    <time>2025-08-21T03:08:22Z</time>
   </trkpt>
   <trkpt lat="25.0206400" lon="121.4250250">
    <ele>13.9</ele>
    <time>2025-08-21T03:08:23Z</time>
   </trkpt>
   <trkpt lat="25.0206410" lon="121.4250250">
    <ele>13.9</ele>
    <time>2025-08-21T03:08:24Z</time>
   </trkpt>
   <trkpt lat="25.0206430" lon="121.4250230">
    <ele>13.9</ele>
    <time>2025-08-21T03:08:25Z</time>
   </trkpt>
   <trkpt lat="25.0206450" lon="121.4250220">
    <ele>13.9</ele>
    <time>2025-08-21T03:08:26Z</time>
   </trkpt>
   <trkpt lat="25.0206450" lon="121.4250210">
    <ele>13.9</ele>
    <time>2025-08-21T03:08:27Z</time>
   </trkpt>
   <trkpt lat="25.0206480" lon="121.4250170">
    <ele>13.9</ele>
    <time>2025-08-21T03:08:28Z</time>
   </trkpt>
   <trkpt lat="25.0206470" lon="121.4250240">
    <ele>13.9</ele>
    <time>2025-08-21T03:08:29Z</time>
   </trkpt>
   <trkpt lat="25.0206480" lon="121.4250180">
    <ele>13.9</ele>
    <time>2025-08-21T03:08:30Z</time>
   </trkpt>
   <trkpt lat="25.0206510" lon="121.4250090">
    <ele>13.9</ele>
    <time>2025-08-21T03:08:31Z</time>
   </trkpt>
   <trkpt lat="25.0206570" lon="121.4249970">
    <ele>13.9</ele>
    <time>2025-08-21T03:08:32Z</time>
   </trkpt>
   <trkpt lat="25.0206640" lon="121.4249850">
    <ele>13.9</ele>
    <time>2025-08-21T03:08:33Z</time>
   </trkpt>
   <trkpt lat="25.0206690" lon="121.4249690">
    <ele>13.9</ele>
    <time>2025-08-21T03:08:34Z</time>
   </trkpt>
   <trkpt lat="25.0206560" lon="121.4249520">
    <ele>13.9</ele>
    <time>2025-08-21T03:08:35Z</time>
   </trkpt>
   <trkpt lat="25.0206510" lon="121.4249400">
    <ele>13.9</ele>
    <time>2025-08-21T03:08:36Z</time>
   </trkpt>
   <trkpt lat="25.0206460" lon="121.4249290">
    <ele>13.9</ele>
    <time>2025-08-21T03:08:37Z</time>
   </trkpt>
   <trkpt lat="25.0206280" lon="121.4249060">
    <ele>13.9</ele>
    <time>2025-08-21T03:08:38Z</time>
   </trkpt>
   <trkpt lat="25.0206190" lon="121.4248980">
    <ele>13.9</ele>
    <time>2025-08-21T03:08:39Z</time>
   </trkpt>
   <trkpt lat="25.0206020" lon="121.4248960">
    <ele>13.9</ele>
    <time>2025-08-21T03:08:40Z</time>
   </trkpt>
   <trkpt lat="25.0205890" lon="121.4249010">
    <ele>13.9</ele>
    <time>2025-08-21T03:08:41Z</time>
   </trkpt>
   <trkpt lat="25.0205690" lon="121.4249150">
    <ele>13.9</ele>
    <time>2025-08-21T03:08:42Z</time>
   </trkpt>
   <trkpt lat="25.0205680" lon="121.4249220">
    <ele>13.9</ele>
    <time>2025-08-21T03:08:43Z</time>
   </trkpt>
   <trkpt lat="25.0205640" lon="121.4249280">
    <ele>13.9</ele>
    <time>2025-08-21T03:08:44Z</time>
   </trkpt>
   <trkpt lat="25.0205630" lon="121.4249290">
    <ele>13.9</ele>
    <time>2025-08-21T03:08:45Z</time>
   </trkpt>
   <trkpt lat="25.0205620" lon="121.4249300">
    <ele>13.9</ele>
    <time>2025-08-21T03:08:46Z</time>
   </trkpt>
   <trkpt lat="25.0205610" lon="121.4249300">
    <ele>13.9</ele>
    <time>2025-08-21T03:08:47Z</time>
   </trkpt>
   <trkpt lat="25.0205590" lon="121.4249310">
    <ele>13.9</ele>
    <time>2025-08-21T03:08:48Z</time>
   </trkpt>
   <trkpt lat="25.0205580" lon="121.4249320">
    <ele>13.9</ele>
    <time>2025-08-21T03:08:49Z</time>
   </trkpt>
   <trkpt lat="25.0205570" lon="121.4249330">
    <ele>13.9</ele>
    <time>2025-08-21T03:08:50Z</time>
   </trkpt>
   <trkpt lat="25.0205560" lon="121.4249340">
    <ele>13.9</ele>
    <time>2025-08-21T03:08:51Z</time>
   </trkpt>
   <trkpt lat="25.0205550" lon="121.4249350">
    <ele>13.9</ele>
    <time>2025-08-21T03:08:52Z</time>
   </trkpt>
   <trkpt lat="25.0205540" lon="121.4249350">
    <ele>13.9</ele>
    <time>2025-08-21T03:08:53Z</time>
   </trkpt>
   <trkpt lat="25.0205530" lon="121.4249360">
    <ele>13.9</ele>
    <time>2025-08-21T03:08:54Z</time>
   </trkpt>
   <trkpt lat="25.0205520" lon="121.4249370">
    <ele>13.9</ele>
    <time>2025-08-21T03:08:55Z</time>
   </trkpt>
   <trkpt lat="25.0205500" lon="121.4249380">
    <ele>13.9</ele>
    <time>2025-08-21T03:08:56Z</time>
   </trkpt>
   <trkpt lat="25.0205490" lon="121.4249390">
    <ele>13.9</ele>
    <time>2025-08-21T03:08:57Z</time>
   </trkpt>
   <trkpt lat="25.0205480" lon="121.4249400">
    <ele>13.9</ele>
    <time>2025-08-21T03:08:58Z</time>
   </trkpt>
   <trkpt lat="25.0205470" lon="121.4249400">
    <ele>13.9</ele>
    <time>2025-08-21T03:08:59Z</time>
   </trkpt>
   <trkpt lat="25.0205460" lon="121.4249410">
    <ele>13.9</ele>
    <time>2025-08-21T03:09:00Z</time>
   </trkpt>
   <trkpt lat="25.0205450" lon="121.4249420">
    <ele>13.9</ele>
    <time>2025-08-21T03:09:01Z</time>
   </trkpt>
   <trkpt lat="25.0205440" lon="121.4249430">
    <ele>13.9</ele>
    <time>2025-08-21T03:09:02Z</time>
   </trkpt>
   <trkpt lat="25.0205430" lon="121.4249440">
    <ele>13.9</ele>
    <time>2025-08-21T03:09:03Z</time>
   </trkpt>
   <trkpt lat="25.0205410" lon="121.4249450">
    <ele>13.9</ele>
    <time>2025-08-21T03:09:04Z</time>
   </trkpt>
   <trkpt lat="25.0205400" lon="121.4249450">
    <ele>13.9</ele>
    <time>2025-08-21T03:09:05Z</time>
   </trkpt>
   <trkpt lat="25.0205390" lon="121.4249460">
    <ele>13.9</ele>
    <time>2025-08-21T03:09:06Z</time>
   </trkpt>
   <trkpt lat="25.0205380" lon="121.4249470">
    <ele>13.9</ele>
    <time>2025-08-21T03:09:07Z</time>
   </trkpt>
   <trkpt lat="25.0205370" lon="121.4249480">
    <ele>13.9</ele>
    <time>2025-08-21T03:09:08Z</time>
   </trkpt>
   <trkpt lat="25.0205360" lon="121.4249490">
    <ele>13.9</ele>
    <time>2025-08-21T03:09:09Z</time>
   </trkpt>
   <trkpt lat="25.0205350" lon="121.4249500">
    <ele>13.9</ele>
    <time>2025-08-21T03:09:10Z</time>
   </trkpt>
   <trkpt lat="25.0205340" lon="121.4249500">
    <ele>13.9</ele>
    <time>2025-08-21T03:09:11Z</time>
   </trkpt>
   <trkpt lat="25.0205320" lon="121.4249510">
    <ele>13.9</ele>
    <time>2025-08-21T03:09:12Z</time>
   </trkpt>
   <trkpt lat="25.0205310" lon="121.4249520">
    <ele>13.9</ele>
    <time>2025-08-21T03:09:13Z</time>
   </trkpt>
   <trkpt lat="25.0205300" lon="121.4249530">
    <ele>13.9</ele>
    <time>2025-08-21T03:09:14Z</time>
   </trkpt>
   <trkpt lat="25.0205290" lon="121.4249540">
    <ele>13.9</ele>
    <time>2025-08-21T03:09:15Z</time>
   </trkpt>
   <trkpt lat="25.0205280" lon="121.4249550">
    <ele>13.9</ele>
    <time>2025-08-21T03:09:16Z</time>
   </trkpt>
   <trkpt lat="25.0205270" lon="121.4249550">
    <ele>13.9</ele>
    <time>2025-08-21T03:09:17Z</time>
   </trkpt>
   <trkpt lat="25.0205260" lon="121.4249560">
    <ele>13.9</ele>
    <time>2025-08-21T03:09:18Z</time>
   </trkpt>
   <trkpt lat="25.0205250" lon="121.4249570">
    <ele>13.9</ele>
    <time>2025-08-21T03:09:19Z</time>
   </trkpt>
   <trkpt lat="25.0205230" lon="121.4249580">
    <ele>13.9</ele>
    <time>2025-08-21T03:09:20Z</time>
   </trkpt>
   <trkpt lat="25.0205220" lon="121.4249590">
    <ele>13.9</ele>
    <time>2025-08-21T03:09:21Z</time>
   </trkpt>
   <trkpt lat="25.0205210" lon="121.4249600">
    <ele>13.9</ele>
    <time>2025-08-21T03:09:22Z</time>
   </trkpt>
   <trkpt lat="25.0205200" lon="121.4249600">
    <ele>13.9</ele>
    <time>2025-08-21T03:09:24Z</time>
   </trkpt>
   <trkpt lat="25.0205190" lon="121.4249610">
    <ele>13.9</ele>
    <time>2025-08-21T03:09:25Z</time>
   </trkpt>
   <trkpt lat="25.0205180" lon="121.4249620">
    <ele>13.9</ele>
    <time>2025-08-21T03:09:26Z</time>
   </trkpt>
   <trkpt lat="25.0205170" lon="121.4249630">
    <ele>13.9</ele>
    <time>2025-08-21T03:09:27Z</time>
   </trkpt>
   <trkpt lat="25.0205160" lon="121.4249640">
    <ele>13.9</ele>
    <time>2025-08-21T03:09:28Z</time>
   </trkpt>
   <trkpt lat="25.0205140" lon="121.4249650">
    <ele>13.9</ele>
    <time>2025-08-21T03:09:29Z</time>
   </trkpt>
   <trkpt lat="25.0205130" lon="121.4249650">
    <ele>13.9</ele>
    <time>2025-08-21T03:09:30Z</time>
   </trkpt>
   <trkpt lat="25.0205120" lon="121.4249660">
    <ele>13.9</ele>
    <time>2025-08-21T03:09:31Z</time>
   </trkpt>
   <trkpt lat="25.0205110" lon="121.4249670">
    <ele>13.9</ele>
    <time>2025-08-21T03:09:32Z</time>
   </trkpt>
   <trkpt lat="25.0205100" lon="121.4249680">
    <ele>13.9</ele>
    <time>2025-08-21T03:09:33Z</time>
   </trkpt>
   <trkpt lat="25.0205080" lon="121.4249800">
    <ele>13.9</ele>
    <time>2025-08-21T03:09:34Z</time>
   </trkpt>
   <trkpt lat="25.0205110" lon="121.4249880">
    <ele>13.9</ele>
    <time>2025-08-21T03:09:35Z</time>
   </trkpt>
   <trkpt lat="25.0205160" lon="121.4249930">
    <ele>13.9</ele>
    <time>2025-08-21T03:09:36Z</time>
   </trkpt>
   <trkpt lat="25.0205120" lon="121.4249960">
    <ele>13.9</ele>
    <time>2025-08-21T03:09:37Z</time>
   </trkpt>
   <trkpt lat="25.0205120" lon="121.4250020">
    <ele>13.9</ele>
    <time>2025-08-21T03:09:38Z</time>
   </trkpt>
   <trkpt lat="25.0205140" lon="121.4250120">
    <ele>13.9</ele>
    <time>2025-08-21T03:09:39Z</time>
   </trkpt>
   <trkpt lat="25.0205160" lon="121.4250130">
    <ele>13.9</ele>
    <time>2025-08-21T03:09:40Z</time>
   </trkpt>
   <trkpt lat="25.0205200" lon="121.4250160">
    <ele>13.9</ele>
    <time>2025-08-21T03:09:41Z</time>
   </trkpt>
   <trkpt lat="25.0205290" lon="121.4250150">
    <ele>13.9</ele>
    <time>2025-08-21T03:09:42Z</time>
   </trkpt>
   <trkpt lat="25.0205380" lon="121.4250130">
    <ele>13.9</ele>
    <time>2025-08-21T03:09:43Z</time>
   </trkpt>
   <trkpt lat="25.0205470" lon="121.4250100">
    <ele>13.9</ele>
    <time>2025-08-21T03:09:44Z</time>
   </trkpt>
   <trkpt lat="25.0205570" lon="121.4250040">
    <ele>13.9</ele>
    <time>2025-08-21T03:09:45Z</time>
   </trkpt>
   <trkpt lat="25.0205650" lon="121.4250000">
    <ele>13.9</ele>
    <time>2025-08-21T03:09:46Z</time>
   </trkpt>
   <trkpt lat="25.0205670" lon="121.4249890">
    <ele>13.9</ele>
    <time>2025-08-21T03:09:47Z</time>
   </trkpt>
   <trkpt lat="25.0205600" lon="121.4249880">
    <ele>13.9</ele>
    <time>2025-08-21T03:09:49Z</time>
   </trkpt>
   <trkpt lat="25.0205620" lon="121.4249870">
    <ele>13.9</ele>
    <time>2025-08-21T03:09:50Z</time>
   </trkpt>
   <trkpt lat="25.0205650" lon="121.4249840">
    <ele>13.9</ele>
    <time>2025-08-21T03:09:51Z</time>
   </trkpt>
   <trkpt lat="25.0205690" lon="121.4249810">
    <ele>13.9</ele>
    <time>2025-08-21T03:09:52Z</time>
   </trkpt>
   <trkpt lat="25.0205750" lon="121.4249780">
    <ele>13.9</ele>
    <time>2025-08-21T03:09:53Z</time>
   </trkpt>
   <trkpt lat="25.0205560" lon="121.4249780">
    <ele>13.9</ele>
    <time>2025-08-21T03:09:54Z</time>
   </trkpt>
   <trkpt lat="25.0205550" lon="121.4249790">
    <ele>13.9</ele>
    <time>2025-08-21T03:09:55Z</time>
   </trkpt>
   <trkpt lat="25.0205580" lon="121.4249790">
    <ele>13.9</ele>
    <time>2025-08-21T03:09:56Z</time>
   </trkpt>
   <trkpt lat="25.0205600" lon="121.4249780">
    <ele>13.9</ele>
    <time>2025-08-21T03:09:57Z</time>
   </trkpt>
   <trkpt lat="25.0205610" lon="121.4249780">
    <ele>13.9</ele>
    <time>2025-08-21T03:09:58Z</time>
   </trkpt>
   <trkpt lat="25.0205620" lon="121.4249820">
    <ele>13.9</ele>
    <time>2025-08-21T03:09:59Z</time>
   </trkpt>
   <trkpt lat="25.0205620" lon="121.4249840">
    <ele>13.9</ele>
    <time>2025-08-21T03:10:00Z</time>
   </trkpt>
   <trkpt lat="25.0205610" lon="121.4249840">
    <ele>13.9</ele>
    <time>2025-08-21T03:10:01Z</time>
   </trkpt>
   <trkpt lat="25.0205590" lon="121.4249820">
    <ele>13.9</ele>
    <time>2025-08-21T03:10:02Z</time>
   </trkpt>
   <trkpt lat="25.0205580" lon="121.4249800">
    <ele>13.9</ele>
    <time>2025-08-21T03:10:03Z</time>
   </trkpt>
   <trkpt lat="25.0205570" lon="121.4249800">
    <ele>13.9</ele>
    <time>2025-08-21T03:10:04Z</time>
   </trkpt>
   <trkpt lat="25.0205570" lon="121.4249780">
    <ele>13.9</ele>
    <time>2025-08-21T03:10:05Z</time>
   </trkpt>
   <trkpt lat="25.0205580" lon="121.4249850">
    <ele>13.9</ele>
    <time>2025-08-21T03:10:06Z</time>
   </trkpt>
   <trkpt lat="25.0205600" lon="121.4249760">
    <ele>13.9</ele>
    <time>2025-08-21T03:10:07Z</time>
   </trkpt>
   <trkpt lat="25.0205610" lon="121.4249730">
    <ele>13.9</ele>
    <time>2025-08-21T03:10:08Z</time>
   </trkpt>
   <trkpt lat="25.0205610" lon="121.4249710">
    <ele>13.9</ele>
    <time>2025-08-21T03:10:09Z</time>
   </trkpt>
   <trkpt lat="25.0205610" lon="121.4249700">
    <ele>13.9</ele>
    <time>2025-08-21T03:10:10Z</time>
   </trkpt>
   <trkpt lat="25.0205610" lon="121.4249700">
    <ele>13.9</ele>
    <time>2025-08-21T03:10:11Z</time>
   </trkpt>
   <trkpt lat="25.0205570" lon="121.4249700">
    <ele>13.9</ele>
    <time>2025-08-21T03:10:12Z</time>
   </trkpt>
   <trkpt lat="25.0205670" lon="121.4249820">
    <ele>13.9</ele>
    <time>2025-08-21T03:10:13Z</time>
   </trkpt>
   <trkpt lat="25.0205630" lon="121.4249910">
    <ele>13.9</ele>
    <time>2025-08-21T03:10:14Z</time>
   </trkpt>
   <trkpt lat="25.0205620" lon="121.4249920">
    <ele>13.9</ele>
    <time>2025-08-21T03:10:15Z</time>
   </trkpt>
   <trkpt lat="25.0205600" lon="121.4249910">
    <ele>13.9</ele>
    <time>2025-08-21T03:10:16Z</time>
   </trkpt>
   <trkpt lat="25.0205600" lon="121.4249910">
    <ele>13.9</ele>
    <time>2025-08-21T03:10:17Z</time>
   </trkpt>
   <trkpt lat="25.0205590" lon="121.4249900">
    <ele>13.9</ele>
    <time>2025-08-21T03:10:18Z</time>
   </trkpt>
   <trkpt lat="25.0205580" lon="121.4249860">
    <ele>13.9</ele>
    <time>2025-08-21T03:10:19Z</time>
   </trkpt>
   <trkpt lat="25.0205390" lon="121.4249800">
    <ele>13.9</ele>
    <time>2025-08-21T03:10:20Z</time>
   </trkpt>
   <trkpt lat="25.0205470" lon="121.4249770">
    <ele>13.9</ele>
    <time>2025-08-21T03:10:21Z</time>
   </trkpt>
   <trkpt lat="25.0205520" lon="121.4249790">
    <ele>13.9</ele>
    <time>2025-08-21T03:10:22Z</time>
   </trkpt>
   <trkpt lat="25.0205390" lon="121.4249760">
    <ele>13.9</ele>
    <time>2025-08-21T03:10:23Z</time>
   </trkpt>
   <trkpt lat="25.0205280" lon="121.4249710">
    <ele>13.9</ele>
    <time>2025-08-21T03:10:24Z</time>
   </trkpt>
   <trkpt lat="25.0204970" lon="121.4249590">
    <ele>13.9</ele>
    <time>2025-08-21T03:10:25Z</time>
   </trkpt>
   <trkpt lat="25.0204790" lon="121.4249490">
    <ele>13.9</ele>
    <time>2025-08-21T03:10:26Z</time>
   </trkpt>
   <trkpt lat="25.0204600" lon="121.4249390">
    <ele>13.9</ele>
    <time>2025-08-21T03:10:27Z</time>
   </trkpt>
   <trkpt lat="25.0204500" lon="121.4249380">
    <ele>13.9</ele>
    <time>2025-08-21T03:10:28Z</time>
   </trkpt>
   <trkpt lat="25.0204470" lon="121.4249370">
    <ele>13.9</ele>
    <time>2025-08-21T03:10:29Z</time>
   </trkpt>
   <trkpt lat="25.0204450" lon="121.4249360">
    <ele>13.9</ele>
    <time>2025-08-21T03:10:30Z</time>
   </trkpt>
   <trkpt lat="25.0204440" lon="121.4249260">
    <ele>13.9</ele>
    <time>2025-08-21T03:10:31Z</time>
   </trkpt>
   <trkpt lat="25.0204440" lon="121.4249210">
    <ele>13.9</ele>
    <time>2025-08-21T03:10:32Z</time>
   </trkpt>
   <trkpt lat="25.0204370" lon="121.4249160">
    <ele>13.9</ele>
    <time>2025-08-21T03:10:33Z</time>
   </trkpt>
   <trkpt lat="25.0204340" lon="121.4249140">
    <ele>13.9</ele>
    <time>2025-08-21T03:10:34Z</time>
   </trkpt>
   <trkpt lat="25.0204320" lon="121.4249110">
    <ele>13.9</ele>
    <time>2025-08-21T03:10:35Z</time>
   </trkpt>
   <trkpt lat="25.0204290" lon="121.4249050">
    <ele>13.9</ele>
    <time>2025-08-21T03:10:37Z</time>
   </trkpt>
   <trkpt lat="25.0204290" lon="121.4249020">
    <ele>13.9</ele>
    <time>2025-08-21T03:10:38Z</time>
   </trkpt>
   <trkpt lat="25.0204270" lon="121.4248990">
    <ele>13.9</ele>
    <time>2025-08-21T03:10:39Z</time>
   </trkpt>
   <trkpt lat="25.0204110" lon="121.4248870">
    <ele>13.9</ele>
    <time>2025-08-21T03:10:40Z</time>
   </trkpt>
   <trkpt lat="25.0204070" lon="121.4248800">
    <ele>13.9</ele>
    <time>2025-08-21T03:10:41Z</time>
   </trkpt>
   <trkpt lat="25.0204050" lon="121.4248760">
    <ele>13.9</ele>
    <time>2025-08-21T03:10:42Z</time>
   </trkpt>
   <trkpt lat="25.0204030" lon="121.4248720">
    <ele>13.9</ele>
    <time>2025-08-21T03:10:43Z</time>
   </trkpt>
   <trkpt lat="25.0204010" lon="121.4248680">
    <ele>13.9</ele>
    <time>2025-08-21T03:10:44Z</time>
   </trkpt>
   <trkpt lat="25.0204000" lon="121.4248640">
    <ele>13.9</ele>
    <time>2025-08-21T03:10:45Z</time>
   </trkpt>
   <trkpt lat="25.0203980" lon="121.4248600">
    <ele>13.9</ele>
    <time>2025-08-21T03:10:46Z</time>
   </trkpt>
   <trkpt lat="25.0203960" lon="121.4248560">
    <ele>13.9</ele>
    <time>2025-08-21T03:10:47Z</time>
   </trkpt>
   <trkpt lat="25.0203940" lon="121.4248520">
    <ele>13.9</ele>
    <time>2025-08-21T03:10:48Z</time>
   </trkpt>
   <trkpt lat="25.0203920" lon="121.4248480">
    <ele>13.9</ele>
    <time>2025-08-21T03:10:49Z</time>
   </trkpt>
   <trkpt lat="25.0203900" lon="121.4248440">
    <ele>13.9</ele>
    <time>2025-08-21T03:10:50Z</time>
   </trkpt>
   <trkpt lat="25.0203850" lon="121.4248440">
    <ele>13.9</ele>
    <time>2025-08-21T03:10:51Z</time>
   </trkpt>
   <trkpt lat="25.0203840" lon="121.4248450">
    <ele>13.9</ele>
    <time>2025-08-21T03:10:52Z</time>
   </trkpt>
   <trkpt lat="25.0203820" lon="121.4248470">
    <ele>13.9</ele>
    <time>2025-08-21T03:10:53Z</time>
   </trkpt>
   <trkpt lat="25.0203800" lon="121.4248490">
    <ele>13.9</ele>
    <time>2025-08-21T03:10:54Z</time>
   </trkpt>
   <trkpt lat="25.0203780" lon="121.4248510">
    <ele>13.9</ele>
    <time>2025-08-21T03:10:56Z</time>
   </trkpt>
   <trkpt lat="25.0203770" lon="121.4248520">
    <ele>13.9</ele>
    <time>2025-08-21T03:10:57Z</time>
   </trkpt>
   <trkpt lat="25.0203750" lon="121.4248540">
    <ele>13.9</ele>
    <time>2025-08-21T03:10:58Z</time>
   </trkpt>
   <trkpt lat="25.0203730" lon="121.4248560">
    <ele>13.9</ele>
    <time>2025-08-21T03:11:00Z</time>
   </trkpt>
   <trkpt lat="25.0203710" lon="121.4248580">
    <ele>13.9</ele>
    <time>2025-08-21T03:11:01Z</time>
   </trkpt>
   <trkpt lat="25.0203700" lon="121.4248590">
    <ele>13.9</ele>
    <time>2025-08-21T03:11:02Z</time>
   </trkpt>
   <trkpt lat="25.0203680" lon="121.4248610">
    <ele>13.9</ele>
    <time>2025-08-21T03:11:03Z</time>
   </trkpt>
   <trkpt lat="25.0203660" lon="121.4248630">
    <ele>13.9</ele>
    <time>2025-08-21T03:11:04Z</time>
   </trkpt>
   <trkpt lat="25.0203640" lon="121.4248650">
    <ele>13.9</ele>
    <time>2025-08-21T03:11:05Z</time>
   </trkpt>
   <trkpt lat="25.0203630" lon="121.4248660">
    <ele>13.9</ele>
    <time>2025-08-21T03:11:06Z</time>
   </trkpt>
   <trkpt lat="25.0203610" lon="121.4248680">
    <ele>13.9</ele>
    <time>2025-08-21T03:11:07Z</time>
   </trkpt>
   <trkpt lat="25.0203590" lon="121.4248700">
    <ele>13.9</ele>
    <time>2025-08-21T03:11:08Z</time>
   </trkpt>
   <trkpt lat="25.0203570" lon="121.4248720">
    <ele>13.9</ele>
    <time>2025-08-21T03:11:09Z</time>
   </trkpt>
   <trkpt lat="25.0203560" lon="121.4248730">
    <ele>13.9</ele>
    <time>2025-08-21T03:11:10Z</time>
   </trkpt>
   <trkpt lat="25.0203540" lon="121.4248750">
    <ele>13.9</ele>
    <time>2025-08-21T03:11:11Z</time>
   </trkpt>
   <trkpt lat="25.0203340" lon="121.4249060">
    <ele>13.9</ele>
    <time>2025-08-21T03:11:12Z</time>
   </trkpt>
   <trkpt lat="25.0203290" lon="121.4249150">
    <ele>13.9</ele>
    <time>2025-08-21T03:11:13Z</time>
   </trkpt>
   <trkpt lat="25.0203170" lon="121.4249510">
    <ele>13.9</ele>
    <time>2025-08-21T03:11:14Z</time>
   </trkpt>
   <trkpt lat="25.0203140" lon="121.4249590">
    <ele>13.9</ele>
    <time>2025-08-21T03:11:15Z</time>
   </trkpt>
   <trkpt lat="25.0203050" lon="121.4249590">
    <ele>13.9</ele>
    <time>2025-08-21T03:11:16Z</time>
   </trkpt>
   <trkpt lat="25.0202980" lon="121.4249680">
    <ele>13.9</ele>
    <time>2025-08-21T03:11:17Z</time>
   </trkpt>
   <trkpt lat="25.0202900" lon="121.4249810">
    <ele>13.9</ele>
    <time>2025-08-21T03:11:18Z</time>
   </trkpt>
   <trkpt lat="25.0202790" lon="121.4249920">
    <ele>13.9</ele>
    <time>2025-08-21T03:11:19Z</time>
   </trkpt>
   <trkpt lat="25.0202730" lon="121.4250030">
    <ele>13.9</ele>
    <time>2025-08-21T03:11:20Z</time>
   </trkpt>
   <trkpt lat="25.0202730" lon="121.4250150">
    <ele>13.9</ele>
    <time>2025-08-21T03:11:21Z</time>
   </trkpt>
   <trkpt lat="25.0202660" lon="121.4250260">
    <ele>13.9</ele>
    <time>2025-08-21T03:11:22Z</time>
   </trkpt>
   <trkpt lat="25.0202580" lon="121.4250390">
    <ele>13.9</ele>
    <time>2025-08-21T03:11:23Z</time>
   </trkpt>
   <trkpt lat="25.0202510" lon="121.4250530">
    <ele>13.9</ele>
    <time>2025-08-21T03:11:24Z</time>
   </trkpt>
   <trkpt lat="25.0202510" lon="121.4250630">
    <ele>13.9</ele>
    <time>2025-08-21T03:11:25Z</time>
   </trkpt>
   <trkpt lat="25.0202470" lon="121.4250630">
    <ele>13.9</ele>
    <time>2025-08-21T03:11:26Z</time>
   </trkpt>
   <trkpt lat="25.0202440" lon="121.4250410">
    <ele>13.9</ele>
    <time>2025-08-21T03:11:27Z</time>
   </trkpt>
   <trkpt lat="25.0202460" lon="121.4250190">
    <ele>13.9</ele>
    <time>2025-08-21T03:11:28Z</time>
   </trkpt>
   <trkpt lat="25.0202450" lon="121.4250070">
    <ele>13.9</ele>
    <time>2025-08-21T03:11:29Z</time>
   </trkpt>
   <trkpt lat="25.0202430" lon="121.4249970">
    <ele>13.9</ele>
    <time>2025-08-21T03:11:30Z</time>
   </trkpt>
   <trkpt lat="25.0202430" lon="121.4249950">
    <ele>13.9</ele>
    <time>2025-08-21T03:11:31Z</time>
   </trkpt>
   <trkpt lat="25.0202430" lon="121.4249950">
    <ele>13.9</ele>
    <time>2025-08-21T03:11:32Z</time>
   </trkpt>
   <trkpt lat="25.0202420" lon="121.4249940">
    <ele>13.9</ele>
    <time>2025-08-21T03:11:33Z</time>
   </trkpt>
   <trkpt lat="25.0202410" lon="121.4249920">
    <ele>13.9</ele>
    <time>2025-08-21T03:11:34Z</time>
   </trkpt>
   <trkpt lat="25.0202410" lon="121.4249890">
    <ele>13.9</ele>
    <time>2025-08-21T03:11:35Z</time>
   </trkpt>
   <trkpt lat="25.0202400" lon="121.4249880">
    <ele>13.9</ele>
    <time>2025-08-21T03:11:36Z</time>
   </trkpt>
   <trkpt lat="25.0202400" lon="121.4249710">
    <ele>13.9</ele>
    <time>2025-08-21T03:11:37Z</time>
   </trkpt>
   <trkpt lat="25.0202400" lon="121.4249680">
    <ele>13.9</ele>
    <time>2025-08-21T03:11:38Z</time>
   </trkpt>
   <trkpt lat="25.0202400" lon="121.4249660">
    <ele>13.9</ele>
    <time>2025-08-21T03:11:39Z</time>
   </trkpt>
   <trkpt lat="25.0202400" lon="121.4249650">
    <ele>13.9</ele>
    <time>2025-08-21T03:11:40Z</time>
   </trkpt>
   <trkpt lat="25.0202400" lon="121.4249650">
    <ele>13.9</ele>
    <time>2025-08-21T03:11:41Z</time>
   </trkpt>
   <trkpt lat="25.0202410" lon="121.4249610">
    <ele>13.9</ele>
    <time>2025-08-21T03:11:42Z</time>
   </trkpt>
   <trkpt lat="25.0202430" lon="121.4249360">
    <ele>13.9</ele>
    <time>2025-08-21T03:11:43Z</time>
   </trkpt>
   <trkpt lat="25.0202590" lon="121.4249090">
    <ele>13.9</ele>
    <time>2025-08-21T03:11:44Z</time>
   </trkpt>
   <trkpt lat="25.0202740" lon="121.4248860">
    <ele>13.9</ele>
    <time>2025-08-21T03:11:45Z</time>
   </trkpt>
   <trkpt lat="25.0202900" lon="121.4248620">
    <ele>13.9</ele>
    <time>2025-08-21T03:11:46Z</time>
   </trkpt>
   <trkpt lat="25.0203050" lon="121.4248380">
    <ele>13.9</ele>
    <time>2025-08-21T03:11:47Z</time>
   </trkpt>
   <trkpt lat="25.0203210" lon="121.4248150">
    <ele>13.9</ele>
    <time>2025-08-21T03:11:48Z</time>
   </trkpt>
   <trkpt lat="25.0203360" lon="121.4247910">
    <ele>13.9</ele>
    <time>2025-08-21T03:11:49Z</time>
   </trkpt>
   <trkpt lat="25.0203420" lon="121.4247900">
    <ele>13.9</ele>
    <time>2025-08-21T03:11:50Z</time>
   </trkpt>
   <trkpt lat="25.0203430" lon="121.4247900">
    <ele>13.9</ele>
    <time>2025-08-21T03:11:51Z</time>
   </trkpt>
   <trkpt lat="25.0203410" lon="121.4247900">
    <ele>13.9</ele>
    <time>2025-08-21T03:11:52Z</time>
   </trkpt>
   <trkpt lat="25.0203340" lon="121.4247910">
    <ele>13.9</ele>
    <time>2025-08-21T03:11:53Z</time>
   </trkpt>
   <trkpt lat="25.0203330" lon="121.4247910">
    <ele>13.9</ele>
    <time>2025-08-21T03:11:54Z</time>
   </trkpt>
   <trkpt lat="25.0203310" lon="121.4247860">
    <ele>13.9</ele>
    <time>2025-08-21T03:11:55Z</time>
   </trkpt>
   <trkpt lat="25.0203350" lon="121.4247860">
    <ele>13.9</ele>
    <time>2025-08-21T03:11:56Z</time>
   </trkpt>
   <trkpt lat="25.0203370" lon="121.4247870">
    <ele>13.9</ele>
    <time>2025-08-21T03:11:57Z</time>
   </trkpt>
   <trkpt lat="25.0203380" lon="121.4247910">
    <ele>13.9</ele>
    <time>2025-08-21T03:11:58Z</time>
   </trkpt>
   <trkpt lat="25.0203380" lon="121.4247920">
    <ele>13.9</ele>
    <time>2025-08-21T03:11:59Z</time>
   </trkpt>
   <trkpt lat="25.0203380" lon="121.4247920">
    <ele>13.9</ele>
    <time>2025-08-21T03:12:00Z</time>
   </trkpt>
   <trkpt lat="25.0203380" lon="121.4247920">
    <ele>13.9</ele>
    <time>2025-08-21T03:12:01Z</time>
   </trkpt>
   <trkpt lat="25.0203370" lon="121.4247900">
    <ele>13.9</ele>
    <time>2025-08-21T03:12:02Z</time>
   </trkpt>
   <trkpt lat="25.0203370" lon="121.4247830">
    <ele>13.9</ele>
    <time>2025-08-21T03:12:03Z</time>
   </trkpt>
   <trkpt lat="25.0203370" lon="121.4247820">
    <ele>13.9</ele>
    <time>2025-08-21T03:12:04Z</time>
   </trkpt>
   <trkpt lat="25.0203370" lon="121.4247780">
    <ele>13.9</ele>
    <time>2025-08-21T03:12:05Z</time>
   </trkpt>
   <trkpt lat="25.0203400" lon="121.4247710">
    <ele>13.9</ele>
    <time>2025-08-21T03:12:06Z</time>
   </trkpt>
   <trkpt lat="25.0203300" lon="121.4247730">
    <ele>13.9</ele>
    <time>2025-08-21T03:12:07Z</time>
   </trkpt>
   <trkpt lat="25.0203320" lon="121.4247610">
    <ele>13.9</ele>
    <time>2025-08-21T03:12:08Z</time>
   </trkpt>
   <trkpt lat="25.0203400" lon="121.4247490">
    <ele>13.9</ele>
    <time>2025-08-21T03:12:09Z</time>
   </trkpt>
   <trkpt lat="25.0203430" lon="121.4247460">
    <ele>13.9</ele>
    <time>2025-08-21T03:12:10Z</time>
   </trkpt>
   <trkpt lat="25.0203480" lon="121.4247440">
    <ele>14.0</ele>
    <time>2025-08-21T03:12:11Z</time>
   </trkpt>
   <trkpt lat="25.0203390" lon="121.4247600">
    <ele>14.0</ele>
    <time>2025-08-21T03:12:12Z</time>
   </trkpt>
   <trkpt lat="25.0203400" lon="121.4247670">
    <ele>14.0</ele>
    <time>2025-08-21T03:12:13Z</time>
   </trkpt>
   <trkpt lat="25.0203410" lon="121.4247690">
    <ele>14.0</ele>
    <time>2025-08-21T03:12:14Z</time>
   </trkpt>
   <trkpt lat="25.0203420" lon="121.4247730">
    <ele>14.0</ele>
    <time>2025-08-21T03:12:15Z</time>
   </trkpt>
   <trkpt lat="25.0203420" lon="121.4247740">
    <ele>14.0</ele>
    <time>2025-08-21T03:12:16Z</time>
   </trkpt>
   <trkpt lat="25.0203420" lon="121.4247750">
    <ele>14.0</ele>
    <time>2025-08-21T03:12:17Z</time>
   </trkpt>
   <trkpt lat="25.0203420" lon="121.4247750">
    <ele>14.0</ele>
    <time>2025-08-21T03:12:18Z</time>
   </trkpt>
   <trkpt lat="25.0203420" lon="121.4247730">
    <ele>14.0</ele>
    <time>2025-08-21T03:12:19Z</time>
   </trkpt>
   <trkpt lat="25.0203470" lon="121.4247690">
    <ele>14.0</ele>
    <time>2025-08-21T03:12:20Z</time>
   </trkpt>
   <trkpt lat="25.0203450" lon="121.4247600">
    <ele>14.0</ele>
    <time>2025-08-21T03:12:21Z</time>
   </trkpt>
   <trkpt lat="25.0203400" lon="121.4247770">
    <ele>14.0</ele>
    <time>2025-08-21T03:12:22Z</time>
   </trkpt>
   <trkpt lat="25.0203390" lon="121.4247810">
    <ele>14.0</ele>
    <time>2025-08-21T03:12:23Z</time>
   </trkpt>
   <trkpt lat="25.0203390" lon="121.4247820">
    <ele>14.0</ele>
    <time>2025-08-21T03:12:24Z</time>
   </trkpt>
   <trkpt lat="25.0203410" lon="121.4247810">
    <ele>14.0</ele>
    <time>2025-08-21T03:12:25Z</time>
   </trkpt>
   <trkpt lat="25.0203400" lon="121.4247800">
    <ele>14.0</ele>
    <time>2025-08-21T03:12:26Z</time>
   </trkpt>
   <trkpt lat="25.0203440" lon="121.4247820">
    <ele>14.0</ele>
    <time>2025-08-21T03:12:27Z</time>
   </trkpt>
   <trkpt lat="25.0203490" lon="121.4247850">
    <ele>14.0</ele>
    <time>2025-08-21T03:12:28Z</time>
   </trkpt>
   <trkpt lat="25.0203530" lon="121.4247720">
    <ele>14.0</ele>
    <time>2025-08-21T03:12:29Z</time>
   </trkpt>
   <trkpt lat="25.0203510" lon="121.4247700">
    <ele>14.0</ele>
    <time>2025-08-21T03:12:30Z</time>
   </trkpt>
   <trkpt lat="25.0203500" lon="121.4247700">
    <ele>14.0</ele>
    <time>2025-08-21T03:12:31Z</time>
   </trkpt>
   <trkpt lat="25.0203450" lon="121.4247710">
    <ele>14.0</ele>
    <time>2025-08-21T03:12:32Z</time>
   </trkpt>
   <trkpt lat="25.0203490" lon="121.4247790">
    <ele>14.0</ele>
    <time>2025-08-21T03:12:33Z</time>
   </trkpt>
   <trkpt lat="25.0203550" lon="121.4247770">
    <ele>14.0</ele>
    <time>2025-08-21T03:12:34Z</time>
   </trkpt>
   <trkpt lat="25.0203600" lon="121.4247660">
    <ele>14.0</ele>
    <time>2025-08-21T03:12:35Z</time>
   </trkpt>
   <trkpt lat="25.0203620" lon="121.4247630">
    <ele>14.0</ele>
    <time>2025-08-21T03:12:36Z</time>
   </trkpt>
   <trkpt lat="25.0203620" lon="121.4247630">
    <ele>14.0</ele>
    <time>2025-08-21T03:12:37Z</time>
   </trkpt>
   <trkpt lat="25.0203550" lon="121.4247660">
    <ele>14.0</ele>
    <time>2025-08-21T03:12:38Z</time>
   </trkpt>
   <trkpt lat="25.0203530" lon="121.4247670">
    <ele>14.0</ele>
    <time>2025-08-21T03:12:39Z</time>
   </trkpt>
   <trkpt lat="25.0203530" lon="121.4247670">
    <ele>14.0</ele>
    <time>2025-08-21T03:12:40Z</time>
   </trkpt>
   <trkpt lat="25.0203530" lon="121.4247670">
    <ele>14.0</ele>
    <time>2025-08-21T03:12:41Z</time>
   </trkpt>
   <trkpt lat="25.0203530" lon="121.4247670">
    <ele>14.0</ele>
    <time>2025-08-21T03:12:42Z</time>
   </trkpt>
   <trkpt lat="25.0203520" lon="121.4247660">
    <ele>14.0</ele>
    <time>2025-08-21T03:12:43Z</time>
   </trkpt>
   <trkpt lat="25.0203480" lon="121.4247680">
    <ele>14.0</ele>
    <time>2025-08-21T03:12:44Z</time>
   </trkpt>
   <trkpt lat="25.0203470" lon="121.4247690">
    <ele>14.0</ele>
    <time>2025-08-21T03:12:45Z</time>
   </trkpt>
   <trkpt lat="25.0203480" lon="121.4247690">
    <ele>14.0</ele>
    <time>2025-08-21T03:12:46Z</time>
   </trkpt>
   <trkpt lat="25.0203480" lon="121.4247700">
    <ele>14.0</ele>
    <time>2025-08-21T03:12:47Z</time>
   </trkpt>
   <trkpt lat="25.0203470" lon="121.4247680">
    <ele>14.0</ele>
    <time>2025-08-21T03:12:48Z</time>
   </trkpt>
   <trkpt lat="25.0203450" lon="121.4247650">
    <ele>14.0</ele>
    <time>2025-08-21T03:12:49Z</time>
   </trkpt>
   <trkpt lat="25.0203440" lon="121.4247640">
    <ele>14.0</ele>
    <time>2025-08-21T03:12:50Z</time>
   </trkpt>
   <trkpt lat="25.0203430" lon="121.4247630">
    <ele>14.0</ele>
    <time>2025-08-21T03:12:51Z</time>
   </trkpt>
   <trkpt lat="25.0203400" lon="121.4247670">
    <ele>14.0</ele>
    <time>2025-08-21T03:12:52Z</time>
   </trkpt>
   <trkpt lat="25.0203470" lon="121.4247570">
    <ele>14.0</ele>
    <time>2025-08-21T03:12:53Z</time>
   </trkpt>
   <trkpt lat="25.0203480" lon="121.4247540">
    <ele>14.0</ele>
    <time>2025-08-21T03:12:54Z</time>
   </trkpt>
   <trkpt lat="25.0203460" lon="121.4247570">
    <ele>14.0</ele>
    <time>2025-08-21T03:12:55Z</time>
   </trkpt>
   <trkpt lat="25.0203450" lon="121.4247580">
    <ele>14.0</ele>
    <time>2025-08-21T03:12:56Z</time>
   </trkpt>
   <trkpt lat="25.0203450" lon="121.4247590">
    <ele>14.0</ele>
    <time>2025-08-21T03:12:57Z</time>
   </trkpt>
   <trkpt lat="25.0203430" lon="121.4247650">
    <ele>14.0</ele>
    <time>2025-08-21T03:12:58Z</time>
   </trkpt>
   <trkpt lat="25.0203430" lon="121.4247660">
    <ele>14.0</ele>
    <time>2025-08-21T03:12:59Z</time>
   </trkpt>
   <trkpt lat="25.0203410" lon="121.4247650">
    <ele>14.1</ele>
    <time>2025-08-21T03:13:00Z</time>
   </trkpt>
   <trkpt lat="25.0203400" lon="121.4247650">
    <ele>14.1</ele>
    <time>2025-08-21T03:13:01Z</time>
   </trkpt>
   <trkpt lat="25.0203350" lon="121.4247700">
    <ele>14.1</ele>
    <time>2025-08-21T03:13:02Z</time>
   </trkpt>
   <trkpt lat="25.0203310" lon="121.4247720">
    <ele>14.1</ele>
    <time>2025-08-21T03:13:03Z</time>
   </trkpt>
   <trkpt lat="25.0203300" lon="121.4247780">
    <ele>14.1</ele>
    <time>2025-08-21T03:13:04Z</time>
   </trkpt>
   <trkpt lat="25.0203180" lon="121.4247570">
    <ele>14.1</ele>
    <time>2025-08-21T03:13:05Z</time>
   </trkpt>
   <trkpt lat="25.0203140" lon="121.4247460">
    <ele>14.1</ele>
    <time>2025-08-21T03:13:06Z</time>
   </trkpt>
   <trkpt lat="25.0203110" lon="121.4247350">
    <ele>14.1</ele>
    <time>2025-08-21T03:13:07Z</time>
   </trkpt>
   <trkpt lat="25.0203130" lon="121.4247170">
    <ele>14.1</ele>
    <time>2025-08-21T03:13:08Z</time>
   </trkpt>
   <trkpt lat="25.0203150" lon="121.4247160">
    <ele>14.1</ele>
    <time>2025-08-21T03:13:09Z</time>
   </trkpt>
   <trkpt lat="25.0203160" lon="121.4247180">
    <ele>14.1</ele>
    <time>2025-08-21T03:13:10Z</time>
   </trkpt>
   <trkpt lat="25.0203180" lon="121.4247170">
    <ele>14.1</ele>
    <time>2025-08-21T03:13:11Z</time>
   </trkpt>
   <trkpt lat="25.0203200" lon="121.4247160">
    <ele>14.1</ele>
    <time>2025-08-21T03:13:12Z</time>
   </trkpt>
   <trkpt lat="25.0203200" lon="121.4247160">
    <ele>14.1</ele>
    <time>2025-08-21T03:13:13Z</time>
   </trkpt>
   <trkpt lat="25.0203200" lon="121.4247160">
    <ele>14.1</ele>
    <time>2025-08-21T03:13:14Z</time>
   </trkpt>
   <trkpt lat="25.0203200" lon="121.4247160">
    <ele>14.1</ele>
    <time>2025-08-21T03:13:15Z</time>
   </trkpt>
   <trkpt lat="25.0203210" lon="121.4247160">
    <ele>14.1</ele>
    <time>2025-08-21T03:13:16Z</time>
   </trkpt>
   <trkpt lat="25.0203190" lon="121.4247160">
    <ele>14.1</ele>
    <time>2025-08-21T03:13:17Z</time>
   </trkpt>
   <trkpt lat="25.0203120" lon="121.4247180">
    <ele>14.1</ele>
    <time>2025-08-21T03:13:18Z</time>
   </trkpt>
   <trkpt lat="25.0203130" lon="121.4247200">
    <ele>14.1</ele>
    <time>2025-08-21T03:13:19Z</time>
   </trkpt>
   <trkpt lat="25.0202970" lon="121.4247030">
    <ele>14.1</ele>
    <time>2025-08-21T03:13:20Z</time>
   </trkpt>
   <trkpt lat="25.0202670" lon="121.4246840">
    <ele>14.1</ele>
    <time>2025-08-21T03:13:21Z</time>
   </trkpt>
   <trkpt lat="25.0202330" lon="121.4246660">
    <ele>14.2</ele>
    <time>2025-08-21T03:13:22Z</time>
   </trkpt>
   <trkpt lat="25.0202190" lon="121.4246620">
    <ele>14.2</ele>
    <time>2025-08-21T03:13:23Z</time>
   </trkpt>
   <trkpt lat="25.0202010" lon="121.4246570">
    <ele>14.2</ele>
    <time>2025-08-21T03:13:24Z</time>
   </trkpt>
   <trkpt lat="25.0201880" lon="121.4246460">
    <ele>14.2</ele>
    <time>2025-08-21T03:13:25Z</time>
   </trkpt>
   <trkpt lat="25.0201720" lon="121.4246410">
    <ele>14.2</ele>
    <time>2025-08-21T03:13:26Z</time>
   </trkpt>
   <trkpt lat="25.0201600" lon="121.4246370">
    <ele>14.2</ele>
    <time>2025-08-21T03:13:27Z</time>
   </trkpt>
   <trkpt lat="25.0201400" lon="121.4246330">
    <ele>14.2</ele>
    <time>2025-08-21T03:13:28Z</time>
   </trkpt>
   <trkpt lat="25.0201310" lon="121.4246310">
    <ele>14.2</ele>
    <time>2025-08-21T03:13:29Z</time>
   </trkpt>
   <trkpt lat="25.0201220" lon="121.4246300">
    <ele>14.2</ele>
    <time>2025-08-21T03:13:30Z</time>
   </trkpt>
   <trkpt lat="25.0201090" lon="121.4246220">
    <ele>14.2</ele>
    <time>2025-08-21T03:13:31Z</time>
   </trkpt>
   <trkpt lat="25.0200950" lon="121.4246180">
    <ele>14.2</ele>
    <time>2025-08-21T03:13:32Z</time>
   </trkpt>
   <trkpt lat="25.0200800" lon="121.4246180">
    <ele>14.3</ele>
    <time>2025-08-21T03:13:33Z</time>
   </trkpt>
   <trkpt lat="25.0200630" lon="121.4246240">
    <ele>14.3</ele>
    <time>2025-08-21T03:13:34Z</time>
   </trkpt>
   <trkpt lat="25.0200390" lon="121.4246410">
    <ele>14.3</ele>
    <time>2025-08-21T03:13:35Z</time>
   </trkpt>
   <trkpt lat="25.0200320" lon="121.4246490">
    <ele>14.3</ele>
    <time>2025-08-21T03:13:36Z</time>
   </trkpt>
   <trkpt lat="25.0200180" lon="121.4246840">
    <ele>14.3</ele>
    <time>2025-08-21T03:13:37Z</time>
   </trkpt>
   <trkpt lat="25.0200140" lon="121.4246950">
    <ele>14.3</ele>
    <time>2025-08-21T03:13:38Z</time>
   </trkpt>
   <trkpt lat="25.0199970" lon="121.4247280">
    <ele>14.2</ele>
    <time>2025-08-21T03:13:39Z</time>
   </trkpt>
   <trkpt lat="25.0199910" lon="121.4247390">
    <ele>14.2</ele>
    <time>2025-08-21T03:13:40Z</time>
   </trkpt>
   <trkpt lat="25.0199850" lon="121.4247600">
    <ele>14.2</ele>
    <time>2025-08-21T03:13:41Z</time>
   </trkpt>
   <trkpt lat="25.0199830" lon="121.4247770">
    <ele>14.2</ele>
    <time>2025-08-21T03:13:42Z</time>
   </trkpt>
   <trkpt lat="25.0200430" lon="121.4247730">
    <ele>14.1</ele>
    <time>2025-08-21T03:13:43Z</time>
   </trkpt>
   <trkpt lat="25.0200300" lon="121.4247990">
    <ele>14.1</ele>
    <time>2025-08-21T03:13:44Z</time>
   </trkpt>
   <trkpt lat="25.0200210" lon="121.4248130">
    <ele>14.1</ele>
    <time>2025-08-21T03:13:45Z</time>
   </trkpt>
   <trkpt lat="25.0200120" lon="121.4248260">
    <ele>14.1</ele>
    <time>2025-08-21T03:13:46Z</time>
   </trkpt>
   <trkpt lat="25.0200020" lon="121.4248310">
    <ele>14.1</ele>
    <time>2025-08-21T03:13:47Z</time>
   </trkpt>
   <trkpt lat="25.0199940" lon="121.4248300">
    <ele>14.1</ele>
    <time>2025-08-21T03:13:48Z</time>
   </trkpt>
   <trkpt lat="25.0199940" lon="121.4248310">
    <ele>14.1</ele>
    <time>2025-08-21T03:13:49Z</time>
   </trkpt>
   <trkpt lat="25.0199970" lon="121.4248330">
    <ele>14.0</ele>
    <time>2025-08-21T03:13:50Z</time>
   </trkpt>
   <trkpt lat="25.0199980" lon="121.4248330">
    <ele>14.0</ele>
    <time>2025-08-21T03:13:51Z</time>
   </trkpt>
   <trkpt lat="25.0199910" lon="121.4248280">
    <ele>14.0</ele>
    <time>2025-08-21T03:13:52Z</time>
   </trkpt>
   <trkpt lat="25.0199890" lon="121.4248270">
    <ele>14.0</ele>
    <time>2025-08-21T03:13:53Z</time>
   </trkpt>
   <trkpt lat="25.0199890" lon="121.4248260">
    <ele>14.0</ele>
    <time>2025-08-21T03:13:54Z</time>
   </trkpt>
   <trkpt lat="25.0199880" lon="121.4248260">
    <ele>14.0</ele>
    <time>2025-08-21T03:13:55Z</time>
   </trkpt>
   <trkpt lat="25.0199870" lon="121.4248250">
    <ele>14.0</ele>
    <time>2025-08-21T03:13:56Z</time>
   </trkpt>
   <trkpt lat="25.0199870" lon="121.4248250">
    <ele>14.0</ele>
    <time>2025-08-21T03:13:57Z</time>
   </trkpt>
   <trkpt lat="25.0199860" lon="121.4248250">
    <ele>14.0</ele>
    <time>2025-08-21T03:13:58Z</time>
   </trkpt>
   <trkpt lat="25.0199840" lon="121.4248250">
    <ele>14.0</ele>
    <time>2025-08-21T03:13:59Z</time>
   </trkpt>
   <trkpt lat="25.0199830" lon="121.4248240">
    <ele>14.0</ele>
    <time>2025-08-21T03:14:00Z</time>
   </trkpt>
   <trkpt lat="25.0199830" lon="121.4248250">
    <ele>14.0</ele>
    <time>2025-08-21T03:14:01Z</time>
   </trkpt>
   <trkpt lat="25.0199820" lon="121.4248240">
    <ele>14.0</ele>
    <time>2025-08-21T03:14:02Z</time>
   </trkpt>
   <trkpt lat="25.0199800" lon="121.4248250">
    <ele>14.0</ele>
    <time>2025-08-21T03:14:03Z</time>
   </trkpt>
   <trkpt lat="25.0199790" lon="121.4248250">
    <ele>14.0</ele>
    <time>2025-08-21T03:14:04Z</time>
   </trkpt>
   <trkpt lat="25.0199770" lon="121.4248250">
    <ele>14.0</ele>
    <time>2025-08-21T03:14:05Z</time>
   </trkpt>
   <trkpt lat="25.0199750" lon="121.4248250">
    <ele>14.0</ele>
    <time>2025-08-21T03:14:06Z</time>
   </trkpt>
   <trkpt lat="25.0199730" lon="121.4248240">
    <ele>14.0</ele>
    <time>2025-08-21T03:14:07Z</time>
   </trkpt>
   <trkpt lat="25.0199710" lon="121.4248240">
    <ele>14.0</ele>
    <time>2025-08-21T03:14:08Z</time>
   </trkpt>
   <trkpt lat="25.0199700" lon="121.4248240">
    <ele>14.0</ele>
    <time>2025-08-21T03:14:09Z</time>
   </trkpt>
   <trkpt lat="25.0199690" lon="121.4248230">
    <ele>14.0</ele>
    <time>2025-08-21T03:14:11Z</time>
   </trkpt>
   <trkpt lat="25.0199680" lon="121.4248220">
    <ele>14.0</ele>
    <time>2025-08-21T03:14:12Z</time>
   </trkpt>
   <trkpt lat="25.0199680" lon="121.4248210">
    <ele>14.0</ele>
    <time>2025-08-21T03:14:13Z</time>
   </trkpt>
   <trkpt lat="25.0199690" lon="121.4248200">
    <ele>14.0</ele>
    <time>2025-08-21T03:14:14Z</time>
   </trkpt>
   <trkpt lat="25.0199800" lon="121.4248180">
    <ele>14.0</ele>
    <time>2025-08-21T03:14:15Z</time>
   </trkpt>
   <trkpt lat="25.0199810" lon="121.4248180">
    <ele>14.0</ele>
    <time>2025-08-21T03:14:16Z</time>
   </trkpt>
   <trkpt lat="25.0199820" lon="121.4248190">
    <ele>14.0</ele>
    <time>2025-08-21T03:14:18Z</time>
   </trkpt>
   <trkpt lat="25.0199830" lon="121.4248200">
    <ele>14.0</ele>
    <time>2025-08-21T03:14:19Z</time>
   </trkpt>
   <trkpt lat="25.0199840" lon="121.4248200">
    <ele>14.0</ele>
    <time>2025-08-21T03:14:20Z</time>
   </trkpt>
   <trkpt lat="25.0199830" lon="121.4248210">
    <ele>14.1</ele>
    <time>2025-08-21T03:14:21Z</time>
   </trkpt>
   <trkpt lat="25.0199870" lon="121.4248240">
    <ele>14.1</ele>
    <time>2025-08-21T03:14:22Z</time>
   </trkpt>
   <trkpt lat="25.0199880" lon="121.4248240">
    <ele>14.1</ele>
    <time>2025-08-21T03:14:23Z</time>
   </trkpt>
   <trkpt lat="25.0199890" lon="121.4248250">
    <ele>14.1</ele>
    <time>2025-08-21T03:14:24Z</time>
   </trkpt>
   <trkpt lat="25.0199890" lon="121.4248260">
    <ele>14.1</ele>
    <time>2025-08-21T03:14:25Z</time>
   </trkpt>
   <trkpt lat="25.0199910" lon="121.4248250">
    <ele>14.1</ele>
    <time>2025-08-21T03:14:26Z</time>
   </trkpt>
   <trkpt lat="25.0199920" lon="121.4248240">
    <ele>14.1</ele>
    <time>2025-08-21T03:14:27Z</time>
   </trkpt>
   <trkpt lat="25.0200000" lon="121.4248170">
    <ele>14.1</ele>
    <time>2025-08-21T03:14:28Z</time>
   </trkpt>
   <trkpt lat="25.0200010" lon="121.4248160">
    <ele>14.1</ele>
    <time>2025-08-21T03:14:29Z</time>
   </trkpt>
   <trkpt lat="25.0200020" lon="121.4248140">
    <ele>14.1</ele>
    <time>2025-08-21T03:14:30Z</time>
   </trkpt>
   <trkpt lat="25.0200030" lon="121.4248120">
    <ele>14.1</ele>
    <time>2025-08-21T03:14:31Z</time>
   </trkpt>
   <trkpt lat="25.0200070" lon="121.4248060">
    <ele>14.1</ele>
    <time>2025-08-21T03:14:32Z</time>
   </trkpt>
   <trkpt lat="25.0200190" lon="121.4247780">
    <ele>14.2</ele>
    <time>2025-08-21T03:14:33Z</time>
   </trkpt>
   <trkpt lat="25.0200230" lon="121.4247630">
    <ele>14.2</ele>
    <time>2025-08-21T03:14:34Z</time>
   </trkpt>
   <trkpt lat="25.0200300" lon="121.4247320">
    <ele>14.3</ele>
    <time>2025-08-21T03:14:35Z</time>
   </trkpt>
   <trkpt lat="25.0200270" lon="121.4247160">
    <ele>14.3</ele>
    <time>2025-08-21T03:14:36Z</time>
   </trkpt>
   <trkpt lat="25.0200230" lon="121.4247080">
    <ele>14.3</ele>
    <time>2025-08-21T03:14:37Z</time>
   </trkpt>
   <trkpt lat="25.0200160" lon="121.4247020">
    <ele>14.3</ele>
    <time>2025-08-21T03:14:38Z</time>
   </trkpt>
   <trkpt lat="25.0200000" lon="121.4246890">
    <ele>14.3</ele>
    <time>2025-08-21T03:14:39Z</time>
   </trkpt>
   <trkpt lat="25.0199920" lon="121.4246840">
    <ele>14.3</ele>
    <time>2025-08-21T03:14:40Z</time>
   </trkpt>
   <trkpt lat="25.0199850" lon="121.4246780">
    <ele>14.3</ele>
    <time>2025-08-21T03:14:41Z</time>
   </trkpt>
   <trkpt lat="25.0199730" lon="121.4246720">
    <ele>14.3</ele>
    <time>2025-08-21T03:14:42Z</time>
   </trkpt>
   <trkpt lat="25.0199580" lon="121.4246630">
    <ele>14.3</ele>
    <time>2025-08-21T03:14:43Z</time>
   </trkpt>
   <trkpt lat="25.0199360" lon="121.4246570">
    <ele>14.3</ele>
    <time>2025-08-21T03:14:44Z</time>
   </trkpt>
   <trkpt lat="25.0199270" lon="121.4246560">
    <ele>14.3</ele>
    <time>2025-08-21T03:14:45Z</time>
   </trkpt>
   <trkpt lat="25.0199180" lon="121.4246540">
    <ele>14.3</ele>
    <time>2025-08-21T03:14:46Z</time>
   </trkpt>
   <trkpt lat="25.0199120" lon="121.4246620">
    <ele>14.3</ele>
    <time>2025-08-21T03:14:47Z</time>
   </trkpt>
   <trkpt lat="25.0199100" lon="121.4246620">
    <ele>14.3</ele>
    <time>2025-08-21T03:14:48Z</time>
   </trkpt>
   <trkpt lat="25.0199060" lon="121.4246530">
    <ele>14.3</ele>
    <time>2025-08-21T03:14:49Z</time>
   </trkpt>
   <trkpt lat="25.0199030" lon="121.4246410">
    <ele>14.3</ele>
    <time>2025-08-21T03:14:50Z</time>
   </trkpt>
   <trkpt lat="25.0199030" lon="121.4246390">
    <ele>14.3</ele>
    <time>2025-08-21T03:14:51Z</time>
   </trkpt>
   <trkpt lat="25.0199040" lon="121.4246370">
    <ele>14.3</ele>
    <time>2025-08-21T03:14:52Z</time>
   </trkpt>
   <trkpt lat="25.0199040" lon="121.4246370">
    <ele>14.3</ele>
    <time>2025-08-21T03:14:53Z</time>
   </trkpt>
   <trkpt lat="25.0199030" lon="121.4246370">
    <ele>14.3</ele>
    <time>2025-08-21T03:14:54Z</time>
   </trkpt>
   <trkpt lat="25.0199030" lon="121.4246350">
    <ele>14.3</ele>
    <time>2025-08-21T03:14:55Z</time>
   </trkpt>
   <trkpt lat="25.0199000" lon="121.4246320">
    <ele>14.3</ele>
    <time>2025-08-21T03:14:56Z</time>
   </trkpt>
   <trkpt lat="25.0198990" lon="121.4246320">
    <ele>14.3</ele>
    <time>2025-08-21T03:14:57Z</time>
   </trkpt>
   <trkpt lat="25.0198980" lon="121.4246310">
    <ele>14.3</ele>
    <time>2025-08-21T03:14:58Z</time>
   </trkpt>
   <trkpt lat="25.0198960" lon="121.4246290">
    <ele>14.3</ele>
    <time>2025-08-21T03:14:59Z</time>
   </trkpt>
   <trkpt lat="25.0198930" lon="121.4246250">
    <ele>14.3</ele>
    <time>2025-08-21T03:15:00Z</time>
   </trkpt>
   <trkpt lat="25.0198920" lon="121.4246230">
    <ele>14.3</ele>
    <time>2025-08-21T03:15:01Z</time>
   </trkpt>
   <trkpt lat="25.0198910" lon="121.4246210">
    <ele>14.3</ele>
    <time>2025-08-21T03:15:02Z</time>
   </trkpt>
   <trkpt lat="25.0198870" lon="121.4246190">
    <ele>14.3</ele>
    <time>2025-08-21T03:15:03Z</time>
   </trkpt>
   <trkpt lat="25.0198830" lon="121.4246150">
    <ele>14.3</ele>
    <time>2025-08-21T03:15:04Z</time>
   </trkpt>
   <trkpt lat="25.0198850" lon="121.4246140">
    <ele>14.3</ele>
    <time>2025-08-21T03:15:05Z</time>
   </trkpt>
   <trkpt lat="25.0198840" lon="121.4246130">
    <ele>14.3</ele>
    <time>2025-08-21T03:15:06Z</time>
   </trkpt>
   <trkpt lat="25.0198830" lon="121.4246120">
    <ele>14.3</ele>
    <time>2025-08-21T03:15:07Z</time>
   </trkpt>
   <trkpt lat="25.0198820" lon="121.4246110">
    <ele>14.3</ele>
    <time>2025-08-21T03:15:08Z</time>
   </trkpt>
   <trkpt lat="25.0198810" lon="121.4246120">
    <ele>14.3</ele>
    <time>2025-08-21T03:15:09Z</time>
   </trkpt>
   <trkpt lat="25.0198790" lon="121.4246130">
    <ele>14.3</ele>
    <time>2025-08-21T03:15:10Z</time>
   </trkpt>
   <trkpt lat="25.0198790" lon="121.4246140">
    <ele>14.3</ele>
    <time>2025-08-21T03:15:11Z</time>
   </trkpt>
   <trkpt lat="25.0198830" lon="121.4246200">
    <ele>14.3</ele>
    <time>2025-08-21T03:15:12Z</time>
   </trkpt>
   <trkpt lat="25.0198830" lon="121.4246220">
    <ele>14.3</ele>
    <time>2025-08-21T03:15:13Z</time>
   </trkpt>
   <trkpt lat="25.0198830" lon="121.4246220">
    <ele>14.3</ele>
    <time>2025-08-21T03:15:14Z</time>
   </trkpt>
   <trkpt lat="25.0198830" lon="121.4246230">
    <ele>14.3</ele>
    <time>2025-08-21T03:15:15Z</time>
   </trkpt>
   <trkpt lat="25.0198820" lon="121.4246240">
    <ele>14.3</ele>
    <time>2025-08-21T03:15:16Z</time>
   </trkpt>
   <trkpt lat="25.0198810" lon="121.4246250">
    <ele>14.3</ele>
    <time>2025-08-21T03:15:17Z</time>
   </trkpt>
   <trkpt lat="25.0198810" lon="121.4246260">
    <ele>14.3</ele>
    <time>2025-08-21T03:15:18Z</time>
   </trkpt>
   <trkpt lat="25.0198800" lon="121.4246270">
    <ele>14.3</ele>
    <time>2025-08-21T03:15:19Z</time>
   </trkpt>
   <trkpt lat="25.0198880" lon="121.4246310">
    <ele>14.3</ele>
    <time>2025-08-21T03:15:20Z</time>
   </trkpt>
   <trkpt lat="25.0198880" lon="121.4246310">
    <ele>14.3</ele>
    <time>2025-08-21T03:15:21Z</time>
   </trkpt>
   <trkpt lat="25.0198880" lon="121.4246310">
    <ele>14.3</ele>
    <time>2025-08-21T03:15:22Z</time>
   </trkpt>
   <trkpt lat="25.0198880" lon="121.4246310">
    <ele>14.3</ele>
    <time>2025-08-21T03:15:23Z</time>
   </trkpt>
   <trkpt lat="25.0198880" lon="121.4246310">
    <ele>14.3</ele>
    <time>2025-08-21T03:15:24Z</time>
   </trkpt>
   <trkpt lat="25.0198870" lon="121.4246320">
    <ele>14.3</ele>
    <time>2025-08-21T03:15:25Z</time>
   </trkpt>
   <trkpt lat="25.0198870" lon="121.4246310">
    <ele>14.3</ele>
    <time>2025-08-21T03:15:26Z</time>
   </trkpt>
   <trkpt lat="25.0198950" lon="121.4246330">
    <ele>14.3</ele>
    <time>2025-08-21T03:15:27Z</time>
   </trkpt>
   <trkpt lat="25.0198950" lon="121.4246330">
    <ele>14.3</ele>
    <time>2025-08-21T03:15:28Z</time>
   </trkpt>
   <trkpt lat="25.0198950" lon="121.4246340">
    <ele>14.3</ele>
    <time>2025-08-21T03:15:29Z</time>
   </trkpt>
   <trkpt lat="25.0198940" lon="121.4246350">
    <ele>14.3</ele>
    <time>2025-08-21T03:15:30Z</time>
   </trkpt>
   <trkpt lat="25.0198940" lon="121.4246360">
    <ele>14.3</ele>
    <time>2025-08-21T03:15:31Z</time>
   </trkpt>
   <trkpt lat="25.0198930" lon="121.4246360">
    <ele>14.3</ele>
    <time>2025-08-21T03:15:32Z</time>
   </trkpt>
   <trkpt lat="25.0198930" lon="121.4246360">
    <ele>14.3</ele>
    <time>2025-08-21T03:15:33Z</time>
   </trkpt>
   <trkpt lat="25.0198930" lon="121.4246370">
    <ele>14.3</ele>
    <time>2025-08-21T03:15:34Z</time>
   </trkpt>
   <trkpt lat="25.0198960" lon="121.4246370">
    <ele>14.3</ele>
    <time>2025-08-21T03:15:35Z</time>
   </trkpt>
   <trkpt lat="25.0198970" lon="121.4246390">
    <ele>14.3</ele>
    <time>2025-08-21T03:15:36Z</time>
   </trkpt>
   <trkpt lat="25.0198970" lon="121.4246400">
    <ele>14.3</ele>
    <time>2025-08-21T03:15:37Z</time>
   </trkpt>
   <trkpt lat="25.0198970" lon="121.4246400">
    <ele>14.3</ele>
    <time>2025-08-21T03:15:38Z</time>
   </trkpt>
   <trkpt lat="25.0198970" lon="121.4246400">
    <ele>14.3</ele>
    <time>2025-08-21T03:15:39Z</time>
   </trkpt>
   <trkpt lat="25.0198960" lon="121.4246410">
    <ele>14.3</ele>
    <time>2025-08-21T03:15:40Z</time>
   </trkpt>
   <trkpt lat="25.0198960" lon="121.4246410">
    <ele>14.3</ele>
    <time>2025-08-21T03:15:41Z</time>
   </trkpt>
   <trkpt lat="25.0198950" lon="121.4246420">
    <ele>14.3</ele>
    <time>2025-08-21T03:15:42Z</time>
   </trkpt>
   <trkpt lat="25.0198950" lon="121.4246430">
    <ele>14.3</ele>
    <time>2025-08-21T03:15:43Z</time>
   </trkpt>
   <trkpt lat="25.0198970" lon="121.4246510">
    <ele>14.3</ele>
    <time>2025-08-21T03:15:44Z</time>
   </trkpt>
   <trkpt lat="25.0199030" lon="121.4246710">
    <ele>14.3</ele>
    <time>2025-08-21T03:15:45Z</time>
   </trkpt>
   <trkpt lat="25.0198950" lon="121.4246940">
    <ele>14.3</ele>
    <time>2025-08-21T03:15:46Z</time>
   </trkpt>
   <trkpt lat="25.0198880" lon="121.4247000">
    <ele>14.3</ele>
    <time>2025-08-21T03:15:47Z</time>
   </trkpt>
   <trkpt lat="25.0198820" lon="121.4247070">
    <ele>14.3</ele>
    <time>2025-08-21T03:15:48Z</time>
   </trkpt>
   <trkpt lat="25.0198720" lon="121.4247160">
    <ele>14.3</ele>
    <time>2025-08-21T03:15:49Z</time>
   </trkpt>
   <trkpt lat="25.0198570" lon="121.4247100">
    <ele>14.3</ele>
    <time>2025-08-21T03:15:50Z</time>
   </trkpt>
   <trkpt lat="25.0198470" lon="121.4247120">
    <ele>14.3</ele>
    <time>2025-08-21T03:15:51Z</time>
   </trkpt>
   <trkpt lat="25.0198370" lon="121.4247210">
    <ele>14.3</ele>
    <time>2025-08-21T03:15:52Z</time>
   </trkpt>
   <trkpt lat="25.0198330" lon="121.4247310">
    <ele>14.3</ele>
    <time>2025-08-21T03:15:53Z</time>
   </trkpt>
   <trkpt lat="25.0198340" lon="121.4247390">
    <ele>14.3</ele>
    <time>2025-08-21T03:15:54Z</time>
   </trkpt>
   <trkpt lat="25.0198360" lon="121.4247170">
    <ele>14.3</ele>
    <time>2025-08-21T03:15:55Z</time>
   </trkpt>
   <trkpt lat="25.0198370" lon="121.4246960">
    <ele>14.3</ele>
    <time>2025-08-21T03:15:57Z</time>
   </trkpt>
   <trkpt lat="25.0198380" lon="121.4246760">
    <ele>14.3</ele>
    <time>2025-08-21T03:15:58Z</time>
   </trkpt>
   <trkpt lat="25.0198370" lon="121.4246820">
    <ele>14.3</ele>
    <time>2025-08-21T03:15:59Z</time>
   </trkpt>
   <trkpt lat="25.0198350" lon="121.4246890">
    <ele>14.3</ele>
    <time>2025-08-21T03:16:00Z</time>
   </trkpt>
   <trkpt lat="25.0198340" lon="121.4246960">
    <ele>14.3</ele>
    <time>2025-08-21T03:16:01Z</time>
   </trkpt>
   <trkpt lat="25.0198330" lon="121.4247020">
    <ele>14.3</ele>
    <time>2025-08-21T03:16:02Z</time>
   </trkpt>
   <trkpt lat="25.0198310" lon="121.4247090">
    <ele>14.3</ele>
    <time>2025-08-21T03:16:03Z</time>
   </trkpt>
   <trkpt lat="25.0198300" lon="121.4247160">
    <ele>14.3</ele>
    <time>2025-08-21T03:16:04Z</time>
   </trkpt>
   <trkpt lat="25.0198290" lon="121.4247230">
    <ele>14.3</ele>
    <time>2025-08-21T03:16:05Z</time>
   </trkpt>
   <trkpt lat="25.0198270" lon="121.4247300">
    <ele>14.3</ele>
    <time>2025-08-21T03:16:06Z</time>
   </trkpt>
   <trkpt lat="25.0198260" lon="121.4247370">
    <ele>14.3</ele>
    <time>2025-08-21T03:16:07Z</time>
   </trkpt>
   <trkpt lat="25.0198250" lon="121.4247440">
    <ele>14.3</ele>
    <time>2025-08-21T03:16:08Z</time>
   </trkpt>
   <trkpt lat="25.0198230" lon="121.4247510">
    <ele>14.3</ele>
    <time>2025-08-21T03:16:09Z</time>
   </trkpt>
   <trkpt lat="25.0198220" lon="121.4247570">
    <ele>14.3</ele>
    <time>2025-08-21T03:16:10Z</time>
   </trkpt>
   <trkpt lat="25.0198210" lon="121.4247640">
    <ele>14.3</ele>
    <time>2025-08-21T03:16:11Z</time>
   </trkpt>
   <trkpt lat="25.0198190" lon="121.4247710">
    <ele>14.3</ele>
    <time>2025-08-21T03:16:12Z</time>
   </trkpt>
   <trkpt lat="25.0198180" lon="121.4247780">
    <ele>14.3</ele>
    <time>2025-08-21T03:16:13Z</time>
   </trkpt>
   <trkpt lat="25.0198160" lon="121.4247800">
    <ele>14.3</ele>
    <time>2025-08-21T03:16:14Z</time>
   </trkpt>
   <trkpt lat="25.0198100" lon="121.4247840">
    <ele>14.3</ele>
    <time>2025-08-21T03:16:15Z</time>
   </trkpt>
   <trkpt lat="25.0198080" lon="121.4247850">
    <ele>14.3</ele>
    <time>2025-08-21T03:16:16Z</time>
   </trkpt>
   <trkpt lat="25.0198090" lon="121.4247860">
    <ele>14.3</ele>
    <time>2025-08-21T03:16:17Z</time>
   </trkpt>
   <trkpt lat="25.0198100" lon="121.4247810">
    <ele>14.3</ele>
    <time>2025-08-21T03:16:18Z</time>
   </trkpt>
   <trkpt lat="25.0198160" lon="121.4247820">
    <ele>14.3</ele>
    <time>2025-08-21T03:16:19Z</time>
   </trkpt>
   <trkpt lat="25.0198110" lon="121.4247840">
    <ele>14.3</ele>
    <time>2025-08-21T03:16:20Z</time>
   </trkpt>
   <trkpt lat="25.0198080" lon="121.4247760">
    <ele>14.3</ele>
    <time>2025-08-21T03:16:21Z</time>
   </trkpt>
   <trkpt lat="25.0198100" lon="121.4247800">
    <ele>14.3</ele>
    <time>2025-08-21T03:16:22Z</time>
   </trkpt>
   <trkpt lat="25.0198100" lon="121.4247810">
    <ele>14.3</ele>
    <time>2025-08-21T03:16:23Z</time>
   </trkpt>
   <trkpt lat="25.0198060" lon="121.4247840">
    <ele>14.3</ele>
    <time>2025-08-21T03:16:24Z</time>
   </trkpt>
   <trkpt lat="25.0198070" lon="121.4247880">
    <ele>14.3</ele>
    <time>2025-08-21T03:16:25Z</time>
   </trkpt>
   <trkpt lat="25.0198050" lon="121.4247840">
    <ele>14.3</ele>
    <time>2025-08-21T03:16:26Z</time>
   </trkpt>
   <trkpt lat="25.0198040" lon="121.4247840">
    <ele>14.3</ele>
    <time>2025-08-21T03:16:27Z</time>
   </trkpt>
   <trkpt lat="25.0198010" lon="121.4247800">
    <ele>14.3</ele>
    <time>2025-08-21T03:16:28Z</time>
   </trkpt>
   <trkpt lat="25.0197990" lon="121.4247820">
    <ele>14.3</ele>
    <time>2025-08-21T03:16:29Z</time>
   </trkpt>
   <trkpt lat="25.0197990" lon="121.4247830">
    <ele>14.3</ele>
    <time>2025-08-21T03:16:30Z</time>
   </trkpt>
   <trkpt lat="25.0197950" lon="121.4247810">
    <ele>14.3</ele>
    <time>2025-08-21T03:16:31Z</time>
   </trkpt>
   <trkpt lat="25.0197940" lon="121.4247800">
    <ele>14.3</ele>
    <time>2025-08-21T03:16:32Z</time>
   </trkpt>
   <trkpt lat="25.0197930" lon="121.4247800">
    <ele>14.3</ele>
    <time>2025-08-21T03:16:33Z</time>
   </trkpt>
   <trkpt lat="25.0197950" lon="121.4247770">
    <ele>14.3</ele>
    <time>2025-08-21T03:16:34Z</time>
   </trkpt>
   <trkpt lat="25.0197920" lon="121.4247670">
    <ele>14.3</ele>
    <time>2025-08-21T03:16:35Z</time>
   </trkpt>
   <trkpt lat="25.0197890" lon="121.4247560">
    <ele>14.3</ele>
    <time>2025-08-21T03:16:36Z</time>
   </trkpt>
   <trkpt lat="25.0197870" lon="121.4247440">
    <ele>14.3</ele>
    <time>2025-08-21T03:16:37Z</time>
   </trkpt>
   <trkpt lat="25.0197800" lon="121.4247350">
    <ele>14.3</ele>
    <time>2025-08-21T03:16:38Z</time>
   </trkpt>
   <trkpt lat="25.0197560" lon="121.4247130">
    <ele>14.3</ele>
    <time>2025-08-21T03:16:39Z</time>
   </trkpt>
   <trkpt lat="25.0197470" lon="121.4247060">
    <ele>14.3</ele>
    <time>2025-08-21T03:16:40Z</time>
   </trkpt>
   <trkpt lat="25.0197140" lon="121.4246920">
    <ele>14.3</ele>
    <time>2025-08-21T03:16:41Z</time>
   </trkpt>
   <trkpt lat="25.0197010" lon="121.4246890">
    <ele>14.3</ele>
    <time>2025-08-21T03:16:42Z</time>
   </trkpt>
   <trkpt lat="25.0196860" lon="121.4246940">
    <ele>14.3</ele>
    <time>2025-08-21T03:16:43Z</time>
   </trkpt>
   <trkpt lat="25.0196710" lon="121.4246960">
    <ele>14.3</ele>
    <time>2025-08-21T03:16:44Z</time>
   </trkpt>
   <trkpt lat="25.0196510" lon="121.4246700">
    <ele>14.3</ele>
    <time>2025-08-21T03:16:45Z</time>
   </trkpt>
   <trkpt lat="25.0196440" lon="121.4246640">
    <ele>14.3</ele>
    <time>2025-08-21T03:16:46Z</time>
   </trkpt>
   <trkpt lat="25.0196230" lon="121.4246450">
    <ele>14.3</ele>
    <time>2025-08-21T03:16:47Z</time>
   </trkpt>
   <trkpt lat="25.0196140" lon="121.4246380">
    <ele>14.3</ele>
    <time>2025-08-21T03:16:48Z</time>
   </trkpt>
   <trkpt lat="25.0196180" lon="121.4246210">
    <ele>14.3</ele>
    <time>2025-08-21T03:16:49Z</time>
   </trkpt>
   <trkpt lat="25.0196270" lon="121.4246080">
    <ele>14.3</ele>
    <time>2025-08-21T03:16:50Z</time>
   </trkpt>
   <trkpt lat="25.0196350" lon="121.4245960">
    <ele>14.3</ele>
    <time>2025-08-21T03:16:51Z</time>
   </trkpt>
   <trkpt lat="25.0196200" lon="121.4245800">
    <ele>14.3</ele>
    <time>2025-08-21T03:16:52Z</time>
   </trkpt>
   <trkpt lat="25.0196100" lon="121.4245810">
    <ele>14.3</ele>
    <time>2025-08-21T03:16:53Z</time>
   </trkpt>
   <trkpt lat="25.0196040" lon="121.4245860">
    <ele>14.3</ele>
    <time>2025-08-21T03:16:54Z</time>
   </trkpt>
   <trkpt lat="25.0196030" lon="121.4245880">
    <ele>14.3</ele>
    <time>2025-08-21T03:16:55Z</time>
   </trkpt>
   <trkpt lat="25.0196000" lon="121.4245890">
    <ele>14.3</ele>
    <time>2025-08-21T03:16:56Z</time>
   </trkpt>
   <trkpt lat="25.0195980" lon="121.4245900">
    <ele>14.3</ele>
    <time>2025-08-21T03:16:57Z</time>
   </trkpt>
   <trkpt lat="25.0195980" lon="121.4245900">
    <ele>14.3</ele>
    <time>2025-08-21T03:16:58Z</time>
   </trkpt>
   <trkpt lat="25.0195980" lon="121.4245900">
    <ele>14.3</ele>
    <time>2025-08-21T03:16:59Z</time>
   </trkpt>
   <trkpt lat="25.0195980" lon="121.4245900">
    <ele>14.3</ele>
    <time>2025-08-21T03:17:00Z</time>
   </trkpt>
   <trkpt lat="25.0195980" lon="121.4245900">
    <ele>14.3</ele>
    <time>2025-08-21T03:17:01Z</time>
   </trkpt>
   <trkpt lat="25.0195980" lon="121.4245900">
    <ele>14.3</ele>
    <time>2025-08-21T03:17:02Z</time>
   </trkpt>
   <trkpt lat="25.0195980" lon="121.4245900">
    <ele>14.3</ele>
    <time>2025-08-21T03:17:03Z</time>
   </trkpt>
   <trkpt lat="25.0195980" lon="121.4245900">
    <ele>14.3</ele>
    <time>2025-08-21T03:17:04Z</time>
   </trkpt>
   <trkpt lat="25.0195980" lon="121.4245900">
    <ele>14.3</ele>
    <time>2025-08-21T03:17:05Z</time>
   </trkpt>
   <trkpt lat="25.0195980" lon="121.4245900">
    <ele>14.3</ele>
    <time>2025-08-21T03:17:06Z</time>
   </trkpt>
   <trkpt lat="25.0195980" lon="121.4245900">
    <ele>14.3</ele>
    <time>2025-08-21T03:17:07Z</time>
   </trkpt>
   <trkpt lat="25.0195980" lon="121.4245900">
    <ele>14.3</ele>
    <time>2025-08-21T03:17:08Z</time>
   </trkpt>
   <trkpt lat="25.0195980" lon="121.4245900">
    <ele>14.3</ele>
    <time>2025-08-21T03:17:09Z</time>
   </trkpt>
   <trkpt lat="25.0195980" lon="121.4245900">
    <ele>14.3</ele>
    <time>2025-08-21T03:17:10Z</time>
   </trkpt>
   <trkpt lat="25.0195970" lon="121.4245900">
    <ele>14.3</ele>
    <time>2025-08-21T03:17:11Z</time>
   </trkpt>
   <trkpt lat="25.0195970" lon="121.4245900">
    <ele>14.3</ele>
    <time>2025-08-21T03:17:12Z</time>
   </trkpt>
   <trkpt lat="25.0195970" lon="121.4245900">
    <ele>14.3</ele>
    <time>2025-08-21T03:17:13Z</time>
   </trkpt>
   <trkpt lat="25.0195960" lon="121.4245900">
    <ele>14.3</ele>
    <time>2025-08-21T03:17:14Z</time>
   </trkpt>
   <trkpt lat="25.0195970" lon="121.4245910">
    <ele>14.3</ele>
    <time>2025-08-21T03:17:15Z</time>
   </trkpt>
   <trkpt lat="25.0195970" lon="121.4245910">
    <ele>14.3</ele>
    <time>2025-08-21T03:17:16Z</time>
   </trkpt>
   <trkpt lat="25.0195970" lon="121.4245910">
    <ele>14.3</ele>
    <time>2025-08-21T03:17:17Z</time>
   </trkpt>
   <trkpt lat="25.0195970" lon="121.4245910">
    <ele>14.3</ele>
    <time>2025-08-21T03:17:18Z</time>
   </trkpt>
   <trkpt lat="25.0195960" lon="121.4245930">
    <ele>14.3</ele>
    <time>2025-08-21T03:17:19Z</time>
   </trkpt>
   <trkpt lat="25.0195950" lon="121.4245850">
    <ele>14.3</ele>
    <time>2025-08-21T03:17:20Z</time>
   </trkpt>
   <trkpt lat="25.0195980" lon="121.4245770">
    <ele>14.3</ele>
    <time>2025-08-21T03:17:21Z</time>
   </trkpt>
   <trkpt lat="25.0195990" lon="121.4245760">
    <ele>14.3</ele>
    <time>2025-08-21T03:17:22Z</time>
   </trkpt>
   <trkpt lat="25.0196010" lon="121.4245760">
    <ele>14.3</ele>
    <time>2025-08-21T03:17:23Z</time>
   </trkpt>
   <trkpt lat="25.0195970" lon="121.4245780">
    <ele>14.3</ele>
    <time>2025-08-21T03:17:24Z</time>
   </trkpt>
   <trkpt lat="25.0196000" lon="121.4245780">
    <ele>14.3</ele>
    <time>2025-08-21T03:17:25Z</time>
   </trkpt>
   <trkpt lat="25.0196000" lon="121.4245770">
    <ele>14.3</ele>
    <time>2025-08-21T03:17:26Z</time>
   </trkpt>
   <trkpt lat="25.0195990" lon="121.4245750">
    <ele>14.3</ele>
    <time>2025-08-21T03:17:27Z</time>
   </trkpt>
   <trkpt lat="25.0195930" lon="121.4245780">
    <ele>14.3</ele>
    <time>2025-08-21T03:17:28Z</time>
   </trkpt>
   <trkpt lat="25.0195900" lon="121.4245760">
    <ele>14.3</ele>
    <time>2025-08-21T03:17:29Z</time>
   </trkpt>
   <trkpt lat="25.0195870" lon="121.4245770">
    <ele>14.3</ele>
    <time>2025-08-21T03:17:30Z</time>
   </trkpt>
   <trkpt lat="25.0195830" lon="121.4245780">
    <ele>14.3</ele>
    <time>2025-08-21T03:17:31Z</time>
   </trkpt>
   <trkpt lat="25.0195830" lon="121.4245790">
    <ele>14.3</ele>
    <time>2025-08-21T03:17:32Z</time>
   </trkpt>
   <trkpt lat="25.0195830" lon="121.4245780">
    <ele>14.3</ele>
    <time>2025-08-21T03:17:33Z</time>
   </trkpt>
   <trkpt lat="25.0195900" lon="121.4245640">
    <ele>14.3</ele>
    <time>2025-08-21T03:17:34Z</time>
   </trkpt>
   <trkpt lat="25.0195920" lon="121.4245600">
    <ele>14.3</ele>
    <time>2025-08-21T03:17:35Z</time>
   </trkpt>
   <trkpt lat="25.0196000" lon="121.4245590">
    <ele>14.3</ele>
    <time>2025-08-21T03:17:36Z</time>
   </trkpt>
   <trkpt lat="25.0196040" lon="121.4245700">
    <ele>14.3</ele>
    <time>2025-08-21T03:17:37Z</time>
   </trkpt>
   <trkpt lat="25.0196010" lon="121.4245760">
    <ele>14.3</ele>
    <time>2025-08-21T03:17:38Z</time>
   </trkpt>
   <trkpt lat="25.0195980" lon="121.4245750">
    <ele>14.3</ele>
    <time>2025-08-21T03:17:39Z</time>
   </trkpt>
   <trkpt lat="25.0195980" lon="121.4245640">
    <ele>14.3</ele>
    <time>2025-08-21T03:17:40Z</time>
   </trkpt>
   <trkpt lat="25.0195970" lon="121.4245510">
    <ele>14.3</ele>
    <time>2025-08-21T03:17:41Z</time>
   </trkpt>
   <trkpt lat="25.0195890" lon="121.4245440">
    <ele>14.3</ele>
    <time>2025-08-21T03:17:42Z</time>
   </trkpt>
   <trkpt lat="25.0195770" lon="121.4245280">
    <ele>14.3</ele>
    <time>2025-08-21T03:17:43Z</time>
   </trkpt>
   <trkpt lat="25.0195680" lon="121.4244980">
    <ele>14.3</ele>
    <time>2025-08-21T03:17:44Z</time>
   </trkpt>
   <trkpt lat="25.0195620" lon="121.4244880">
    <ele>14.4</ele>
    <time>2025-08-21T03:17:45Z</time>
   </trkpt>
   <trkpt lat="25.0195440" lon="121.4244580">
    <ele>14.4</ele>
    <time>2025-08-21T03:17:46Z</time>
   </trkpt>
   <trkpt lat="25.0195360" lon="121.4244500">
    <ele>14.4</ele>
    <time>2025-08-21T03:17:47Z</time>
   </trkpt>
   <trkpt lat="25.0195250" lon="121.4244490">
    <ele>14.4</ele>
    <time>2025-08-21T03:17:48Z</time>
   </trkpt>
   <trkpt lat="25.0195160" lon="121.4244520">
    <ele>14.4</ele>
    <time>2025-08-21T03:17:49Z</time>
   </trkpt>
   <trkpt lat="25.0195070" lon="121.4244540">
    <ele>14.4</ele>
    <time>2025-08-21T03:17:50Z</time>
   </trkpt>
   <trkpt lat="25.0194950" lon="121.4244730">
    <ele>14.4</ele>
    <time>2025-08-21T03:17:51Z</time>
   </trkpt>
   <trkpt lat="25.0194900" lon="121.4244830">
    <ele>14.4</ele>
    <time>2025-08-21T03:17:52Z</time>
   </trkpt>
   <trkpt lat="25.0194840" lon="121.4244930">
    <ele>14.4</ele>
    <time>2025-08-21T03:17:53Z</time>
   </trkpt>
   <trkpt lat="25.0194780" lon="121.4245090">
    <ele>14.4</ele>
    <time>2025-08-21T03:17:54Z</time>
   </trkpt>
   <trkpt lat="25.0194700" lon="121.4245190">
    <ele>14.4</ele>
    <time>2025-08-21T03:17:55Z</time>
   </trkpt>
   <trkpt lat="25.0194630" lon="121.4245210">
    <ele>14.4</ele>
    <time>2025-08-21T03:17:56Z</time>
   </trkpt>
   <trkpt lat="25.0194530" lon="121.4245220">
    <ele>14.4</ele>
    <time>2025-08-21T03:17:57Z</time>
   </trkpt>
   <trkpt lat="25.0194410" lon="121.4245260">
    <ele>14.4</ele>
    <time>2025-08-21T03:17:58Z</time>
   </trkpt>
   <trkpt lat="25.0194310" lon="121.4245300">
    <ele>14.4</ele>
    <time>2025-08-21T03:17:59Z</time>
   </trkpt>
   <trkpt lat="25.0194180" lon="121.4245310">
    <ele>14.4</ele>
    <time>2025-08-21T03:18:00Z</time>
   </trkpt>
   <trkpt lat="25.0194110" lon="121.4245290">
    <ele>14.4</ele>
    <time>2025-08-21T03:18:01Z</time>
   </trkpt>
   <trkpt lat="25.0194070" lon="121.4245290">
    <ele>14.4</ele>
    <time>2025-08-21T03:18:02Z</time>
   </trkpt>
   <trkpt lat="25.0194020" lon="121.4245340">
    <ele>14.4</ele>
    <time>2025-08-21T03:18:03Z</time>
   </trkpt>
   <trkpt lat="25.0194020" lon="121.4245330">
    <ele>14.4</ele>
    <time>2025-08-21T03:18:04Z</time>
   </trkpt>
   <trkpt lat="25.0193970" lon="121.4245440">
    <ele>14.5</ele>
    <time>2025-08-21T03:18:05Z</time>
   </trkpt>
   <trkpt lat="25.0193940" lon="121.4245380">
    <ele>14.5</ele>
    <time>2025-08-21T03:18:06Z</time>
   </trkpt>
   <trkpt lat="25.0193920" lon="121.4245250">
    <ele>14.5</ele>
    <time>2025-08-21T03:18:07Z</time>
   </trkpt>
   <trkpt lat="25.0193990" lon="121.4245150">
    <ele>14.5</ele>
    <time>2025-08-21T03:18:08Z</time>
   </trkpt>
   <trkpt lat="25.0194050" lon="121.4245200">
    <ele>14.5</ele>
    <time>2025-08-21T03:18:09Z</time>
   </trkpt>
   <trkpt lat="25.0194070" lon="121.4245210">
    <ele>14.5</ele>
    <time>2025-08-21T03:18:10Z</time>
   </trkpt>
   <trkpt lat="25.0194070" lon="121.4245220">
    <ele>14.5</ele>
    <time>2025-08-21T03:18:11Z</time>
   </trkpt>
   <trkpt lat="25.0194040" lon="121.4245200">
    <ele>14.5</ele>
    <time>2025-08-21T03:18:12Z</time>
   </trkpt>
   <trkpt lat="25.0194060" lon="121.4245190">
    <ele>14.5</ele>
    <time>2025-08-21T03:18:13Z</time>
   </trkpt>
   <trkpt lat="25.0194110" lon="121.4245140">
    <ele>14.5</ele>
    <time>2025-08-21T03:18:14Z</time>
   </trkpt>
   <trkpt lat="25.0194140" lon="121.4245100">
    <ele>14.5</ele>
    <time>2025-08-21T03:18:15Z</time>
   </trkpt>
   <trkpt lat="25.0194150" lon="121.4245090">
    <ele>14.5</ele>
    <time>2025-08-21T03:18:16Z</time>
   </trkpt>
   <trkpt lat="25.0194150" lon="121.4245090">
    <ele>14.5</ele>
    <time>2025-08-21T03:18:17Z</time>
   </trkpt>
   <trkpt lat="25.0194150" lon="121.4245070">
    <ele>14.5</ele>
    <time>2025-08-21T03:18:18Z</time>
   </trkpt>
   <trkpt lat="25.0194180" lon="121.4245090">
    <ele>14.5</ele>
    <time>2025-08-21T03:18:19Z</time>
   </trkpt>
   <trkpt lat="25.0194170" lon="121.4244980">
    <ele>14.5</ele>
    <time>2025-08-21T03:18:20Z</time>
   </trkpt>
   <trkpt lat="25.0194310" lon="121.4244790">
    <ele>14.5</ele>
    <time>2025-08-21T03:18:22Z</time>
   </trkpt>
   <trkpt lat="25.0194380" lon="121.4244750">
    <ele>14.5</ele>
    <time>2025-08-21T03:18:23Z</time>
   </trkpt>
   <trkpt lat="25.0194460" lon="121.4244720">
    <ele>14.5</ele>
    <time>2025-08-21T03:18:24Z</time>
   </trkpt>
   <trkpt lat="25.0194470" lon="121.4244670">
    <ele>14.5</ele>
    <time>2025-08-21T03:18:25Z</time>
   </trkpt>
   <trkpt lat="25.0194450" lon="121.4244620">
    <ele>14.5</ele>
    <time>2025-08-21T03:18:26Z</time>
   </trkpt>
   <trkpt lat="25.0194420" lon="121.4244580">
    <ele>14.5</ele>
    <time>2025-08-21T03:18:27Z</time>
   </trkpt>
   <trkpt lat="25.0194390" lon="121.4244530">
    <ele>14.5</ele>
    <time>2025-08-21T03:18:28Z</time>
   </trkpt>
   <trkpt lat="25.0194370" lon="121.4244490">
    <ele>14.5</ele>
    <time>2025-08-21T03:18:29Z</time>
   </trkpt>
   <trkpt lat="25.0194340" lon="121.4244450">
    <ele>14.5</ele>
    <time>2025-08-21T03:18:30Z</time>
   </trkpt>
   <trkpt lat="25.0194310" lon="121.4244400">
    <ele>14.5</ele>
    <time>2025-08-21T03:18:31Z</time>
   </trkpt>
   <trkpt lat="25.0194280" lon="121.4244360">
    <ele>14.5</ele>
    <time>2025-08-21T03:18:32Z</time>
   </trkpt>
   <trkpt lat="25.0194260" lon="121.4244310">
    <ele>14.5</ele>
    <time>2025-08-21T03:18:33Z</time>
   </trkpt>
   <trkpt lat="25.0194230" lon="121.4244270">
    <ele>14.5</ele>
    <time>2025-08-21T03:18:34Z</time>
   </trkpt>
   <trkpt lat="25.0194140" lon="121.4243960">
    <ele>14.5</ele>
    <time>2025-08-21T03:18:35Z</time>
   </trkpt>
   <trkpt lat="25.0194120" lon="121.4243850">
    <ele>14.5</ele>
    <time>2025-08-21T03:18:36Z</time>
   </trkpt>
   <trkpt lat="25.0194120" lon="121.4243690">
    <ele>14.5</ele>
    <time>2025-08-21T03:18:37Z</time>
   </trkpt>
   <trkpt lat="25.0194140" lon="121.4243500">
    <ele>14.6</ele>
    <time>2025-08-21T03:18:38Z</time>
   </trkpt>
   <trkpt lat="25.0194170" lon="121.4243690">
    <ele>14.6</ele>
    <time>2025-08-21T03:18:39Z</time>
   </trkpt>
   <trkpt lat="25.0194200" lon="121.4243940">
    <ele>14.5</ele>
    <time>2025-08-21T03:18:40Z</time>
   </trkpt>
   <trkpt lat="25.0194220" lon="121.4244200">
    <ele>14.5</ele>
    <time>2025-08-21T03:18:41Z</time>
   </trkpt>
   <trkpt lat="25.0194250" lon="121.4244460">
    <ele>14.5</ele>
    <time>2025-08-21T03:18:42Z</time>
   </trkpt>
   <trkpt lat="25.0194140" lon="121.4244400">
    <ele>14.5</ele>
    <time>2025-08-21T03:18:43Z</time>
   </trkpt>
   <trkpt lat="25.0194200" lon="121.4244470">
    <ele>14.5</ele>
    <time>2025-08-21T03:18:44Z</time>
   </trkpt>
   <trkpt lat="25.0194260" lon="121.4244510">
    <ele>14.5</ele>
    <time>2025-08-21T03:18:45Z</time>
   </trkpt>
   <trkpt lat="25.0194400" lon="121.4244610">
    <ele>14.5</ele>
    <time>2025-08-21T03:18:46Z</time>
   </trkpt>
   <trkpt lat="25.0194410" lon="121.4244610">
    <ele>14.5</ele>
    <time>2025-08-21T03:18:47Z</time>
   </trkpt>
   <trkpt lat="25.0194400" lon="121.4244590">
    <ele>14.5</ele>
    <time>2025-08-21T03:18:48Z</time>
   </trkpt>
   <trkpt lat="25.0194390" lon="121.4244580">
    <ele>14.5</ele>
    <time>2025-08-21T03:18:49Z</time>
   </trkpt>
   <trkpt lat="25.0194400" lon="121.4244580">
    <ele>14.5</ele>
    <time>2025-08-21T03:18:50Z</time>
   </trkpt>
   <trkpt lat="25.0194380" lon="121.4244570">
    <ele>14.5</ele>
    <time>2025-08-21T03:18:51Z</time>
   </trkpt>
   <trkpt lat="25.0194380" lon="121.4244570">
    <ele>14.5</ele>
    <time>2025-08-21T03:18:52Z</time>
   </trkpt>
   <trkpt lat="25.0194520" lon="121.4244620">
    <ele>14.5</ele>
    <time>2025-08-21T03:18:53Z</time>
   </trkpt>
   <trkpt lat="25.0194520" lon="121.4244620">
    <ele>14.5</ele>
    <time>2025-08-21T03:18:54Z</time>
   </trkpt>
   <trkpt lat="25.0194510" lon="121.4244610">
    <ele>14.5</ele>
    <time>2025-08-21T03:18:55Z</time>
   </trkpt>
   <trkpt lat="25.0194510" lon="121.4244600">
    <ele>14.5</ele>
    <time>2025-08-21T03:18:56Z</time>
   </trkpt>
   <trkpt lat="25.0194500" lon="121.4244600">
    <ele>14.5</ele>
    <time>2025-08-21T03:18:57Z</time>
   </trkpt>
   <trkpt lat="25.0194500" lon="121.4244590">
    <ele>14.5</ele>
    <time>2025-08-21T03:18:59Z</time>
   </trkpt>
   <trkpt lat="25.0194500" lon="121.4244580">
    <ele>14.5</ele>
    <time>2025-08-21T03:19:00Z</time>
   </trkpt>
   <trkpt lat="25.0194490" lon="121.4244570">
    <ele>14.5</ele>
    <time>2025-08-21T03:19:01Z</time>
   </trkpt>
   <trkpt lat="25.0194490" lon="121.4244560">
    <ele>14.5</ele>
    <time>2025-08-21T03:19:02Z</time>
   </trkpt>
   <trkpt lat="25.0194480" lon="121.4244550">
    <ele>14.5</ele>
    <time>2025-08-21T03:19:03Z</time>
   </trkpt>
   <trkpt lat="25.0194480" lon="121.4244540">
    <ele>14.5</ele>
    <time>2025-08-21T03:19:04Z</time>
   </trkpt>
   <trkpt lat="25.0194480" lon="121.4244540">
    <ele>14.5</ele>
    <time>2025-08-21T03:19:05Z</time>
   </trkpt>
   <trkpt lat="25.0194470" lon="121.4244530">
    <ele>14.5</ele>
    <time>2025-08-21T03:19:06Z</time>
   </trkpt>
   <trkpt lat="25.0194470" lon="121.4244520">
    <ele>14.5</ele>
    <time>2025-08-21T03:19:07Z</time>
   </trkpt>
   <trkpt lat="25.0194460" lon="121.4244510">
    <ele>14.5</ele>
    <time>2025-08-21T03:19:08Z</time>
   </trkpt>
   <trkpt lat="25.0194460" lon="121.4244500">
    <ele>14.5</ele>
    <time>2025-08-21T03:19:09Z</time>
   </trkpt>
   <trkpt lat="25.0194460" lon="121.4244490">
    <ele>14.5</ele>
    <time>2025-08-21T03:19:10Z</time>
   </trkpt>
   <trkpt lat="25.0194450" lon="121.4244480">
    <ele>14.5</ele>
    <time>2025-08-21T03:19:11Z</time>
   </trkpt>
   <trkpt lat="25.0194450" lon="121.4244470">
    <ele>14.5</ele>
    <time>2025-08-21T03:19:12Z</time>
   </trkpt>
   <trkpt lat="25.0194440" lon="121.4244470">
    <ele>14.5</ele>
    <time>2025-08-21T03:19:13Z</time>
   </trkpt>
   <trkpt lat="25.0194440" lon="121.4244460">
    <ele>14.5</ele>
    <time>2025-08-21T03:19:14Z</time>
   </trkpt>
   <trkpt lat="25.0194440" lon="121.4244450">
    <ele>14.5</ele>
    <time>2025-08-21T03:19:15Z</time>
   </trkpt>
   <trkpt lat="25.0194430" lon="121.4244440">
    <ele>14.5</ele>
    <time>2025-08-21T03:19:17Z</time>
   </trkpt>
   <trkpt lat="25.0194430" lon="121.4244430">
    <ele>14.5</ele>
    <time>2025-08-21T03:19:18Z</time>
   </trkpt>
   <trkpt lat="25.0194420" lon="121.4244420">
    <ele>14.5</ele>
    <time>2025-08-21T03:19:19Z</time>
   </trkpt>
   <trkpt lat="25.0194420" lon="121.4244410">
    <ele>14.5</ele>
    <time>2025-08-21T03:19:20Z</time>
   </trkpt>
   <trkpt lat="25.0194420" lon="121.4244410">
    <ele>14.5</ele>
    <time>2025-08-21T03:19:21Z</time>
   </trkpt>
   <trkpt lat="25.0194410" lon="121.4244400">
    <ele>14.5</ele>
    <time>2025-08-21T03:19:22Z</time>
   </trkpt>
   <trkpt lat="25.0194410" lon="121.4244390">
    <ele>14.5</ele>
    <time>2025-08-21T03:19:23Z</time>
   </trkpt>
   <trkpt lat="25.0194410" lon="121.4244380">
    <ele>14.5</ele>
    <time>2025-08-21T03:19:25Z</time>
   </trkpt>
   <trkpt lat="25.0194400" lon="121.4244370">
    <ele>14.5</ele>
    <time>2025-08-21T03:19:26Z</time>
   </trkpt>
   <trkpt lat="25.0194400" lon="121.4244360">
    <ele>14.5</ele>
    <time>2025-08-21T03:19:27Z</time>
   </trkpt>
   <trkpt lat="25.0194390" lon="121.4244350">
    <ele>14.5</ele>
    <time>2025-08-21T03:19:28Z</time>
   </trkpt>
   <trkpt lat="25.0194390" lon="121.4244350">
    <ele>14.5</ele>
    <time>2025-08-21T03:19:29Z</time>
   </trkpt>
   <trkpt lat="25.0194390" lon="121.4244340">
    <ele>14.5</ele>
    <time>2025-08-21T03:19:30Z</time>
   </trkpt>
   <trkpt lat="25.0194380" lon="121.4244330">
    <ele>14.5</ele>
    <time>2025-08-21T03:19:31Z</time>
   </trkpt>
   <trkpt lat="25.0194380" lon="121.4244320">
    <ele>14.5</ele>
    <time>2025-08-21T03:19:32Z</time>
   </trkpt>
   <trkpt lat="25.0194370" lon="121.4244310">
    <ele>14.5</ele>
    <time>2025-08-21T03:19:33Z</time>
   </trkpt>
   <trkpt lat="25.0194370" lon="121.4244300">
    <ele>14.5</ele>
    <time>2025-08-21T03:19:34Z</time>
   </trkpt>
   <trkpt lat="25.0194370" lon="121.4244290">
    <ele>14.5</ele>
    <time>2025-08-21T03:19:35Z</time>
   </trkpt>
   <trkpt lat="25.0194360" lon="121.4244290">
    <ele>14.5</ele>
    <time>2025-08-21T03:19:36Z</time>
   </trkpt>
   <trkpt lat="25.0194360" lon="121.4244280">
    <ele>14.5</ele>
    <time>2025-08-21T03:19:37Z</time>
   </trkpt>
   <trkpt lat="25.0194350" lon="121.4244270">
    <ele>14.5</ele>
    <time>2025-08-21T03:19:38Z</time>
   </trkpt>
   <trkpt lat="25.0194350" lon="121.4244260">
    <ele>14.5</ele>
    <time>2025-08-21T03:19:39Z</time>
   </trkpt>
   <trkpt lat="25.0194350" lon="121.4244250">
    <ele>14.5</ele>
    <time>2025-08-21T03:19:40Z</time>
   </trkpt>
   <trkpt lat="25.0194340" lon="121.4244240">
    <ele>14.5</ele>
    <time>2025-08-21T03:19:41Z</time>
   </trkpt>
   <trkpt lat="25.0194340" lon="121.4244230">
    <ele>14.5</ele>
    <time>2025-08-21T03:19:42Z</time>
   </trkpt>
   <trkpt lat="25.0194330" lon="121.4244220">
    <ele>14.5</ele>
    <time>2025-08-21T03:19:43Z</time>
   </trkpt>
   <trkpt lat="25.0194330" lon="121.4244220">
    <ele>14.5</ele>
    <time>2025-08-21T03:19:44Z</time>
   </trkpt>
   <trkpt lat="25.0194330" lon="121.4244210">
    <ele>14.5</ele>
    <time>2025-08-21T03:19:45Z</time>
   </trkpt>
   <trkpt lat="25.0194320" lon="121.4244200">
    <ele>14.5</ele>
    <time>2025-08-21T03:19:46Z</time>
   </trkpt>
   <trkpt lat="25.0194320" lon="121.4244190">
    <ele>14.5</ele>
    <time>2025-08-21T03:19:47Z</time>
   </trkpt>
   <trkpt lat="25.0194310" lon="121.4244180">
    <ele>14.5</ele>
    <time>2025-08-21T03:19:48Z</time>
   </trkpt>
   <trkpt lat="25.0194310" lon="121.4244170">
    <ele>14.5</ele>
    <time>2025-08-21T03:19:49Z</time>
   </trkpt>
   <trkpt lat="25.0194310" lon="121.4244160">
    <ele>14.5</ele>
    <time>2025-08-21T03:19:50Z</time>
   </trkpt>
   <trkpt lat="25.0194300" lon="121.4244160">
    <ele>14.5</ele>
    <time>2025-08-21T03:19:51Z</time>
   </trkpt>
   <trkpt lat="25.0194300" lon="121.4244150">
    <ele>14.5</ele>
    <time>2025-08-21T03:19:52Z</time>
   </trkpt>
   <trkpt lat="25.0194290" lon="121.4244140">
    <ele>14.5</ele>
    <time>2025-08-21T03:19:53Z</time>
   </trkpt>
   <trkpt lat="25.0194290" lon="121.4244130">
    <ele>14.5</ele>
    <time>2025-08-21T03:19:54Z</time>
   </trkpt>
   <trkpt lat="25.0194180" lon="121.4243930">
    <ele>14.5</ele>
    <time>2025-08-21T03:19:55Z</time>
   </trkpt>
   <trkpt lat="25.0194150" lon="121.4243830">
    <ele>14.5</ele>
    <time>2025-08-21T03:19:56Z</time>
   </trkpt>
   <trkpt lat="25.0194340" lon="121.4244150">
    <ele>14.5</ele>
    <time>2025-08-21T03:19:57Z</time>
   </trkpt>
   <trkpt lat="25.0194520" lon="121.4244520">
    <ele>14.5</ele>
    <time>2025-08-21T03:19:58Z</time>
   </trkpt>
   <trkpt lat="25.0194430" lon="121.4244270">
    <ele>14.5</ele>
    <time>2025-08-21T03:19:59Z</time>
   </trkpt>
   <trkpt lat="25.0194410" lon="121.4244150">
    <ele>14.5</ele>
    <time>2025-08-21T03:20:00Z</time>
   </trkpt>
   <trkpt lat="25.0194460" lon="121.4244160">
    <ele>14.5</ele>
    <time>2025-08-21T03:20:01Z</time>
   </trkpt>
   <trkpt lat="25.0194480" lon="121.4244190">
    <ele>14.5</ele>
    <time>2025-08-21T03:20:02Z</time>
   </trkpt>
   <trkpt lat="25.0194490" lon="121.4244230">
    <ele>14.5</ele>
    <time>2025-08-21T03:20:03Z</time>
   </trkpt>
   <trkpt lat="25.0194510" lon="121.4244260">
    <ele>14.5</ele>
    <time>2025-08-21T03:20:04Z</time>
   </trkpt>
   <trkpt lat="25.0194520" lon="121.4244300">
    <ele>14.5</ele>
    <time>2025-08-21T03:20:05Z</time>
   </trkpt>
   <trkpt lat="25.0194540" lon="121.4244330">
    <ele>14.5</ele>
    <time>2025-08-21T03:20:06Z</time>
   </trkpt>
   <trkpt lat="25.0194550" lon="121.4244370">
    <ele>14.5</ele>
    <time>2025-08-21T03:20:07Z</time>
   </trkpt>
   <trkpt lat="25.0194570" lon="121.4244400">
    <ele>14.5</ele>
    <time>2025-08-21T03:20:08Z</time>
   </trkpt>
   <trkpt lat="25.0194580" lon="121.4244440">
    <ele>14.4</ele>
    <time>2025-08-21T03:20:09Z</time>
   </trkpt>
   <trkpt lat="25.0194600" lon="121.4244470">
    <ele>14.4</ele>
    <time>2025-08-21T03:20:10Z</time>
   </trkpt>
   <trkpt lat="25.0194610" lon="121.4244510">
    <ele>14.4</ele>
    <time>2025-08-21T03:20:11Z</time>
   </trkpt>
   <trkpt lat="25.0194630" lon="121.4244540">
    <ele>14.4</ele>
    <time>2025-08-21T03:20:12Z</time>
   </trkpt>
   <trkpt lat="25.0194640" lon="121.4244580">
    <ele>14.4</ele>
    <time>2025-08-21T03:20:13Z</time>
   </trkpt>
   <trkpt lat="25.0194660" lon="121.4244610">
    <ele>14.4</ele>
    <time>2025-08-21T03:20:14Z</time>
   </trkpt>
   <trkpt lat="25.0194670" lon="121.4244650">
    <ele>14.4</ele>
    <time>2025-08-21T03:20:15Z</time>
   </trkpt>
   <trkpt lat="25.0194720" lon="121.4244730">
    <ele>14.4</ele>
    <time>2025-08-21T03:20:16Z</time>
   </trkpt>
   <trkpt lat="25.0194710" lon="121.4244710">
    <ele>14.4</ele>
    <time>2025-08-21T03:20:17Z</time>
   </trkpt>
   <trkpt lat="25.0194710" lon="121.4244690">
    <ele>14.4</ele>
    <time>2025-08-21T03:20:18Z</time>
   </trkpt>
   <trkpt lat="25.0194730" lon="121.4244650">
    <ele>14.4</ele>
    <time>2025-08-21T03:20:19Z</time>
   </trkpt>
   <trkpt lat="25.0194730" lon="121.4244640">
    <ele>14.4</ele>
    <time>2025-08-21T03:20:20Z</time>
   </trkpt>
   <trkpt lat="25.0194730" lon="121.4244640">
    <ele>14.4</ele>
    <time>2025-08-21T03:20:21Z</time>
   </trkpt>
   <trkpt lat="25.0194720" lon="121.4244640">
    <ele>14.4</ele>
    <time>2025-08-21T03:20:22Z</time>
   </trkpt>
   <trkpt lat="25.0194720" lon="121.4244630">
    <ele>14.4</ele>
    <time>2025-08-21T03:20:23Z</time>
   </trkpt>
   <trkpt lat="25.0194720" lon="121.4244620">
    <ele>14.4</ele>
    <time>2025-08-21T03:20:25Z</time>
   </trkpt>
   <trkpt lat="25.0194660" lon="121.4244580">
    <ele>14.4</ele>
    <time>2025-08-21T03:20:26Z</time>
   </trkpt>
   <trkpt lat="25.0194650" lon="121.4244570">
    <ele>14.4</ele>
    <time>2025-08-21T03:20:27Z</time>
   </trkpt>
   <trkpt lat="25.0194640" lon="121.4244560">
    <ele>14.4</ele>
    <time>2025-08-21T03:20:28Z</time>
   </trkpt>
   <trkpt lat="25.0194640" lon="121.4244560">
    <ele>14.4</ele>
    <time>2025-08-21T03:20:29Z</time>
   </trkpt>
   <trkpt lat="25.0194630" lon="121.4244560">
    <ele>14.4</ele>
    <time>2025-08-21T03:20:30Z</time>
   </trkpt>
   <trkpt lat="25.0194580" lon="121.4244490">
    <ele>14.4</ele>
    <time>2025-08-21T03:20:31Z</time>
   </trkpt>
   <trkpt lat="25.0194580" lon="121.4244480">
    <ele>14.4</ele>
    <time>2025-08-21T03:20:32Z</time>
   </trkpt>
   <trkpt lat="25.0194580" lon="121.4244480">
    <ele>14.4</ele>
    <time>2025-08-21T03:20:33Z</time>
   </trkpt>
   <trkpt lat="25.0194580" lon="121.4244460">
    <ele>14.4</ele>
    <time>2025-08-21T03:20:34Z</time>
   </trkpt>
   <trkpt lat="25.0194580" lon="121.4244460">
    <ele>14.4</ele>
    <time>2025-08-21T03:20:35Z</time>
   </trkpt>
   <trkpt lat="25.0194580" lon="121.4244450">
    <ele>14.4</ele>
    <time>2025-08-21T03:20:36Z</time>
   </trkpt>
   <trkpt lat="25.0194520" lon="121.4244400">
    <ele>14.4</ele>
    <time>2025-08-21T03:20:37Z</time>
   </trkpt>
   <trkpt lat="25.0194520" lon="121.4244390">
    <ele>14.4</ele>
    <time>2025-08-21T03:20:39Z</time>
   </trkpt>
   <trkpt lat="25.0194520" lon="121.4244380">
    <ele>14.4</ele>
    <time>2025-08-21T03:20:40Z</time>
   </trkpt>
   <trkpt lat="25.0194520" lon="121.4244390">
    <ele>14.4</ele>
    <time>2025-08-21T03:20:41Z</time>
   </trkpt>
   <trkpt lat="25.0194520" lon="121.4244370">
    <ele>14.4</ele>
    <time>2025-08-21T03:20:42Z</time>
   </trkpt>
   <trkpt lat="25.0194500" lon="121.4244350">
    <ele>14.4</ele>
    <time>2025-08-21T03:20:44Z</time>
   </trkpt>
   <trkpt lat="25.0194520" lon="121.4244190">
    <ele>14.4</ele>
    <time>2025-08-21T03:20:45Z</time>
   </trkpt>
   <trkpt lat="25.0194530" lon="121.4244060">
    <ele>14.4</ele>
    <time>2025-08-21T03:20:46Z</time>
   </trkpt>
   <trkpt lat="25.0194560" lon="121.4243970">
    <ele>14.4</ele>
    <time>2025-08-21T03:20:47Z</time>
   </trkpt>
   <trkpt lat="25.0194530" lon="121.4244320">
    <ele>14.4</ele>
    <time>2025-08-21T03:20:48Z</time>
   </trkpt>
   <trkpt lat="25.0194540" lon="121.4244390">
    <ele>14.4</ele>
    <time>2025-08-21T03:20:49Z</time>
   </trkpt>
   <trkpt lat="25.0194540" lon="121.4244390">
    <ele>14.4</ele>
    <time>2025-08-21T03:20:50Z</time>
   </trkpt>
   <trkpt lat="25.0194540" lon="121.4244390">
    <ele>14.4</ele>
    <time>2025-08-21T03:20:51Z</time>
   </trkpt>
   <trkpt lat="25.0194540" lon="121.4244380">
    <ele>14.4</ele>
    <time>2025-08-21T03:20:52Z</time>
   </trkpt>
   <trkpt lat="25.0194540" lon="121.4244370">
    <ele>14.4</ele>
    <time>2025-08-21T03:20:53Z</time>
   </trkpt>
   <trkpt lat="25.0194540" lon="121.4244380">
    <ele>14.4</ele>
    <time>2025-08-21T03:20:54Z</time>
   </trkpt>
   <trkpt lat="25.0194550" lon="121.4244390">
    <ele>14.4</ele>
    <time>2025-08-21T03:20:55Z</time>
   </trkpt>
   <trkpt lat="25.0194560" lon="121.4244400">
    <ele>14.4</ele>
    <time>2025-08-21T03:20:56Z</time>
   </trkpt>
   <trkpt lat="25.0194560" lon="121.4244400">
    <ele>14.4</ele>
    <time>2025-08-21T03:20:57Z</time>
   </trkpt>
   <trkpt lat="25.0194570" lon="121.4244400">
    <ele>14.4</ele>
    <time>2025-08-21T03:20:58Z</time>
   </trkpt>
   <trkpt lat="25.0194570" lon="121.4244400">
    <ele>14.4</ele>
    <time>2025-08-21T03:20:59Z</time>
   </trkpt>
   <trkpt lat="25.0194560" lon="121.4244410">
    <ele>14.4</ele>
    <time>2025-08-21T03:21:00Z</time>
   </trkpt>
   <trkpt lat="25.0194550" lon="121.4244410">
    <ele>14.4</ele>
    <time>2025-08-21T03:21:01Z</time>
   </trkpt>
   <trkpt lat="25.0194550" lon="121.4244410">
    <ele>14.4</ele>
    <time>2025-08-21T03:21:02Z</time>
   </trkpt>
   <trkpt lat="25.0194560" lon="121.4244400">
    <ele>14.4</ele>
    <time>2025-08-21T03:21:03Z</time>
   </trkpt>
   <trkpt lat="25.0194560" lon="121.4244400">
    <ele>14.4</ele>
    <time>2025-08-21T03:21:04Z</time>
   </trkpt>
   <trkpt lat="25.0194560" lon="121.4244390">
    <ele>14.4</ele>
    <time>2025-08-21T03:21:05Z</time>
   </trkpt>
   <trkpt lat="25.0194560" lon="121.4244380">
    <ele>14.4</ele>
    <time>2025-08-21T03:21:06Z</time>
   </trkpt>
   <trkpt lat="25.0194560" lon="121.4244380">
    <ele>14.4</ele>
    <time>2025-08-21T03:21:07Z</time>
   </trkpt>
   <trkpt lat="25.0194490" lon="121.4244360">
    <ele>14.4</ele>
    <time>2025-08-21T03:21:08Z</time>
   </trkpt>
   <trkpt lat="25.0194500" lon="121.4244370">
    <ele>14.4</ele>
    <time>2025-08-21T03:21:09Z</time>
   </trkpt>
   <trkpt lat="25.0194510" lon="121.4244370">
    <ele>14.4</ele>
    <time>2025-08-21T03:21:10Z</time>
   </trkpt>
   <trkpt lat="25.0194520" lon="121.4244350">
    <ele>14.4</ele>
    <time>2025-08-21T03:21:11Z</time>
   </trkpt>
   <trkpt lat="25.0194530" lon="121.4244360">
    <ele>14.4</ele>
    <time>2025-08-21T03:21:12Z</time>
   </trkpt>
   <trkpt lat="25.0194530" lon="121.4244360">
    <ele>14.4</ele>
    <time>2025-08-21T03:21:13Z</time>
   </trkpt>
   <trkpt lat="25.0194600" lon="121.4244080">
    <ele>14.4</ele>
    <time>2025-08-21T03:21:14Z</time>
   </trkpt>
   <trkpt lat="25.0194530" lon="121.4244040">
    <ele>14.4</ele>
    <time>2025-08-21T03:21:15Z</time>
   </trkpt>
   <trkpt lat="25.0194440" lon="121.4244070">
    <ele>14.4</ele>
    <time>2025-08-21T03:21:16Z</time>
   </trkpt>
   <trkpt lat="25.0194360" lon="121.4244110">
    <ele>14.4</ele>
    <time>2025-08-21T03:21:17Z</time>
   </trkpt>
   <trkpt lat="25.0194270" lon="121.4244140">
    <ele>14.4</ele>
    <time>2025-08-21T03:21:18Z</time>
   </trkpt>
   <trkpt lat="25.0194180" lon="121.4244170">
    <ele>14.4</ele>
    <time>2025-08-21T03:21:19Z</time>
   </trkpt>
   <trkpt lat="25.0194130" lon="121.4244270">
    <ele>14.4</ele>
    <time>2025-08-21T03:21:20Z</time>
   </trkpt>
   <trkpt lat="25.0194100" lon="121.4244330">
    <ele>14.4</ele>
    <time>2025-08-21T03:21:21Z</time>
   </trkpt>
   <trkpt lat="25.0194090" lon="121.4244350">
    <ele>14.4</ele>
    <time>2025-08-21T03:21:22Z</time>
   </trkpt>
   <trkpt lat="25.0194040" lon="121.4244360">
    <ele>14.4</ele>
    <time>2025-08-21T03:21:23Z</time>
   </trkpt>
   <trkpt lat="25.0194250" lon="121.4244120">
    <ele>14.4</ele>
    <time>2025-08-21T03:21:24Z</time>
   </trkpt>
   <trkpt lat="25.0194320" lon="121.4244020">
    <ele>14.4</ele>
    <time>2025-08-21T03:21:25Z</time>
   </trkpt>
   <trkpt lat="25.0194350" lon="121.4243960">
    <ele>14.4</ele>
    <time>2025-08-21T03:21:26Z</time>
   </trkpt>
   <trkpt lat="25.0194380" lon="121.4243950">
    <ele>14.4</ele>
    <time>2025-08-21T03:21:27Z</time>
   </trkpt>
   <trkpt lat="25.0194180" lon="121.4244130">
    <ele>14.4</ele>
    <time>2025-08-21T03:21:28Z</time>
   </trkpt>
   <trkpt lat="25.0194290" lon="121.4244280">
    <ele>14.3</ele>
    <time>2025-08-21T03:21:29Z</time>
   </trkpt>
   <trkpt lat="25.0194310" lon="121.4244290">
    <ele>14.3</ele>
    <time>2025-08-21T03:21:31Z</time>
   </trkpt>
   <trkpt lat="25.0194260" lon="121.4244300">
    <ele>14.3</ele>
    <time>2025-08-21T03:21:32Z</time>
   </trkpt>
   <trkpt lat="25.0194240" lon="121.4244300">
    <ele>14.3</ele>
    <time>2025-08-21T03:21:33Z</time>
   </trkpt>
   <trkpt lat="25.0194240" lon="121.4244300">
    <ele>14.3</ele>
    <time>2025-08-21T03:21:34Z</time>
   </trkpt>
   <trkpt lat="25.0194240" lon="121.4244300">
    <ele>14.3</ele>
    <time>2025-08-21T03:21:35Z</time>
   </trkpt>
   <trkpt lat="25.0194250" lon="121.4244300">
    <ele>14.3</ele>
    <time>2025-08-21T03:21:36Z</time>
   </trkpt>
   <trkpt lat="25.0194250" lon="121.4244300">
    <ele>14.3</ele>
    <time>2025-08-21T03:21:37Z</time>
   </trkpt>
   <trkpt lat="25.0194220" lon="121.4244310">
    <ele>14.3</ele>
    <time>2025-08-21T03:21:38Z</time>
   </trkpt>
   <trkpt lat="25.0194220" lon="121.4244310">
    <ele>14.3</ele>
    <time>2025-08-21T03:21:39Z</time>
   </trkpt>
   <trkpt lat="25.0194220" lon="121.4244310">
    <ele>14.3</ele>
    <time>2025-08-21T03:21:40Z</time>
   </trkpt>
   <trkpt lat="25.0194220" lon="121.4244300">
    <ele>14.3</ele>
    <time>2025-08-21T03:21:41Z</time>
   </trkpt>
   <trkpt lat="25.0194230" lon="121.4244310">
    <ele>14.3</ele>
    <time>2025-08-21T03:21:42Z</time>
   </trkpt>
   <trkpt lat="25.0194230" lon="121.4244310">
    <ele>14.3</ele>
    <time>2025-08-21T03:21:43Z</time>
   </trkpt>
   <trkpt lat="25.0194210" lon="121.4244310">
    <ele>14.3</ele>
    <time>2025-08-21T03:21:44Z</time>
   </trkpt>
   <trkpt lat="25.0194220" lon="121.4244320">
    <ele>14.3</ele>
    <time>2025-08-21T03:21:45Z</time>
   </trkpt>
   <trkpt lat="25.0194220" lon="121.4244330">
    <ele>14.3</ele>
    <time>2025-08-21T03:21:46Z</time>
   </trkpt>
   <trkpt lat="25.0194220" lon="121.4244330">
    <ele>14.3</ele>
    <time>2025-08-21T03:21:47Z</time>
   </trkpt>
   <trkpt lat="25.0194220" lon="121.4244330">
    <ele>14.3</ele>
    <time>2025-08-21T03:21:48Z</time>
   </trkpt>
   <trkpt lat="25.0194220" lon="121.4244330">
    <ele>14.3</ele>
    <time>2025-08-21T03:21:49Z</time>
   </trkpt>
   <trkpt lat="25.0194160" lon="121.4244330">
    <ele>14.3</ele>
    <time>2025-08-21T03:21:50Z</time>
   </trkpt>
   <trkpt lat="25.0194080" lon="121.4244350">
    <ele>14.3</ele>
    <time>2025-08-21T03:21:51Z</time>
   </trkpt>
   <trkpt lat="25.0194010" lon="121.4244370">
    <ele>14.3</ele>
    <time>2025-08-21T03:21:52Z</time>
   </trkpt>
   <trkpt lat="25.0193970" lon="121.4244360">
    <ele>14.3</ele>
    <time>2025-08-21T03:21:53Z</time>
   </trkpt>
   <trkpt lat="25.0193960" lon="121.4244360">
    <ele>14.3</ele>
    <time>2025-08-21T03:21:54Z</time>
   </trkpt>
   <trkpt lat="25.0193950" lon="121.4244370">
    <ele>14.3</ele>
    <time>2025-08-21T03:21:55Z</time>
   </trkpt>
   <trkpt lat="25.0193980" lon="121.4244390">
    <ele>14.3</ele>
    <time>2025-08-21T03:21:56Z</time>
   </trkpt>
   <trkpt lat="25.0194010" lon="121.4244400">
    <ele>14.3</ele>
    <time>2025-08-21T03:21:57Z</time>
   </trkpt>
   <trkpt lat="25.0194020" lon="121.4244410">
    <ele>14.3</ele>
    <time>2025-08-21T03:21:58Z</time>
   </trkpt>
   <trkpt lat="25.0194030" lon="121.4244410">
    <ele>14.3</ele>
    <time>2025-08-21T03:21:59Z</time>
   </trkpt>
   <trkpt lat="25.0194030" lon="121.4244410">
    <ele>14.3</ele>
    <time>2025-08-21T03:22:00Z</time>
   </trkpt>
   <trkpt lat="25.0194030" lon="121.4244410">
    <ele>14.3</ele>
    <time>2025-08-21T03:22:01Z</time>
   </trkpt>
   <trkpt lat="25.0194050" lon="121.4244410">
    <ele>14.3</ele>
    <time>2025-08-21T03:22:02Z</time>
   </trkpt>
   <trkpt lat="25.0194120" lon="121.4244340">
    <ele>14.3</ele>
    <time>2025-08-21T03:22:03Z</time>
   </trkpt>
   <trkpt lat="25.0194150" lon="121.4244320">
    <ele>14.3</ele>
    <time>2025-08-21T03:22:04Z</time>
   </trkpt>
   <trkpt lat="25.0194170" lon="121.4244320">
    <ele>14.3</ele>
    <time>2025-08-21T03:22:05Z</time>
   </trkpt>
   <trkpt lat="25.0194180" lon="121.4244320">
    <ele>14.3</ele>
    <time>2025-08-21T03:22:06Z</time>
   </trkpt>
   <trkpt lat="25.0194190" lon="121.4244320">
    <ele>14.3</ele>
    <time>2025-08-21T03:22:07Z</time>
   </trkpt>
   <trkpt lat="25.0194190" lon="121.4244330">
    <ele>14.3</ele>
    <time>2025-08-21T03:22:08Z</time>
   </trkpt>
   <trkpt lat="25.0194190" lon="121.4244320">
    <ele>14.3</ele>
    <time>2025-08-21T03:22:09Z</time>
   </trkpt>
   <trkpt lat="25.0194190" lon="121.4244330">
    <ele>14.3</ele>
    <time>2025-08-21T03:22:10Z</time>
   </trkpt>
   <trkpt lat="25.0194200" lon="121.4244330">
    <ele>14.3</ele>
    <time>2025-08-21T03:22:11Z</time>
   </trkpt>
   <trkpt lat="25.0194210" lon="121.4244340">
    <ele>14.3</ele>
    <time>2025-08-21T03:22:12Z</time>
   </trkpt>
   <trkpt lat="25.0194210" lon="121.4244340">
    <ele>14.3</ele>
    <time>2025-08-21T03:22:13Z</time>
   </trkpt>
   <trkpt lat="25.0194190" lon="121.4244350">
    <ele>14.3</ele>
    <time>2025-08-21T03:22:14Z</time>
   </trkpt>
   <trkpt lat="25.0194190" lon="121.4244340">
    <ele>14.3</ele>
    <time>2025-08-21T03:22:15Z</time>
   </trkpt>
   <trkpt lat="25.0194190" lon="121.4244330">
    <ele>14.3</ele>
    <time>2025-08-21T03:22:16Z</time>
   </trkpt>
   <trkpt lat="25.0194180" lon="121.4244330">
    <ele>14.3</ele>
    <time>2025-08-21T03:22:17Z</time>
   </trkpt>
   <trkpt lat="25.0194170" lon="121.4244320">
    <ele>14.3</ele>
    <time>2025-08-21T03:22:18Z</time>
   </trkpt>
   <trkpt lat="25.0194170" lon="121.4244330">
    <ele>14.3</ele>
    <time>2025-08-21T03:22:19Z</time>
   </trkpt>
   <trkpt lat="25.0194170" lon="121.4244330">
    <ele>14.3</ele>
    <time>2025-08-21T03:22:20Z</time>
   </trkpt>
   <trkpt lat="25.0194170" lon="121.4244330">
    <ele>14.3</ele>
    <time>2025-08-21T03:22:21Z</time>
   </trkpt>
   <trkpt lat="25.0194170" lon="121.4244330">
    <ele>14.3</ele>
    <time>2025-08-21T03:22:22Z</time>
   </trkpt>
   <trkpt lat="25.0194170" lon="121.4244330">
    <ele>14.3</ele>
    <time>2025-08-21T03:22:23Z</time>
   </trkpt>
   <trkpt lat="25.0194170" lon="121.4244340">
    <ele>14.3</ele>
    <time>2025-08-21T03:22:24Z</time>
   </trkpt>
   <trkpt lat="25.0194180" lon="121.4244340">
    <ele>14.3</ele>
    <time>2025-08-21T03:22:25Z</time>
   </trkpt>
   <trkpt lat="25.0194120" lon="121.4244320">
    <ele>14.3</ele>
    <time>2025-08-21T03:22:26Z</time>
   </trkpt>
   <trkpt lat="25.0194130" lon="121.4244330">
    <ele>14.3</ele>
    <time>2025-08-21T03:22:27Z</time>
   </trkpt>
   <trkpt lat="25.0194150" lon="121.4244330">
    <ele>14.3</ele>
    <time>2025-08-21T03:22:28Z</time>
   </trkpt>
   <trkpt lat="25.0194150" lon="121.4244330">
    <ele>14.3</ele>
    <time>2025-08-21T03:22:29Z</time>
   </trkpt>
   <trkpt lat="25.0194150" lon="121.4244340">
    <ele>14.3</ele>
    <time>2025-08-21T03:22:30Z</time>
   </trkpt>
   <trkpt lat="25.0194140" lon="121.4244340">
    <ele>14.3</ele>
    <time>2025-08-21T03:22:31Z</time>
   </trkpt>
   <trkpt lat="25.0194130" lon="121.4244340">
    <ele>14.3</ele>
    <time>2025-08-21T03:22:32Z</time>
   </trkpt>
   <trkpt lat="25.0194130" lon="121.4244330">
    <ele>14.3</ele>
    <time>2025-08-21T03:22:33Z</time>
   </trkpt>
   <trkpt lat="25.0194140" lon="121.4244340">
    <ele>14.3</ele>
    <time>2025-08-21T03:22:34Z</time>
   </trkpt>
   <trkpt lat="25.0194170" lon="121.4244370">
    <ele>14.3</ele>
    <time>2025-08-21T03:22:35Z</time>
   </trkpt>
   <trkpt lat="25.0194230" lon="121.4244390">
    <ele>14.3</ele>
    <time>2025-08-21T03:22:36Z</time>
   </trkpt>
   <trkpt lat="25.0194270" lon="121.4244420">
    <ele>14.3</ele>
    <time>2025-08-21T03:22:37Z</time>
   </trkpt>
   <trkpt lat="25.0194280" lon="121.4244440">
    <ele>14.3</ele>
    <time>2025-08-21T03:22:38Z</time>
   </trkpt>
   <trkpt lat="25.0194280" lon="121.4244440">
    <ele>14.3</ele>
    <time>2025-08-21T03:22:39Z</time>
   </trkpt>
   <trkpt lat="25.0194280" lon="121.4244450">
    <ele>14.3</ele>
    <time>2025-08-21T03:22:40Z</time>
   </trkpt>
   <trkpt lat="25.0194300" lon="121.4244460">
    <ele>14.3</ele>
    <time>2025-08-21T03:22:41Z</time>
   </trkpt>
   <trkpt lat="25.0194310" lon="121.4244470">
    <ele>14.3</ele>
    <time>2025-08-21T03:22:42Z</time>
   </trkpt>
   <trkpt lat="25.0194330" lon="121.4244470">
    <ele>14.3</ele>
    <time>2025-08-21T03:22:43Z</time>
   </trkpt>
   <trkpt lat="25.0194320" lon="121.4244500">
    <ele>14.3</ele>
    <time>2025-08-21T03:22:44Z</time>
   </trkpt>
   <trkpt lat="25.0194340" lon="121.4244500">
    <ele>14.3</ele>
    <time>2025-08-21T03:22:45Z</time>
   </trkpt>
   <trkpt lat="25.0194420" lon="121.4244560">
    <ele>14.3</ele>
    <time>2025-08-21T03:22:46Z</time>
   </trkpt>
   <trkpt lat="25.0194540" lon="121.4244710">
    <ele>14.3</ele>
    <time>2025-08-21T03:22:47Z</time>
   </trkpt>
   <trkpt lat="25.0194750" lon="121.4244950">
    <ele>14.3</ele>
    <time>2025-08-21T03:22:48Z</time>
   </trkpt>
   <trkpt lat="25.0194830" lon="121.4245050">
    <ele>14.3</ele>
    <time>2025-08-21T03:22:49Z</time>
   </trkpt>
   <trkpt lat="25.0194970" lon="121.4245210">
    <ele>14.3</ele>
    <time>2025-08-21T03:22:50Z</time>
   </trkpt>
   <trkpt lat="25.0195170" lon="121.4245200">
    <ele>14.3</ele>
    <time>2025-08-21T03:22:51Z</time>
   </trkpt>
   <trkpt lat="25.0195340" lon="121.4245340">
    <ele>14.3</ele>
    <time>2025-08-21T03:22:52Z</time>
   </trkpt>
   <trkpt lat="25.0195390" lon="121.4245400">
    <ele>14.3</ele>
    <time>2025-08-21T03:22:53Z</time>
   </trkpt>
   <trkpt lat="25.0195450" lon="121.4245470">
    <ele>14.3</ele>
    <time>2025-08-21T03:22:54Z</time>
   </trkpt>
   <trkpt lat="25.0195620" lon="121.4245580">
    <ele>14.3</ele>
    <time>2025-08-21T03:22:55Z</time>
   </trkpt>
   <trkpt lat="25.0195700" lon="121.4245590">
    <ele>14.3</ele>
    <time>2025-08-21T03:22:56Z</time>
   </trkpt>
   <trkpt lat="25.0195790" lon="121.4245590">
    <ele>14.3</ele>
    <time>2025-08-21T03:22:57Z</time>
   </trkpt>
   <trkpt lat="25.0195880" lon="121.4245670">
    <ele>14.3</ele>
    <time>2025-08-21T03:22:58Z</time>
   </trkpt>
   <trkpt lat="25.0195970" lon="121.4245740">
    <ele>14.3</ele>
    <time>2025-08-21T03:22:59Z</time>
   </trkpt>
   <trkpt lat="25.0196050" lon="121.4245820">
    <ele>14.3</ele>
    <time>2025-08-21T03:23:00Z</time>
   </trkpt>
   <trkpt lat="25.0196170" lon="121.4246010">
    <ele>14.3</ele>
    <time>2025-08-21T03:23:01Z</time>
   </trkpt>
   <trkpt lat="25.0196220" lon="121.4246100">
    <ele>14.3</ele>
    <time>2025-08-21T03:23:02Z</time>
   </trkpt>
   <trkpt lat="25.0196270" lon="121.4246190">
    <ele>14.3</ele>
    <time>2025-08-21T03:23:03Z</time>
   </trkpt>
   <trkpt lat="25.0196430" lon="121.4246120">
    <ele>14.3</ele>
    <time>2025-08-21T03:23:04Z</time>
   </trkpt>
   <trkpt lat="25.0196520" lon="121.4246160">
    <ele>14.3</ele>
    <time>2025-08-21T03:23:05Z</time>
   </trkpt>
   <trkpt lat="25.0196630" lon="121.4246180">
    <ele>14.3</ele>
    <time>2025-08-21T03:23:06Z</time>
   </trkpt>
   <trkpt lat="25.0196810" lon="121.4246310">
    <ele>14.3</ele>
    <time>2025-08-21T03:23:07Z</time>
   </trkpt>
   <trkpt lat="25.0196870" lon="121.4246390">
    <ele>14.3</ele>
    <time>2025-08-21T03:23:08Z</time>
   </trkpt>
   <trkpt lat="25.0196940" lon="121.4246460">
    <ele>14.3</ele>
    <time>2025-08-21T03:23:09Z</time>
   </trkpt>
   <trkpt lat="25.0196970" lon="121.4246630">
    <ele>14.3</ele>
    <time>2025-08-21T03:23:10Z</time>
   </trkpt>
   <trkpt lat="25.0197030" lon="121.4246500">
    <ele>14.3</ele>
    <time>2025-08-21T03:23:11Z</time>
   </trkpt>
   <trkpt lat="25.0196980" lon="121.4246610">
    <ele>14.3</ele>
    <time>2025-08-21T03:23:12Z</time>
   </trkpt>
   <trkpt lat="25.0196910" lon="121.4246730">
    <ele>14.3</ele>
    <time>2025-08-21T03:23:13Z</time>
   </trkpt>
   <trkpt lat="25.0196820" lon="121.4246830">
    <ele>14.3</ele>
    <time>2025-08-21T03:23:14Z</time>
   </trkpt>
   <trkpt lat="25.0196730" lon="121.4246930">
    <ele>14.3</ele>
    <time>2025-08-21T03:23:15Z</time>
   </trkpt>
   <trkpt lat="25.0196640" lon="121.4247010">
    <ele>14.3</ele>
    <time>2025-08-21T03:23:16Z</time>
   </trkpt>
   <trkpt lat="25.0196610" lon="121.4246970">
    <ele>14.3</ele>
    <time>2025-08-21T03:23:17Z</time>
   </trkpt>
   <trkpt lat="25.0196570" lon="121.4246920">
    <ele>14.3</ele>
    <time>2025-08-21T03:23:18Z</time>
   </trkpt>
   <trkpt lat="25.0196520" lon="121.4246870">
    <ele>14.3</ele>
    <time>2025-08-21T03:23:19Z</time>
   </trkpt>
   <trkpt lat="25.0196530" lon="121.4246760">
    <ele>14.3</ele>
    <time>2025-08-21T03:23:21Z</time>
   </trkpt>
   <trkpt lat="25.0196550" lon="121.4246730">
    <ele>14.3</ele>
    <time>2025-08-21T03:23:22Z</time>
   </trkpt>
   <trkpt lat="25.0196560" lon="121.4246720">
    <ele>14.3</ele>
    <time>2025-08-21T03:23:23Z</time>
   </trkpt>
   <trkpt lat="25.0196640" lon="121.4246710">
    <ele>14.3</ele>
    <time>2025-08-21T03:23:24Z</time>
   </trkpt>
   <trkpt lat="25.0196660" lon="121.4246720">
    <ele>14.3</ele>
    <time>2025-08-21T03:23:25Z</time>
   </trkpt>
   <trkpt lat="25.0196670" lon="121.4246750">
    <ele>14.3</ele>
    <time>2025-08-21T03:23:26Z</time>
   </trkpt>
   <trkpt lat="25.0196680" lon="121.4246760">
    <ele>14.3</ele>
    <time>2025-08-21T03:23:27Z</time>
   </trkpt>
   <trkpt lat="25.0196680" lon="121.4246770">
    <ele>14.3</ele>
    <time>2025-08-21T03:23:28Z</time>
   </trkpt>
   <trkpt lat="25.0196680" lon="121.4246780">
    <ele>14.3</ele>
    <time>2025-08-21T03:23:29Z</time>
   </trkpt>
   <trkpt lat="25.0196780" lon="121.4246800">
    <ele>14.3</ele>
    <time>2025-08-21T03:23:30Z</time>
   </trkpt>
   <trkpt lat="25.0196800" lon="121.4246810">
    <ele>14.3</ele>
    <time>2025-08-21T03:23:31Z</time>
   </trkpt>
   <trkpt lat="25.0196810" lon="121.4246830">
    <ele>14.3</ele>
    <time>2025-08-21T03:23:32Z</time>
   </trkpt>
   <trkpt lat="25.0196810" lon="121.4246840">
    <ele>14.3</ele>
    <time>2025-08-21T03:23:33Z</time>
   </trkpt>
   <trkpt lat="25.0196810" lon="121.4246860">
    <ele>14.3</ele>
    <time>2025-08-21T03:23:34Z</time>
   </trkpt>
   <trkpt lat="25.0196810" lon="121.4246870">
    <ele>14.3</ele>
    <time>2025-08-21T03:23:36Z</time>
   </trkpt>
   <trkpt lat="25.0196870" lon="121.4246860">
    <ele>14.3</ele>
    <time>2025-08-21T03:23:37Z</time>
   </trkpt>
   <trkpt lat="25.0196890" lon="121.4246840">
    <ele>14.3</ele>
    <time>2025-08-21T03:23:38Z</time>
   </trkpt>
   <trkpt lat="25.0196890" lon="121.4246840">
    <ele>14.3</ele>
    <time>2025-08-21T03:23:39Z</time>
   </trkpt>
   <trkpt lat="25.0196900" lon="121.4246830">
    <ele>14.3</ele>
    <time>2025-08-21T03:23:40Z</time>
   </trkpt>
   <trkpt lat="25.0196900" lon="121.4246840">
    <ele>14.3</ele>
    <time>2025-08-21T03:23:41Z</time>
   </trkpt>
   <trkpt lat="25.0196910" lon="121.4246840">
    <ele>14.3</ele>
    <time>2025-08-21T03:23:42Z</time>
   </trkpt>
   <trkpt lat="25.0196920" lon="121.4246830">
    <ele>14.3</ele>
    <time>2025-08-21T03:23:43Z</time>
   </trkpt>
   <trkpt lat="25.0196930" lon="121.4246820">
    <ele>14.3</ele>
    <time>2025-08-21T03:23:44Z</time>
   </trkpt>
   <trkpt lat="25.0197010" lon="121.4246720">
    <ele>14.3</ele>
    <time>2025-08-21T03:23:45Z</time>
   </trkpt>
   <trkpt lat="25.0197020" lon="121.4246710">
    <ele>14.3</ele>
    <time>2025-08-21T03:23:46Z</time>
   </trkpt>
   <trkpt lat="25.0197030" lon="121.4246710">
    <ele>14.3</ele>
    <time>2025-08-21T03:23:47Z</time>
   </trkpt>
   <trkpt lat="25.0197020" lon="121.4246720">
    <ele>14.3</ele>
    <time>2025-08-21T03:23:49Z</time>
   </trkpt>
   <trkpt lat="25.0197030" lon="121.4246730">
    <ele>14.3</ele>
    <time>2025-08-21T03:23:50Z</time>
   </trkpt>
   <trkpt lat="25.0197030" lon="121.4246730">
    <ele>14.3</ele>
    <time>2025-08-21T03:23:51Z</time>
   </trkpt>
   <trkpt lat="25.0197010" lon="121.4246800">
    <ele>14.3</ele>
    <time>2025-08-21T03:23:52Z</time>
   </trkpt>
   <trkpt lat="25.0197020" lon="121.4246810">
    <ele>14.3</ele>
    <time>2025-08-21T03:23:53Z</time>
   </trkpt>
   <trkpt lat="25.0197010" lon="121.4246810">
    <ele>14.3</ele>
    <time>2025-08-21T03:23:54Z</time>
   </trkpt>
   <trkpt lat="25.0197000" lon="121.4246820">
    <ele>14.3</ele>
    <time>2025-08-21T03:23:55Z</time>
   </trkpt>
   <trkpt lat="25.0196990" lon="121.4246820">
    <ele>14.3</ele>
    <time>2025-08-21T03:23:56Z</time>
   </trkpt>
   <trkpt lat="25.0196980" lon="121.4246800">
    <ele>14.3</ele>
    <time>2025-08-21T03:23:58Z</time>
   </trkpt>
   <trkpt lat="25.0196940" lon="121.4246890">
    <ele>14.3</ele>
    <time>2025-08-21T03:23:59Z</time>
   </trkpt>
   <trkpt lat="25.0196940" lon="121.4246880">
    <ele>14.3</ele>
    <time>2025-08-21T03:24:00Z</time>
   </trkpt>
   <trkpt lat="25.0196940" lon="121.4246880">
    <ele>14.3</ele>
    <time>2025-08-21T03:24:01Z</time>
   </trkpt>
   <trkpt lat="25.0196940" lon="121.4246870">
    <ele>14.3</ele>
    <time>2025-08-21T03:24:02Z</time>
   </trkpt>
   <trkpt lat="25.0196940" lon="121.4246870">
    <ele>14.3</ele>
    <time>2025-08-21T03:24:03Z</time>
   </trkpt>
   <trkpt lat="25.0196890" lon="121.4246850">
    <ele>14.3</ele>
    <time>2025-08-21T03:24:04Z</time>
   </trkpt>
   <trkpt lat="25.0196880" lon="121.4246830">
    <ele>14.3</ele>
    <time>2025-08-21T03:24:05Z</time>
   </trkpt>
   <trkpt lat="25.0196880" lon="121.4246830">
    <ele>14.3</ele>
    <time>2025-08-21T03:24:07Z</time>
   </trkpt>
   <trkpt lat="25.0196880" lon="121.4246820">
    <ele>14.3</ele>
    <time>2025-08-21T03:24:08Z</time>
   </trkpt>
   <trkpt lat="25.0196870" lon="121.4246820">
    <ele>14.3</ele>
    <time>2025-08-21T03:24:09Z</time>
   </trkpt>
   <trkpt lat="25.0196860" lon="121.4246810">
    <ele>14.3</ele>
    <time>2025-08-21T03:24:10Z</time>
   </trkpt>
   <trkpt lat="25.0196930" lon="121.4246730">
    <ele>14.3</ele>
    <time>2025-08-21T03:24:11Z</time>
   </trkpt>
   <trkpt lat="25.0196930" lon="121.4246720">
    <ele>14.3</ele>
    <time>2025-08-21T03:24:12Z</time>
   </trkpt>
   <trkpt lat="25.0196930" lon="121.4246720">
    <ele>14.3</ele>
    <time>2025-08-21T03:24:13Z</time>
   </trkpt>
   <trkpt lat="25.0196930" lon="121.4246730">
    <ele>14.3</ele>
    <time>2025-08-21T03:24:14Z</time>
   </trkpt>
   <trkpt lat="25.0196910" lon="121.4246730">
    <ele>14.3</ele>
    <time>2025-08-21T03:24:15Z</time>
   </trkpt>
   <trkpt lat="25.0196850" lon="121.4246760">
    <ele>14.3</ele>
    <time>2025-08-21T03:24:16Z</time>
   </trkpt>
   <trkpt lat="25.0196980" lon="121.4246690">
    <ele>14.3</ele>
    <time>2025-08-21T03:24:17Z</time>
   </trkpt>
   <trkpt lat="25.0197080" lon="121.4246640">
    <ele>14.3</ele>
    <time>2025-08-21T03:24:18Z</time>
   </trkpt>
   <trkpt lat="25.0197140" lon="121.4246750">
    <ele>14.3</ele>
    <time>2025-08-21T03:24:19Z</time>
   </trkpt>
   <trkpt lat="25.0197190" lon="121.4246830">
    <ele>14.3</ele>
    <time>2025-08-21T03:24:20Z</time>
   </trkpt>
   <trkpt lat="25.0197240" lon="121.4246920">
    <ele>14.3</ele>
    <time>2025-08-21T03:24:21Z</time>
   </trkpt>
   <trkpt lat="25.0197290" lon="121.4247010">
    <ele>14.3</ele>
    <time>2025-08-21T03:24:22Z</time>
   </trkpt>
   <trkpt lat="25.0197570" lon="121.4247190">
    <ele>14.3</ele>
    <time>2025-08-21T03:24:23Z</time>
   </trkpt>
   <trkpt lat="25.0197680" lon="121.4247250">
    <ele>14.3</ele>
    <time>2025-08-21T03:24:24Z</time>
   </trkpt>
   <trkpt lat="25.0198070" lon="121.4247130">
    <ele>14.3</ele>
    <time>2025-08-21T03:24:25Z</time>
   </trkpt>
   <trkpt lat="25.0198340" lon="121.4247160">
    <ele>14.3</ele>
    <time>2025-08-21T03:24:26Z</time>
   </trkpt>
   <trkpt lat="25.0198500" lon="121.4247240">
    <ele>14.3</ele>
    <time>2025-08-21T03:24:27Z</time>
   </trkpt>
   <trkpt lat="25.0198650" lon="121.4247310">
    <ele>14.3</ele>
    <time>2025-08-21T03:24:28Z</time>
   </trkpt>
   <trkpt lat="25.0198810" lon="121.4247410">
    <ele>14.3</ele>
    <time>2025-08-21T03:24:29Z</time>
   </trkpt>
   <trkpt lat="25.0198970" lon="121.4247480">
    <ele>14.3</ele>
    <time>2025-08-21T03:24:30Z</time>
   </trkpt>
   <trkpt lat="25.0199270" lon="121.4247370">
    <ele>14.3</ele>
    <time>2025-08-21T03:24:31Z</time>
   </trkpt>
   <trkpt lat="25.0199390" lon="121.4247230">
    <ele>14.3</ele>
    <time>2025-08-21T03:24:32Z</time>
   </trkpt>
   <trkpt lat="25.0199590" lon="121.4247180">
    <ele>14.3</ele>
    <time>2025-08-21T03:24:33Z</time>
   </trkpt>
   <trkpt lat="25.0199670" lon="121.4247170">
    <ele>14.3</ele>
    <time>2025-08-21T03:24:34Z</time>
   </trkpt>
   <trkpt lat="25.0199760" lon="121.4247160">
    <ele>14.3</ele>
    <time>2025-08-21T03:24:35Z</time>
   </trkpt>
   <trkpt lat="25.0200010" lon="121.4247090">
    <ele>14.3</ele>
    <time>2025-08-21T03:24:36Z</time>
   </trkpt>
   <trkpt lat="25.0200120" lon="121.4247060">
    <ele>14.3</ele>
    <time>2025-08-21T03:24:37Z</time>
   </trkpt>
   <trkpt lat="25.0200290" lon="121.4247020">
    <ele>14.3</ele>
    <time>2025-08-21T03:24:38Z</time>
   </trkpt>
   <trkpt lat="25.0200460" lon="121.4246980">
    <ele>14.3</ele>
    <time>2025-08-21T03:24:39Z</time>
   </trkpt>
   <trkpt lat="25.0200710" lon="121.4246790">
    <ele>14.3</ele>
    <time>2025-08-21T03:24:40Z</time>
   </trkpt>
   <trkpt lat="25.0200850" lon="121.4246620">
    <ele>14.3</ele>
    <time>2025-08-21T03:24:41Z</time>
   </trkpt>
   <trkpt lat="25.0200910" lon="121.4246540">
    <ele>14.3</ele>
    <time>2025-08-21T03:24:42Z</time>
   </trkpt>
   <trkpt lat="25.0200960" lon="121.4246460">
    <ele>14.3</ele>
    <time>2025-08-21T03:24:43Z</time>
   </trkpt>
   <trkpt lat="25.0201070" lon="121.4246260">
    <ele>14.3</ele>
    <time>2025-08-21T03:24:44Z</time>
   </trkpt>
   <trkpt lat="25.0201100" lon="121.4246180">
    <ele>14.3</ele>
    <time>2025-08-21T03:24:45Z</time>
   </trkpt>
   <trkpt lat="25.0201140" lon="121.4246100">
    <ele>14.3</ele>
    <time>2025-08-21T03:24:46Z</time>
   </trkpt>
   <trkpt lat="25.0201140" lon="121.4245860">
    <ele>14.3</ele>
    <time>2025-08-21T03:24:47Z</time>
   </trkpt>
   <trkpt lat="25.0201170" lon="121.4245720">
    <ele>14.3</ele>
    <time>2025-08-21T03:24:48Z</time>
   </trkpt>
   <trkpt lat="25.0201230" lon="121.4245650">
    <ele>14.3</ele>
    <time>2025-08-21T03:24:49Z</time>
   </trkpt>
   <trkpt lat="25.0201300" lon="121.4245560">
    <ele>14.3</ele>
    <time>2025-08-21T03:24:50Z</time>
   </trkpt>
   <trkpt lat="25.0201360" lon="121.4245460">
    <ele>14.3</ele>
    <time>2025-08-21T03:24:51Z</time>
   </trkpt>
   <trkpt lat="25.0201450" lon="121.4245360">
    <ele>14.3</ele>
    <time>2025-08-21T03:24:52Z</time>
   </trkpt>
   <trkpt lat="25.0201560" lon="121.4245250">
    <ele>14.3</ele>
    <time>2025-08-21T03:24:53Z</time>
   </trkpt>
   <trkpt lat="25.0201800" lon="121.4245110">
    <ele>14.3</ele>
    <time>2025-08-21T03:24:54Z</time>
   </trkpt>
   <trkpt lat="25.0201890" lon="121.4245060">
    <ele>14.3</ele>
    <time>2025-08-21T03:24:55Z</time>
   </trkpt>
   <trkpt lat="25.0202190" lon="121.4244800">
    <ele>14.2</ele>
    <time>2025-08-21T03:24:56Z</time>
   </trkpt>
   <trkpt lat="25.0202250" lon="121.4244640">
    <ele>14.2</ele>
    <time>2025-08-21T03:24:57Z</time>
   </trkpt>
   <trkpt lat="25.0202250" lon="121.4244550">
    <ele>14.2</ele>
    <time>2025-08-21T03:24:58Z</time>
   </trkpt>
   <trkpt lat="25.0202300" lon="121.4244460">
    <ele>14.2</ele>
    <time>2025-08-21T03:24:59Z</time>
   </trkpt>
   <trkpt lat="25.0202370" lon="121.4244370">
    <ele>14.2</ele>
    <time>2025-08-21T03:25:00Z</time>
   </trkpt>
   <trkpt lat="25.0202520" lon="121.4244200">
    <ele>14.2</ele>
    <time>2025-08-21T03:25:01Z</time>
   </trkpt>
   <trkpt lat="25.0202590" lon="121.4244130">
    <ele>14.2</ele>
    <time>2025-08-21T03:25:02Z</time>
   </trkpt>
   <trkpt lat="25.0202650" lon="121.4244060">
    <ele>14.2</ele>
    <time>2025-08-21T03:25:03Z</time>
   </trkpt>
   <trkpt lat="25.0202650" lon="121.4243770">
    <ele>14.2</ele>
    <time>2025-08-21T03:25:04Z</time>
   </trkpt>
   <trkpt lat="25.0202690" lon="121.4243680">
    <ele>14.2</ele>
    <time>2025-08-21T03:25:05Z</time>
   </trkpt>
   <trkpt lat="25.0202810" lon="121.4243530">
    <ele>14.2</ele>
    <time>2025-08-21T03:25:06Z</time>
   </trkpt>
   <trkpt lat="25.0202870" lon="121.4243430">
    <ele>14.2</ele>
    <time>2025-08-21T03:25:07Z</time>
   </trkpt>
   <trkpt lat="25.0202970" lon="121.4243310">
    <ele>14.2</ele>
    <time>2025-08-21T03:25:08Z</time>
   </trkpt>
   <trkpt lat="25.0203040" lon="121.4243190">
    <ele>14.2</ele>
    <time>2025-08-21T03:25:09Z</time>
   </trkpt>
   <trkpt lat="25.0202900" lon="121.4242840">
    <ele>14.2</ele>
    <time>2025-08-21T03:25:10Z</time>
   </trkpt>
   <trkpt lat="25.0202970" lon="121.4242640">
    <ele>14.2</ele>
    <time>2025-08-21T03:25:11Z</time>
   </trkpt>
   <trkpt lat="25.0203030" lon="121.4242550">
    <ele>14.2</ele>
    <time>2025-08-21T03:25:12Z</time>
   </trkpt>
   <trkpt lat="25.0203080" lon="121.4242470">
    <ele>14.2</ele>
    <time>2025-08-21T03:25:13Z</time>
   </trkpt>
   <trkpt lat="25.0203180" lon="121.4242350">
    <ele>14.2</ele>
    <time>2025-08-21T03:25:14Z</time>
   </trkpt>
   <trkpt lat="25.0203280" lon="121.4242220">
    <ele>14.2</ele>
    <time>2025-08-21T03:25:15Z</time>
   </trkpt>
   <trkpt lat="25.0203230" lon="121.4242180">
    <ele>14.2</ele>
    <time>2025-08-21T03:25:16Z</time>
   </trkpt>
   <trkpt lat="25.0203110" lon="121.4242060">
    <ele>14.2</ele>
    <time>2025-08-21T03:25:17Z</time>
   </trkpt>
   <trkpt lat="25.0203140" lon="121.4242020">
    <ele>14.2</ele>
    <time>2025-08-21T03:25:18Z</time>
   </trkpt>
   <trkpt lat="25.0203080" lon="121.4242070">
    <ele>14.2</ele>
    <time>2025-08-21T03:25:19Z</time>
   </trkpt>
   <trkpt lat="25.0203020" lon="121.4242040">
    <ele>14.2</ele>
    <time>2025-08-21T03:25:20Z</time>
   </trkpt>
   <trkpt lat="25.0202980" lon="121.4242020">
    <ele>14.2</ele>
    <time>2025-08-21T03:25:21Z</time>
   </trkpt>
   <trkpt lat="25.0202960" lon="121.4242030">
    <ele>14.2</ele>
    <time>2025-08-21T03:25:22Z</time>
   </trkpt>
  </trkseg>
 </trk>
</gpx>
