<?xml version="1.0" encoding="UTF-8"?>
<gpx xmlns:xsi="http://www.w3.org/2001/XMLSchema-instance" xsi:schemaLocation="http://www.topografix.com/GPX/1/1 http://www.topografix.com/GPX/1/1/gpx.xsd" creator="StravaGPX" version="1.1" xmlns="http://www.topografix.com/GPX/1/1">
 <metadata>
  <time>2025-08-22T06:46:35Z</time>
 </metadata>
 <trk>
  <name>午後騎乘</name>
  <type>cycling</type>
  <trkseg>
   <trkpt lat="25.0168590" lon="121.4262820">
    <ele>13.8</ele>
    <time>2025-08-22T06:46:35Z</time>
   </trkpt>
   <trkpt lat="25.0168620" lon="121.4262710">
    <ele>13.8</ele>
    <time>2025-08-22T06:46:36Z</time>
   </trkpt>
   <trkpt lat="25.0168660" lon="121.4262590">
    <ele>13.8</ele>
    <time>2025-08-22T06:46:37Z</time>
   </trkpt>
   <trkpt lat="25.0168690" lon="121.4262480">
    <ele>13.8</ele>
    <time>2025-08-22T06:46:38Z</time>
   </trkpt>
   <trkpt lat="25.0168730" lon="121.4262360">
    <ele>13.8</ele>
    <time>2025-08-22T06:46:39Z</time>
   </trkpt>
   <trkpt lat="25.0168760" lon="121.4262250">
    <ele>13.8</ele>
    <time>2025-08-22T06:46:40Z</time>
   </trkpt>
   <trkpt lat="25.0168800" lon="121.4262140">
    <ele>13.8</ele>
    <time>2025-08-22T06:46:41Z</time>
   </trkpt>
   <trkpt lat="25.0168830" lon="121.4262020">
    <ele>13.8</ele>
    <time>2025-08-22T06:46:42Z</time>
   </trkpt>
   <trkpt lat="25.0168860" lon="121.4261910">
    <ele>13.8</ele>
    <time>2025-08-22T06:46:43Z</time>
   </trkpt>
   <trkpt lat="25.0168900" lon="121.4261790">
    <ele>13.8</ele>
    <time>2025-08-22T06:46:44Z</time>
   </trkpt>
   <trkpt lat="25.0168930" lon="121.4261680">
    <ele>13.8</ele>
    <time>2025-08-22T06:46:45Z</time>
   </trkpt>
   <trkpt lat="25.0168970" lon="121.4261570">
    <ele>13.8</ele>
    <time>2025-08-22T06:47:19Z</time>
   </trkpt>
   <trkpt lat="25.0169000" lon="121.4261450">
    <ele>13.8</ele>
    <time>2025-08-22T06:47:20Z</time>
   </trkpt>
   <trkpt lat="25.0169040" lon="121.4261340">
    <ele>13.8</ele>
    <time>2025-08-22T06:47:21Z</time>
   </trkpt>
   <trkpt lat="25.0169070" lon="121.4261230">
    <ele>13.8</ele>
    <time>2025-08-22T06:47:22Z</time>
   </trkpt>
   <trkpt lat="25.0169110" lon="121.4261110">
    <ele>13.8</ele>
    <time>2025-08-22T06:47:23Z</time>
   </trkpt>
   <trkpt lat="25.0169140" lon="121.4261000">
    <ele>13.8</ele>
    <time>2025-08-22T06:47:24Z</time>
   </trkpt>
   <trkpt lat="25.0169170" lon="121.4260880">
    <ele>13.8</ele>
    <time>2025-08-22T06:47:25Z</time>
   </trkpt>
   <trkpt lat="25.0169210" lon="121.4260770">
    <ele>13.8</ele>
    <time>2025-08-22T06:47:26Z</time>
   </trkpt>
   <trkpt lat="25.0169240" lon="121.4260660">
    <ele>13.8</ele>
    <time>2025-08-22T06:47:27Z</time>
   </trkpt>
   <trkpt lat="25.0169280" lon="121.4260540">
    <ele>13.8</ele>
    <time>2025-08-22T06:47:28Z</time>
   </trkpt>
   <trkpt lat="25.0169310" lon="121.4260430">
    <ele>13.8</ele>
    <time>2025-08-22T06:47:34Z</time>
   </trkpt>
   <trkpt lat="25.0169350" lon="121.4260310">
    <ele>13.8</ele>
    <time>2025-08-22T06:47:35Z</time>
   </trkpt>
   <trkpt lat="25.0169380" lon="121.4260200">
    <ele>13.8</ele>
    <time>2025-08-22T06:47:36Z</time>
   </trkpt>
   <trkpt lat="25.0169300" lon="121.4260560">
    <ele>13.8</ele>
    <time>2025-08-22T06:47:37Z</time>
   </trkpt>
   <trkpt lat="25.0169240" lon="121.4260830">
    <ele>13.8</ele>
    <time>2025-08-22T06:47:38Z</time>
   </trkpt>
   <trkpt lat="25.0169180" lon="121.4261090">
    <ele>13.8</ele>
    <time>2025-08-22T06:47:39Z</time>
   </trkpt>
   <trkpt lat="25.0169100" lon="121.4261320">
    <ele>13.8</ele>
    <time>2025-08-22T06:47:40Z</time>
   </trkpt>
   <trkpt lat="25.0169090" lon="121.4261460">
    <ele>13.8</ele>
    <time>2025-08-22T06:47:41Z</time>
   </trkpt>
   <trkpt lat="25.0169080" lon="121.4261610">
    <ele>13.8</ele>
    <time>2025-08-22T06:47:42Z</time>
   </trkpt>
   <trkpt lat="25.0169070" lon="121.4261750">
    <ele>13.8</ele>
    <time>2025-08-22T06:47:43Z</time>
   </trkpt>
   <trkpt lat="25.0169060" lon="121.4261900">
    <ele>13.8</ele>
    <time>2025-08-22T06:47:44Z</time>
   </trkpt>
   <trkpt lat="25.0168880" lon="121.4261970">
    <ele>13.8</ele>
    <time>2025-08-22T06:47:45Z</time>
   </trkpt>
   <trkpt lat="25.0168810" lon="121.4261960">
    <ele>13.8</ele>
    <time>2025-08-22T06:47:46Z</time>
   </trkpt>
   <trkpt lat="25.0168740" lon="121.4261940">
    <ele>13.8</ele>
    <time>2025-08-22T06:47:47Z</time>
   </trkpt>
   <trkpt lat="25.0168670" lon="121.4261930">
    <ele>13.8</ele>
    <time>2025-08-22T06:47:48Z</time>
   </trkpt>
   <trkpt lat="25.0168630" lon="121.4262050">
    <ele>13.8</ele>
    <time>2025-08-22T06:47:49Z</time>
   </trkpt>
   <trkpt lat="25.0168320" lon="121.4262010">
    <ele>13.8</ele>
    <time>2025-08-22T06:47:50Z</time>
   </trkpt>
   <trkpt lat="25.0167660" lon="121.4261870">
    <ele>13.8</ele>
    <time>2025-08-22T06:47:51Z</time>
   </trkpt>
   <trkpt lat="25.0167670" lon="121.4261840">
    <ele>13.8</ele>
    <time>2025-08-22T06:47:52Z</time>
   </trkpt>
   <trkpt lat="25.0167660" lon="121.4261870">
    <ele>13.8</ele>
    <time>2025-08-22T06:47:53Z</time>
   </trkpt>
   <trkpt lat="25.0167830" lon="121.4261810">
    <ele>13.9</ele>
    <time>2025-08-22T06:47:54Z</time>
   </trkpt>
   <trkpt lat="25.0167670" lon="121.4261670">
    <ele>13.9</ele>
    <time>2025-08-22T06:47:55Z</time>
   </trkpt>
   <trkpt lat="25.0167490" lon="121.4261630">
    <ele>13.9</ele>
    <time>2025-08-22T06:47:56Z</time>
   </trkpt>
   <trkpt lat="25.0167790" lon="121.4261500">
    <ele>13.9</ele>
    <time>2025-08-22T06:47:57Z</time>
   </trkpt>
   <trkpt lat="25.0168050" lon="121.4261360">
    <ele>13.9</ele>
    <time>2025-08-22T06:47:58Z</time>
   </trkpt>
   <trkpt lat="25.0168300" lon="121.4261210">
    <ele>13.9</ele>
    <time>2025-08-22T06:47:59Z</time>
   </trkpt>
   <trkpt lat="25.0168250" lon="121.4261210">
    <ele>13.9</ele>
    <time>2025-08-22T06:48:00Z</time>
   </trkpt>
   <trkpt lat="25.0168240" lon="121.4261190">
    <ele>13.9</ele>
    <time>2025-08-22T06:48:01Z</time>
   </trkpt>
   <trkpt lat="25.0168230" lon="121.4261270">
    <ele>13.9</ele>
    <time>2025-08-22T06:48:02Z</time>
   </trkpt>
   <trkpt lat="25.0168230" lon="121.4261260">
    <ele>13.9</ele>
    <time>2025-08-22T06:48:03Z</time>
   </trkpt>
   <trkpt lat="25.0168250" lon="121.4261240">
    <ele>13.9</ele>
    <time>2025-08-22T06:48:04Z</time>
   </trkpt>
   <trkpt lat="25.0168270" lon="121.4261140">
    <ele>13.9</ele>
    <time>2025-08-22T06:48:05Z</time>
   </trkpt>
   <trkpt lat="25.0168050" lon="121.4260830">
    <ele>13.9</ele>
    <time>2025-08-22T06:48:08Z</time>
   </trkpt>
   <trkpt lat="25.0168070" lon="121.4260750">
    <ele>13.9</ele>
    <time>2025-08-22T06:48:09Z</time>
   </trkpt>
   <trkpt lat="25.0167690" lon="121.4260770">
    <ele>13.9</ele>
    <time>2025-08-22T06:48:10Z</time>
   </trkpt>
   <trkpt lat="25.0167560" lon="121.4260920">
    <ele>13.9</ele>
    <time>2025-08-22T06:48:11Z</time>
   </trkpt>
   <trkpt lat="25.0167420" lon="121.4261090">
    <ele>13.9</ele>
    <time>2025-08-22T06:48:12Z</time>
   </trkpt>
   <trkpt lat="25.0167280" lon="121.4261270">
    <ele>13.9</ele>
    <time>2025-08-22T06:48:13Z</time>
   </trkpt>
   <trkpt lat="25.0166370" lon="121.4261330">
    <ele>13.9</ele>
    <time>2025-08-22T06:48:14Z</time>
   </trkpt>
   <trkpt lat="25.0166810" lon="121.4261380">
    <ele>13.9</ele>
    <time>2025-08-22T06:48:15Z</time>
   </trkpt>
   <trkpt lat="25.0166930" lon="121.4261390">
    <ele>13.9</ele>
    <time>2025-08-22T06:48:16Z</time>
   </trkpt>
   <trkpt lat="25.0167050" lon="121.4261400">
    <ele>13.9</ele>
    <time>2025-08-22T06:48:17Z</time>
   </trkpt>
   <trkpt lat="25.0167100" lon="121.4261410">
    <ele>13.9</ele>
    <time>2025-08-22T06:48:18Z</time>
   </trkpt>
   <trkpt lat="25.0166500" lon="121.4261190">
    <ele>13.9</ele>
    <time>2025-08-22T06:48:19Z</time>
   </trkpt>
   <trkpt lat="25.0166360" lon="121.4261150">
    <ele>13.9</ele>
    <time>2025-08-22T06:48:40Z</time>
   </trkpt>
   <trkpt lat="25.0166230" lon="121.4261110">
    <ele>13.9</ele>
    <time>2025-08-22T06:48:41Z</time>
   </trkpt>
   <trkpt lat="25.0166090" lon="121.4261070">
    <ele>13.9</ele>
    <time>2025-08-22T06:48:42Z</time>
   </trkpt>
   <trkpt lat="25.0165960" lon="121.4261030">
    <ele>13.9</ele>
    <time>2025-08-22T06:48:43Z</time>
   </trkpt>
   <trkpt lat="25.0165950" lon="121.4260900">
    <ele>13.9</ele>
    <time>2025-08-22T06:48:44Z</time>
   </trkpt>
   <trkpt lat="25.0165850" lon="121.4260920">
    <ele>13.9</ele>
    <time>2025-08-22T06:48:45Z</time>
   </trkpt>
   <trkpt lat="25.0165740" lon="121.4260940">
    <ele>13.9</ele>
    <time>2025-08-22T06:49:00Z</time>
   </trkpt>
   <trkpt lat="25.0165640" lon="121.4260960">
    <ele>13.9</ele>
    <time>2025-08-22T06:49:01Z</time>
   </trkpt>
   <trkpt lat="25.0165530" lon="121.4260980">
    <ele>13.9</ele>
    <time>2025-08-22T06:49:02Z</time>
   </trkpt>
   <trkpt lat="25.0165430" lon="121.4260990">
    <ele>13.9</ele>
    <time>2025-08-22T06:49:03Z</time>
   </trkpt>
   <trkpt lat="25.0165320" lon="121.4261010">
    <ele>13.9</ele>
    <time>2025-08-22T06:49:04Z</time>
   </trkpt>
   <trkpt lat="25.0165220" lon="121.4261030">
    <ele>13.9</ele>
    <time>2025-08-22T06:49:06Z</time>
   </trkpt>
   <trkpt lat="25.0165110" lon="121.4261050">
    <ele>13.9</ele>
    <time>2025-08-22T06:49:50Z</time>
   </trkpt>
   <trkpt lat="25.0165010" lon="121.4261070">
    <ele>13.9</ele>
    <time>2025-08-22T06:49:51Z</time>
   </trkpt>
   <trkpt lat="25.0164900" lon="121.4261090">
    <ele>13.9</ele>
    <time>2025-08-22T06:49:52Z</time>
   </trkpt>
   <trkpt lat="25.0164570" lon="121.4261020">
    <ele>13.9</ele>
    <time>2025-08-22T06:49:53Z</time>
   </trkpt>
   <trkpt lat="25.0164520" lon="121.4260880">
    <ele>13.9</ele>
    <time>2025-08-22T06:49:54Z</time>
   </trkpt>
   <trkpt lat="25.0164470" lon="121.4260730">
    <ele>13.9</ele>
    <time>2025-08-22T06:49:55Z</time>
   </trkpt>
   <trkpt lat="25.0164410" lon="121.4260570">
    <ele>13.9</ele>
    <time>2025-08-22T06:49:56Z</time>
   </trkpt>
   <trkpt lat="25.0164810" lon="121.4260780">
    <ele>13.9</ele>
    <time>2025-08-22T06:49:57Z</time>
   </trkpt>
   <trkpt lat="25.0163860" lon="121.4260800">
    <ele>13.8</ele>
    <time>2025-08-22T06:49:58Z</time>
   </trkpt>
   <trkpt lat="25.0162910" lon="121.4260810">
    <ele>13.8</ele>
    <time>2025-08-22T06:50:00Z</time>
   </trkpt>
   <trkpt lat="25.0161970" lon="121.4260830">
    <ele>13.8</ele>
    <time>2025-08-22T06:51:10Z</time>
   </trkpt>
   <trkpt lat="25.0161020" lon="121.4260840">
    <ele>13.8</ele>
    <time>2025-08-22T06:51:11Z</time>
   </trkpt>
   <trkpt lat="25.0160070" lon="121.4260860">
    <ele>13.8</ele>
    <time>2025-08-22T06:51:12Z</time>
   </trkpt>
   <trkpt lat="25.0160200" lon="121.4260560">
    <ele>13.8</ele>
    <time>2025-08-22T06:51:13Z</time>
   </trkpt>
   <trkpt lat="25.0160240" lon="121.4260430">
    <ele>13.8</ele>
    <time>2025-08-22T06:51:14Z</time>
   </trkpt>
   <trkpt lat="25.0160270" lon="121.4260080">
    <ele>13.8</ele>
    <time>2025-08-22T06:51:15Z</time>
   </trkpt>
   <trkpt lat="25.0160250" lon="121.4259990">
    <ele>13.8</ele>
    <time>2025-08-22T06:51:16Z</time>
   </trkpt>
   <trkpt lat="25.0160160" lon="121.4260050">
    <ele>13.8</ele>
    <time>2025-08-22T06:51:17Z</time>
   </trkpt>
   <trkpt lat="25.0160100" lon="121.4260170">
    <ele>13.8</ele>
    <time>2025-08-22T06:51:18Z</time>
   </trkpt>
   <trkpt lat="25.0160030" lon="121.4260280">
    <ele>13.8</ele>
    <time>2025-08-22T06:51:19Z</time>
   </trkpt>
   <trkpt lat="25.0159970" lon="121.4260400">
    <ele>13.8</ele>
    <time>2025-08-22T06:51:20Z</time>
   </trkpt>
   <trkpt lat="25.0159910" lon="121.4260520">
    <ele>13.9</ele>
    <time>2025-08-22T06:51:21Z</time>
   </trkpt>
   <trkpt lat="25.0159930" lon="121.4260520">
    <ele>13.9</ele>
    <time>2025-08-22T06:51:22Z</time>
   </trkpt>
   <trkpt lat="25.0159930" lon="121.4260520">
    <ele>13.9</ele>
    <time>2025-08-22T06:51:23Z</time>
   </trkpt>
   <trkpt lat="25.0159930" lon="121.4260510">
    <ele>13.9</ele>
    <time>2025-08-22T06:51:24Z</time>
   </trkpt>
   <trkpt lat="25.0159650" lon="121.4260610">
    <ele>13.9</ele>
    <time>2025-08-22T06:51:25Z</time>
   </trkpt>
   <trkpt lat="25.0159640" lon="121.4260610">
    <ele>13.9</ele>
    <time>2025-08-22T06:51:26Z</time>
   </trkpt>
   <trkpt lat="25.0158470" lon="121.4260290">
    <ele>13.9</ele>
    <time>2025-08-22T06:51:50Z</time>
   </trkpt>
   <trkpt lat="25.0158330" lon="121.4260210">
    <ele>13.9</ele>
    <time>2025-08-22T06:51:51Z</time>
   </trkpt>
   <trkpt lat="25.0158200" lon="121.4260140">
    <ele>13.9</ele>
    <time>2025-08-22T06:51:52Z</time>
   </trkpt>
   <trkpt lat="25.0158060" lon="121.4260060">
    <ele>13.9</ele>
    <time>2025-08-22T06:51:53Z</time>
   </trkpt>
   <trkpt lat="25.0157920" lon="121.4259980">
    <ele>13.9</ele>
    <time>2025-08-22T06:51:54Z</time>
   </trkpt>
   <trkpt lat="25.0157910" lon="121.4259820">
    <ele>13.9</ele>
    <time>2025-08-22T06:51:55Z</time>
   </trkpt>
   <trkpt lat="25.0157940" lon="121.4259660">
    <ele>13.9</ele>
    <time>2025-08-22T06:51:56Z</time>
   </trkpt>
   <trkpt lat="25.0157770" lon="121.4259170">
    <ele>13.9</ele>
    <time>2025-08-22T06:51:57Z</time>
   </trkpt>
   <trkpt lat="25.0157650" lon="121.4258760">
    <ele>13.9</ele>
    <time>2025-08-22T06:51:58Z</time>
   </trkpt>
   <trkpt lat="25.0157530" lon="121.4258350">
    <ele>13.9</ele>
    <time>2025-08-22T06:51:59Z</time>
   </trkpt>
   <trkpt lat="25.0157580" lon="121.4259560">
    <ele>13.9</ele>
    <time>2025-08-22T06:52:00Z</time>
   </trkpt>
   <trkpt lat="25.0157750" lon="121.4259990">
    <ele>13.9</ele>
    <time>2025-08-22T06:52:01Z</time>
   </trkpt>
   <trkpt lat="25.0157650" lon="121.4259980">
    <ele>13.9</ele>
    <time>2025-08-22T06:52:02Z</time>
   </trkpt>
   <trkpt lat="25.0157560" lon="121.4260020">
    <ele>13.9</ele>
    <time>2025-08-22T06:52:03Z</time>
   </trkpt>
   <trkpt lat="25.0157460" lon="121.4260060">
    <ele>13.9</ele>
    <time>2025-08-22T06:52:04Z</time>
   </trkpt>
   <trkpt lat="25.0157370" lon="121.4260100">
    <ele>13.9</ele>
    <time>2025-08-22T06:52:05Z</time>
   </trkpt>
   <trkpt lat="25.0157270" lon="121.4260140">
    <ele>13.9</ele>
    <time>2025-08-22T06:52:06Z</time>
   </trkpt>
   <trkpt lat="25.0157180" lon="121.4260180">
    <ele>13.9</ele>
    <time>2025-08-22T06:52:07Z</time>
   </trkpt>
   <trkpt lat="25.0157080" lon="121.4260220">
    <ele>13.9</ele>
    <time>2025-08-22T06:52:08Z</time>
   </trkpt>
   <trkpt lat="25.0156980" lon="121.4260260">
    <ele>13.9</ele>
    <time>2025-08-22T06:52:09Z</time>
   </trkpt>
   <trkpt lat="25.0156890" lon="121.4260300">
    <ele>13.9</ele>
    <time>2025-08-22T06:52:10Z</time>
   </trkpt>
   <trkpt lat="25.0156790" lon="121.4260340">
    <ele>13.9</ele>
    <time>2025-08-22T06:52:11Z</time>
   </trkpt>
   <trkpt lat="25.0156700" lon="121.4260380">
    <ele>13.9</ele>
    <time>2025-08-22T06:52:37Z</time>
   </trkpt>
   <trkpt lat="25.0156600" lon="121.4260420">
    <ele>13.9</ele>
    <time>2025-08-22T06:52:38Z</time>
   </trkpt>
   <trkpt lat="25.0156180" lon="121.4260350">
    <ele>13.9</ele>
    <time>2025-08-22T06:52:39Z</time>
   </trkpt>
   <trkpt lat="25.0155820" lon="121.4260350">
    <ele>13.9</ele>
    <time>2025-08-22T06:52:40Z</time>
   </trkpt>
   <trkpt lat="25.0155560" lon="121.4260280">
    <ele>13.9</ele>
    <time>2025-08-22T06:52:41Z</time>
   </trkpt>
   <trkpt lat="25.0155270" lon="121.4260300">
    <ele>13.9</ele>
    <time>2025-08-22T06:52:42Z</time>
   </trkpt>
   <trkpt lat="25.0155150" lon="121.4260330">
    <ele>13.9</ele>
    <time>2025-08-22T06:52:43Z</time>
   </trkpt>
   <trkpt lat="25.0155210" lon="121.4260390">
    <ele>13.9</ele>
    <time>2025-08-22T06:52:44Z</time>
   </trkpt>
   <trkpt lat="25.0155300" lon="121.4260490">
    <ele>13.9</ele>
    <time>2025-08-22T06:52:45Z</time>
   </trkpt>
   <trkpt lat="25.0155180" lon="121.4260640">
    <ele>13.8</ele>
    <time>2025-08-22T06:52:46Z</time>
   </trkpt>
   <trkpt lat="25.0155410" lon="121.4260910">
    <ele>13.8</ele>
    <time>2025-08-22T06:52:47Z</time>
   </trkpt>
   <trkpt lat="25.0155650" lon="121.4261190">
    <ele>13.7</ele>
    <time>2025-08-22T06:52:48Z</time>
   </trkpt>
   <trkpt lat="25.0155880" lon="121.4261460">
    <ele>13.7</ele>
    <time>2025-08-22T06:52:49Z</time>
   </trkpt>
   <trkpt lat="25.0155900" lon="121.4261630">
    <ele>13.7</ele>
    <time>2025-08-22T06:52:50Z</time>
   </trkpt>
   <trkpt lat="25.0155950" lon="121.4261630">
    <ele>13.7</ele>
    <time>2025-08-22T06:52:51Z</time>
   </trkpt>
   <trkpt lat="25.0155850" lon="121.4261710">
    <ele>13.6</ele>
    <time>2025-08-22T06:52:52Z</time>
   </trkpt>
   <trkpt lat="25.0155850" lon="121.4261760">
    <ele>13.6</ele>
    <time>2025-08-22T06:52:53Z</time>
   </trkpt>
   <trkpt lat="25.0155770" lon="121.4261820">
    <ele>13.6</ele>
    <time>2025-08-22T06:52:54Z</time>
   </trkpt>
   <trkpt lat="25.0155690" lon="121.4261810">
    <ele>13.6</ele>
    <time>2025-08-22T06:52:55Z</time>
   </trkpt>
   <trkpt lat="25.0155600" lon="121.4261790">
    <ele>13.6</ele>
    <time>2025-08-22T06:52:56Z</time>
   </trkpt>
   <trkpt lat="25.0155520" lon="121.4261780">
    <ele>13.6</ele>
    <time>2025-08-22T06:52:57Z</time>
   </trkpt>
   <trkpt lat="25.0155440" lon="121.4261760">
    <ele>13.6</ele>
    <time>2025-08-22T06:52:58Z</time>
   </trkpt>
   <trkpt lat="25.0155280" lon="121.4261790">
    <ele>13.6</ele>
    <time>2025-08-22T06:52:59Z</time>
   </trkpt>
   <trkpt lat="25.0155160" lon="121.4261700">
    <ele>13.6</ele>
    <time>2025-08-22T06:53:00Z</time>
   </trkpt>
   <trkpt lat="25.0155020" lon="121.4261430">
    <ele>13.6</ele>
    <time>2025-08-22T06:53:01Z</time>
   </trkpt>
   <trkpt lat="25.0154950" lon="121.4261380">
    <ele>13.6</ele>
    <time>2025-08-22T06:53:02Z</time>
   </trkpt>
   <trkpt lat="25.0154880" lon="121.4261290">
    <ele>13.6</ele>
    <time>2025-08-22T06:53:03Z</time>
   </trkpt>
   <trkpt lat="25.0154820" lon="121.4261120">
    <ele>13.6</ele>
    <time>2025-08-22T06:53:04Z</time>
   </trkpt>
   <trkpt lat="25.0154800" lon="121.4261350">
    <ele>13.6</ele>
    <time>2025-08-22T06:53:05Z</time>
   </trkpt>
   <trkpt lat="25.0154730" lon="121.4261420">
    <ele>13.6</ele>
    <time>2025-08-22T06:53:06Z</time>
   </trkpt>
   <trkpt lat="25.0154670" lon="121.4261460">
    <ele>13.6</ele>
    <time>2025-08-22T06:53:07Z</time>
   </trkpt>
   <trkpt lat="25.0154600" lon="121.4261470">
    <ele>13.6</ele>
    <time>2025-08-22T06:53:08Z</time>
   </trkpt>
   <trkpt lat="25.0154560" lon="121.4261550">
    <ele>13.6</ele>
    <time>2025-08-22T06:53:09Z</time>
   </trkpt>
   <trkpt lat="25.0154530" lon="121.4261590">
    <ele>13.6</ele>
    <time>2025-08-22T06:53:10Z</time>
   </trkpt>
   <trkpt lat="25.0154450" lon="121.4261570">
    <ele>13.6</ele>
    <time>2025-08-22T06:53:11Z</time>
   </trkpt>
   <trkpt lat="25.0154380" lon="121.4261620">
    <ele>13.6</ele>
    <time>2025-08-22T06:53:12Z</time>
   </trkpt>
   <trkpt lat="25.0154120" lon="121.4261560">
    <ele>13.6</ele>
    <time>2025-08-22T06:53:13Z</time>
   </trkpt>
   <trkpt lat="25.0153940" lon="121.4261480">
    <ele>13.7</ele>
    <time>2025-08-22T06:53:14Z</time>
   </trkpt>
   <trkpt lat="25.0153750" lon="121.4261410">
    <ele>13.7</ele>
    <time>2025-08-22T06:53:22Z</time>
   </trkpt>
   <trkpt lat="25.0153570" lon="121.4261330">
    <ele>13.7</ele>
    <time>2025-08-22T06:53:23Z</time>
   </trkpt>
   <trkpt lat="25.0153450" lon="121.4261400">
    <ele>13.8</ele>
    <time>2025-08-22T06:53:25Z</time>
   </trkpt>
   <trkpt lat="25.0153260" lon="121.4261540">
    <ele>13.8</ele>
    <time>2025-08-22T06:53:26Z</time>
   </trkpt>
   <trkpt lat="25.0153510" lon="121.4261710">
    <ele>13.9</ele>
    <time>2025-08-22T06:53:27Z</time>
   </trkpt>
   <trkpt lat="25.0153740" lon="121.4262000">
    <ele>14.0</ele>
    <time>2025-08-22T06:53:28Z</time>
   </trkpt>
   <trkpt lat="25.0153760" lon="121.4262100">
    <ele>14.0</ele>
    <time>2025-08-22T06:53:29Z</time>
   </trkpt>
   <trkpt lat="25.0153590" lon="121.4262310">
    <ele>14.0</ele>
    <time>2025-08-22T06:53:30Z</time>
   </trkpt>
   <trkpt lat="25.0153640" lon="121.4262350">
    <ele>14.1</ele>
    <time>2025-08-22T06:53:31Z</time>
   </trkpt>
   <trkpt lat="25.0153550" lon="121.4262650">
    <ele>14.1</ele>
    <time>2025-08-22T06:53:32Z</time>
   </trkpt>
   <trkpt lat="25.0153380" lon="121.4262890">
    <ele>14.2</ele>
    <time>2025-08-22T06:53:33Z</time>
   </trkpt>
   <trkpt lat="25.0153390" lon="121.4263030">
    <ele>14.3</ele>
    <time>2025-08-22T06:53:34Z</time>
   </trkpt>
   <trkpt lat="25.0153390" lon="121.4263170">
    <ele>14.3</ele>
    <time>2025-08-22T06:53:35Z</time>
   </trkpt>
   <trkpt lat="25.0153370" lon="121.4263250">
    <ele>14.3</ele>
    <time>2025-08-22T06:53:36Z</time>
   </trkpt>
   <trkpt lat="25.0153320" lon="121.4263380">
    <ele>14.4</ele>
    <time>2025-08-22T06:53:37Z</time>
   </trkpt>
   <trkpt lat="25.0153320" lon="121.4263460">
    <ele>14.4</ele>
    <time>2025-08-22T06:53:38Z</time>
   </trkpt>
   <trkpt lat="25.0153250" lon="121.4263820">
    <ele>14.5</ele>
    <time>2025-08-22T06:53:39Z</time>
   </trkpt>
   <trkpt lat="25.0153230" lon="121.4263960">
    <ele>14.5</ele>
    <time>2025-08-22T06:53:40Z</time>
   </trkpt>
   <trkpt lat="25.0153210" lon="121.4264060">
    <ele>14.5</ele>
    <time>2025-08-22T06:53:41Z</time>
   </trkpt>
   <trkpt lat="25.0153180" lon="121.4264150">
    <ele>14.6</ele>
    <time>2025-08-22T06:53:42Z</time>
   </trkpt>
   <trkpt lat="25.0153160" lon="121.4264250">
    <ele>14.6</ele>
    <time>2025-08-22T06:53:43Z</time>
   </trkpt>
   <trkpt lat="25.0153040" lon="121.4264300">
    <ele>14.6</ele>
    <time>2025-08-22T06:53:44Z</time>
   </trkpt>
   <trkpt lat="25.0153060" lon="121.4264340">
    <ele>14.7</ele>
    <time>2025-08-22T06:53:45Z</time>
   </trkpt>
   <trkpt lat="25.0153120" lon="121.4264340">
    <ele>14.7</ele>
    <time>2025-08-22T06:53:46Z</time>
   </trkpt>
   <trkpt lat="25.0153060" lon="121.4264220">
    <ele>14.7</ele>
    <time>2025-08-22T06:53:47Z</time>
   </trkpt>
   <trkpt lat="25.0153040" lon="121.4264100">
    <ele>14.7</ele>
    <time>2025-08-22T06:53:48Z</time>
   </trkpt>
   <trkpt lat="25.0152940" lon="121.4264040">
    <ele>14.8</ele>
    <time>2025-08-22T06:53:49Z</time>
   </trkpt>
   <trkpt lat="25.0152990" lon="121.4264200">
    <ele>14.8</ele>
    <time>2025-08-22T06:53:50Z</time>
   </trkpt>
   <trkpt lat="25.0153000" lon="121.4264270">
    <ele>14.8</ele>
    <time>2025-08-22T06:53:51Z</time>
   </trkpt>
   <trkpt lat="25.0153010" lon="121.4264330">
    <ele>14.9</ele>
    <time>2025-08-22T06:53:52Z</time>
   </trkpt>
   <trkpt lat="25.0153020" lon="121.4264400">
    <ele>14.9</ele>
    <time>2025-08-22T06:53:53Z</time>
   </trkpt>
   <trkpt lat="25.0153030" lon="121.4264460">
    <ele>14.9</ele>
    <time>2025-08-22T06:53:54Z</time>
   </trkpt>
   <trkpt lat="25.0153040" lon="121.4264530">
    <ele>14.9</ele>
    <time>2025-08-22T06:54:03Z</time>
   </trkpt>
   <trkpt lat="25.0153050" lon="121.4264590">
    <ele>14.9</ele>
    <time>2025-08-22T06:54:04Z</time>
   </trkpt>
   <trkpt lat="25.0153060" lon="121.4264660">
    <ele>14.9</ele>
    <time>2025-08-22T06:54:05Z</time>
   </trkpt>
   <trkpt lat="25.0153070" lon="121.4264720">
    <ele>15.0</ele>
    <time>2025-08-22T06:54:06Z</time>
   </trkpt>
   <trkpt lat="25.0153080" lon="121.4264790">
    <ele>15.0</ele>
    <time>2025-08-22T06:54:07Z</time>
   </trkpt>
   <trkpt lat="25.0153090" lon="121.4264850">
    <ele>15.0</ele>
    <time>2025-08-22T06:54:08Z</time>
   </trkpt>
   <trkpt lat="25.0153100" lon="121.4264920">
    <ele>15.0</ele>
    <time>2025-08-22T06:54:09Z</time>
   </trkpt>
   <trkpt lat="25.0153020" lon="121.4265350">
    <ele>15.1</ele>
    <time>2025-08-22T06:54:10Z</time>
   </trkpt>
   <trkpt lat="25.0153090" lon="121.4265650">
    <ele>15.1</ele>
    <time>2025-08-22T06:54:11Z</time>
   </trkpt>
   <trkpt lat="25.0153370" lon="121.4265580">
    <ele>15.1</ele>
    <time>2025-08-22T06:54:12Z</time>
   </trkpt>
   <trkpt lat="25.0153410" lon="121.4265490">
    <ele>15.1</ele>
    <time>2025-08-22T06:54:13Z</time>
   </trkpt>
   <trkpt lat="25.0153460" lon="121.4265400">
    <ele>15.1</ele>
    <time>2025-08-22T06:54:14Z</time>
   </trkpt>
   <trkpt lat="25.0153550" lon="121.4265210">
    <ele>15.1</ele>
    <time>2025-08-22T06:54:15Z</time>
   </trkpt>
   <trkpt lat="25.0153680" lon="121.4265170">
    <ele>15.1</ele>
    <time>2025-08-22T06:54:16Z</time>
   </trkpt>
   <trkpt lat="25.0153780" lon="121.4265070">
    <ele>15.0</ele>
    <time>2025-08-22T06:54:17Z</time>
   </trkpt>
   <trkpt lat="25.0153810" lon="121.4264880">
    <ele>14.9</ele>
    <time>2025-08-22T06:54:18Z</time>
   </trkpt>
   <trkpt lat="25.0153810" lon="121.4264720">
    <ele>14.8</ele>
    <time>2025-08-22T06:54:19Z</time>
   </trkpt>
   <trkpt lat="25.0153820" lon="121.4264600">
    <ele>14.7</ele>
    <time>2025-08-22T06:54:20Z</time>
   </trkpt>
   <trkpt lat="25.0153840" lon="121.4264470">
    <ele>14.6</ele>
    <time>2025-08-22T06:54:21Z</time>
   </trkpt>
   <trkpt lat="25.0153840" lon="121.4264170">
    <ele>14.4</ele>
    <time>2025-08-22T06:54:22Z</time>
   </trkpt>
   <trkpt lat="25.0153800" lon="121.4263850">
    <ele>14.2</ele>
    <time>2025-08-22T06:54:23Z</time>
   </trkpt>
   <trkpt lat="25.0153810" lon="121.4263760">
    <ele>14.1</ele>
    <time>2025-08-22T06:54:24Z</time>
   </trkpt>
   <trkpt lat="25.0153830" lon="121.4263640">
    <ele>14.0</ele>
    <time>2025-08-22T06:54:25Z</time>
   </trkpt>
   <trkpt lat="25.0153840" lon="121.4263580">
    <ele>14.0</ele>
    <time>2025-08-22T06:54:26Z</time>
   </trkpt>
   <trkpt lat="25.0153870" lon="121.4263440">
    <ele>13.9</ele>
    <time>2025-08-22T06:54:27Z</time>
   </trkpt>
   <trkpt lat="25.0153930" lon="121.4263250">
    <ele>13.8</ele>
    <time>2025-08-22T06:54:28Z</time>
   </trkpt>
   <trkpt lat="25.0153900" lon="121.4263070">
    <ele>13.7</ele>
    <time>2025-08-22T06:54:29Z</time>
   </trkpt>
   <trkpt lat="25.0153980" lon="121.4263010">
    <ele>13.7</ele>
    <time>2025-08-22T06:54:30Z</time>
   </trkpt>
   <trkpt lat="25.0153910" lon="121.4262870">
    <ele>13.6</ele>
    <time>2025-08-22T06:54:31Z</time>
   </trkpt>
   <trkpt lat="25.0154060" lon="121.4262730">
    <ele>13.6</ele>
    <time>2025-08-22T06:54:32Z</time>
   </trkpt>
   <trkpt lat="25.0154040" lon="121.4262590">
    <ele>13.6</ele>
    <time>2025-08-22T06:54:33Z</time>
   </trkpt>
   <trkpt lat="25.0154080" lon="121.4262500">
    <ele>13.6</ele>
    <time>2025-08-22T06:54:34Z</time>
   </trkpt>
   <trkpt lat="25.0154210" lon="121.4262450">
    <ele>13.6</ele>
    <time>2025-08-22T06:54:35Z</time>
   </trkpt>
   <trkpt lat="25.0154460" lon="121.4262250">
    <ele>13.6</ele>
    <time>2025-08-22T06:54:36Z</time>
   </trkpt>
   <trkpt lat="25.0154570" lon="121.4262130">
    <ele>13.7</ele>
    <time>2025-08-22T06:54:37Z</time>
   </trkpt>
   <trkpt lat="25.0154630" lon="121.4262040">
    <ele>13.7</ele>
    <time>2025-08-22T06:54:38Z</time>
   </trkpt>
   <trkpt lat="25.0154680" lon="121.4261990">
    <ele>13.8</ele>
    <time>2025-08-22T06:54:39Z</time>
   </trkpt>
   <trkpt lat="25.0154570" lon="121.4261870">
    <ele>13.8</ele>
    <time>2025-08-22T06:54:40Z</time>
   </trkpt>
   <trkpt lat="25.0154530" lon="121.4261810">
    <ele>13.9</ele>
    <time>2025-08-22T06:54:41Z</time>
   </trkpt>
   <trkpt lat="25.0154490" lon="121.4261760">
    <ele>13.9</ele>
    <time>2025-08-22T06:54:42Z</time>
   </trkpt>
   <trkpt lat="25.0154450" lon="121.4261700">
    <ele>13.9</ele>
    <time>2025-08-22T06:54:43Z</time>
   </trkpt>
   <trkpt lat="25.0154410" lon="121.4261650">
    <ele>13.9</ele>
    <time>2025-08-22T06:54:44Z</time>
   </trkpt>
   <trkpt lat="25.0154170" lon="121.4261550">
    <ele>13.9</ele>
    <time>2025-08-22T06:54:45Z</time>
   </trkpt>
   <trkpt lat="25.0154060" lon="121.4261520">
    <ele>13.9</ele>
    <time>2025-08-22T06:54:46Z</time>
   </trkpt>
   <trkpt lat="25.0153880" lon="121.4261530">
    <ele>13.9</ele>
    <time>2025-08-22T06:54:47Z</time>
   </trkpt>
   <trkpt lat="25.0153720" lon="121.4261570">
    <ele>13.9</ele>
    <time>2025-08-22T06:54:48Z</time>
   </trkpt>
   <trkpt lat="25.0153640" lon="121.4261540">
    <ele>13.9</ele>
    <time>2025-08-22T06:54:49Z</time>
   </trkpt>
   <trkpt lat="25.0153500" lon="121.4261560">
    <ele>13.9</ele>
    <time>2025-08-22T06:54:50Z</time>
   </trkpt>
   <trkpt lat="25.0153380" lon="121.4261550">
    <ele>13.9</ele>
    <time>2025-08-22T06:54:51Z</time>
   </trkpt>
   <trkpt lat="25.0153280" lon="121.4261600">
    <ele>13.9</ele>
    <time>2025-08-22T06:54:52Z</time>
   </trkpt>
   <trkpt lat="25.0153240" lon="121.4261600">
    <ele>13.9</ele>
    <time>2025-08-22T06:54:53Z</time>
   </trkpt>
   <trkpt lat="25.0153110" lon="121.4261670">
    <ele>13.9</ele>
    <time>2025-08-22T06:54:54Z</time>
   </trkpt>
   <trkpt lat="25.0152930" lon="121.4261720">
    <ele>13.9</ele>
    <time>2025-08-22T06:54:55Z</time>
   </trkpt>
   <trkpt lat="25.0152820" lon="121.4261680">
    <ele>13.9</ele>
    <time>2025-08-22T06:54:56Z</time>
   </trkpt>
   <trkpt lat="25.0152660" lon="121.4261660">
    <ele>13.9</ele>
    <time>2025-08-22T06:54:57Z</time>
   </trkpt>
   <trkpt lat="25.0152580" lon="121.4261620">
    <ele>13.9</ele>
    <time>2025-08-22T06:54:58Z</time>
   </trkpt>
   <trkpt lat="25.0152490" lon="121.4261580">
    <ele>13.9</ele>
    <time>2025-08-22T06:54:59Z</time>
   </trkpt>
   <trkpt lat="25.0152400" lon="121.4261540">
    <ele>13.9</ele>
    <time>2025-08-22T06:55:00Z</time>
   </trkpt>
   <trkpt lat="25.0152260" lon="121.4261420">
    <ele>13.9</ele>
    <time>2025-08-22T06:55:01Z</time>
   </trkpt>
   <trkpt lat="25.0152240" lon="121.4261340">
    <ele>13.9</ele>
    <time>2025-08-22T06:55:02Z</time>
   </trkpt>
   <trkpt lat="25.0152140" lon="121.4261410">
    <ele>13.9</ele>
    <time>2025-08-22T06:55:03Z</time>
   </trkpt>
   <trkpt lat="25.0151980" lon="121.4261460">
    <ele>13.9</ele>
    <time>2025-08-22T06:55:04Z</time>
   </trkpt>
   <trkpt lat="25.0151860" lon="121.4261530">
    <ele>13.9</ele>
    <time>2025-08-22T06:55:05Z</time>
   </trkpt>
   <trkpt lat="25.0151730" lon="121.4261530">
    <ele>13.9</ele>
    <time>2025-08-22T06:55:06Z</time>
   </trkpt>
   <trkpt lat="25.0151540" lon="121.4261550">
    <ele>13.9</ele>
    <time>2025-08-22T06:55:07Z</time>
   </trkpt>
   <trkpt lat="25.0151430" lon="121.4261450">
    <ele>13.9</ele>
    <time>2025-08-22T06:55:08Z</time>
   </trkpt>
   <trkpt lat="25.0151340" lon="121.4261410">
    <ele>13.9</ele>
    <time>2025-08-22T06:55:09Z</time>
   </trkpt>
   <trkpt lat="25.0151290" lon="121.4261540">
    <ele>13.9</ele>
    <time>2025-08-22T06:55:10Z</time>
   </trkpt>
   <trkpt lat="25.0151210" lon="121.4261470">
    <ele>13.9</ele>
    <time>2025-08-22T06:55:11Z</time>
   </trkpt>
   <trkpt lat="25.0151110" lon="121.4261540">
    <ele>13.9</ele>
    <time>2025-08-22T06:55:12Z</time>
   </trkpt>
   <trkpt lat="25.0151020" lon="121.4261460">
    <ele>13.9</ele>
    <time>2025-08-22T06:55:13Z</time>
   </trkpt>
   <trkpt lat="25.0150880" lon="121.4261400">
    <ele>13.9</ele>
    <time>2025-08-22T06:55:14Z</time>
   </trkpt>
   <trkpt lat="25.0150660" lon="121.4261240">
    <ele>13.9</ele>
    <time>2025-08-22T06:55:15Z</time>
   </trkpt>
   <trkpt lat="25.0150590" lon="121.4261200">
    <ele>13.9</ele>
    <time>2025-08-22T06:55:16Z</time>
   </trkpt>
   <trkpt lat="25.0150510" lon="121.4261150">
    <ele>13.9</ele>
    <time>2025-08-22T06:55:17Z</time>
   </trkpt>
   <trkpt lat="25.0150320" lon="121.4261210">
    <ele>13.9</ele>
    <time>2025-08-22T06:55:18Z</time>
   </trkpt>
   <trkpt lat="25.0150250" lon="121.4261250">
    <ele>13.9</ele>
    <time>2025-08-22T06:55:19Z</time>
   </trkpt>
   <trkpt lat="25.0150190" lon="121.4261280">
    <ele>13.9</ele>
    <time>2025-08-22T06:55:20Z</time>
   </trkpt>
   <trkpt lat="25.0150120" lon="121.4261320">
    <ele>13.9</ele>
    <time>2025-08-22T06:55:21Z</time>
   </trkpt>
   <trkpt lat="25.0150050" lon="121.4261370">
    <ele>13.9</ele>
    <time>2025-08-22T06:55:22Z</time>
   </trkpt>
   <trkpt lat="25.0149960" lon="121.4261470">
    <ele>13.9</ele>
    <time>2025-08-22T06:55:23Z</time>
   </trkpt>
   <trkpt lat="25.0149910" lon="121.4261430">
    <ele>13.9</ele>
    <time>2025-08-22T06:55:24Z</time>
   </trkpt>
   <trkpt lat="25.0149850" lon="121.4261540">
    <ele>13.9</ele>
    <time>2025-08-22T06:55:25Z</time>
   </trkpt>
   <trkpt lat="25.0149660" lon="121.4261630">
    <ele>13.9</ele>
    <time>2025-08-22T06:55:26Z</time>
   </trkpt>
   <trkpt lat="25.0149530" lon="121.4261630">
    <ele>13.9</ele>
    <time>2025-08-22T06:55:27Z</time>
   </trkpt>
   <trkpt lat="25.0149410" lon="121.4261620">
    <ele>13.9</ele>
    <time>2025-08-22T06:55:28Z</time>
   </trkpt>
   <trkpt lat="25.0149210" lon="121.4261490">
    <ele>14.0</ele>
    <time>2025-08-22T06:55:29Z</time>
   </trkpt>
   <trkpt lat="25.0149120" lon="121.4261440">
    <ele>14.0</ele>
    <time>2025-08-22T06:55:30Z</time>
   </trkpt>
   <trkpt lat="25.0148980" lon="121.4261370">
    <ele>14.0</ele>
    <time>2025-08-22T06:55:31Z</time>
   </trkpt>
   <trkpt lat="25.0148820" lon="121.4261300">
    <ele>14.0</ele>
    <time>2025-08-22T06:55:32Z</time>
   </trkpt>
   <trkpt lat="25.0148660" lon="121.4261200">
    <ele>14.0</ele>
    <time>2025-08-22T06:55:33Z</time>
   </trkpt>
   <trkpt lat="25.0148540" lon="121.4261160">
    <ele>14.0</ele>
    <time>2025-08-22T06:55:34Z</time>
   </trkpt>
   <trkpt lat="25.0148430" lon="121.4261120">
    <ele>14.0</ele>
    <time>2025-08-22T06:55:35Z</time>
   </trkpt>
   <trkpt lat="25.0148290" lon="121.4261040">
    <ele>14.0</ele>
    <time>2025-08-22T06:55:36Z</time>
   </trkpt>
   <trkpt lat="25.0148210" lon="121.4260960">
    <ele>14.0</ele>
    <time>2025-08-22T06:55:37Z</time>
   </trkpt>
   <trkpt lat="25.0148150" lon="121.4260850">
    <ele>14.0</ele>
    <time>2025-08-22T06:55:38Z</time>
   </trkpt>
   <trkpt lat="25.0148110" lon="121.4260790">
    <ele>14.0</ele>
    <time>2025-08-22T06:55:39Z</time>
   </trkpt>
   <trkpt lat="25.0148060" lon="121.4260740">
    <ele>14.0</ele>
    <time>2025-08-22T06:55:40Z</time>
   </trkpt>
   <trkpt lat="25.0148010" lon="121.4260690">
    <ele>14.0</ele>
    <time>2025-08-22T06:55:41Z</time>
   </trkpt>
   <trkpt lat="25.0147960" lon="121.4260640">
    <ele>14.0</ele>
    <time>2025-08-22T06:55:42Z</time>
   </trkpt>
   <trkpt lat="25.0147920" lon="121.4260580">
    <ele>14.0</ele>
    <time>2025-08-22T06:55:44Z</time>
   </trkpt>
   <trkpt lat="25.0147870" lon="121.4260530">
    <ele>14.0</ele>
    <time>2025-08-22T06:55:45Z</time>
   </trkpt>
   <trkpt lat="25.0147830" lon="121.4260470">
    <ele>14.0</ele>
    <time>2025-08-22T06:55:46Z</time>
   </trkpt>
   <trkpt lat="25.0147710" lon="121.4260460">
    <ele>14.0</ele>
    <time>2025-08-22T06:55:47Z</time>
   </trkpt>
   <trkpt lat="25.0147670" lon="121.4260460">
    <ele>14.0</ele>
    <time>2025-08-22T06:55:48Z</time>
   </trkpt>
   <trkpt lat="25.0147680" lon="121.4260560">
    <ele>14.0</ele>
    <time>2025-08-22T06:55:49Z</time>
   </trkpt>
   <trkpt lat="25.0147590" lon="121.4260560">
    <ele>14.0</ele>
    <time>2025-08-22T06:55:50Z</time>
   </trkpt>
   <trkpt lat="25.0147100" lon="121.4260270">
    <ele>14.0</ele>
    <time>2025-08-22T06:55:51Z</time>
   </trkpt>
   <trkpt lat="25.0147230" lon="121.4260310">
    <ele>14.0</ele>
    <time>2025-08-22T06:55:52Z</time>
   </trkpt>
   <trkpt lat="25.0147390" lon="121.4260340">
    <ele>14.0</ele>
    <time>2025-08-22T06:55:53Z</time>
   </trkpt>
   <trkpt lat="25.0147190" lon="121.4260230">
    <ele>14.0</ele>
    <time>2025-08-22T06:55:54Z</time>
   </trkpt>
   <trkpt lat="25.0147040" lon="121.4260140">
    <ele>14.0</ele>
    <time>2025-08-22T06:55:55Z</time>
   </trkpt>
   <trkpt lat="25.0146880" lon="121.4260050">
    <ele>14.0</ele>
    <time>2025-08-22T06:55:56Z</time>
   </trkpt>
   <trkpt lat="25.0146650" lon="121.4259800">
    <ele>14.0</ele>
    <time>2025-08-22T06:55:57Z</time>
   </trkpt>
   <trkpt lat="25.0146640" lon="121.4259830">
    <ele>14.0</ele>
    <time>2025-08-22T06:55:58Z</time>
   </trkpt>
   <trkpt lat="25.0146520" lon="121.4259800">
    <ele>14.0</ele>
    <time>2025-08-22T06:55:59Z</time>
   </trkpt>
   <trkpt lat="25.0146440" lon="121.4259800">
    <ele>14.0</ele>
    <time>2025-08-22T06:56:00Z</time>
   </trkpt>
   <trkpt lat="25.0146380" lon="121.4259800">
    <ele>14.0</ele>
    <time>2025-08-22T06:56:01Z</time>
   </trkpt>
   <trkpt lat="25.0146310" lon="121.4259810">
    <ele>14.0</ele>
    <time>2025-08-22T06:56:02Z</time>
   </trkpt>
   <trkpt lat="25.0146190" lon="121.4259800">
    <ele>14.0</ele>
    <time>2025-08-22T06:56:03Z</time>
   </trkpt>
   <trkpt lat="25.0146080" lon="121.4259800">
    <ele>14.0</ele>
    <time>2025-08-22T06:56:04Z</time>
   </trkpt>
   <trkpt lat="25.0146010" lon="121.4259760">
    <ele>14.0</ele>
    <time>2025-08-22T06:56:05Z</time>
   </trkpt>
   <trkpt lat="25.0145870" lon="121.4259730">
    <ele>14.0</ele>
    <time>2025-08-22T06:56:06Z</time>
   </trkpt>
   <trkpt lat="25.0145840" lon="121.4259750">
    <ele>14.0</ele>
    <time>2025-08-22T06:56:07Z</time>
   </trkpt>
   <trkpt lat="25.0145740" lon="121.4259770">
    <ele>14.0</ele>
    <time>2025-08-22T06:56:08Z</time>
   </trkpt>
   <trkpt lat="25.0145710" lon="121.4259820">
    <ele>14.0</ele>
    <time>2025-08-22T06:56:09Z</time>
   </trkpt>
   <trkpt lat="25.0145450" lon="121.4259740">
    <ele>14.0</ele>
    <time>2025-08-22T06:56:10Z</time>
   </trkpt>
   <trkpt lat="25.0145470" lon="121.4259760">
    <ele>14.0</ele>
    <time>2025-08-22T06:56:11Z</time>
   </trkpt>
   <trkpt lat="25.0145440" lon="121.4259680">
    <ele>14.0</ele>
    <time>2025-08-22T06:56:12Z</time>
   </trkpt>
   <trkpt lat="25.0145390" lon="121.4259580">
    <ele>14.0</ele>
    <time>2025-08-22T06:56:13Z</time>
   </trkpt>
   <trkpt lat="25.0145200" lon="121.4259550">
    <ele>14.0</ele>
    <time>2025-08-22T06:56:14Z</time>
   </trkpt>
   <trkpt lat="25.0144880" lon="121.4259440">
    <ele>14.0</ele>
    <time>2025-08-22T06:56:15Z</time>
   </trkpt>
   <trkpt lat="25.0144780" lon="121.4259400">
    <ele>14.0</ele>
    <time>2025-08-22T06:56:16Z</time>
   </trkpt>
   <trkpt lat="25.0144660" lon="121.4259360">
    <ele>14.0</ele>
    <time>2025-08-22T06:56:17Z</time>
   </trkpt>
   <trkpt lat="25.0144580" lon="121.4259400">
    <ele>14.0</ele>
    <time>2025-08-22T06:56:18Z</time>
   </trkpt>
   <trkpt lat="25.0144310" lon="121.4259370">
    <ele>14.0</ele>
    <time>2025-08-22T06:56:19Z</time>
   </trkpt>
   <trkpt lat="25.0144260" lon="121.4259310">
    <ele>14.0</ele>
    <time>2025-08-22T06:56:20Z</time>
   </trkpt>
   <trkpt lat="25.0144140" lon="121.4259210">
    <ele>14.0</ele>
    <time>2025-08-22T06:56:21Z</time>
   </trkpt>
   <trkpt lat="25.0144070" lon="121.4259120">
    <ele>14.0</ele>
    <time>2025-08-22T06:56:22Z</time>
   </trkpt>
   <trkpt lat="25.0143990" lon="121.4259040">
    <ele>14.0</ele>
    <time>2025-08-22T06:56:23Z</time>
   </trkpt>
   <trkpt lat="25.0143920" lon="121.4258960">
    <ele>14.0</ele>
    <time>2025-08-22T06:56:24Z</time>
   </trkpt>
   <trkpt lat="25.0143640" lon="121.4258870">
    <ele>14.0</ele>
    <time>2025-08-22T06:56:25Z</time>
   </trkpt>
   <trkpt lat="25.0143540" lon="121.4258860">
    <ele>14.0</ele>
    <time>2025-08-22T06:56:26Z</time>
   </trkpt>
   <trkpt lat="25.0143040" lon="121.4258840">
    <ele>14.0</ele>
    <time>2025-08-22T06:56:27Z</time>
   </trkpt>
   <trkpt lat="25.0142810" lon="121.4258920">
    <ele>14.0</ele>
    <time>2025-08-22T06:56:28Z</time>
   </trkpt>
   <trkpt lat="25.0142660" lon="121.4259010">
    <ele>14.0</ele>
    <time>2025-08-22T06:56:29Z</time>
   </trkpt>
   <trkpt lat="25.0142500" lon="121.4259110">
    <ele>14.0</ele>
    <time>2025-08-22T06:56:30Z</time>
   </trkpt>
   <trkpt lat="25.0142220" lon="121.4259090">
    <ele>14.0</ele>
    <time>2025-08-22T06:56:31Z</time>
   </trkpt>
   <trkpt lat="25.0142000" lon="121.4259240">
    <ele>14.0</ele>
    <time>2025-08-22T06:56:32Z</time>
   </trkpt>
   <trkpt lat="25.0142000" lon="121.4259440">
    <ele>14.0</ele>
    <time>2025-08-22T06:56:33Z</time>
   </trkpt>
   <trkpt lat="25.0142150" lon="121.4259980">
    <ele>14.1</ele>
    <time>2025-08-22T06:56:34Z</time>
   </trkpt>
   <trkpt lat="25.0142270" lon="121.4260290">
    <ele>14.1</ele>
    <time>2025-08-22T06:56:35Z</time>
   </trkpt>
   <trkpt lat="25.0142190" lon="121.4260450">
    <ele>14.1</ele>
    <time>2025-08-22T06:56:36Z</time>
   </trkpt>
   <trkpt lat="25.0142100" lon="121.4260520">
    <ele>14.2</ele>
    <time>2025-08-22T06:56:37Z</time>
   </trkpt>
   <trkpt lat="25.0142030" lon="121.4260690">
    <ele>14.2</ele>
    <time>2025-08-22T06:56:38Z</time>
   </trkpt>
   <trkpt lat="25.0141990" lon="121.4260820">
    <ele>14.2</ele>
    <time>2025-08-22T06:56:39Z</time>
   </trkpt>
   <trkpt lat="25.0141900" lon="121.4261080">
    <ele>14.2</ele>
    <time>2025-08-22T06:56:40Z</time>
   </trkpt>
   <trkpt lat="25.0141860" lon="121.4261230">
    <ele>14.3</ele>
    <time>2025-08-22T06:56:41Z</time>
   </trkpt>
   <trkpt lat="25.0141800" lon="121.4261600">
    <ele>14.3</ele>
    <time>2025-08-22T06:56:42Z</time>
   </trkpt>
   <trkpt lat="25.0141690" lon="121.4262000">
    <ele>14.3</ele>
    <time>2025-08-22T06:56:43Z</time>
   </trkpt>
   <trkpt lat="25.0141640" lon="121.4262130">
    <ele>14.3</ele>
    <time>2025-08-22T06:56:44Z</time>
   </trkpt>
   <trkpt lat="25.0141650" lon="121.4262380">
    <ele>14.4</ele>
    <time>2025-08-22T06:56:45Z</time>
   </trkpt>
   <trkpt lat="25.0141650" lon="121.4262520">
    <ele>14.4</ele>
    <time>2025-08-22T06:56:46Z</time>
   </trkpt>
   <trkpt lat="25.0141620" lon="121.4262840">
    <ele>14.4</ele>
    <time>2025-08-22T06:56:47Z</time>
   </trkpt>
   <trkpt lat="25.0141610" lon="121.4262920">
    <ele>14.4</ele>
    <time>2025-08-22T06:56:48Z</time>
   </trkpt>
   <trkpt lat="25.0141690" lon="121.4263110">
    <ele>14.4</ele>
    <time>2025-08-22T06:56:49Z</time>
   </trkpt>
   <trkpt lat="25.0141780" lon="121.4263240">
    <ele>14.4</ele>
    <time>2025-08-22T06:56:50Z</time>
   </trkpt>
   <trkpt lat="25.0141880" lon="121.4263430">
    <ele>14.4</ele>
    <time>2025-08-22T06:56:51Z</time>
   </trkpt>
   <trkpt lat="25.0141820" lon="121.4263620">
    <ele>14.4</ele>
    <time>2025-08-22T06:56:52Z</time>
   </trkpt>
   <trkpt lat="25.0141800" lon="121.4263750">
    <ele>14.4</ele>
    <time>2025-08-22T06:56:53Z</time>
   </trkpt>
   <trkpt lat="25.0141780" lon="121.4263890">
    <ele>14.5</ele>
    <time>2025-08-22T06:56:54Z</time>
   </trkpt>
   <trkpt lat="25.0141780" lon="121.4264000">
    <ele>14.5</ele>
    <time>2025-08-22T06:56:55Z</time>
   </trkpt>
   <trkpt lat="25.0141790" lon="121.4264150">
    <ele>14.5</ele>
    <time>2025-08-22T06:56:56Z</time>
   </trkpt>
   <trkpt lat="25.0141800" lon="121.4264290">
    <ele>14.5</ele>
    <time>2025-08-22T06:56:57Z</time>
   </trkpt>
   <trkpt lat="25.0141770" lon="121.4264300">
    <ele>14.5</ele>
    <time>2025-08-22T06:56:58Z</time>
   </trkpt>
   <trkpt lat="25.0141770" lon="121.4264220">
    <ele>14.5</ele>
    <time>2025-08-22T06:56:59Z</time>
   </trkpt>
   <trkpt lat="25.0141750" lon="121.4264170">
    <ele>14.5</ele>
    <time>2025-08-22T06:57:00Z</time>
   </trkpt>
   <trkpt lat="25.0141730" lon="121.4264130">
    <ele>14.5</ele>
    <time>2025-08-22T06:57:01Z</time>
   </trkpt>
   <trkpt lat="25.0141700" lon="121.4264080">
    <ele>14.5</ele>
    <time>2025-08-22T06:57:02Z</time>
   </trkpt>
   <trkpt lat="25.0141680" lon="121.4264030">
    <ele>14.5</ele>
    <time>2025-08-22T06:57:03Z</time>
   </trkpt>
   <trkpt lat="25.0141660" lon="121.4263980">
    <ele>14.5</ele>
    <time>2025-08-22T06:57:04Z</time>
   </trkpt>
   <trkpt lat="25.0141640" lon="121.4263940">
    <ele>14.5</ele>
    <time>2025-08-22T06:57:05Z</time>
   </trkpt>
   <trkpt lat="25.0141620" lon="121.4263890">
    <ele>14.5</ele>
    <time>2025-08-22T06:57:06Z</time>
   </trkpt>
   <trkpt lat="25.0141600" lon="121.4263840">
    <ele>14.5</ele>
    <time>2025-08-22T06:57:07Z</time>
   </trkpt>
   <trkpt lat="25.0141570" lon="121.4263790">
    <ele>14.5</ele>
    <time>2025-08-22T06:57:08Z</time>
   </trkpt>
   <trkpt lat="25.0141550" lon="121.4263750">
    <ele>14.5</ele>
    <time>2025-08-22T06:57:52Z</time>
   </trkpt>
   <trkpt lat="25.0141530" lon="121.4263700">
    <ele>14.5</ele>
    <time>2025-08-22T06:57:53Z</time>
   </trkpt>
   <trkpt lat="25.0141510" lon="121.4263650">
    <ele>14.5</ele>
    <time>2025-08-22T06:57:54Z</time>
   </trkpt>
   <trkpt lat="25.0141580" lon="121.4263620">
    <ele>14.5</ele>
    <time>2025-08-22T06:57:55Z</time>
   </trkpt>
   <trkpt lat="25.0141610" lon="121.4263600">
    <ele>14.5</ele>
    <time>2025-08-22T06:57:56Z</time>
   </trkpt>
   <trkpt lat="25.0141720" lon="121.4263450">
    <ele>14.5</ele>
    <time>2025-08-22T06:57:57Z</time>
   </trkpt>
   <trkpt lat="25.0141870" lon="121.4263310">
    <ele>14.5</ele>
    <time>2025-08-22T06:57:58Z</time>
   </trkpt>
   <trkpt lat="25.0141860" lon="121.4263310">
    <ele>14.5</ele>
    <time>2025-08-22T06:57:59Z</time>
   </trkpt>
   <trkpt lat="25.0141850" lon="121.4263270">
    <ele>14.5</ele>
    <time>2025-08-22T06:58:00Z</time>
   </trkpt>
   <trkpt lat="25.0141890" lon="121.4263200">
    <ele>14.5</ele>
    <time>2025-08-22T06:58:01Z</time>
   </trkpt>
   <trkpt lat="25.0141960" lon="121.4262960">
    <ele>14.4</ele>
    <time>2025-08-22T06:58:02Z</time>
   </trkpt>
   <trkpt lat="25.0141970" lon="121.4262870">
    <ele>14.4</ele>
    <time>2025-08-22T06:58:03Z</time>
   </trkpt>
   <trkpt lat="25.0141980" lon="121.4262770">
    <ele>14.4</ele>
    <time>2025-08-22T06:58:04Z</time>
   </trkpt>
   <trkpt lat="25.0141960" lon="121.4262560">
    <ele>14.4</ele>
    <time>2025-08-22T06:58:05Z</time>
   </trkpt>
   <trkpt lat="25.0141930" lon="121.4262440">
    <ele>14.4</ele>
    <time>2025-08-22T06:58:06Z</time>
   </trkpt>
   <trkpt lat="25.0141910" lon="121.4262310">
    <ele>14.4</ele>
    <time>2025-08-22T06:58:07Z</time>
   </trkpt>
   <trkpt lat="25.0141940" lon="121.4262180">
    <ele>14.3</ele>
    <time>2025-08-22T06:58:08Z</time>
   </trkpt>
   <trkpt lat="25.0141940" lon="121.4262090">
    <ele>14.3</ele>
    <time>2025-08-22T06:58:09Z</time>
   </trkpt>
   <trkpt lat="25.0141910" lon="121.4262100">
    <ele>14.3</ele>
    <time>2025-08-22T06:58:10Z</time>
   </trkpt>
   <trkpt lat="25.0141920" lon="121.4262090">
    <ele>14.3</ele>
    <time>2025-08-22T06:58:11Z</time>
   </trkpt>
   <trkpt lat="25.0141900" lon="121.4261930">
    <ele>14.3</ele>
    <time>2025-08-22T06:58:12Z</time>
   </trkpt>
   <trkpt lat="25.0141890" lon="121.4261690">
    <ele>14.3</ele>
    <time>2025-08-22T06:58:13Z</time>
   </trkpt>
   <trkpt lat="25.0141970" lon="121.4261560">
    <ele>14.2</ele>
    <time>2025-08-22T06:58:14Z</time>
   </trkpt>
   <trkpt lat="25.0141950" lon="121.4261360">
    <ele>14.2</ele>
    <time>2025-08-22T06:58:15Z</time>
   </trkpt>
   <trkpt lat="25.0141920" lon="121.4261340">
    <ele>14.2</ele>
    <time>2025-08-22T06:58:16Z</time>
   </trkpt>
   <trkpt lat="25.0141870" lon="121.4261310">
    <ele>14.2</ele>
    <time>2025-08-22T06:58:17Z</time>
   </trkpt>
   <trkpt lat="25.0141880" lon="121.4261350">
    <ele>14.2</ele>
    <time>2025-08-22T06:58:18Z</time>
   </trkpt>
   <trkpt lat="25.0141880" lon="121.4261310">
    <ele>14.2</ele>
    <time>2025-08-22T06:58:19Z</time>
   </trkpt>
   <trkpt lat="25.0141840" lon="121.4261220">
    <ele>14.2</ele>
    <time>2025-08-22T06:58:20Z</time>
   </trkpt>
   <trkpt lat="25.0141890" lon="121.4261190">
    <ele>14.1</ele>
    <time>2025-08-22T06:58:21Z</time>
   </trkpt>
   <trkpt lat="25.0141570" lon="121.4261170">
    <ele>14.1</ele>
    <time>2025-08-22T06:58:22Z</time>
   </trkpt>
   <trkpt lat="25.0141220" lon="121.4261130">
    <ele>14.0</ele>
    <time>2025-08-22T06:58:23Z</time>
   </trkpt>
   <trkpt lat="25.0141090" lon="121.4261080">
    <ele>13.9</ele>
    <time>2025-08-22T06:58:24Z</time>
   </trkpt>
   <trkpt lat="25.0141010" lon="121.4261030">
    <ele>13.9</ele>
    <time>2025-08-22T06:58:25Z</time>
   </trkpt>
   <trkpt lat="25.0140840" lon="121.4260930">
    <ele>13.9</ele>
    <time>2025-08-22T06:58:26Z</time>
   </trkpt>
   <trkpt lat="25.0140690" lon="121.4260900">
    <ele>13.9</ele>
    <time>2025-08-22T06:58:27Z</time>
   </trkpt>
   <trkpt lat="25.0140520" lon="121.4260790">
    <ele>13.9</ele>
    <time>2025-08-22T06:58:28Z</time>
   </trkpt>
   <trkpt lat="25.0140500" lon="121.4260630">
    <ele>13.9</ele>
    <time>2025-08-22T06:58:29Z</time>
   </trkpt>
   <trkpt lat="25.0140310" lon="121.4260580">
    <ele>13.9</ele>
    <time>2025-08-22T06:58:30Z</time>
   </trkpt>
   <trkpt lat="25.0140460" lon="121.4260480">
    <ele>13.9</ele>
    <time>2025-08-22T06:58:31Z</time>
   </trkpt>
   <trkpt lat="25.0140410" lon="121.4260400">
    <ele>13.9</ele>
    <time>2025-08-22T06:58:32Z</time>
   </trkpt>
   <trkpt lat="25.0140390" lon="121.4260240">
    <ele>13.9</ele>
    <time>2025-08-22T06:58:33Z</time>
   </trkpt>
   <trkpt lat="25.0140280" lon="121.4259970">
    <ele>13.9</ele>
    <time>2025-08-22T06:58:34Z</time>
   </trkpt>
   <trkpt lat="25.0140230" lon="121.4259840">
    <ele>13.9</ele>
    <time>2025-08-22T06:58:35Z</time>
   </trkpt>
   <trkpt lat="25.0140310" lon="121.4259740">
    <ele>13.9</ele>
    <time>2025-08-22T06:58:36Z</time>
   </trkpt>
   <trkpt lat="25.0140260" lon="121.4259690">
    <ele>13.9</ele>
    <time>2025-08-22T06:58:37Z</time>
   </trkpt>
   <trkpt lat="25.0140230" lon="121.4259610">
    <ele>13.9</ele>
    <time>2025-08-22T06:58:38Z</time>
   </trkpt>
   <trkpt lat="25.0140330" lon="121.4259560">
    <ele>13.9</ele>
    <time>2025-08-22T06:58:39Z</time>
   </trkpt>
   <trkpt lat="25.0140390" lon="121.4259540">
    <ele>13.9</ele>
    <time>2025-08-22T06:58:40Z</time>
   </trkpt>
   <trkpt lat="25.0140300" lon="121.4259590">
    <ele>13.9</ele>
    <time>2025-08-22T06:58:41Z</time>
   </trkpt>
   <trkpt lat="25.0140310" lon="121.4259430">
    <ele>13.9</ele>
    <time>2025-08-22T06:58:42Z</time>
   </trkpt>
   <trkpt lat="25.0140210" lon="121.4259330">
    <ele>13.9</ele>
    <time>2025-08-22T06:58:43Z</time>
   </trkpt>
   <trkpt lat="25.0140200" lon="121.4259390">
    <ele>13.9</ele>
    <time>2025-08-22T06:58:44Z</time>
   </trkpt>
   <trkpt lat="25.0140200" lon="121.4259330">
    <ele>13.9</ele>
    <time>2025-08-22T06:58:45Z</time>
   </trkpt>
   <trkpt lat="25.0140220" lon="121.4259360">
    <ele>13.9</ele>
    <time>2025-08-22T06:58:46Z</time>
   </trkpt>
   <trkpt lat="25.0140180" lon="121.4259430">
    <ele>13.9</ele>
    <time>2025-08-22T06:58:47Z</time>
   </trkpt>
   <trkpt lat="25.0140470" lon="121.4259010">
    <ele>13.8</ele>
    <time>2025-08-22T06:58:48Z</time>
   </trkpt>
   <trkpt lat="25.0140430" lon="121.4259080">
    <ele>13.8</ele>
    <time>2025-08-22T06:58:49Z</time>
   </trkpt>
   <trkpt lat="25.0140380" lon="121.4259080">
    <ele>13.8</ele>
    <time>2025-08-22T06:58:50Z</time>
   </trkpt>
   <trkpt lat="25.0140320" lon="121.4259090">
    <ele>13.8</ele>
    <time>2025-08-22T06:58:51Z</time>
   </trkpt>
   <trkpt lat="25.0140270" lon="121.4259090">
    <ele>13.8</ele>
    <time>2025-08-22T06:58:52Z</time>
   </trkpt>
   <trkpt lat="25.0140210" lon="121.4259090">
    <ele>13.8</ele>
    <time>2025-08-22T06:58:53Z</time>
   </trkpt>
   <trkpt lat="25.0140160" lon="121.4259090">
    <ele>13.8</ele>
    <time>2025-08-22T06:58:54Z</time>
   </trkpt>
   <trkpt lat="25.0140100" lon="121.4259090">
    <ele>13.8</ele>
    <time>2025-08-22T06:58:55Z</time>
   </trkpt>
   <trkpt lat="25.0140050" lon="121.4259090">
    <ele>13.8</ele>
    <time>2025-08-22T06:58:56Z</time>
   </trkpt>
   <trkpt lat="25.0139990" lon="121.4259100">
    <ele>13.8</ele>
    <time>2025-08-22T06:58:57Z</time>
   </trkpt>
   <trkpt lat="25.0139940" lon="121.4259100">
    <ele>13.8</ele>
    <time>2025-08-22T06:58:58Z</time>
   </trkpt>
   <trkpt lat="25.0139880" lon="121.4259100">
    <ele>13.8</ele>
    <time>2025-08-22T06:58:59Z</time>
   </trkpt>
   <trkpt lat="25.0139760" lon="121.4259070">
    <ele>13.8</ele>
    <time>2025-08-22T06:59:00Z</time>
   </trkpt>
   <trkpt lat="25.0139670" lon="121.4259110">
    <ele>13.8</ele>
    <time>2025-08-22T06:59:07Z</time>
   </trkpt>
   <trkpt lat="25.0139580" lon="121.4259140">
    <ele>13.8</ele>
    <time>2025-08-22T06:59:08Z</time>
   </trkpt>
   <trkpt lat="25.0139500" lon="121.4259170">
    <ele>13.8</ele>
    <time>2025-08-22T06:59:09Z</time>
   </trkpt>
   <trkpt lat="25.0139410" lon="121.4259200">
    <ele>13.8</ele>
    <time>2025-08-22T06:59:10Z</time>
   </trkpt>
   <trkpt lat="25.0139320" lon="121.4259240">
    <ele>13.8</ele>
    <time>2025-08-22T06:59:11Z</time>
   </trkpt>
   <trkpt lat="25.0139230" lon="121.4259270">
    <ele>13.8</ele>
    <time>2025-08-22T06:59:12Z</time>
   </trkpt>
   <trkpt lat="25.0139140" lon="121.4259300">
    <ele>13.8</ele>
    <time>2025-08-22T06:59:13Z</time>
   </trkpt>
   <trkpt lat="25.0138940" lon="121.4259270">
    <ele>13.8</ele>
    <time>2025-08-22T06:59:14Z</time>
   </trkpt>
   <trkpt lat="25.0138850" lon="121.4259270">
    <ele>13.8</ele>
    <time>2025-08-22T06:59:15Z</time>
   </trkpt>
   <trkpt lat="25.0138770" lon="121.4259270">
    <ele>13.8</ele>
    <time>2025-08-22T06:59:16Z</time>
   </trkpt>
   <trkpt lat="25.0138340" lon="121.4259220">
    <ele>13.8</ele>
    <time>2025-08-22T06:59:17Z</time>
   </trkpt>
   <trkpt lat="25.0138220" lon="121.4259500">
    <ele>13.8</ele>
    <time>2025-08-22T06:59:18Z</time>
   </trkpt>
   <trkpt lat="25.0138060" lon="121.4259830">
    <ele>13.8</ele>
    <time>2025-08-22T06:59:19Z</time>
   </trkpt>
   <trkpt lat="25.0137900" lon="121.4260150">
    <ele>13.8</ele>
    <time>2025-08-22T06:59:20Z</time>
   </trkpt>
   <trkpt lat="25.0137740" lon="121.4260470">
    <ele>13.8</ele>
    <time>2025-08-22T06:59:21Z</time>
   </trkpt>
   <trkpt lat="25.0137580" lon="121.4260800">
    <ele>13.8</ele>
    <time>2025-08-22T06:59:22Z</time>
   </trkpt>
   <trkpt lat="25.0137420" lon="121.4261120">
    <ele>13.9</ele>
    <time>2025-08-22T06:59:23Z</time>
   </trkpt>
   <trkpt lat="25.0137270" lon="121.4261440">
    <ele>14.0</ele>
    <time>2025-08-22T06:59:24Z</time>
   </trkpt>
   <trkpt lat="25.0137110" lon="121.4261760">
    <ele>14.0</ele>
    <time>2025-08-22T06:59:25Z</time>
   </trkpt>
   <trkpt lat="25.0136950" lon="121.4262090">
    <ele>14.1</ele>
    <time>2025-08-22T06:59:26Z</time>
   </trkpt>
   <trkpt lat="25.0136790" lon="121.4262410">
    <ele>14.2</ele>
    <time>2025-08-22T06:59:27Z</time>
   </trkpt>
   <trkpt lat="25.0136630" lon="121.4262730">
    <ele>14.3</ele>
    <time>2025-08-22T07:00:17Z</time>
   </trkpt>
   <trkpt lat="25.0136470" lon="121.4263060">
    <ele>14.4</ele>
    <time>2025-08-22T07:00:18Z</time>
   </trkpt>
   <trkpt lat="25.0136310" lon="121.4263380">
    <ele>14.4</ele>
    <time>2025-08-22T07:00:19Z</time>
   </trkpt>
   <trkpt lat="25.0136830" lon="121.4263200">
    <ele>14.6</ele>
    <time>2025-08-22T07:00:20Z</time>
   </trkpt>
   <trkpt lat="25.0136840" lon="121.4263070">
    <ele>14.6</ele>
    <time>2025-08-22T07:00:21Z</time>
   </trkpt>
   <trkpt lat="25.0136880" lon="121.4262940">
    <ele>14.6</ele>
    <time>2025-08-22T07:00:22Z</time>
   </trkpt>
   <trkpt lat="25.0136920" lon="121.4262820">
    <ele>14.7</ele>
    <time>2025-08-22T07:00:23Z</time>
   </trkpt>
   <trkpt lat="25.0136960" lon="121.4262690">
    <ele>14.7</ele>
    <time>2025-08-22T07:00:24Z</time>
   </trkpt>
   <trkpt lat="25.0137000" lon="121.4262560">
    <ele>14.7</ele>
    <time>2025-08-22T07:00:25Z</time>
   </trkpt>
   <trkpt lat="25.0137000" lon="121.4262560">
    <ele>14.7</ele>
    <time>2025-08-22T07:00:26Z</time>
   </trkpt>
   <trkpt lat="25.0136980" lon="121.4262550">
    <ele>14.7</ele>
    <time>2025-08-22T07:00:27Z</time>
   </trkpt>
   <trkpt lat="25.0136760" lon="121.4262370">
    <ele>14.8</ele>
    <time>2025-08-22T07:00:45Z</time>
   </trkpt>
   <trkpt lat="25.0136870" lon="121.4262750">
    <ele>14.9</ele>
    <time>2025-08-22T07:00:46Z</time>
   </trkpt>
   <trkpt lat="25.0136860" lon="121.4262930">
    <ele>14.9</ele>
    <time>2025-08-22T07:00:47Z</time>
   </trkpt>
   <trkpt lat="25.0136890" lon="121.4263040">
    <ele>14.9</ele>
    <time>2025-08-22T07:00:48Z</time>
   </trkpt>
   <trkpt lat="25.0136920" lon="121.4263160">
    <ele>15.0</ele>
    <time>2025-08-22T07:00:49Z</time>
   </trkpt>
   <trkpt lat="25.0136950" lon="121.4263280">
    <ele>15.0</ele>
    <time>2025-08-22T07:00:50Z</time>
   </trkpt>
   <trkpt lat="25.0136880" lon="121.4263000">
    <ele>15.1</ele>
    <time>2025-08-22T07:00:51Z</time>
   </trkpt>
   <trkpt lat="25.0136690" lon="121.4263050">
    <ele>15.1</ele>
    <time>2025-08-22T07:00:52Z</time>
   </trkpt>
   <trkpt lat="25.0137160" lon="121.4263480">
    <ele>15.2</ele>
    <time>2025-08-22T07:00:53Z</time>
   </trkpt>
   <trkpt lat="25.0137360" lon="121.4263650">
    <ele>15.3</ele>
    <time>2025-08-22T07:00:54Z</time>
   </trkpt>
   <trkpt lat="25.0137560" lon="121.4263820">
    <ele>15.3</ele>
    <time>2025-08-22T07:00:55Z</time>
   </trkpt>
   <trkpt lat="25.0137530" lon="121.4263930">
    <ele>15.4</ele>
    <time>2025-08-22T07:00:56Z</time>
   </trkpt>
   <trkpt lat="25.0137610" lon="121.4264000">
    <ele>15.4</ele>
    <time>2025-08-22T07:00:57Z</time>
   </trkpt>
   <trkpt lat="25.0137690" lon="121.4264070">
    <ele>15.4</ele>
    <time>2025-08-22T07:00:58Z</time>
   </trkpt>
   <trkpt lat="25.0137770" lon="121.4264140">
    <ele>15.4</ele>
    <time>2025-08-22T07:00:59Z</time>
   </trkpt>
   <trkpt lat="25.0137850" lon="121.4264220">
    <ele>15.4</ele>
    <time>2025-08-22T07:01:00Z</time>
   </trkpt>
   <trkpt lat="25.0137930" lon="121.4264290">
    <ele>15.5</ele>
    <time>2025-08-22T07:01:01Z</time>
   </trkpt>
   <trkpt lat="25.0138010" lon="121.4264360">
    <ele>15.5</ele>
    <time>2025-08-22T07:01:32Z</time>
   </trkpt>
   <trkpt lat="25.0138090" lon="121.4264430">
    <ele>15.5</ele>
    <time>2025-08-22T07:01:33Z</time>
   </trkpt>
   <trkpt lat="25.0138080" lon="121.4264510">
    <ele>15.5</ele>
    <time>2025-08-22T07:01:34Z</time>
   </trkpt>
   <trkpt lat="25.0137970" lon="121.4264520">
    <ele>15.5</ele>
    <time>2025-08-22T07:01:35Z</time>
   </trkpt>
   <trkpt lat="25.0137870" lon="121.4264540">
    <ele>15.6</ele>
    <time>2025-08-22T07:01:36Z</time>
   </trkpt>
   <trkpt lat="25.0137760" lon="121.4264550">
    <ele>15.6</ele>
    <time>2025-08-22T07:01:37Z</time>
   </trkpt>
   <trkpt lat="25.0137660" lon="121.4264570">
    <ele>15.6</ele>
    <time>2025-08-22T07:01:38Z</time>
   </trkpt>
   <trkpt lat="25.0137960" lon="121.4264570">
    <ele>15.6</ele>
    <time>2025-08-22T07:01:39Z</time>
   </trkpt>
   <trkpt lat="25.0137860" lon="121.4264620">
    <ele>15.7</ele>
    <time>2025-08-22T07:01:40Z</time>
   </trkpt>
   <trkpt lat="25.0138090" lon="121.4264790">
    <ele>15.7</ele>
    <time>2025-08-22T07:01:41Z</time>
   </trkpt>
   <trkpt lat="25.0137950" lon="121.4264840">
    <ele>15.7</ele>
    <time>2025-08-22T07:01:42Z</time>
   </trkpt>
   <trkpt lat="25.0137980" lon="121.4264970">
    <ele>15.8</ele>
    <time>2025-08-22T07:01:43Z</time>
   </trkpt>
   <trkpt lat="25.0137970" lon="121.4265300">
    <ele>15.8</ele>
    <time>2025-08-22T07:01:44Z</time>
   </trkpt>
   <trkpt lat="25.0137810" lon="121.4265320">
    <ele>15.9</ele>
    <time>2025-08-22T07:01:45Z</time>
   </trkpt>
   <trkpt lat="25.0137810" lon="121.4265280">
    <ele>15.9</ele>
    <time>2025-08-22T07:01:46Z</time>
   </trkpt>
   <trkpt lat="25.0137670" lon="121.4265160">
    <ele>15.9</ele>
    <time>2025-08-22T07:01:47Z</time>
   </trkpt>
   <trkpt lat="25.0137640" lon="121.4265110">
    <ele>15.9</ele>
    <time>2025-08-22T07:01:48Z</time>
   </trkpt>
   <trkpt lat="25.0137580" lon="121.4265200">
    <ele>15.9</ele>
    <time>2025-08-22T07:01:49Z</time>
   </trkpt>
   <trkpt lat="25.0137570" lon="121.4265210">
    <ele>15.9</ele>
    <time>2025-08-22T07:01:50Z</time>
   </trkpt>
   <trkpt lat="25.0137560" lon="121.4265220">
    <ele>15.9</ele>
    <time>2025-08-22T07:01:51Z</time>
   </trkpt>
   <trkpt lat="25.0137530" lon="121.4265200">
    <ele>15.9</ele>
    <time>2025-08-22T07:01:52Z</time>
   </trkpt>
   <trkpt lat="25.0137450" lon="121.4265190">
    <ele>15.9</ele>
    <time>2025-08-22T07:01:53Z</time>
   </trkpt>
   <trkpt lat="25.0137330" lon="121.4265160">
    <ele>16.0</ele>
    <time>2025-08-22T07:01:54Z</time>
   </trkpt>
   <trkpt lat="25.0136570" lon="121.4265670">
    <ele>16.1</ele>
    <time>2025-08-22T07:02:12Z</time>
   </trkpt>
   <trkpt lat="25.0136620" lon="121.4265870">
    <ele>16.2</ele>
    <time>2025-08-22T07:02:13Z</time>
   </trkpt>
   <trkpt lat="25.0136680" lon="121.4266060">
    <ele>16.2</ele>
    <time>2025-08-22T07:02:14Z</time>
   </trkpt>
   <trkpt lat="25.0136730" lon="121.4266260">
    <ele>16.2</ele>
    <time>2025-08-22T07:02:15Z</time>
   </trkpt>
   <trkpt lat="25.0137080" lon="121.4266500">
    <ele>16.3</ele>
    <time>2025-08-22T07:02:16Z</time>
   </trkpt>
   <trkpt lat="25.0137830" lon="121.4266470">
    <ele>16.2</ele>
    <time>2025-08-22T07:02:17Z</time>
   </trkpt>
   <trkpt lat="25.0137780" lon="121.4266090">
    <ele>16.1</ele>
    <time>2025-08-22T07:02:18Z</time>
   </trkpt>
   <trkpt lat="25.0137820" lon="121.4266150">
    <ele>16.1</ele>
    <time>2025-08-22T07:02:19Z</time>
   </trkpt>
   <trkpt lat="25.0137970" lon="121.4266310">
    <ele>16.1</ele>
    <time>2025-08-22T07:02:20Z</time>
   </trkpt>
   <trkpt lat="25.0137990" lon="121.4266340">
    <ele>16.1</ele>
    <time>2025-08-22T07:02:21Z</time>
   </trkpt>
   <trkpt lat="25.0137950" lon="121.4266310">
    <ele>16.1</ele>
    <time>2025-08-22T07:02:22Z</time>
   </trkpt>
   <trkpt lat="25.0137920" lon="121.4266280">
    <ele>16.1</ele>
    <time>2025-08-22T07:02:23Z</time>
   </trkpt>
   <trkpt lat="25.0137880" lon="121.4266250">
    <ele>16.1</ele>
    <time>2025-08-22T07:02:24Z</time>
   </trkpt>
   <trkpt lat="25.0137840" lon="121.4266220">
    <ele>16.2</ele>
    <time>2025-08-22T07:02:25Z</time>
   </trkpt>
   <trkpt lat="25.0137800" lon="121.4266190">
    <ele>16.2</ele>
    <time>2025-08-22T07:02:26Z</time>
   </trkpt>
   <trkpt lat="25.0137760" lon="121.4266170">
    <ele>16.2</ele>
    <time>2025-08-22T07:02:27Z</time>
   </trkpt>
   <trkpt lat="25.0137720" lon="121.4266140">
    <ele>16.2</ele>
    <time>2025-08-22T07:02:28Z</time>
   </trkpt>
   <trkpt lat="25.0137690" lon="121.4266110">
    <ele>16.2</ele>
    <time>2025-08-22T07:02:29Z</time>
   </trkpt>
   <trkpt lat="25.0137650" lon="121.4266080">
    <ele>16.2</ele>
    <time>2025-08-22T07:02:30Z</time>
   </trkpt>
   <trkpt lat="25.0137610" lon="121.4266050">
    <ele>16.2</ele>
    <time>2025-08-22T07:02:31Z</time>
   </trkpt>
   <trkpt lat="25.0137570" lon="121.4266020">
    <ele>16.2</ele>
    <time>2025-08-22T07:02:32Z</time>
   </trkpt>
   <trkpt lat="25.0137460" lon="121.4265930">
    <ele>16.3</ele>
    <time>2025-08-22T07:02:33Z</time>
   </trkpt>
   <trkpt lat="25.0137370" lon="121.4265970">
    <ele>16.3</ele>
    <time>2025-08-22T07:02:34Z</time>
   </trkpt>
   <trkpt lat="25.0137290" lon="121.4265870">
    <ele>16.2</ele>
    <time>2025-08-22T07:02:35Z</time>
   </trkpt>
   <trkpt lat="25.0137500" lon="121.4265400">
    <ele>16.1</ele>
    <time>2025-08-22T07:02:42Z</time>
   </trkpt>
   <trkpt lat="25.0137410" lon="121.4265320">
    <ele>16.1</ele>
    <time>2025-08-22T07:02:43Z</time>
   </trkpt>
   <trkpt lat="25.0137330" lon="121.4265230">
    <ele>16.0</ele>
    <time>2025-08-22T07:02:44Z</time>
   </trkpt>
   <trkpt lat="25.0137220" lon="121.4265000">
    <ele>16.0</ele>
    <time>2025-08-22T07:02:45Z</time>
   </trkpt>
   <trkpt lat="25.0137230" lon="121.4264920">
    <ele>15.9</ele>
    <time>2025-08-22T07:02:46Z</time>
   </trkpt>
   <trkpt lat="25.0137230" lon="121.4264830">
    <ele>15.9</ele>
    <time>2025-08-22T07:02:47Z</time>
   </trkpt>
   <trkpt lat="25.0137160" lon="121.4264620">
    <ele>15.9</ele>
    <time>2025-08-22T07:02:48Z</time>
   </trkpt>
   <trkpt lat="25.0137090" lon="121.4264520">
    <ele>15.8</ele>
    <time>2025-08-22T07:02:49Z</time>
   </trkpt>
   <trkpt lat="25.0137030" lon="121.4264390">
    <ele>15.8</ele>
    <time>2025-08-22T07:02:50Z</time>
   </trkpt>
   <trkpt lat="25.0137010" lon="121.4264330">
    <ele>15.8</ele>
    <time>2025-08-22T07:02:51Z</time>
   </trkpt>
   <trkpt lat="25.0137010" lon="121.4264260">
    <ele>15.7</ele>
    <time>2025-08-22T07:02:52Z</time>
   </trkpt>
   <trkpt lat="25.0137000" lon="121.4264150">
    <ele>15.7</ele>
    <time>2025-08-22T07:02:53Z</time>
   </trkpt>
   <trkpt lat="25.0136970" lon="121.4263980">
    <ele>15.7</ele>
    <time>2025-08-22T07:02:54Z</time>
   </trkpt>
   <trkpt lat="25.0137000" lon="121.4263840">
    <ele>15.6</ele>
    <time>2025-08-22T07:02:55Z</time>
   </trkpt>
   <trkpt lat="25.0137040" lon="121.4263620">
    <ele>15.6</ele>
    <time>2025-08-22T07:02:56Z</time>
   </trkpt>
   <trkpt lat="25.0137050" lon="121.4263510">
    <ele>15.5</ele>
    <time>2025-08-22T07:02:57Z</time>
   </trkpt>
   <trkpt lat="25.0137060" lon="121.4263410">
    <ele>15.5</ele>
    <time>2025-08-22T07:02:58Z</time>
   </trkpt>
   <trkpt lat="25.0136970" lon="121.4262940">
    <ele>15.4</ele>
    <time>2025-08-22T07:02:59Z</time>
   </trkpt>
   <trkpt lat="25.0136950" lon="121.4262770">
    <ele>15.3</ele>
    <time>2025-08-22T07:03:00Z</time>
   </trkpt>
   <trkpt lat="25.0136940" lon="121.4262640">
    <ele>15.3</ele>
    <time>2025-08-22T07:03:01Z</time>
   </trkpt>
   <trkpt lat="25.0136940" lon="121.4262560">
    <ele>15.3</ele>
    <time>2025-08-22T07:03:02Z</time>
   </trkpt>
   <trkpt lat="25.0136930" lon="121.4262420">
    <ele>15.2</ele>
    <time>2025-08-22T07:03:03Z</time>
   </trkpt>
   <trkpt lat="25.0137140" lon="121.4262410">
    <ele>15.1</ele>
    <time>2025-08-22T07:03:04Z</time>
   </trkpt>
   <trkpt lat="25.0137400" lon="121.4262340">
    <ele>15.1</ele>
    <time>2025-08-22T07:03:05Z</time>
   </trkpt>
   <trkpt lat="25.0137250" lon="121.4262260">
    <ele>15.0</ele>
    <time>2025-08-22T07:03:06Z</time>
   </trkpt>
   <trkpt lat="25.0137240" lon="121.4262190">
    <ele>15.0</ele>
    <time>2025-08-22T07:03:07Z</time>
   </trkpt>
   <trkpt lat="25.0137240" lon="121.4262040">
    <ele>14.9</ele>
    <time>2025-08-22T07:03:08Z</time>
   </trkpt>
   <trkpt lat="25.0137160" lon="121.4261860">
    <ele>14.8</ele>
    <time>2025-08-22T07:03:09Z</time>
   </trkpt>
   <trkpt lat="25.0137070" lon="121.4261750">
    <ele>14.8</ele>
    <time>2025-08-22T07:03:10Z</time>
   </trkpt>
   <trkpt lat="25.0136980" lon="121.4261650">
    <ele>14.7</ele>
    <time>2025-08-22T07:03:11Z</time>
   </trkpt>
   <trkpt lat="25.0136960" lon="121.4261590">
    <ele>14.7</ele>
    <time>2025-08-22T07:03:12Z</time>
   </trkpt>
   <trkpt lat="25.0136950" lon="121.4261550">
    <ele>14.7</ele>
    <time>2025-08-22T07:03:13Z</time>
   </trkpt>
   <trkpt lat="25.0136870" lon="121.4261540">
    <ele>14.7</ele>
    <time>2025-08-22T07:03:14Z</time>
   </trkpt>
   <trkpt lat="25.0136820" lon="121.4261460">
    <ele>14.6</ele>
    <time>2025-08-22T07:03:15Z</time>
   </trkpt>
   <trkpt lat="25.0136790" lon="121.4261510">
    <ele>14.6</ele>
    <time>2025-08-22T07:03:16Z</time>
   </trkpt>
   <trkpt lat="25.0136760" lon="121.4261560">
    <ele>14.6</ele>
    <time>2025-08-22T07:03:17Z</time>
   </trkpt>
   <trkpt lat="25.0136700" lon="121.4261430">
    <ele>14.6</ele>
    <time>2025-08-22T07:03:18Z</time>
   </trkpt>
   <trkpt lat="25.0136630" lon="121.4261250">
    <ele>14.5</ele>
    <time>2025-08-22T07:03:19Z</time>
   </trkpt>
   <trkpt lat="25.0136620" lon="121.4261120">
    <ele>14.4</ele>
    <time>2025-08-22T07:03:20Z</time>
   </trkpt>
   <trkpt lat="25.0136600" lon="121.4261000">
    <ele>14.4</ele>
    <time>2025-08-22T07:03:21Z</time>
   </trkpt>
   <trkpt lat="25.0136590" lon="121.4260870">
    <ele>14.4</ele>
    <time>2025-08-22T07:03:22Z</time>
   </trkpt>
   <trkpt lat="25.0136570" lon="121.4260750">
    <ele>14.3</ele>
    <time>2025-08-22T07:03:23Z</time>
   </trkpt>
   <trkpt lat="25.0136560" lon="121.4260620">
    <ele>14.3</ele>
    <time>2025-08-22T07:03:31Z</time>
   </trkpt>
   <trkpt lat="25.0136540" lon="121.4260500">
    <ele>14.2</ele>
    <time>2025-08-22T07:03:32Z</time>
   </trkpt>
   <trkpt lat="25.0136460" lon="121.4260140">
    <ele>14.1</ele>
    <time>2025-08-22T07:03:33Z</time>
   </trkpt>
   <trkpt lat="25.0136310" lon="121.4260120">
    <ele>14.0</ele>
    <time>2025-08-22T07:03:34Z</time>
   </trkpt>
   <trkpt lat="25.0136200" lon="121.4259980">
    <ele>14.0</ele>
    <time>2025-08-22T07:03:35Z</time>
   </trkpt>
   <trkpt lat="25.0136140" lon="121.4259800">
    <ele>13.9</ele>
    <time>2025-08-22T07:03:36Z</time>
   </trkpt>
   <trkpt lat="25.0136130" lon="121.4259720">
    <ele>13.9</ele>
    <time>2025-08-22T07:03:37Z</time>
   </trkpt>
   <trkpt lat="25.0136130" lon="121.4259640">
    <ele>13.9</ele>
    <time>2025-08-22T07:03:38Z</time>
   </trkpt>
   <trkpt lat="25.0136120" lon="121.4259560">
    <ele>13.8</ele>
    <time>2025-08-22T07:03:39Z</time>
   </trkpt>
   <trkpt lat="25.0136120" lon="121.4259480">
    <ele>13.8</ele>
    <time>2025-08-22T07:03:40Z</time>
   </trkpt>
   <trkpt lat="25.0136110" lon="121.4259400">
    <ele>13.8</ele>
    <time>2025-08-22T07:03:41Z</time>
   </trkpt>
   <trkpt lat="25.0135680" lon="121.4258940">
    <ele>13.8</ele>
    <time>2025-08-22T07:03:42Z</time>
   </trkpt>
   <trkpt lat="25.0135380" lon="121.4258870">
    <ele>13.8</ele>
    <time>2025-08-22T07:03:43Z</time>
   </trkpt>
   <trkpt lat="25.0135230" lon="121.4258620">
    <ele>13.8</ele>
    <time>2025-08-22T07:03:44Z</time>
   </trkpt>
   <trkpt lat="25.0134970" lon="121.4258310">
    <ele>13.8</ele>
    <time>2025-08-22T07:03:45Z</time>
   </trkpt>
   <trkpt lat="25.0134800" lon="121.4257930">
    <ele>13.8</ele>
    <time>2025-08-22T07:03:46Z</time>
   </trkpt>
   <trkpt lat="25.0135030" lon="121.4258380">
    <ele>13.8</ele>
    <time>2025-08-22T07:03:47Z</time>
   </trkpt>
   <trkpt lat="25.0135060" lon="121.4258310">
    <ele>13.8</ele>
    <time>2025-08-22T07:03:48Z</time>
   </trkpt>
   <trkpt lat="25.0135160" lon="121.4258680">
    <ele>13.8</ele>
    <time>2025-08-22T07:03:49Z</time>
   </trkpt>
   <trkpt lat="25.0135230" lon="121.4258870">
    <ele>13.8</ele>
    <time>2025-08-22T07:03:50Z</time>
   </trkpt>
   <trkpt lat="25.0135200" lon="121.4258820">
    <ele>13.8</ele>
    <time>2025-08-22T07:03:51Z</time>
   </trkpt>
   <trkpt lat="25.0135180" lon="121.4258840">
    <ele>13.8</ele>
    <time>2025-08-22T07:03:52Z</time>
   </trkpt>
   <trkpt lat="25.0135130" lon="121.4258880">
    <ele>13.8</ele>
    <time>2025-08-22T07:03:53Z</time>
   </trkpt>
   <trkpt lat="25.0135110" lon="121.4259070">
    <ele>13.8</ele>
    <time>2025-08-22T07:03:54Z</time>
   </trkpt>
   <trkpt lat="25.0135060" lon="121.4259320">
    <ele>13.8</ele>
    <time>2025-08-22T07:03:55Z</time>
   </trkpt>
   <trkpt lat="25.0134970" lon="121.4259400">
    <ele>13.8</ele>
    <time>2025-08-22T07:03:56Z</time>
   </trkpt>
   <trkpt lat="25.0132700" lon="121.4260400">
    <ele>13.7</ele>
    <time>2025-08-22T07:05:02Z</time>
   </trkpt>
   <trkpt lat="25.0132650" lon="121.4260060">
    <ele>13.7</ele>
    <time>2025-08-22T07:05:03Z</time>
   </trkpt>
   <trkpt lat="25.0132630" lon="121.4259720">
    <ele>13.7</ele>
    <time>2025-08-22T07:05:04Z</time>
   </trkpt>
   <trkpt lat="25.0132730" lon="121.4259440">
    <ele>13.7</ele>
    <time>2025-08-22T07:05:05Z</time>
   </trkpt>
   <trkpt lat="25.0132740" lon="121.4259100">
    <ele>13.7</ele>
    <time>2025-08-22T07:05:06Z</time>
   </trkpt>
   <trkpt lat="25.0132890" lon="121.4259190">
    <ele>13.7</ele>
    <time>2025-08-22T07:05:07Z</time>
   </trkpt>
   <trkpt lat="25.0132930" lon="121.4259350">
    <ele>13.7</ele>
    <time>2025-08-22T07:05:08Z</time>
   </trkpt>
   <trkpt lat="25.0132840" lon="121.4259370">
    <ele>13.7</ele>
    <time>2025-08-22T07:05:09Z</time>
   </trkpt>
   <trkpt lat="25.0132760" lon="121.4259630">
    <ele>13.7</ele>
    <time>2025-08-22T07:05:10Z</time>
   </trkpt>
   <trkpt lat="25.0132470" lon="121.4259410">
    <ele>13.7</ele>
    <time>2025-08-22T07:05:11Z</time>
   </trkpt>
   <trkpt lat="25.0132370" lon="121.4259840">
    <ele>13.7</ele>
    <time>2025-08-22T07:05:12Z</time>
   </trkpt>
   <trkpt lat="25.0132300" lon="121.4259940">
    <ele>13.7</ele>
    <time>2025-08-22T07:05:13Z</time>
   </trkpt>
   <trkpt lat="25.0132150" lon="121.4259960">
    <ele>13.7</ele>
    <time>2025-08-22T07:05:14Z</time>
   </trkpt>
   <trkpt lat="25.0132080" lon="121.4259930">
    <ele>13.7</ele>
    <time>2025-08-22T07:05:15Z</time>
   </trkpt>
   <trkpt lat="25.0132130" lon="121.4259880">
    <ele>13.7</ele>
    <time>2025-08-22T07:05:16Z</time>
   </trkpt>
   <trkpt lat="25.0132030" lon="121.4259870">
    <ele>13.7</ele>
    <time>2025-08-22T07:05:17Z</time>
   </trkpt>
   <trkpt lat="25.0131950" lon="121.4259920">
    <ele>13.7</ele>
    <time>2025-08-22T07:05:18Z</time>
   </trkpt>
   <trkpt lat="25.0131930" lon="121.4260090">
    <ele>13.7</ele>
    <time>2025-08-22T07:05:19Z</time>
   </trkpt>
   <trkpt lat="25.0131910" lon="121.4260170">
    <ele>13.7</ele>
    <time>2025-08-22T07:05:20Z</time>
   </trkpt>
   <trkpt lat="25.0131920" lon="121.4260270">
    <ele>13.7</ele>
    <time>2025-08-22T07:05:21Z</time>
   </trkpt>
   <trkpt lat="25.0131850" lon="121.4260230">
    <ele>13.7</ele>
    <time>2025-08-22T07:05:22Z</time>
   </trkpt>
   <trkpt lat="25.0131820" lon="121.4260250">
    <ele>13.7</ele>
    <time>2025-08-22T07:05:23Z</time>
   </trkpt>
   <trkpt lat="25.0131800" lon="121.4260370">
    <ele>13.7</ele>
    <time>2025-08-22T07:05:24Z</time>
   </trkpt>
   <trkpt lat="25.0131750" lon="121.4260480">
    <ele>13.7</ele>
    <time>2025-08-22T07:05:25Z</time>
   </trkpt>
   <trkpt lat="25.0131670" lon="121.4260640">
    <ele>13.7</ele>
    <time>2025-08-22T07:05:26Z</time>
   </trkpt>
   <trkpt lat="25.0131660" lon="121.4260700">
    <ele>13.7</ele>
    <time>2025-08-22T07:05:27Z</time>
   </trkpt>
   <trkpt lat="25.0131650" lon="121.4260760">
    <ele>13.7</ele>
    <time>2025-08-22T07:05:28Z</time>
   </trkpt>
   <trkpt lat="25.0131650" lon="121.4260810">
    <ele>13.8</ele>
    <time>2025-08-22T07:05:29Z</time>
   </trkpt>
   <trkpt lat="25.0131640" lon="121.4260870">
    <ele>13.8</ele>
    <time>2025-08-22T07:05:30Z</time>
   </trkpt>
   <trkpt lat="25.0131630" lon="121.4260930">
    <ele>13.8</ele>
    <time>2025-08-22T07:05:31Z</time>
   </trkpt>
   <trkpt lat="25.0131620" lon="121.4260990">
    <ele>13.8</ele>
    <time>2025-08-22T07:05:32Z</time>
   </trkpt>
   <trkpt lat="25.0131300" lon="121.4261710">
    <ele>14.0</ele>
    <time>2025-08-22T07:05:33Z</time>
   </trkpt>
   <trkpt lat="25.0130980" lon="121.4262430">
    <ele>14.2</ele>
    <time>2025-08-22T07:05:34Z</time>
   </trkpt>
   <trkpt lat="25.0130660" lon="121.4263150">
    <ele>14.5</ele>
    <time>2025-08-22T07:05:35Z</time>
   </trkpt>
   <trkpt lat="25.0130330" lon="121.4263870">
    <ele>14.7</ele>
    <time>2025-08-22T07:05:36Z</time>
   </trkpt>
   <trkpt lat="25.0130010" lon="121.4264590">
    <ele>14.9</ele>
    <time>2025-08-22T07:06:59Z</time>
   </trkpt>
   <trkpt lat="25.0129690" lon="121.4265310">
    <ele>15.1</ele>
    <time>2025-08-22T07:07:00Z</time>
   </trkpt>
   <trkpt lat="25.0129840" lon="121.4265720">
    <ele>15.2</ele>
    <time>2025-08-22T07:07:01Z</time>
   </trkpt>
   <trkpt lat="25.0129730" lon="121.4265360">
    <ele>15.3</ele>
    <time>2025-08-22T07:07:02Z</time>
   </trkpt>
   <trkpt lat="25.0129430" lon="121.4265640">
    <ele>15.4</ele>
    <time>2025-08-22T07:07:03Z</time>
   </trkpt>
   <trkpt lat="25.0129110" lon="121.4265480">
    <ele>15.5</ele>
    <time>2025-08-22T07:07:04Z</time>
   </trkpt>
   <trkpt lat="25.0128830" lon="121.4265250">
    <ele>15.6</ele>
    <time>2025-08-22T07:07:05Z</time>
   </trkpt>
   <trkpt lat="25.0129280" lon="121.4264970">
    <ele>15.8</ele>
    <time>2025-08-22T07:07:06Z</time>
   </trkpt>
   <trkpt lat="25.0129570" lon="121.4264900">
    <ele>15.9</ele>
    <time>2025-08-22T07:07:07Z</time>
   </trkpt>
   <trkpt lat="25.0129190" lon="121.4264740">
    <ele>16.0</ele>
    <time>2025-08-22T07:07:08Z</time>
   </trkpt>
   <trkpt lat="25.0129030" lon="121.4264740">
    <ele>16.0</ele>
    <time>2025-08-22T07:07:09Z</time>
   </trkpt>
   <trkpt lat="25.0129260" lon="121.4264980">
    <ele>16.1</ele>
    <time>2025-08-22T07:07:10Z</time>
   </trkpt>
   <trkpt lat="25.0129360" lon="121.4265000">
    <ele>16.2</ele>
    <time>2025-08-22T07:07:11Z</time>
   </trkpt>
   <trkpt lat="25.0129450" lon="121.4265000">
    <ele>16.2</ele>
    <time>2025-08-22T07:07:12Z</time>
   </trkpt>
   <trkpt lat="25.0129530" lon="121.4265010">
    <ele>16.2</ele>
    <time>2025-08-22T07:07:13Z</time>
   </trkpt>
   <trkpt lat="25.0129620" lon="121.4265010">
    <ele>16.2</ele>
    <time>2025-08-22T07:07:14Z</time>
   </trkpt>
   <trkpt lat="25.0129700" lon="121.4265020">
    <ele>16.3</ele>
    <time>2025-08-22T07:07:15Z</time>
   </trkpt>
   <trkpt lat="25.0129900" lon="121.4264880">
    <ele>16.3</ele>
    <time>2025-08-22T07:07:16Z</time>
   </trkpt>
   <trkpt lat="25.0130090" lon="121.4264740">
    <ele>16.4</ele>
    <time>2025-08-22T07:07:17Z</time>
   </trkpt>
   <trkpt lat="25.0130280" lon="121.4264590">
    <ele>16.5</ele>
    <time>2025-08-22T07:07:18Z</time>
   </trkpt>
   <trkpt lat="25.0130480" lon="121.4264450">
    <ele>16.6</ele>
    <time>2025-08-22T07:07:19Z</time>
   </trkpt>
   <trkpt lat="25.0130670" lon="121.4264310">
    <ele>16.6</ele>
    <time>2025-08-22T07:08:21Z</time>
   </trkpt>
   <trkpt lat="25.0130860" lon="121.4264170">
    <ele>16.7</ele>
    <time>2025-08-22T07:08:22Z</time>
   </trkpt>
   <trkpt lat="25.0131050" lon="121.4264020">
    <ele>16.8</ele>
    <time>2025-08-22T07:08:23Z</time>
   </trkpt>
   <trkpt lat="25.0131240" lon="121.4263880">
    <ele>16.8</ele>
    <time>2025-08-22T07:08:24Z</time>
   </trkpt>
   <trkpt lat="25.0131150" lon="121.4264160">
    <ele>16.9</ele>
    <time>2025-08-22T07:08:25Z</time>
   </trkpt>
   <trkpt lat="25.0131090" lon="121.4264530">
    <ele>17.0</ele>
    <time>2025-08-22T07:08:26Z</time>
   </trkpt>
   <trkpt lat="25.0131020" lon="121.4264890">
    <ele>17.1</ele>
    <time>2025-08-22T07:08:27Z</time>
   </trkpt>
   <trkpt lat="25.0130790" lon="121.4265220">
    <ele>17.2</ele>
    <time>2025-08-22T07:08:28Z</time>
   </trkpt>
   <trkpt lat="25.0130730" lon="121.4265330">
    <ele>17.3</ele>
    <time>2025-08-22T07:08:29Z</time>
   </trkpt>
   <trkpt lat="25.0130310" lon="121.4265560">
    <ele>17.4</ele>
    <time>2025-08-22T07:08:30Z</time>
   </trkpt>
   <trkpt lat="25.0130140" lon="121.4265690">
    <ele>17.5</ele>
    <time>2025-08-22T07:08:31Z</time>
   </trkpt>
   <trkpt lat="25.0129910" lon="121.4265960">
    <ele>17.6</ele>
    <time>2025-08-22T07:08:32Z</time>
   </trkpt>
   <trkpt lat="25.0130270" lon="121.4266100">
    <ele>17.7</ele>
    <time>2025-08-22T07:08:33Z</time>
   </trkpt>
   <trkpt lat="25.0130370" lon="121.4266150">
    <ele>17.7</ele>
    <time>2025-08-22T07:08:34Z</time>
   </trkpt>
   <trkpt lat="25.0130430" lon="121.4266310">
    <ele>17.8</ele>
    <time>2025-08-22T07:08:35Z</time>
   </trkpt>
   <trkpt lat="25.0130470" lon="121.4266360">
    <ele>17.8</ele>
    <time>2025-08-22T07:08:36Z</time>
   </trkpt>
   <trkpt lat="25.0130570" lon="121.4266440">
    <ele>17.8</ele>
    <time>2025-08-22T07:08:37Z</time>
   </trkpt>
   <trkpt lat="25.0130580" lon="121.4266800">
    <ele>17.9</ele>
    <time>2025-08-22T07:08:38Z</time>
   </trkpt>
   <trkpt lat="25.0130420" lon="121.4267020">
    <ele>18.0</ele>
    <time>2025-08-22T07:08:39Z</time>
   </trkpt>
   <trkpt lat="25.0130260" lon="121.4267230">
    <ele>18.1</ele>
    <time>2025-08-22T07:08:40Z</time>
   </trkpt>
   <trkpt lat="25.0130180" lon="121.4267610">
    <ele>18.1</ele>
    <time>2025-08-22T07:08:41Z</time>
   </trkpt>
   <trkpt lat="25.0130070" lon="121.4267460">
    <ele>18.1</ele>
    <time>2025-08-22T07:08:42Z</time>
   </trkpt>
   <trkpt lat="25.0130410" lon="121.4267440">
    <ele>18.1</ele>
    <time>2025-08-22T07:08:43Z</time>
   </trkpt>
   <trkpt lat="25.0130800" lon="121.4267630">
    <ele>18.2</ele>
    <time>2025-08-22T07:08:44Z</time>
   </trkpt>
   <trkpt lat="25.0131080" lon="121.4267790">
    <ele>18.2</ele>
    <time>2025-08-22T07:08:45Z</time>
   </trkpt>
   <trkpt lat="25.0131160" lon="121.4267840">
    <ele>18.2</ele>
    <time>2025-08-22T07:08:46Z</time>
   </trkpt>
   <trkpt lat="25.0131220" lon="121.4267860">
    <ele>18.2</ele>
    <time>2025-08-22T07:08:47Z</time>
   </trkpt>
   <trkpt lat="25.0131190" lon="121.4267880">
    <ele>18.2</ele>
    <time>2025-08-22T07:08:48Z</time>
   </trkpt>
   <trkpt lat="25.0131220" lon="121.4268010">
    <ele>18.2</ele>
    <time>2025-08-22T07:08:49Z</time>
   </trkpt>
   <trkpt lat="25.0131130" lon="121.4268170">
    <ele>18.2</ele>
    <time>2025-08-22T07:08:50Z</time>
   </trkpt>
   <trkpt lat="25.0131100" lon="121.4268230">
    <ele>18.2</ele>
    <time>2025-08-22T07:08:51Z</time>
   </trkpt>
   <trkpt lat="25.0131110" lon="121.4268330">
    <ele>18.2</ele>
    <time>2025-08-22T07:08:52Z</time>
   </trkpt>
   <trkpt lat="25.0131150" lon="121.4268220">
    <ele>18.2</ele>
    <time>2025-08-22T07:08:53Z</time>
   </trkpt>
   <trkpt lat="25.0131170" lon="121.4268050">
    <ele>18.3</ele>
    <time>2025-08-22T07:08:54Z</time>
   </trkpt>
   <trkpt lat="25.0131070" lon="121.4267980">
    <ele>18.3</ele>
    <time>2025-08-22T07:08:55Z</time>
   </trkpt>
   <trkpt lat="25.0131010" lon="121.4268070">
    <ele>18.3</ele>
    <time>2025-08-22T07:08:56Z</time>
   </trkpt>
   <trkpt lat="25.0131000" lon="121.4268140">
    <ele>18.3</ele>
    <time>2025-08-22T07:08:57Z</time>
   </trkpt>
   <trkpt lat="25.0131140" lon="121.4268170">
    <ele>18.3</ele>
    <time>2025-08-22T07:08:58Z</time>
   </trkpt>
   <trkpt lat="25.0131110" lon="121.4268090">
    <ele>18.3</ele>
    <time>2025-08-22T07:08:59Z</time>
   </trkpt>
   <trkpt lat="25.0131150" lon="121.4268330">
    <ele>18.3</ele>
    <time>2025-08-22T07:09:00Z</time>
   </trkpt>
   <trkpt lat="25.0131210" lon="121.4268190">
    <ele>18.3</ele>
    <time>2025-08-22T07:09:01Z</time>
   </trkpt>
   <trkpt lat="25.0131330" lon="121.4268160">
    <ele>18.3</ele>
    <time>2025-08-22T07:09:02Z</time>
   </trkpt>
   <trkpt lat="25.0131280" lon="121.4268060">
    <ele>18.3</ele>
    <time>2025-08-22T07:09:03Z</time>
   </trkpt>
   <trkpt lat="25.0131230" lon="121.4268260">
    <ele>18.3</ele>
    <time>2025-08-22T07:09:04Z</time>
   </trkpt>
   <trkpt lat="25.0131090" lon="121.4268510">
    <ele>18.4</ele>
    <time>2025-08-22T07:09:05Z</time>
   </trkpt>
   <trkpt lat="25.0130820" lon="121.4268370">
    <ele>18.4</ele>
    <time>2025-08-22T07:09:06Z</time>
   </trkpt>
   <trkpt lat="25.0130740" lon="121.4268220">
    <ele>18.4</ele>
    <time>2025-08-22T07:09:07Z</time>
   </trkpt>
   <trkpt lat="25.0130500" lon="121.4268300">
    <ele>18.4</ele>
    <time>2025-08-22T07:09:08Z</time>
   </trkpt>
   <trkpt lat="25.0130410" lon="121.4268290">
    <ele>18.4</ele>
    <time>2025-08-22T07:09:09Z</time>
   </trkpt>
   <trkpt lat="25.0130230" lon="121.4268320">
    <ele>18.4</ele>
    <time>2025-08-22T07:09:10Z</time>
   </trkpt>
   <trkpt lat="25.0130070" lon="121.4268300">
    <ele>18.4</ele>
    <time>2025-08-22T07:09:11Z</time>
   </trkpt>
   <trkpt lat="25.0130060" lon="121.4268110">
    <ele>18.5</ele>
    <time>2025-08-22T07:09:12Z</time>
   </trkpt>
   <trkpt lat="25.0130010" lon="121.4268170">
    <ele>18.5</ele>
    <time>2025-08-22T07:09:13Z</time>
   </trkpt>
   <trkpt lat="25.0130120" lon="121.4268180">
    <ele>18.5</ele>
    <time>2025-08-22T07:09:14Z</time>
   </trkpt>
   <trkpt lat="25.0130140" lon="121.4268160">
    <ele>18.5</ele>
    <time>2025-08-22T07:09:15Z</time>
   </trkpt>
   <trkpt lat="25.0130230" lon="121.4268450">
    <ele>18.5</ele>
    <time>2025-08-22T07:09:16Z</time>
   </trkpt>
   <trkpt lat="25.0130340" lon="121.4268550">
    <ele>18.5</ele>
    <time>2025-08-22T07:09:17Z</time>
   </trkpt>
   <trkpt lat="25.0130480" lon="121.4268700">
    <ele>18.5</ele>
    <time>2025-08-22T07:09:18Z</time>
   </trkpt>
   <trkpt lat="25.0130560" lon="121.4268750">
    <ele>18.5</ele>
    <time>2025-08-22T07:09:19Z</time>
   </trkpt>
   <trkpt lat="25.0130590" lon="121.4268700">
    <ele>18.5</ele>
    <time>2025-08-22T07:09:20Z</time>
   </trkpt>
   <trkpt lat="25.0130630" lon="121.4268700">
    <ele>18.5</ele>
    <time>2025-08-22T07:09:21Z</time>
   </trkpt>
   <trkpt lat="25.0130810" lon="121.4268800">
    <ele>18.5</ele>
    <time>2025-08-22T07:09:23Z</time>
   </trkpt>
   <trkpt lat="25.0130920" lon="121.4268790">
    <ele>18.5</ele>
    <time>2025-08-22T07:09:24Z</time>
   </trkpt>
   <trkpt lat="25.0131000" lon="121.4268830">
    <ele>18.5</ele>
    <time>2025-08-22T07:09:25Z</time>
   </trkpt>
   <trkpt lat="25.0131080" lon="121.4268960">
    <ele>18.6</ele>
    <time>2025-08-22T07:09:26Z</time>
   </trkpt>
   <trkpt lat="25.0131170" lon="121.4269080">
    <ele>18.6</ele>
    <time>2025-08-22T07:09:27Z</time>
   </trkpt>
   <trkpt lat="25.0131260" lon="121.4269200">
    <ele>18.6</ele>
    <time>2025-08-22T07:09:28Z</time>
   </trkpt>
   <trkpt lat="25.0131340" lon="121.4269330">
    <ele>18.6</ele>
    <time>2025-08-22T07:10:37Z</time>
   </trkpt>
   <trkpt lat="25.0131430" lon="121.4269450">
    <ele>18.6</ele>
    <time>2025-08-22T07:10:38Z</time>
   </trkpt>
   <trkpt lat="25.0131090" lon="121.4269480">
    <ele>18.6</ele>
    <time>2025-08-22T07:10:39Z</time>
   </trkpt>
   <trkpt lat="25.0131090" lon="121.4269420">
    <ele>18.6</ele>
    <time>2025-08-22T07:10:40Z</time>
   </trkpt>
   <trkpt lat="25.0131020" lon="121.4269280">
    <ele>18.6</ele>
    <time>2025-08-22T07:10:41Z</time>
   </trkpt>
   <trkpt lat="25.0130940" lon="121.4269140">
    <ele>18.6</ele>
    <time>2025-08-22T07:10:42Z</time>
   </trkpt>
   <trkpt lat="25.0130860" lon="121.4269000">
    <ele>18.6</ele>
    <time>2025-08-22T07:10:43Z</time>
   </trkpt>
   <trkpt lat="25.0130990" lon="121.4269380">
    <ele>18.6</ele>
    <time>2025-08-22T07:10:44Z</time>
   </trkpt>
   <trkpt lat="25.0130710" lon="121.4269210">
    <ele>18.5</ele>
    <time>2025-08-22T07:10:45Z</time>
   </trkpt>
   <trkpt lat="25.0131580" lon="121.4268900">
    <ele>18.5</ele>
    <time>2025-08-22T07:10:46Z</time>
   </trkpt>
   <trkpt lat="25.0131650" lon="121.4268690">
    <ele>18.5</ele>
    <time>2025-08-22T07:10:47Z</time>
   </trkpt>
   <trkpt lat="25.0131400" lon="121.4268380">
    <ele>18.5</ele>
    <time>2025-08-22T07:10:48Z</time>
   </trkpt>
   <trkpt lat="25.0131300" lon="121.4268380">
    <ele>18.5</ele>
    <time>2025-08-22T07:10:49Z</time>
   </trkpt>
   <trkpt lat="25.0130990" lon="121.4268270">
    <ele>18.5</ele>
    <time>2025-08-22T07:10:50Z</time>
   </trkpt>
   <trkpt lat="25.0130910" lon="121.4268250">
    <ele>18.5</ele>
    <time>2025-08-22T07:10:51Z</time>
   </trkpt>
   <trkpt lat="25.0130790" lon="121.4268180">
    <ele>18.5</ele>
    <time>2025-08-22T07:10:52Z</time>
   </trkpt>
   <trkpt lat="25.0130720" lon="121.4268160">
    <ele>18.5</ele>
    <time>2025-08-22T07:10:53Z</time>
   </trkpt>
   <trkpt lat="25.0130640" lon="121.4268140">
    <ele>18.4</ele>
    <time>2025-08-22T07:10:54Z</time>
   </trkpt>
   <trkpt lat="25.0130560" lon="121.4268120">
    <ele>18.4</ele>
    <time>2025-08-22T07:10:55Z</time>
   </trkpt>
   <trkpt lat="25.0130430" lon="121.4268020">
    <ele>18.4</ele>
    <time>2025-08-22T07:10:56Z</time>
   </trkpt>
   <trkpt lat="25.0130390" lon="121.4267990">
    <ele>18.4</ele>
    <time>2025-08-22T07:10:57Z</time>
   </trkpt>
   <trkpt lat="25.0130350" lon="121.4267980">
    <ele>18.4</ele>
    <time>2025-08-22T07:10:58Z</time>
   </trkpt>
   <trkpt lat="25.0130300" lon="121.4267960">
    <ele>18.4</ele>
    <time>2025-08-22T07:10:59Z</time>
   </trkpt>
   <trkpt lat="25.0130200" lon="121.4267790">
    <ele>18.4</ele>
    <time>2025-08-22T07:11:00Z</time>
   </trkpt>
   <trkpt lat="25.0130100" lon="121.4267590">
    <ele>18.4</ele>
    <time>2025-08-22T07:11:01Z</time>
   </trkpt>
   <trkpt lat="25.0129990" lon="121.4267380">
    <ele>18.4</ele>
    <time>2025-08-22T07:11:02Z</time>
   </trkpt>
   <trkpt lat="25.0129890" lon="121.4267170">
    <ele>18.4</ele>
    <time>2025-08-22T07:11:03Z</time>
   </trkpt>
   <trkpt lat="25.0129790" lon="121.4266960">
    <ele>18.4</ele>
    <time>2025-08-22T07:11:04Z</time>
   </trkpt>
   <trkpt lat="25.0129690" lon="121.4266760">
    <ele>18.4</ele>
    <time>2025-08-22T07:11:05Z</time>
   </trkpt>
   <trkpt lat="25.0129590" lon="121.4266550">
    <ele>18.4</ele>
    <time>2025-08-22T07:11:06Z</time>
   </trkpt>
   <trkpt lat="25.0129490" lon="121.4266340">
    <ele>18.4</ele>
    <time>2025-08-22T07:11:28Z</time>
   </trkpt>
   <trkpt lat="25.0129380" lon="121.4266130">
    <ele>18.3</ele>
    <time>2025-08-22T07:11:29Z</time>
   </trkpt>
   <trkpt lat="25.0129280" lon="121.4265930">
    <ele>18.3</ele>
    <time>2025-08-22T07:11:31Z</time>
   </trkpt>
   <trkpt lat="25.0129180" lon="121.4265720">
    <ele>18.3</ele>
    <time>2025-08-22T07:11:32Z</time>
   </trkpt>
   <trkpt lat="25.0129070" lon="121.4265440">
    <ele>18.3</ele>
    <time>2025-08-22T07:11:33Z</time>
   </trkpt>
   <trkpt lat="25.0129080" lon="121.4265450">
    <ele>18.3</ele>
    <time>2025-08-22T07:11:34Z</time>
   </trkpt>
   <trkpt lat="25.0129170" lon="121.4265550">
    <ele>18.3</ele>
    <time>2025-08-22T07:11:35Z</time>
   </trkpt>
   <trkpt lat="25.0129270" lon="121.4265650">
    <ele>18.3</ele>
    <time>2025-08-22T07:11:36Z</time>
   </trkpt>
   <trkpt lat="25.0129360" lon="121.4265750">
    <ele>18.3</ele>
    <time>2025-08-22T07:11:37Z</time>
   </trkpt>
   <trkpt lat="25.0129570" lon="121.4266020">
    <ele>18.3</ele>
    <time>2025-08-22T07:11:38Z</time>
   </trkpt>
   <trkpt lat="25.0129720" lon="121.4266130">
    <ele>18.3</ele>
    <time>2025-08-22T07:11:39Z</time>
   </trkpt>
   <trkpt lat="25.0129640" lon="121.4266460">
    <ele>18.3</ele>
    <time>2025-08-22T07:11:40Z</time>
   </trkpt>
   <trkpt lat="25.0129520" lon="121.4266500">
    <ele>18.3</ele>
    <time>2025-08-22T07:11:41Z</time>
   </trkpt>
   <trkpt lat="25.0129380" lon="121.4266300">
    <ele>18.2</ele>
    <time>2025-08-22T07:11:42Z</time>
   </trkpt>
   <trkpt lat="25.0129430" lon="121.4266260">
    <ele>18.2</ele>
    <time>2025-08-22T07:11:43Z</time>
   </trkpt>
   <trkpt lat="25.0129680" lon="121.4266470">
    <ele>18.2</ele>
    <time>2025-08-22T07:11:44Z</time>
   </trkpt>
   <trkpt lat="25.0129840" lon="121.4266700">
    <ele>18.2</ele>
    <time>2025-08-22T07:11:45Z</time>
   </trkpt>
   <trkpt lat="25.0129910" lon="121.4266860">
    <ele>18.2</ele>
    <time>2025-08-22T07:11:46Z</time>
   </trkpt>
   <trkpt lat="25.0129990" lon="121.4267010">
    <ele>18.2</ele>
    <time>2025-08-22T07:11:47Z</time>
   </trkpt>
   <trkpt lat="25.0130180" lon="121.4266990">
    <ele>18.2</ele>
    <time>2025-08-22T07:11:48Z</time>
   </trkpt>
   <trkpt lat="25.0130300" lon="121.4267060">
    <ele>18.2</ele>
    <time>2025-08-22T07:11:49Z</time>
   </trkpt>
   <trkpt lat="25.0130610" lon="121.4267720">
    <ele>18.2</ele>
    <time>2025-08-22T07:11:50Z</time>
   </trkpt>
   <trkpt lat="25.0130690" lon="121.4267790">
    <ele>18.2</ele>
    <time>2025-08-22T07:11:51Z</time>
   </trkpt>
   <trkpt lat="25.0130780" lon="121.4267960">
    <ele>18.1</ele>
    <time>2025-08-22T07:11:52Z</time>
   </trkpt>
   <trkpt lat="25.0130790" lon="121.4267840">
    <ele>18.1</ele>
    <time>2025-08-22T07:11:53Z</time>
   </trkpt>
   <trkpt lat="25.0130920" lon="121.4267650">
    <ele>18.1</ele>
    <time>2025-08-22T07:11:54Z</time>
   </trkpt>
   <trkpt lat="25.0131010" lon="121.4267490">
    <ele>18.1</ele>
    <time>2025-08-22T07:11:55Z</time>
   </trkpt>
   <trkpt lat="25.0131110" lon="121.4267340">
    <ele>18.1</ele>
    <time>2025-08-22T07:11:56Z</time>
   </trkpt>
   <trkpt lat="25.0131140" lon="121.4267320">
    <ele>18.1</ele>
    <time>2025-08-22T07:11:57Z</time>
   </trkpt>
   <trkpt lat="25.0131190" lon="121.4267260">
    <ele>18.1</ele>
    <time>2025-08-22T07:11:58Z</time>
   </trkpt>
   <trkpt lat="25.0131240" lon="121.4267190">
    <ele>18.1</ele>
    <time>2025-08-22T07:11:59Z</time>
   </trkpt>
   <trkpt lat="25.0131280" lon="121.4267170">
    <ele>18.1</ele>
    <time>2025-08-22T07:12:00Z</time>
   </trkpt>
   <trkpt lat="25.0131340" lon="121.4267120">
    <ele>18.1</ele>
    <time>2025-08-22T07:12:01Z</time>
   </trkpt>
   <trkpt lat="25.0131380" lon="121.4266960">
    <ele>18.1</ele>
    <time>2025-08-22T07:12:02Z</time>
   </trkpt>
   <trkpt lat="25.0131410" lon="121.4266820">
    <ele>18.1</ele>
    <time>2025-08-22T07:12:03Z</time>
   </trkpt>
   <trkpt lat="25.0131460" lon="121.4266650">
    <ele>18.0</ele>
    <time>2025-08-22T07:12:04Z</time>
   </trkpt>
   <trkpt lat="25.0131450" lon="121.4266580">
    <ele>18.0</ele>
    <time>2025-08-22T07:12:05Z</time>
   </trkpt>
   <trkpt lat="25.0131510" lon="121.4266450">
    <ele>18.0</ele>
    <time>2025-08-22T07:12:06Z</time>
   </trkpt>
   <trkpt lat="25.0131540" lon="121.4266370">
    <ele>18.0</ele>
    <time>2025-08-22T07:12:07Z</time>
   </trkpt>
   <trkpt lat="25.0131500" lon="121.4266420">
    <ele>18.0</ele>
    <time>2025-08-22T07:12:08Z</time>
   </trkpt>
   <trkpt lat="25.0131490" lon="121.4266370">
    <ele>18.0</ele>
    <time>2025-08-22T07:12:09Z</time>
   </trkpt>
   <trkpt lat="25.0131520" lon="121.4266470">
    <ele>17.9</ele>
    <time>2025-08-22T07:12:10Z</time>
   </trkpt>
   <trkpt lat="25.0131460" lon="121.4266780">
    <ele>17.8</ele>
    <time>2025-08-22T07:12:11Z</time>
   </trkpt>
   <trkpt lat="25.0131260" lon="121.4267020">
    <ele>17.6</ele>
    <time>2025-08-22T07:12:12Z</time>
   </trkpt>
   <trkpt lat="25.0131000" lon="121.4266900">
    <ele>17.4</ele>
    <time>2025-08-22T07:12:13Z</time>
   </trkpt>
   <trkpt lat="25.0130920" lon="121.4266850">
    <ele>17.4</ele>
    <time>2025-08-22T07:12:14Z</time>
   </trkpt>
   <trkpt lat="25.0130810" lon="121.4266810">
    <ele>17.3</ele>
    <time>2025-08-22T07:12:15Z</time>
   </trkpt>
   <trkpt lat="25.0130750" lon="121.4266740">
    <ele>17.3</ele>
    <time>2025-08-22T07:12:16Z</time>
   </trkpt>
   <trkpt lat="25.0130790" lon="121.4266940">
    <ele>17.2</ele>
    <time>2025-08-22T07:12:17Z</time>
   </trkpt>
   <trkpt lat="25.0130770" lon="121.4267090">
    <ele>17.1</ele>
    <time>2025-08-22T07:12:18Z</time>
   </trkpt>
   <trkpt lat="25.0130760" lon="121.4267190">
    <ele>17.0</ele>
    <time>2025-08-22T07:12:19Z</time>
   </trkpt>
   <trkpt lat="25.0130760" lon="121.4267260">
    <ele>17.0</ele>
    <time>2025-08-22T07:12:20Z</time>
   </trkpt>
   <trkpt lat="25.0130740" lon="121.4267320">
    <ele>16.9</ele>
    <time>2025-08-22T07:12:21Z</time>
   </trkpt>
   <trkpt lat="25.0130680" lon="121.4267300">
    <ele>16.9</ele>
    <time>2025-08-22T07:12:22Z</time>
   </trkpt>
   <trkpt lat="25.0130740" lon="121.4267410">
    <ele>16.8</ele>
    <time>2025-08-22T07:12:23Z</time>
   </trkpt>
   <trkpt lat="25.0130730" lon="121.4267440">
    <ele>16.8</ele>
    <time>2025-08-22T07:12:24Z</time>
   </trkpt>
   <trkpt lat="25.0130710" lon="121.4267440">
    <ele>16.8</ele>
    <time>2025-08-22T07:12:25Z</time>
   </trkpt>
   <trkpt lat="25.0130740" lon="121.4267460">
    <ele>16.8</ele>
    <time>2025-08-22T07:12:26Z</time>
   </trkpt>
   <trkpt lat="25.0130760" lon="121.4267450">
    <ele>16.8</ele>
    <time>2025-08-22T07:12:27Z</time>
   </trkpt>
   <trkpt lat="25.0130770" lon="121.4267550">
    <ele>16.7</ele>
    <time>2025-08-22T07:12:28Z</time>
   </trkpt>
   <trkpt lat="25.0130790" lon="121.4267500">
    <ele>16.7</ele>
    <time>2025-08-22T07:12:29Z</time>
   </trkpt>
   <trkpt lat="25.0130800" lon="121.4267400">
    <ele>16.6</ele>
    <time>2025-08-22T07:12:30Z</time>
   </trkpt>
   <trkpt lat="25.0130810" lon="121.4267300">
    <ele>16.6</ele>
    <time>2025-08-22T07:12:31Z</time>
   </trkpt>
   <trkpt lat="25.0130820" lon="121.4267200">
    <ele>16.5</ele>
    <time>2025-08-22T07:12:42Z</time>
   </trkpt>
   <trkpt lat="25.0130830" lon="121.4267100">
    <ele>16.5</ele>
    <time>2025-08-22T07:12:43Z</time>
   </trkpt>
   <trkpt lat="25.0130840" lon="121.4267000">
    <ele>16.4</ele>
    <time>2025-08-22T07:12:44Z</time>
   </trkpt>
   <trkpt lat="25.0130850" lon="121.4266900">
    <ele>16.4</ele>
    <time>2025-08-22T07:12:45Z</time>
   </trkpt>
   <trkpt lat="25.0130860" lon="121.4266800">
    <ele>16.3</ele>
    <time>2025-08-22T07:12:46Z</time>
   </trkpt>
   <trkpt lat="25.0130870" lon="121.4266700">
    <ele>16.3</ele>
    <time>2025-08-22T07:12:47Z</time>
   </trkpt>
   <trkpt lat="25.0130910" lon="121.4266530">
    <ele>16.2</ele>
    <time>2025-08-22T07:12:48Z</time>
   </trkpt>
   <trkpt lat="25.0130940" lon="121.4266360">
    <ele>16.1</ele>
    <time>2025-08-22T07:12:49Z</time>
   </trkpt>
   <trkpt lat="25.0131210" lon="121.4266190">
    <ele>15.9</ele>
    <time>2025-08-22T07:12:50Z</time>
   </trkpt>
   <trkpt lat="25.0131250" lon="121.4266080">
    <ele>15.9</ele>
    <time>2025-08-22T07:12:51Z</time>
   </trkpt>
   <trkpt lat="25.0131350" lon="121.4265920">
    <ele>15.7</ele>
    <time>2025-08-22T07:12:52Z</time>
   </trkpt>
   <trkpt lat="25.0131410" lon="121.4265860">
    <ele>15.7</ele>
    <time>2025-08-22T07:12:53Z</time>
   </trkpt>
   <trkpt lat="25.0131450" lon="121.4265660">
    <ele>15.6</ele>
    <time>2025-08-22T07:12:54Z</time>
   </trkpt>
   <trkpt lat="25.0131480" lon="121.4265590">
    <ele>15.6</ele>
    <time>2025-08-22T07:12:55Z</time>
   </trkpt>
   <trkpt lat="25.0131520" lon="121.4265500">
    <ele>15.5</ele>
    <time>2025-08-22T07:12:56Z</time>
   </trkpt>
   <trkpt lat="25.0131570" lon="121.4265470">
    <ele>15.5</ele>
    <time>2025-08-22T07:12:57Z</time>
   </trkpt>
   <trkpt lat="25.0131650" lon="121.4265350">
    <ele>15.4</ele>
    <time>2025-08-22T07:12:58Z</time>
   </trkpt>
   <trkpt lat="25.0131720" lon="121.4265200">
    <ele>15.3</ele>
    <time>2025-08-22T07:12:59Z</time>
   </trkpt>
   <trkpt lat="25.0131790" lon="121.4264930">
    <ele>15.2</ele>
    <time>2025-08-22T07:13:00Z</time>
   </trkpt>
   <trkpt lat="25.0131770" lon="121.4264840">
    <ele>15.1</ele>
    <time>2025-08-22T07:13:01Z</time>
   </trkpt>
   <trkpt lat="25.0131760" lon="121.4264740">
    <ele>15.1</ele>
    <time>2025-08-22T07:13:02Z</time>
   </trkpt>
   <trkpt lat="25.0131830" lon="121.4264600">
    <ele>15.0</ele>
    <time>2025-08-22T07:13:03Z</time>
   </trkpt>
   <trkpt lat="25.0131880" lon="121.4264530">
    <ele>15.0</ele>
    <time>2025-08-22T07:13:04Z</time>
   </trkpt>
   <trkpt lat="25.0131930" lon="121.4264460">
    <ele>14.9</ele>
    <time>2025-08-22T07:13:05Z</time>
   </trkpt>
   <trkpt lat="25.0131980" lon="121.4264390">
    <ele>14.9</ele>
    <time>2025-08-22T07:13:06Z</time>
   </trkpt>
   <trkpt lat="25.0132030" lon="121.4264170">
    <ele>14.8</ele>
    <time>2025-08-22T07:13:07Z</time>
   </trkpt>
   <trkpt lat="25.0132020" lon="121.4264070">
    <ele>14.7</ele>
    <time>2025-08-22T07:13:08Z</time>
   </trkpt>
   <trkpt lat="25.0132000" lon="121.4263980">
    <ele>14.7</ele>
    <time>2025-08-22T07:13:09Z</time>
   </trkpt>
   <trkpt lat="25.0131950" lon="121.4263760">
    <ele>14.6</ele>
    <time>2025-08-22T07:13:10Z</time>
   </trkpt>
   <trkpt lat="25.0131910" lon="121.4263600">
    <ele>14.5</ele>
    <time>2025-08-22T07:13:11Z</time>
   </trkpt>
   <trkpt lat="25.0131840" lon="121.4263290">
    <ele>14.3</ele>
    <time>2025-08-22T07:13:12Z</time>
   </trkpt>
   <trkpt lat="25.0131850" lon="121.4263140">
    <ele>14.2</ele>
    <time>2025-08-22T07:13:13Z</time>
   </trkpt>
   <trkpt lat="25.0131800" lon="121.4263060">
    <ele>14.2</ele>
    <time>2025-08-22T07:13:14Z</time>
   </trkpt>
   <trkpt lat="25.0131760" lon="121.4262970">
    <ele>14.1</ele>
    <time>2025-08-22T07:13:15Z</time>
   </trkpt>
   <trkpt lat="25.0131710" lon="121.4262890">
    <ele>14.1</ele>
    <time>2025-08-22T07:13:16Z</time>
   </trkpt>
   <trkpt lat="25.0131660" lon="121.4262800">
    <ele>14.0</ele>
    <time>2025-08-22T07:13:17Z</time>
   </trkpt>
   <trkpt lat="25.0131490" lon="121.4262670">
    <ele>13.9</ele>
    <time>2025-08-22T07:13:18Z</time>
   </trkpt>
   <trkpt lat="25.0131390" lon="121.4262600">
    <ele>13.8</ele>
    <time>2025-08-22T07:13:19Z</time>
   </trkpt>
   <trkpt lat="25.0131260" lon="121.4262610">
    <ele>13.8</ele>
    <time>2025-08-22T07:13:20Z</time>
   </trkpt>
   <trkpt lat="25.0131120" lon="121.4262510">
    <ele>13.7</ele>
    <time>2025-08-22T07:13:21Z</time>
   </trkpt>
   <trkpt lat="25.0130970" lon="121.4262530">
    <ele>13.7</ele>
    <time>2025-08-22T07:13:22Z</time>
   </trkpt>
   <trkpt lat="25.0130910" lon="121.4262830">
    <ele>13.7</ele>
    <time>2025-08-22T07:13:23Z</time>
   </trkpt>
   <trkpt lat="25.0130830" lon="121.4262710">
    <ele>13.7</ele>
    <time>2025-08-22T07:13:24Z</time>
   </trkpt>
   <trkpt lat="25.0130760" lon="121.4262610">
    <ele>13.7</ele>
    <time>2025-08-22T07:13:25Z</time>
   </trkpt>
   <trkpt lat="25.0130690" lon="121.4262510">
    <ele>13.7</ele>
    <time>2025-08-22T07:13:27Z</time>
   </trkpt>
   <trkpt lat="25.0130620" lon="121.4262410">
    <ele>13.7</ele>
    <time>2025-08-22T07:13:28Z</time>
   </trkpt>
   <trkpt lat="25.0130460" lon="121.4262220">
    <ele>13.7</ele>
    <time>2025-08-22T07:13:29Z</time>
   </trkpt>
   <trkpt lat="25.0130360" lon="121.4262130">
    <ele>13.7</ele>
    <time>2025-08-22T07:13:30Z</time>
   </trkpt>
   <trkpt lat="25.0130280" lon="121.4262110">
    <ele>13.7</ele>
    <time>2025-08-22T07:13:31Z</time>
   </trkpt>
   <trkpt lat="25.0130220" lon="121.4262090">
    <ele>13.7</ele>
    <time>2025-08-22T07:13:32Z</time>
   </trkpt>
   <trkpt lat="25.0130160" lon="121.4262060">
    <ele>13.7</ele>
    <time>2025-08-22T07:13:33Z</time>
   </trkpt>
   <trkpt lat="25.0130100" lon="121.4262040">
    <ele>13.7</ele>
    <time>2025-08-22T07:13:34Z</time>
   </trkpt>
   <trkpt lat="25.0130040" lon="121.4262020">
    <ele>13.7</ele>
    <time>2025-08-22T07:13:35Z</time>
   </trkpt>
   <trkpt lat="25.0129980" lon="121.4262000">
    <ele>13.7</ele>
    <time>2025-08-22T07:13:36Z</time>
   </trkpt>
   <trkpt lat="25.0129950" lon="121.4261920">
    <ele>13.7</ele>
    <time>2025-08-22T07:13:37Z</time>
   </trkpt>
   <trkpt lat="25.0129920" lon="121.4261910">
    <ele>13.7</ele>
    <time>2025-08-22T07:13:38Z</time>
   </trkpt>
   <trkpt lat="25.0129900" lon="121.4261900">
    <ele>13.7</ele>
    <time>2025-08-22T07:13:39Z</time>
   </trkpt>
   <trkpt lat="25.0129850" lon="121.4261930">
    <ele>13.7</ele>
    <time>2025-08-22T07:13:40Z</time>
   </trkpt>
   <trkpt lat="25.0129690" lon="121.4261890">
    <ele>13.7</ele>
    <time>2025-08-22T07:13:41Z</time>
   </trkpt>
   <trkpt lat="25.0129310" lon="121.4261870">
    <ele>13.7</ele>
    <time>2025-08-22T07:13:42Z</time>
   </trkpt>
   <trkpt lat="25.0128920" lon="121.4261800">
    <ele>13.7</ele>
    <time>2025-08-22T07:13:43Z</time>
   </trkpt>
   <trkpt lat="25.0128520" lon="121.4261730">
    <ele>13.7</ele>
    <time>2025-08-22T07:13:44Z</time>
   </trkpt>
   <trkpt lat="25.0128120" lon="121.4261670">
    <ele>13.7</ele>
    <time>2025-08-22T07:13:45Z</time>
   </trkpt>
   <trkpt lat="25.0127720" lon="121.4261600">
    <ele>13.7</ele>
    <time>2025-08-22T07:14:06Z</time>
   </trkpt>
   <trkpt lat="25.0127330" lon="121.4261530">
    <ele>13.7</ele>
    <time>2025-08-22T07:14:07Z</time>
   </trkpt>
   <trkpt lat="25.0126930" lon="121.4261460">
    <ele>13.7</ele>
    <time>2025-08-22T07:14:08Z</time>
   </trkpt>
   <trkpt lat="25.0127030" lon="121.4261480">
    <ele>13.7</ele>
    <time>2025-08-22T07:14:09Z</time>
   </trkpt>
   <trkpt lat="25.0127120" lon="121.4261480">
    <ele>13.7</ele>
    <time>2025-08-22T07:14:10Z</time>
   </trkpt>
   <trkpt lat="25.0127200" lon="121.4261490">
    <ele>13.7</ele>
    <time>2025-08-22T07:14:11Z</time>
   </trkpt>
   <trkpt lat="25.0127290" lon="121.4261490">
    <ele>13.7</ele>
    <time>2025-08-22T07:14:12Z</time>
   </trkpt>
   <trkpt lat="25.0127380" lon="121.4261490">
    <ele>13.7</ele>
    <time>2025-08-22T07:14:13Z</time>
   </trkpt>
   <trkpt lat="25.0127430" lon="121.4261280">
    <ele>13.7</ele>
    <time>2025-08-22T07:14:14Z</time>
   </trkpt>
   <trkpt lat="25.0127420" lon="121.4261220">
    <ele>13.7</ele>
    <time>2025-08-22T07:14:15Z</time>
   </trkpt>
   <trkpt lat="25.0127410" lon="121.4261160">
    <ele>13.7</ele>
    <time>2025-08-22T07:14:16Z</time>
   </trkpt>
   <trkpt lat="25.0127400" lon="121.4261110">
    <ele>13.7</ele>
    <time>2025-08-22T07:14:17Z</time>
   </trkpt>
   <trkpt lat="25.0127390" lon="121.4261050">
    <ele>13.7</ele>
    <time>2025-08-22T07:14:18Z</time>
   </trkpt>
   <trkpt lat="25.0127380" lon="121.4260990">
    <ele>13.7</ele>
    <time>2025-08-22T07:14:19Z</time>
   </trkpt>
   <trkpt lat="25.0127370" lon="121.4260930">
    <ele>13.7</ele>
    <time>2025-08-22T07:14:20Z</time>
   </trkpt>
   <trkpt lat="25.0127360" lon="121.4260870">
    <ele>13.7</ele>
    <time>2025-08-22T07:14:21Z</time>
   </trkpt>
   <trkpt lat="25.0127350" lon="121.4260810">
    <ele>13.7</ele>
    <time>2025-08-22T07:14:22Z</time>
   </trkpt>
   <trkpt lat="25.0127340" lon="121.4260760">
    <ele>13.7</ele>
    <time>2025-08-22T07:14:27Z</time>
   </trkpt>
   <trkpt lat="25.0127330" lon="121.4260700">
    <ele>13.7</ele>
    <time>2025-08-22T07:14:28Z</time>
   </trkpt>
   <trkpt lat="25.0127320" lon="121.4260640">
    <ele>13.7</ele>
    <time>2025-08-22T07:15:10Z</time>
   </trkpt>
   <trkpt lat="25.0127310" lon="121.4260580">
    <ele>13.7</ele>
    <time>2025-08-22T07:15:11Z</time>
   </trkpt>
   <trkpt lat="25.0127510" lon="121.4260180">
    <ele>13.7</ele>
    <time>2025-08-22T07:15:12Z</time>
   </trkpt>
   <trkpt lat="25.0127420" lon="121.4260090">
    <ele>13.7</ele>
    <time>2025-08-22T07:15:13Z</time>
   </trkpt>
   <trkpt lat="25.0127540" lon="121.4259880">
    <ele>13.7</ele>
    <time>2025-08-22T07:15:14Z</time>
   </trkpt>
   <trkpt lat="25.0128050" lon="121.4259950">
    <ele>13.7</ele>
    <time>2025-08-22T07:15:15Z</time>
   </trkpt>
   <trkpt lat="25.0128860" lon="121.4260110">
    <ele>13.7</ele>
    <time>2025-08-22T07:15:16Z</time>
   </trkpt>
   <trkpt lat="25.0128740" lon="121.4259880">
    <ele>13.7</ele>
    <time>2025-08-22T07:15:17Z</time>
   </trkpt>
   <trkpt lat="25.0128590" lon="121.4259970">
    <ele>13.7</ele>
    <time>2025-08-22T07:15:18Z</time>
   </trkpt>
   <trkpt lat="25.0128530" lon="121.4260330">
    <ele>13.7</ele>
    <time>2025-08-22T07:15:19Z</time>
   </trkpt>
   <trkpt lat="25.0128530" lon="121.4260410">
    <ele>13.7</ele>
    <time>2025-08-22T07:15:20Z</time>
   </trkpt>
   <trkpt lat="25.0128650" lon="121.4260450">
    <ele>13.7</ele>
    <time>2025-08-22T07:15:21Z</time>
   </trkpt>
   <trkpt lat="25.0128880" lon="121.4260480">
    <ele>13.7</ele>
    <time>2025-08-22T07:15:22Z</time>
   </trkpt>
   <trkpt lat="25.0129180" lon="121.4260630">
    <ele>13.7</ele>
    <time>2025-08-22T07:15:23Z</time>
   </trkpt>
   <trkpt lat="25.0129220" lon="121.4260720">
    <ele>13.7</ele>
    <time>2025-08-22T07:15:24Z</time>
   </trkpt>
   <trkpt lat="25.0129350" lon="121.4260660">
    <ele>13.7</ele>
    <time>2025-08-22T07:15:25Z</time>
   </trkpt>
   <trkpt lat="25.0129410" lon="121.4260460">
    <ele>13.7</ele>
    <time>2025-08-22T07:15:31Z</time>
   </trkpt>
   <trkpt lat="25.0129470" lon="121.4260270">
    <ele>13.7</ele>
    <time>2025-08-22T07:15:32Z</time>
   </trkpt>
   <trkpt lat="25.0129530" lon="121.4260070">
    <ele>13.7</ele>
    <time>2025-08-22T07:15:33Z</time>
   </trkpt>
   <trkpt lat="25.0129590" lon="121.4259880">
    <ele>13.7</ele>
    <time>2025-08-22T07:15:34Z</time>
   </trkpt>
   <trkpt lat="25.0129640" lon="121.4259760">
    <ele>13.7</ele>
    <time>2025-08-22T07:15:35Z</time>
   </trkpt>
   <trkpt lat="25.0129660" lon="121.4259740">
    <ele>13.7</ele>
    <time>2025-08-22T07:15:36Z</time>
   </trkpt>
   <trkpt lat="25.0129820" lon="121.4259700">
    <ele>13.7</ele>
    <time>2025-08-22T07:15:37Z</time>
   </trkpt>
   <trkpt lat="25.0129780" lon="121.4259780">
    <ele>13.7</ele>
    <time>2025-08-22T07:15:38Z</time>
   </trkpt>
   <trkpt lat="25.0129840" lon="121.4259730">
    <ele>13.7</ele>
    <time>2025-08-22T07:15:39Z</time>
   </trkpt>
   <trkpt lat="25.0129890" lon="121.4259760">
    <ele>13.7</ele>
    <time>2025-08-22T07:15:40Z</time>
   </trkpt>
   <trkpt lat="25.0130130" lon="121.4259760">
    <ele>13.7</ele>
    <time>2025-08-22T07:15:41Z</time>
   </trkpt>
   <trkpt lat="25.0130230" lon="121.4259850">
    <ele>13.7</ele>
    <time>2025-08-22T07:15:42Z</time>
   </trkpt>
   <trkpt lat="25.0130330" lon="121.4259860">
    <ele>13.7</ele>
    <time>2025-08-22T07:15:43Z</time>
   </trkpt>
   <trkpt lat="25.0130420" lon="121.4259920">
    <ele>13.7</ele>
    <time>2025-08-22T07:15:44Z</time>
   </trkpt>
   <trkpt lat="25.0130490" lon="121.4259940">
    <ele>13.7</ele>
    <time>2025-08-22T07:15:46Z</time>
   </trkpt>
   <trkpt lat="25.0130700" lon="121.4260030">
    <ele>13.7</ele>
    <time>2025-08-22T07:15:47Z</time>
   </trkpt>
   <trkpt lat="25.0130710" lon="121.4259940">
    <ele>13.7</ele>
    <time>2025-08-22T07:15:48Z</time>
   </trkpt>
   <trkpt lat="25.0130980" lon="121.4260090">
    <ele>13.7</ele>
    <time>2025-08-22T07:15:49Z</time>
   </trkpt>
   <trkpt lat="25.0131160" lon="121.4260190">
    <ele>13.7</ele>
    <time>2025-08-22T07:15:50Z</time>
   </trkpt>
   <trkpt lat="25.0131110" lon="121.4260270">
    <ele>13.7</ele>
    <time>2025-08-22T07:15:51Z</time>
   </trkpt>
   <trkpt lat="25.0131240" lon="121.4260220">
    <ele>13.7</ele>
    <time>2025-08-22T07:15:52Z</time>
   </trkpt>
   <trkpt lat="25.0131350" lon="121.4260210">
    <ele>13.7</ele>
    <time>2025-08-22T07:15:53Z</time>
   </trkpt>
   <trkpt lat="25.0131500" lon="121.4260170">
    <ele>13.7</ele>
    <time>2025-08-22T07:15:54Z</time>
   </trkpt>
   <trkpt lat="25.0131580" lon="121.4260130">
    <ele>13.7</ele>
    <time>2025-08-22T07:15:55Z</time>
   </trkpt>
   <trkpt lat="25.0131690" lon="121.4260060">
    <ele>13.7</ele>
    <time>2025-08-22T07:15:56Z</time>
   </trkpt>
   <trkpt lat="25.0131740" lon="121.4259970">
    <ele>13.7</ele>
    <time>2025-08-22T07:15:57Z</time>
   </trkpt>
   <trkpt lat="25.0131820" lon="121.4259890">
    <ele>13.7</ele>
    <time>2025-08-22T07:15:58Z</time>
   </trkpt>
   <trkpt lat="25.0131890" lon="121.4259860">
    <ele>13.7</ele>
    <time>2025-08-22T07:15:59Z</time>
   </trkpt>
   <trkpt lat="25.0132020" lon="121.4259870">
    <ele>13.7</ele>
    <time>2025-08-22T07:16:00Z</time>
   </trkpt>
   <trkpt lat="25.0132140" lon="121.4259930">
    <ele>13.7</ele>
    <time>2025-08-22T07:16:01Z</time>
   </trkpt>
   <trkpt lat="25.0132270" lon="121.4259820">
    <ele>13.7</ele>
    <time>2025-08-22T07:16:02Z</time>
   </trkpt>
   <trkpt lat="25.0132330" lon="121.4259740">
    <ele>13.7</ele>
    <time>2025-08-22T07:16:03Z</time>
   </trkpt>
   <trkpt lat="25.0132450" lon="121.4259760">
    <ele>13.7</ele>
    <time>2025-08-22T07:16:04Z</time>
   </trkpt>
   <trkpt lat="25.0132890" lon="121.4259930">
    <ele>13.7</ele>
    <time>2025-08-22T07:16:05Z</time>
   </trkpt>
   <trkpt lat="25.0133240" lon="121.4260140">
    <ele>13.7</ele>
    <time>2025-08-22T07:16:34Z</time>
   </trkpt>
   <trkpt lat="25.0133600" lon="121.4260340">
    <ele>13.7</ele>
    <time>2025-08-22T07:16:35Z</time>
   </trkpt>
   <trkpt lat="25.0133950" lon="121.4260550">
    <ele>13.7</ele>
    <time>2025-08-22T07:16:36Z</time>
   </trkpt>
   <trkpt lat="25.0133990" lon="121.4260650">
    <ele>13.7</ele>
    <time>2025-08-22T07:16:37Z</time>
   </trkpt>
   <trkpt lat="25.0134020" lon="121.4260610">
    <ele>13.8</ele>
    <time>2025-08-22T07:16:38Z</time>
   </trkpt>
   <trkpt lat="25.0134080" lon="121.4260670">
    <ele>13.8</ele>
    <time>2025-08-22T07:16:39Z</time>
   </trkpt>
   <trkpt lat="25.0134040" lon="121.4260530">
    <ele>13.8</ele>
    <time>2025-08-22T07:16:40Z</time>
   </trkpt>
   <trkpt lat="25.0134070" lon="121.4260440">
    <ele>13.8</ele>
    <time>2025-08-22T07:16:41Z</time>
   </trkpt>
   <trkpt lat="25.0134200" lon="121.4260400">
    <ele>13.8</ele>
    <time>2025-08-22T07:16:42Z</time>
   </trkpt>
   <trkpt lat="25.0134300" lon="121.4260450">
    <ele>13.8</ele>
    <time>2025-08-22T07:16:43Z</time>
   </trkpt>
   <trkpt lat="25.0134340" lon="121.4260590">
    <ele>13.8</ele>
    <time>2025-08-22T07:16:44Z</time>
   </trkpt>
   <trkpt lat="25.0134370" lon="121.4260740">
    <ele>13.8</ele>
    <time>2025-08-22T07:16:45Z</time>
   </trkpt>
   <trkpt lat="25.0134400" lon="121.4260880">
    <ele>13.8</ele>
    <time>2025-08-22T07:16:46Z</time>
   </trkpt>
   <trkpt lat="25.0134550" lon="121.4261260">
    <ele>13.8</ele>
    <time>2025-08-22T07:16:47Z</time>
   </trkpt>
   <trkpt lat="25.0134590" lon="121.4261370">
    <ele>13.8</ele>
    <time>2025-08-22T07:16:48Z</time>
   </trkpt>
   <trkpt lat="25.0134680" lon="121.4261230">
    <ele>13.8</ele>
    <time>2025-08-22T07:16:49Z</time>
   </trkpt>
   <trkpt lat="25.0134740" lon="121.4261300">
    <ele>13.8</ele>
    <time>2025-08-22T07:16:50Z</time>
   </trkpt>
   <trkpt lat="25.0134810" lon="121.4261360">
    <ele>13.8</ele>
    <time>2025-08-22T07:16:51Z</time>
   </trkpt>
   <trkpt lat="25.0134870" lon="121.4261430">
    <ele>13.8</ele>
    <time>2025-08-22T07:16:52Z</time>
   </trkpt>
   <trkpt lat="25.0134940" lon="121.4261500">
    <ele>13.8</ele>
    <time>2025-08-22T07:16:53Z</time>
   </trkpt>
   <trkpt lat="25.0135040" lon="121.4261670">
    <ele>13.8</ele>
    <time>2025-08-22T07:16:54Z</time>
   </trkpt>
   <trkpt lat="25.0134970" lon="121.4261840">
    <ele>13.8</ele>
    <time>2025-08-22T07:16:55Z</time>
   </trkpt>
   <trkpt lat="25.0134890" lon="121.4262020">
    <ele>13.8</ele>
    <time>2025-08-22T07:16:56Z</time>
   </trkpt>
   <trkpt lat="25.0134840" lon="121.4262080">
    <ele>13.8</ele>
    <time>2025-08-22T07:16:57Z</time>
   </trkpt>
   <trkpt lat="25.0134950" lon="121.4262250">
    <ele>13.8</ele>
    <time>2025-08-22T07:16:58Z</time>
   </trkpt>
   <trkpt lat="25.0135050" lon="121.4262430">
    <ele>13.8</ele>
    <time>2025-08-22T07:16:59Z</time>
   </trkpt>
   <trkpt lat="25.0135150" lon="121.4262600">
    <ele>13.8</ele>
    <time>2025-08-22T07:17:00Z</time>
   </trkpt>
   <trkpt lat="25.0135450" lon="121.4262580">
    <ele>13.8</ele>
    <time>2025-08-22T07:17:01Z</time>
   </trkpt>
   <trkpt lat="25.0135640" lon="121.4262560">
    <ele>13.8</ele>
    <time>2025-08-22T07:17:02Z</time>
   </trkpt>
   <trkpt lat="25.0135840" lon="121.4262530">
    <ele>13.8</ele>
    <time>2025-08-22T07:17:03Z</time>
   </trkpt>
   <trkpt lat="25.0136030" lon="121.4262500">
    <ele>13.8</ele>
    <time>2025-08-22T07:17:04Z</time>
   </trkpt>
   <trkpt lat="25.0136280" lon="121.4262470">
    <ele>13.8</ele>
    <time>2025-08-22T07:17:05Z</time>
   </trkpt>
   <trkpt lat="25.0136340" lon="121.4262450">
    <ele>13.8</ele>
    <time>2025-08-22T07:17:06Z</time>
   </trkpt>
   <trkpt lat="25.0136480" lon="121.4262470">
    <ele>13.8</ele>
    <time>2025-08-22T07:17:07Z</time>
   </trkpt>
   <trkpt lat="25.0136540" lon="121.4262430">
    <ele>13.8</ele>
    <time>2025-08-22T07:17:08Z</time>
   </trkpt>
   <trkpt lat="25.0136600" lon="121.4262400">
    <ele>13.8</ele>
    <time>2025-08-22T07:17:09Z</time>
   </trkpt>
   <trkpt lat="25.0136660" lon="121.4262360">
    <ele>13.8</ele>
    <time>2025-08-22T07:17:10Z</time>
   </trkpt>
   <trkpt lat="25.0136720" lon="121.4262330">
    <ele>13.8</ele>
    <time>2025-08-22T07:17:11Z</time>
   </trkpt>
   <trkpt lat="25.0136780" lon="121.4262290">
    <ele>13.8</ele>
    <time>2025-08-22T07:17:12Z</time>
   </trkpt>
   <trkpt lat="25.0136830" lon="121.4262630">
    <ele>13.8</ele>
    <time>2025-08-22T07:17:13Z</time>
   </trkpt>
   <trkpt lat="25.0136890" lon="121.4262950">
    <ele>13.8</ele>
    <time>2025-08-22T07:17:14Z</time>
   </trkpt>
   <trkpt lat="25.0137210" lon="121.4263680">
    <ele>13.8</ele>
    <time>2025-08-22T07:17:15Z</time>
   </trkpt>
   <trkpt lat="25.0137330" lon="121.4264230">
    <ele>13.8</ele>
    <time>2025-08-22T07:17:16Z</time>
   </trkpt>
   <trkpt lat="25.0136510" lon="121.4263510">
    <ele>13.8</ele>
    <time>2025-08-22T07:17:17Z</time>
   </trkpt>
   <trkpt lat="25.0137300" lon="121.4263000">
    <ele>13.8</ele>
    <time>2025-08-22T07:17:18Z</time>
   </trkpt>
   <trkpt lat="25.0137500" lon="121.4262940">
    <ele>13.8</ele>
    <time>2025-08-22T07:17:19Z</time>
   </trkpt>
   <trkpt lat="25.0137690" lon="121.4262880">
    <ele>13.8</ele>
    <time>2025-08-22T07:17:20Z</time>
   </trkpt>
   <trkpt lat="25.0137880" lon="121.4262830">
    <ele>13.8</ele>
    <time>2025-08-22T07:17:21Z</time>
   </trkpt>
   <trkpt lat="25.0138060" lon="121.4262770">
    <ele>13.8</ele>
    <time>2025-08-22T07:17:22Z</time>
   </trkpt>
   <trkpt lat="25.0138250" lon="121.4262720">
    <ele>13.8</ele>
    <time>2025-08-22T07:17:23Z</time>
   </trkpt>
   <trkpt lat="25.0138440" lon="121.4262660">
    <ele>13.8</ele>
    <time>2025-08-22T07:17:24Z</time>
   </trkpt>
   <trkpt lat="25.0138230" lon="121.4263530">
    <ele>13.8</ele>
    <time>2025-08-22T07:17:25Z</time>
   </trkpt>
   <trkpt lat="25.0137940" lon="121.4263680">
    <ele>13.8</ele>
    <time>2025-08-22T07:17:26Z</time>
   </trkpt>
   <trkpt lat="25.0137700" lon="121.4263700">
    <ele>13.8</ele>
    <time>2025-08-22T07:17:27Z</time>
   </trkpt>
   <trkpt lat="25.0138060" lon="121.4264020">
    <ele>13.8</ele>
    <time>2025-08-22T07:17:28Z</time>
   </trkpt>
   <trkpt lat="25.0138400" lon="121.4263810">
    <ele>13.8</ele>
    <time>2025-08-22T07:17:29Z</time>
   </trkpt>
   <trkpt lat="25.0138580" lon="121.4263440">
    <ele>13.8</ele>
    <time>2025-08-22T07:17:30Z</time>
   </trkpt>
   <trkpt lat="25.0138340" lon="121.4263190">
    <ele>13.8</ele>
    <time>2025-08-22T07:17:31Z</time>
   </trkpt>
   <trkpt lat="25.0138260" lon="121.4263080">
    <ele>13.8</ele>
    <time>2025-08-22T07:17:32Z</time>
   </trkpt>
   <trkpt lat="25.0138150" lon="121.4262910">
    <ele>13.9</ele>
    <time>2025-08-22T07:17:33Z</time>
   </trkpt>
   <trkpt lat="25.0138080" lon="121.4262830">
    <ele>13.9</ele>
    <time>2025-08-22T07:17:34Z</time>
   </trkpt>
   <trkpt lat="25.0138230" lon="121.4262410">
    <ele>13.9</ele>
    <time>2025-08-22T07:17:35Z</time>
   </trkpt>
   <trkpt lat="25.0138370" lon="121.4262140">
    <ele>13.9</ele>
    <time>2025-08-22T07:17:36Z</time>
   </trkpt>
   <trkpt lat="25.0138700" lon="121.4262150">
    <ele>13.9</ele>
    <time>2025-08-22T07:17:37Z</time>
   </trkpt>
   <trkpt lat="25.0138850" lon="121.4262180">
    <ele>13.9</ele>
    <time>2025-08-22T07:17:38Z</time>
   </trkpt>
   <trkpt lat="25.0139320" lon="121.4262250">
    <ele>13.9</ele>
    <time>2025-08-22T07:17:39Z</time>
   </trkpt>
   <trkpt lat="25.0139610" lon="121.4262360">
    <ele>13.9</ele>
    <time>2025-08-22T07:17:40Z</time>
   </trkpt>
   <trkpt lat="25.0139690" lon="121.4262380">
    <ele>13.9</ele>
    <time>2025-08-22T07:17:41Z</time>
   </trkpt>
   <trkpt lat="25.0139850" lon="121.4261880">
    <ele>13.9</ele>
    <time>2025-08-22T07:17:42Z</time>
   </trkpt>
   <trkpt lat="25.0140070" lon="121.4262160">
    <ele>13.9</ele>
    <time>2025-08-22T07:17:43Z</time>
   </trkpt>
   <trkpt lat="25.0140170" lon="121.4262350">
    <ele>13.9</ele>
    <time>2025-08-22T07:17:44Z</time>
   </trkpt>
   <trkpt lat="25.0140300" lon="121.4262120">
    <ele>13.9</ele>
    <time>2025-08-22T07:17:45Z</time>
   </trkpt>
   <trkpt lat="25.0140390" lon="121.4261980">
    <ele>13.9</ele>
    <time>2025-08-22T07:17:46Z</time>
   </trkpt>
   <trkpt lat="25.0140580" lon="121.4261650">
    <ele>13.9</ele>
    <time>2025-08-22T07:17:47Z</time>
   </trkpt>
   <trkpt lat="25.0140930" lon="121.4261480">
    <ele>13.9</ele>
    <time>2025-08-22T07:17:48Z</time>
   </trkpt>
   <trkpt lat="25.0141200" lon="121.4261630">
    <ele>13.9</ele>
    <time>2025-08-22T07:17:49Z</time>
   </trkpt>
   <trkpt lat="25.0141480" lon="121.4261530">
    <ele>13.9</ele>
    <time>2025-08-22T07:17:50Z</time>
   </trkpt>
   <trkpt lat="25.0141600" lon="121.4261540">
    <ele>13.9</ele>
    <time>2025-08-22T07:17:51Z</time>
   </trkpt>
   <trkpt lat="25.0141910" lon="121.4261430">
    <ele>14.0</ele>
    <time>2025-08-22T07:17:52Z</time>
   </trkpt>
   <trkpt lat="25.0141970" lon="121.4261350">
    <ele>14.0</ele>
    <time>2025-08-22T07:17:53Z</time>
   </trkpt>
   <trkpt lat="25.0142260" lon="121.4261340">
    <ele>14.0</ele>
    <time>2025-08-22T07:17:54Z</time>
   </trkpt>
   <trkpt lat="25.0142420" lon="121.4261300">
    <ele>14.0</ele>
    <time>2025-08-22T07:17:55Z</time>
   </trkpt>
   <trkpt lat="25.0142590" lon="121.4261270">
    <ele>14.0</ele>
    <time>2025-08-22T07:17:56Z</time>
   </trkpt>
   <trkpt lat="25.0142920" lon="121.4261210">
    <ele>14.0</ele>
    <time>2025-08-22T07:17:57Z</time>
   </trkpt>
   <trkpt lat="25.0143200" lon="121.4261150">
    <ele>14.0</ele>
    <time>2025-08-22T07:17:58Z</time>
   </trkpt>
   <trkpt lat="25.0143290" lon="121.4261190">
    <ele>14.0</ele>
    <time>2025-08-22T07:17:59Z</time>
   </trkpt>
   <trkpt lat="25.0143340" lon="121.4261180">
    <ele>14.0</ele>
    <time>2025-08-22T07:18:00Z</time>
   </trkpt>
   <trkpt lat="25.0143420" lon="121.4261170">
    <ele>14.0</ele>
    <time>2025-08-22T07:18:01Z</time>
   </trkpt>
   <trkpt lat="25.0143540" lon="121.4261120">
    <ele>14.0</ele>
    <time>2025-08-22T07:18:02Z</time>
   </trkpt>
   <trkpt lat="25.0143670" lon="121.4261080">
    <ele>14.0</ele>
    <time>2025-08-22T07:18:03Z</time>
   </trkpt>
   <trkpt lat="25.0143820" lon="121.4261040">
    <ele>14.0</ele>
    <time>2025-08-22T07:18:04Z</time>
   </trkpt>
   <trkpt lat="25.0143950" lon="121.4261000">
    <ele>14.0</ele>
    <time>2025-08-22T07:18:05Z</time>
   </trkpt>
   <trkpt lat="25.0144080" lon="121.4260920">
    <ele>14.0</ele>
    <time>2025-08-22T07:18:06Z</time>
   </trkpt>
   <trkpt lat="25.0144220" lon="121.4260870">
    <ele>14.0</ele>
    <time>2025-08-22T07:18:07Z</time>
   </trkpt>
   <trkpt lat="25.0144330" lon="121.4260770">
    <ele>14.0</ele>
    <time>2025-08-22T07:18:08Z</time>
   </trkpt>
   <trkpt lat="25.0144460" lon="121.4260660">
    <ele>14.0</ele>
    <time>2025-08-22T07:18:09Z</time>
   </trkpt>
   <trkpt lat="25.0144590" lon="121.4260610">
    <ele>14.0</ele>
    <time>2025-08-22T07:18:10Z</time>
   </trkpt>
   <trkpt lat="25.0144700" lon="121.4260530">
    <ele>14.0</ele>
    <time>2025-08-22T07:18:11Z</time>
   </trkpt>
   <trkpt lat="25.0144730" lon="121.4260310">
    <ele>14.0</ele>
    <time>2025-08-22T07:18:12Z</time>
   </trkpt>
   <trkpt lat="25.0144820" lon="121.4260230">
    <ele>14.0</ele>
    <time>2025-08-22T07:18:13Z</time>
   </trkpt>
   <trkpt lat="25.0144950" lon="121.4260230">
    <ele>14.0</ele>
    <time>2025-08-22T07:18:14Z</time>
   </trkpt>
   <trkpt lat="25.0145080" lon="121.4260230">
    <ele>14.0</ele>
    <time>2025-08-22T07:18:15Z</time>
   </trkpt>
   <trkpt lat="25.0145240" lon="121.4260250">
    <ele>14.0</ele>
    <time>2025-08-22T07:18:16Z</time>
   </trkpt>
   <trkpt lat="25.0145370" lon="121.4260180">
    <ele>14.0</ele>
    <time>2025-08-22T07:18:17Z</time>
   </trkpt>
   <trkpt lat="25.0145480" lon="121.4260170">
    <ele>14.0</ele>
    <time>2025-08-22T07:18:18Z</time>
   </trkpt>
   <trkpt lat="25.0145570" lon="121.4260180">
    <ele>14.0</ele>
    <time>2025-08-22T07:18:19Z</time>
   </trkpt>
   <trkpt lat="25.0145660" lon="121.4260100">
    <ele>14.0</ele>
    <time>2025-08-22T07:18:20Z</time>
   </trkpt>
   <trkpt lat="25.0145820" lon="121.4260100">
    <ele>14.0</ele>
    <time>2025-08-22T07:18:21Z</time>
   </trkpt>
   <trkpt lat="25.0145980" lon="121.4260110">
    <ele>14.0</ele>
    <time>2025-08-22T07:18:22Z</time>
   </trkpt>
   <trkpt lat="25.0146190" lon="121.4260080">
    <ele>14.0</ele>
    <time>2025-08-22T07:18:23Z</time>
   </trkpt>
   <trkpt lat="25.0146290" lon="121.4260090">
    <ele>14.0</ele>
    <time>2025-08-22T07:18:24Z</time>
   </trkpt>
   <trkpt lat="25.0146390" lon="121.4260090">
    <ele>14.0</ele>
    <time>2025-08-22T07:18:25Z</time>
   </trkpt>
   <trkpt lat="25.0146670" lon="121.4260070">
    <ele>14.0</ele>
    <time>2025-08-22T07:18:26Z</time>
   </trkpt>
   <trkpt lat="25.0146770" lon="121.4260070">
    <ele>14.0</ele>
    <time>2025-08-22T07:18:27Z</time>
   </trkpt>
   <trkpt lat="25.0146910" lon="121.4260100">
    <ele>14.0</ele>
    <time>2025-08-22T07:18:28Z</time>
   </trkpt>
   <trkpt lat="25.0147040" lon="121.4260110">
    <ele>14.0</ele>
    <time>2025-08-22T07:18:29Z</time>
   </trkpt>
   <trkpt lat="25.0147140" lon="121.4260130">
    <ele>14.0</ele>
    <time>2025-08-22T07:18:30Z</time>
   </trkpt>
   <trkpt lat="25.0147240" lon="121.4260150">
    <ele>14.0</ele>
    <time>2025-08-22T07:18:31Z</time>
   </trkpt>
   <trkpt lat="25.0147380" lon="121.4260140">
    <ele>14.0</ele>
    <time>2025-08-22T07:18:32Z</time>
   </trkpt>
   <trkpt lat="25.0147590" lon="121.4260060">
    <ele>14.0</ele>
    <time>2025-08-22T07:18:33Z</time>
   </trkpt>
   <trkpt lat="25.0147700" lon="121.4260050">
    <ele>14.0</ele>
    <time>2025-08-22T07:18:34Z</time>
   </trkpt>
   <trkpt lat="25.0147800" lon="121.4260030">
    <ele>14.0</ele>
    <time>2025-08-22T07:18:35Z</time>
   </trkpt>
   <trkpt lat="25.0147920" lon="121.4260030">
    <ele>14.0</ele>
    <time>2025-08-22T07:18:36Z</time>
   </trkpt>
   <trkpt lat="25.0148040" lon="121.4260060">
    <ele>14.0</ele>
    <time>2025-08-22T07:18:37Z</time>
   </trkpt>
   <trkpt lat="25.0148110" lon="121.4260010">
    <ele>14.0</ele>
    <time>2025-08-22T07:18:38Z</time>
   </trkpt>
   <trkpt lat="25.0148140" lon="121.4259970">
    <ele>14.0</ele>
    <time>2025-08-22T07:18:39Z</time>
   </trkpt>
   <trkpt lat="25.0148260" lon="121.4260000">
    <ele>14.0</ele>
    <time>2025-08-22T07:18:40Z</time>
   </trkpt>
   <trkpt lat="25.0148390" lon="121.4259950">
    <ele>14.0</ele>
    <time>2025-08-22T07:18:41Z</time>
   </trkpt>
   <trkpt lat="25.0148550" lon="121.4259980">
    <ele>14.0</ele>
    <time>2025-08-22T07:18:42Z</time>
   </trkpt>
   <trkpt lat="25.0148740" lon="121.4260010">
    <ele>14.0</ele>
    <time>2025-08-22T07:18:43Z</time>
   </trkpt>
   <trkpt lat="25.0148880" lon="121.4260000">
    <ele>14.0</ele>
    <time>2025-08-22T07:18:44Z</time>
   </trkpt>
   <trkpt lat="25.0148990" lon="121.4259980">
    <ele>14.0</ele>
    <time>2025-08-22T07:18:45Z</time>
   </trkpt>
   <trkpt lat="25.0149050" lon="121.4260000">
    <ele>14.0</ele>
    <time>2025-08-22T07:18:46Z</time>
   </trkpt>
   <trkpt lat="25.0149150" lon="121.4260020">
    <ele>14.0</ele>
    <time>2025-08-22T07:18:47Z</time>
   </trkpt>
   <trkpt lat="25.0149260" lon="121.4260020">
    <ele>14.0</ele>
    <time>2025-08-22T07:18:48Z</time>
   </trkpt>
   <trkpt lat="25.0149390" lon="121.4260120">
    <ele>13.9</ele>
    <time>2025-08-22T07:18:49Z</time>
   </trkpt>
   <trkpt lat="25.0149460" lon="121.4260220">
    <ele>13.9</ele>
    <time>2025-08-22T07:18:50Z</time>
   </trkpt>
   <trkpt lat="25.0149540" lon="121.4260360">
    <ele>13.9</ele>
    <time>2025-08-22T07:18:51Z</time>
   </trkpt>
   <trkpt lat="25.0149670" lon="121.4260620">
    <ele>13.9</ele>
    <time>2025-08-22T07:18:52Z</time>
   </trkpt>
   <trkpt lat="25.0149720" lon="121.4260720">
    <ele>13.9</ele>
    <time>2025-08-22T07:18:53Z</time>
   </trkpt>
   <trkpt lat="25.0149760" lon="121.4260710">
    <ele>13.9</ele>
    <time>2025-08-22T07:18:54Z</time>
   </trkpt>
   <trkpt lat="25.0149880" lon="121.4260760">
    <ele>13.9</ele>
    <time>2025-08-22T07:18:55Z</time>
   </trkpt>
   <trkpt lat="25.0149970" lon="121.4260790">
    <ele>13.9</ele>
    <time>2025-08-22T07:18:56Z</time>
   </trkpt>
   <trkpt lat="25.0149980" lon="121.4260750">
    <ele>13.9</ele>
    <time>2025-08-22T07:18:57Z</time>
   </trkpt>
   <trkpt lat="25.0150060" lon="121.4260790">
    <ele>13.9</ele>
    <time>2025-08-22T07:18:58Z</time>
   </trkpt>
   <trkpt lat="25.0150260" lon="121.4260880">
    <ele>13.9</ele>
    <time>2025-08-22T07:18:59Z</time>
   </trkpt>
   <trkpt lat="25.0150360" lon="121.4260920">
    <ele>13.9</ele>
    <time>2025-08-22T07:19:00Z</time>
   </trkpt>
   <trkpt lat="25.0150450" lon="121.4260960">
    <ele>13.9</ele>
    <time>2025-08-22T07:19:01Z</time>
   </trkpt>
   <trkpt lat="25.0150580" lon="121.4260980">
    <ele>13.9</ele>
    <time>2025-08-22T07:19:02Z</time>
   </trkpt>
   <trkpt lat="25.0150690" lon="121.4261010">
    <ele>13.9</ele>
    <time>2025-08-22T07:19:03Z</time>
   </trkpt>
   <trkpt lat="25.0150790" lon="121.4261040">
    <ele>13.9</ele>
    <time>2025-08-22T07:19:04Z</time>
   </trkpt>
   <trkpt lat="25.0150890" lon="121.4261010">
    <ele>13.9</ele>
    <time>2025-08-22T07:19:05Z</time>
   </trkpt>
   <trkpt lat="25.0150990" lon="121.4260990">
    <ele>13.9</ele>
    <time>2025-08-22T07:19:06Z</time>
   </trkpt>
   <trkpt lat="25.0151080" lon="121.4260960">
    <ele>13.9</ele>
    <time>2025-08-22T07:19:07Z</time>
   </trkpt>
   <trkpt lat="25.0151170" lon="121.4260930">
    <ele>13.9</ele>
    <time>2025-08-22T07:19:08Z</time>
   </trkpt>
   <trkpt lat="25.0151340" lon="121.4260940">
    <ele>13.9</ele>
    <time>2025-08-22T07:19:09Z</time>
   </trkpt>
   <trkpt lat="25.0151470" lon="121.4260990">
    <ele>13.9</ele>
    <time>2025-08-22T07:19:10Z</time>
   </trkpt>
   <trkpt lat="25.0151600" lon="121.4261010">
    <ele>13.9</ele>
    <time>2025-08-22T07:19:11Z</time>
   </trkpt>
   <trkpt lat="25.0151620" lon="121.4261010">
    <ele>13.9</ele>
    <time>2025-08-22T07:19:12Z</time>
   </trkpt>
   <trkpt lat="25.0151760" lon="121.4261110">
    <ele>13.9</ele>
    <time>2025-08-22T07:19:13Z</time>
   </trkpt>
   <trkpt lat="25.0151900" lon="121.4261050">
    <ele>13.9</ele>
    <time>2025-08-22T07:19:14Z</time>
   </trkpt>
   <trkpt lat="25.0152040" lon="121.4261040">
    <ele>13.9</ele>
    <time>2025-08-22T07:19:15Z</time>
   </trkpt>
   <trkpt lat="25.0152180" lon="121.4261130">
    <ele>13.9</ele>
    <time>2025-08-22T07:19:16Z</time>
   </trkpt>
   <trkpt lat="25.0152300" lon="121.4261140">
    <ele>13.9</ele>
    <time>2025-08-22T07:19:17Z</time>
   </trkpt>
   <trkpt lat="25.0152440" lon="121.4261150">
    <ele>13.9</ele>
    <time>2025-08-22T07:19:18Z</time>
   </trkpt>
   <trkpt lat="25.0152560" lon="121.4261120">
    <ele>13.9</ele>
    <time>2025-08-22T07:19:19Z</time>
   </trkpt>
   <trkpt lat="25.0152630" lon="121.4261060">
    <ele>13.9</ele>
    <time>2025-08-22T07:19:20Z</time>
   </trkpt>
   <trkpt lat="25.0152680" lon="121.4261060">
    <ele>13.9</ele>
    <time>2025-08-22T07:19:21Z</time>
   </trkpt>
   <trkpt lat="25.0152730" lon="121.4261120">
    <ele>13.9</ele>
    <time>2025-08-22T07:19:22Z</time>
   </trkpt>
   <trkpt lat="25.0152830" lon="121.4261160">
    <ele>13.9</ele>
    <time>2025-08-22T07:19:23Z</time>
   </trkpt>
   <trkpt lat="25.0152860" lon="121.4261090">
    <ele>13.9</ele>
    <time>2025-08-22T07:19:24Z</time>
   </trkpt>
   <trkpt lat="25.0152910" lon="121.4261100">
    <ele>13.9</ele>
    <time>2025-08-22T07:19:25Z</time>
   </trkpt>
   <trkpt lat="25.0152990" lon="121.4261110">
    <ele>13.9</ele>
    <time>2025-08-22T07:19:26Z</time>
   </trkpt>
   <trkpt lat="25.0153080" lon="121.4261080">
    <ele>13.9</ele>
    <time>2025-08-22T07:19:27Z</time>
   </trkpt>
   <trkpt lat="25.0153220" lon="121.4261060">
    <ele>13.9</ele>
    <time>2025-08-22T07:19:28Z</time>
   </trkpt>
   <trkpt lat="25.0153340" lon="121.4261020">
    <ele>13.9</ele>
    <time>2025-08-22T07:19:29Z</time>
   </trkpt>
   <trkpt lat="25.0153480" lon="121.4260990">
    <ele>13.9</ele>
    <time>2025-08-22T07:19:30Z</time>
   </trkpt>
   <trkpt lat="25.0153550" lon="121.4261060">
    <ele>13.9</ele>
    <time>2025-08-22T07:19:31Z</time>
   </trkpt>
   <trkpt lat="25.0153640" lon="121.4261080">
    <ele>13.9</ele>
    <time>2025-08-22T07:19:32Z</time>
   </trkpt>
   <trkpt lat="25.0153770" lon="121.4261160">
    <ele>13.9</ele>
    <time>2025-08-22T07:19:33Z</time>
   </trkpt>
   <trkpt lat="25.0153870" lon="121.4261230">
    <ele>13.9</ele>
    <time>2025-08-22T07:19:34Z</time>
   </trkpt>
   <trkpt lat="25.0154040" lon="121.4261270">
    <ele>13.9</ele>
    <time>2025-08-22T07:19:35Z</time>
   </trkpt>
   <trkpt lat="25.0154210" lon="121.4261280">
    <ele>13.9</ele>
    <time>2025-08-22T07:19:36Z</time>
   </trkpt>
   <trkpt lat="25.0154300" lon="121.4261310">
    <ele>13.9</ele>
    <time>2025-08-22T07:19:37Z</time>
   </trkpt>
   <trkpt lat="25.0154380" lon="121.4261420">
    <ele>13.9</ele>
    <time>2025-08-22T07:19:38Z</time>
   </trkpt>
   <trkpt lat="25.0154470" lon="121.4261500">
    <ele>13.9</ele>
    <time>2025-08-22T07:19:39Z</time>
   </trkpt>
   <trkpt lat="25.0154660" lon="121.4261530">
    <ele>13.9</ele>
    <time>2025-08-22T07:19:40Z</time>
   </trkpt>
   <trkpt lat="25.0154790" lon="121.4261510">
    <ele>13.9</ele>
    <time>2025-08-22T07:19:41Z</time>
   </trkpt>
   <trkpt lat="25.0154920" lon="121.4261500">
    <ele>13.9</ele>
    <time>2025-08-22T07:19:42Z</time>
   </trkpt>
   <trkpt lat="25.0154990" lon="121.4261460">
    <ele>13.9</ele>
    <time>2025-08-22T07:19:43Z</time>
   </trkpt>
   <trkpt lat="25.0155080" lon="121.4261400">
    <ele>13.9</ele>
    <time>2025-08-22T07:19:44Z</time>
   </trkpt>
   <trkpt lat="25.0155120" lon="121.4261370">
    <ele>13.9</ele>
    <time>2025-08-22T07:19:45Z</time>
   </trkpt>
   <trkpt lat="25.0155180" lon="121.4261370">
    <ele>13.9</ele>
    <time>2025-08-22T07:19:46Z</time>
   </trkpt>
   <trkpt lat="25.0155300" lon="121.4261340">
    <ele>13.9</ele>
    <time>2025-08-22T07:19:47Z</time>
   </trkpt>
   <trkpt lat="25.0155440" lon="121.4261270">
    <ele>13.9</ele>
    <time>2025-08-22T07:19:48Z</time>
   </trkpt>
   <trkpt lat="25.0155620" lon="121.4261140">
    <ele>13.9</ele>
    <time>2025-08-22T07:19:49Z</time>
   </trkpt>
   <trkpt lat="25.0155680" lon="121.4261090">
    <ele>13.9</ele>
    <time>2025-08-22T07:19:50Z</time>
   </trkpt>
   <trkpt lat="25.0155740" lon="121.4261040">
    <ele>13.9</ele>
    <time>2025-08-22T07:19:51Z</time>
   </trkpt>
   <trkpt lat="25.0155810" lon="121.4261050">
    <ele>13.9</ele>
    <time>2025-08-22T07:19:52Z</time>
   </trkpt>
   <trkpt lat="25.0155910" lon="121.4260990">
    <ele>13.9</ele>
    <time>2025-08-22T07:19:53Z</time>
   </trkpt>
   <trkpt lat="25.0156080" lon="121.4260920">
    <ele>13.9</ele>
    <time>2025-08-22T07:19:54Z</time>
   </trkpt>
   <trkpt lat="25.0156250" lon="121.4261060">
    <ele>13.9</ele>
    <time>2025-08-22T07:19:55Z</time>
   </trkpt>
   <trkpt lat="25.0156320" lon="121.4261100">
    <ele>13.9</ele>
    <time>2025-08-22T07:19:56Z</time>
   </trkpt>
   <trkpt lat="25.0156390" lon="121.4261150">
    <ele>13.9</ele>
    <time>2025-08-22T07:19:57Z</time>
   </trkpt>
   <trkpt lat="25.0156480" lon="121.4261110">
    <ele>13.9</ele>
    <time>2025-08-22T07:19:58Z</time>
   </trkpt>
   <trkpt lat="25.0156570" lon="121.4261100">
    <ele>13.9</ele>
    <time>2025-08-22T07:19:59Z</time>
   </trkpt>
   <trkpt lat="25.0156660" lon="121.4261120">
    <ele>13.9</ele>
    <time>2025-08-22T07:20:00Z</time>
   </trkpt>
   <trkpt lat="25.0156940" lon="121.4261180">
    <ele>13.9</ele>
    <time>2025-08-22T07:20:01Z</time>
   </trkpt>
   <trkpt lat="25.0157030" lon="121.4261190">
    <ele>13.9</ele>
    <time>2025-08-22T07:20:02Z</time>
   </trkpt>
   <trkpt lat="25.0157130" lon="121.4261230">
    <ele>13.9</ele>
    <time>2025-08-22T07:20:03Z</time>
   </trkpt>
   <trkpt lat="25.0157250" lon="121.4261380">
    <ele>13.9</ele>
    <time>2025-08-22T07:20:04Z</time>
   </trkpt>
   <trkpt lat="25.0157420" lon="121.4261490">
    <ele>13.9</ele>
    <time>2025-08-22T07:20:05Z</time>
   </trkpt>
   <trkpt lat="25.0157510" lon="121.4261500">
    <ele>13.9</ele>
    <time>2025-08-22T07:20:06Z</time>
   </trkpt>
   <trkpt lat="25.0157600" lon="121.4261520">
    <ele>13.9</ele>
    <time>2025-08-22T07:20:07Z</time>
   </trkpt>
   <trkpt lat="25.0157710" lon="121.4261530">
    <ele>13.9</ele>
    <time>2025-08-22T07:20:08Z</time>
   </trkpt>
   <trkpt lat="25.0157800" lon="121.4261600">
    <ele>13.9</ele>
    <time>2025-08-22T07:20:09Z</time>
   </trkpt>
   <trkpt lat="25.0157920" lon="121.4261620">
    <ele>13.9</ele>
    <time>2025-08-22T07:20:10Z</time>
   </trkpt>
   <trkpt lat="25.0158140" lon="121.4261630">
    <ele>13.9</ele>
    <time>2025-08-22T07:20:11Z</time>
   </trkpt>
   <trkpt lat="25.0158250" lon="121.4261710">
    <ele>13.9</ele>
    <time>2025-08-22T07:20:12Z</time>
   </trkpt>
   <trkpt lat="25.0158380" lon="121.4261760">
    <ele>13.9</ele>
    <time>2025-08-22T07:20:13Z</time>
   </trkpt>
   <trkpt lat="25.0158510" lon="121.4261790">
    <ele>13.9</ele>
    <time>2025-08-22T07:20:14Z</time>
   </trkpt>
   <trkpt lat="25.0158610" lon="121.4261790">
    <ele>13.9</ele>
    <time>2025-08-22T07:20:15Z</time>
   </trkpt>
   <trkpt lat="25.0158740" lon="121.4261740">
    <ele>13.9</ele>
    <time>2025-08-22T07:20:16Z</time>
   </trkpt>
   <trkpt lat="25.0158820" lon="121.4261780">
    <ele>13.9</ele>
    <time>2025-08-22T07:20:17Z</time>
   </trkpt>
   <trkpt lat="25.0159010" lon="121.4261700">
    <ele>13.9</ele>
    <time>2025-08-22T07:20:18Z</time>
   </trkpt>
   <trkpt lat="25.0159090" lon="121.4261660">
    <ele>13.9</ele>
    <time>2025-08-22T07:20:19Z</time>
   </trkpt>
   <trkpt lat="25.0159170" lon="121.4261630">
    <ele>13.9</ele>
    <time>2025-08-22T07:20:20Z</time>
   </trkpt>
   <trkpt lat="25.0159350" lon="121.4261660">
    <ele>13.9</ele>
    <time>2025-08-22T07:20:21Z</time>
   </trkpt>
   <trkpt lat="25.0159410" lon="121.4261670">
    <ele>13.9</ele>
    <time>2025-08-22T07:20:22Z</time>
   </trkpt>
   <trkpt lat="25.0159510" lon="121.4261630">
    <ele>13.9</ele>
    <time>2025-08-22T07:20:23Z</time>
   </trkpt>
   <trkpt lat="25.0159700" lon="121.4261710">
    <ele>13.9</ele>
    <time>2025-08-22T07:20:24Z</time>
   </trkpt>
   <trkpt lat="25.0159770" lon="121.4261790">
    <ele>13.8</ele>
    <time>2025-08-22T07:20:25Z</time>
   </trkpt>
   <trkpt lat="25.0159850" lon="121.4261880">
    <ele>13.8</ele>
    <time>2025-08-22T07:20:26Z</time>
   </trkpt>
   <trkpt lat="25.0160000" lon="121.4262050">
    <ele>13.8</ele>
    <time>2025-08-22T07:20:27Z</time>
   </trkpt>
   <trkpt lat="25.0160080" lon="121.4262120">
    <ele>13.8</ele>
    <time>2025-08-22T07:20:28Z</time>
   </trkpt>
   <trkpt lat="25.0160160" lon="121.4262190">
    <ele>13.8</ele>
    <time>2025-08-22T07:20:29Z</time>
   </trkpt>
   <trkpt lat="25.0160370" lon="121.4262240">
    <ele>13.8</ele>
    <time>2025-08-22T07:20:30Z</time>
   </trkpt>
   <trkpt lat="25.0160450" lon="121.4262270">
    <ele>13.8</ele>
    <time>2025-08-22T07:20:31Z</time>
   </trkpt>
   <trkpt lat="25.0160520" lon="121.4262290">
    <ele>13.8</ele>
    <time>2025-08-22T07:20:32Z</time>
   </trkpt>
   <trkpt lat="25.0160710" lon="121.4262270">
    <ele>13.8</ele>
    <time>2025-08-22T07:20:33Z</time>
   </trkpt>
   <trkpt lat="25.0160770" lon="121.4262240">
    <ele>13.8</ele>
    <time>2025-08-22T07:20:34Z</time>
   </trkpt>
   <trkpt lat="25.0160840" lon="121.4262200">
    <ele>13.8</ele>
    <time>2025-08-22T07:20:35Z</time>
   </trkpt>
   <trkpt lat="25.0160900" lon="121.4262170">
    <ele>13.8</ele>
    <time>2025-08-22T07:20:36Z</time>
   </trkpt>
   <trkpt lat="25.0161030" lon="121.4262120">
    <ele>13.8</ele>
    <time>2025-08-22T07:20:37Z</time>
   </trkpt>
   <trkpt lat="25.0161130" lon="121.4262100">
    <ele>13.8</ele>
    <time>2025-08-22T07:20:38Z</time>
   </trkpt>
   <trkpt lat="25.0161250" lon="121.4262100">
    <ele>13.8</ele>
    <time>2025-08-22T07:20:39Z</time>
   </trkpt>
   <trkpt lat="25.0161330" lon="121.4262100">
    <ele>13.8</ele>
    <time>2025-08-22T07:20:40Z</time>
   </trkpt>
   <trkpt lat="25.0161460" lon="121.4262110">
    <ele>13.8</ele>
    <time>2025-08-22T07:20:41Z</time>
   </trkpt>
   <trkpt lat="25.0161550" lon="121.4262120">
    <ele>13.8</ele>
    <time>2025-08-22T07:20:42Z</time>
   </trkpt>
   <trkpt lat="25.0161630" lon="121.4262150">
    <ele>13.8</ele>
    <time>2025-08-22T07:20:43Z</time>
   </trkpt>
   <trkpt lat="25.0161740" lon="121.4262240">
    <ele>13.8</ele>
    <time>2025-08-22T07:20:44Z</time>
   </trkpt>
   <trkpt lat="25.0161810" lon="121.4262350">
    <ele>13.8</ele>
    <time>2025-08-22T07:20:45Z</time>
   </trkpt>
   <trkpt lat="25.0161940" lon="121.4262360">
    <ele>13.8</ele>
    <time>2025-08-22T07:20:46Z</time>
   </trkpt>
   <trkpt lat="25.0162010" lon="121.4262350">
    <ele>13.8</ele>
    <time>2025-08-22T07:20:47Z</time>
   </trkpt>
   <trkpt lat="25.0162150" lon="121.4262310">
    <ele>13.8</ele>
    <time>2025-08-22T07:20:48Z</time>
   </trkpt>
   <trkpt lat="25.0162290" lon="121.4262320">
    <ele>13.8</ele>
    <time>2025-08-22T07:20:49Z</time>
   </trkpt>
   <trkpt lat="25.0162430" lon="121.4262370">
    <ele>13.8</ele>
    <time>2025-08-22T07:20:50Z</time>
   </trkpt>
   <trkpt lat="25.0162530" lon="121.4262320">
    <ele>13.8</ele>
    <time>2025-08-22T07:20:51Z</time>
   </trkpt>
   <trkpt lat="25.0162660" lon="121.4262290">
    <ele>13.8</ele>
    <time>2025-08-22T07:20:52Z</time>
   </trkpt>
   <trkpt lat="25.0162710" lon="121.4262230">
    <ele>13.8</ele>
    <time>2025-08-22T07:20:53Z</time>
   </trkpt>
   <trkpt lat="25.0162780" lon="121.4262180">
    <ele>13.8</ele>
    <time>2025-08-22T07:20:54Z</time>
   </trkpt>
   <trkpt lat="25.0162870" lon="121.4262130">
    <ele>13.8</ele>
    <time>2025-08-22T07:20:55Z</time>
   </trkpt>
   <trkpt lat="25.0162940" lon="121.4262130">
    <ele>13.8</ele>
    <time>2025-08-22T07:20:56Z</time>
   </trkpt>
   <trkpt lat="25.0163000" lon="121.4262130">
    <ele>13.8</ele>
    <time>2025-08-22T07:20:57Z</time>
   </trkpt>
   <trkpt lat="25.0163120" lon="121.4262090">
    <ele>13.8</ele>
    <time>2025-08-22T07:20:58Z</time>
   </trkpt>
   <trkpt lat="25.0163310" lon="121.4262010">
    <ele>13.9</ele>
    <time>2025-08-22T07:20:59Z</time>
   </trkpt>
   <trkpt lat="25.0163450" lon="121.4262040">
    <ele>13.9</ele>
    <time>2025-08-22T07:21:00Z</time>
   </trkpt>
   <trkpt lat="25.0163620" lon="121.4261920">
    <ele>13.9</ele>
    <time>2025-08-22T07:21:01Z</time>
   </trkpt>
   <trkpt lat="25.0163750" lon="121.4261820">
    <ele>13.9</ele>
    <time>2025-08-22T07:21:02Z</time>
   </trkpt>
   <trkpt lat="25.0163890" lon="121.4261740">
    <ele>13.9</ele>
    <time>2025-08-22T07:21:03Z</time>
   </trkpt>
   <trkpt lat="25.0163970" lon="121.4261700">
    <ele>13.9</ele>
    <time>2025-08-22T07:21:04Z</time>
   </trkpt>
   <trkpt lat="25.0164070" lon="121.4261650">
    <ele>13.9</ele>
    <time>2025-08-22T07:21:05Z</time>
   </trkpt>
   <trkpt lat="25.0164180" lon="121.4261620">
    <ele>13.9</ele>
    <time>2025-08-22T07:21:06Z</time>
   </trkpt>
   <trkpt lat="25.0164450" lon="121.4261600">
    <ele>13.9</ele>
    <time>2025-08-22T07:21:07Z</time>
   </trkpt>
   <trkpt lat="25.0164560" lon="121.4261580">
    <ele>13.9</ele>
    <time>2025-08-22T07:21:08Z</time>
   </trkpt>
   <trkpt lat="25.0164660" lon="121.4261590">
    <ele>13.9</ele>
    <time>2025-08-22T07:21:09Z</time>
   </trkpt>
   <trkpt lat="25.0164730" lon="121.4261600">
    <ele>13.9</ele>
    <time>2025-08-22T07:21:10Z</time>
   </trkpt>
   <trkpt lat="25.0164790" lon="121.4261540">
    <ele>13.9</ele>
    <time>2025-08-22T07:21:11Z</time>
   </trkpt>
   <trkpt lat="25.0164910" lon="121.4261500">
    <ele>13.9</ele>
    <time>2025-08-22T07:21:12Z</time>
   </trkpt>
   <trkpt lat="25.0165010" lon="121.4261640">
    <ele>13.9</ele>
    <time>2025-08-22T07:21:13Z</time>
   </trkpt>
   <trkpt lat="25.0165060" lon="121.4261770">
    <ele>13.9</ele>
    <time>2025-08-22T07:21:14Z</time>
   </trkpt>
   <trkpt lat="25.0165110" lon="121.4261900">
    <ele>13.9</ele>
    <time>2025-08-22T07:21:15Z</time>
   </trkpt>
   <trkpt lat="25.0165160" lon="121.4262270">
    <ele>13.9</ele>
    <time>2025-08-22T07:21:16Z</time>
   </trkpt>
   <trkpt lat="25.0165160" lon="121.4262370">
    <ele>13.9</ele>
    <time>2025-08-22T07:21:17Z</time>
   </trkpt>
   <trkpt lat="25.0165250" lon="121.4262460">
    <ele>13.9</ele>
    <time>2025-08-22T07:21:18Z</time>
   </trkpt>
   <trkpt lat="25.0165360" lon="121.4262450">
    <ele>13.9</ele>
    <time>2025-08-22T07:21:19Z</time>
   </trkpt>
   <trkpt lat="25.0165470" lon="121.4262400">
    <ele>13.9</ele>
    <time>2025-08-22T07:21:20Z</time>
   </trkpt>
   <trkpt lat="25.0165650" lon="121.4262370">
    <ele>13.9</ele>
    <time>2025-08-22T07:21:21Z</time>
   </trkpt>
   <trkpt lat="25.0165770" lon="121.4262350">
    <ele>13.9</ele>
    <time>2025-08-22T07:21:22Z</time>
   </trkpt>
   <trkpt lat="25.0165890" lon="121.4262340">
    <ele>13.9</ele>
    <time>2025-08-22T07:21:23Z</time>
   </trkpt>
   <trkpt lat="25.0166160" lon="121.4262270">
    <ele>13.9</ele>
    <time>2025-08-22T07:21:24Z</time>
   </trkpt>
   <trkpt lat="25.0166240" lon="121.4262300">
    <ele>13.9</ele>
    <time>2025-08-22T07:21:25Z</time>
   </trkpt>
   <trkpt lat="25.0166360" lon="121.4262320">
    <ele>13.9</ele>
    <time>2025-08-22T07:21:26Z</time>
   </trkpt>
   <trkpt lat="25.0166490" lon="121.4262320">
    <ele>13.9</ele>
    <time>2025-08-22T07:21:27Z</time>
   </trkpt>
   <trkpt lat="25.0166600" lon="121.4262360">
    <ele>13.8</ele>
    <time>2025-08-22T07:21:28Z</time>
   </trkpt>
   <trkpt lat="25.0166730" lon="121.4262390">
    <ele>13.8</ele>
    <time>2025-08-22T07:21:29Z</time>
   </trkpt>
   <trkpt lat="25.0166780" lon="121.4262500">
    <ele>13.8</ele>
    <time>2025-08-22T07:21:30Z</time>
   </trkpt>
   <trkpt lat="25.0166860" lon="121.4262530">
    <ele>13.8</ele>
    <time>2025-08-22T07:21:31Z</time>
   </trkpt>
   <trkpt lat="25.0166960" lon="121.4262540">
    <ele>13.8</ele>
    <time>2025-08-22T07:21:32Z</time>
   </trkpt>
   <trkpt lat="25.0167110" lon="121.4262540">
    <ele>13.8</ele>
    <time>2025-08-22T07:21:33Z</time>
   </trkpt>
   <trkpt lat="25.0167160" lon="121.4262600">
    <ele>13.8</ele>
    <time>2025-08-22T07:21:34Z</time>
   </trkpt>
   <trkpt lat="25.0167220" lon="121.4262590">
    <ele>13.8</ele>
    <time>2025-08-22T07:21:35Z</time>
   </trkpt>
   <trkpt lat="25.0167360" lon="121.4262670">
    <ele>13.8</ele>
    <time>2025-08-22T07:21:36Z</time>
   </trkpt>
   <trkpt lat="25.0167510" lon="121.4262770">
    <ele>13.8</ele>
    <time>2025-08-22T07:21:37Z</time>
   </trkpt>
   <trkpt lat="25.0167630" lon="121.4262770">
    <ele>13.8</ele>
    <time>2025-08-22T07:21:38Z</time>
   </trkpt>
   <trkpt lat="25.0167850" lon="121.4262850">
    <ele>13.8</ele>
    <time>2025-08-22T07:21:39Z</time>
   </trkpt>
   <trkpt lat="25.0167940" lon="121.4262920">
    <ele>13.8</ele>
    <time>2025-08-22T07:21:40Z</time>
   </trkpt>
   <trkpt lat="25.0168040" lon="121.4262980">
    <ele>13.8</ele>
    <time>2025-08-22T07:21:41Z</time>
   </trkpt>
   <trkpt lat="25.0168180" lon="121.4262990">
    <ele>13.8</ele>
    <time>2025-08-22T07:21:42Z</time>
   </trkpt>
   <trkpt lat="25.0168320" lon="121.4263000">
    <ele>13.8</ele>
    <time>2025-08-22T07:21:43Z</time>
   </trkpt>
   <trkpt lat="25.0168530" lon="121.4263060">
    <ele>13.8</ele>
    <time>2025-08-22T07:21:44Z</time>
   </trkpt>
   <trkpt lat="25.0168650" lon="121.4263140">
    <ele>13.8</ele>
    <time>2025-08-22T07:21:45Z</time>
   </trkpt>
   <trkpt lat="25.0168770" lon="121.4263210">
    <ele>13.8</ele>
    <time>2025-08-22T07:21:46Z</time>
   </trkpt>
   <trkpt lat="25.0168970" lon="121.4263500">
    <ele>13.8</ele>
    <time>2025-08-22T07:21:47Z</time>
   </trkpt>
   <trkpt lat="25.0169020" lon="121.4263670">
    <ele>13.8</ele>
    <time>2025-08-22T07:21:48Z</time>
   </trkpt>
   <trkpt lat="25.0169050" lon="121.4263760">
    <ele>13.8</ele>
    <time>2025-08-22T07:21:49Z</time>
   </trkpt>
   <trkpt lat="25.0169220" lon="121.4263810">
    <ele>13.8</ele>
    <time>2025-08-22T07:21:50Z</time>
   </trkpt>
   <trkpt lat="25.0169310" lon="121.4263850">
    <ele>13.8</ele>
    <time>2025-08-22T07:21:51Z</time>
   </trkpt>
   <trkpt lat="25.0169330" lon="121.4263890">
    <ele>13.8</ele>
    <time>2025-08-22T07:21:52Z</time>
   </trkpt>
   <trkpt lat="25.0169400" lon="121.4263950">
    <ele>13.8</ele>
    <time>2025-08-22T07:21:53Z</time>
   </trkpt>
   <trkpt lat="25.0169540" lon="121.4264040">
    <ele>13.8</ele>
    <time>2025-08-22T07:21:54Z</time>
   </trkpt>
   <trkpt lat="25.0169630" lon="121.4264080">
    <ele>13.8</ele>
    <time>2025-08-22T07:21:55Z</time>
   </trkpt>
   <trkpt lat="25.0169770" lon="121.4264160">
    <ele>13.8</ele>
    <time>2025-08-22T07:21:56Z</time>
   </trkpt>
   <trkpt lat="25.0169870" lon="121.4264180">
    <ele>13.8</ele>
    <time>2025-08-22T07:21:57Z</time>
   </trkpt>
   <trkpt lat="25.0170030" lon="121.4264240">
    <ele>13.8</ele>
    <time>2025-08-22T07:21:58Z</time>
   </trkpt>
   <trkpt lat="25.0170130" lon="121.4264270">
    <ele>13.8</ele>
    <time>2025-08-22T07:21:59Z</time>
   </trkpt>
   <trkpt lat="25.0170200" lon="121.4264310">
    <ele>13.8</ele>
    <time>2025-08-22T07:22:00Z</time>
   </trkpt>
   <trkpt lat="25.0170300" lon="121.4264360">
    <ele>13.8</ele>
    <time>2025-08-22T07:22:01Z</time>
   </trkpt>
   <trkpt lat="25.0170370" lon="121.4264410">
    <ele>13.8</ele>
    <time>2025-08-22T07:22:02Z</time>
   </trkpt>
   <trkpt lat="25.0170520" lon="121.4264470">
    <ele>13.8</ele>
    <time>2025-08-22T07:22:03Z</time>
   </trkpt>
   <trkpt lat="25.0170670" lon="121.4264530">
    <ele>13.8</ele>
    <time>2025-08-22T07:22:04Z</time>
   </trkpt>
   <trkpt lat="25.0170800" lon="121.4264570">
    <ele>13.8</ele>
    <time>2025-08-22T07:22:05Z</time>
   </trkpt>
   <trkpt lat="25.0170880" lon="121.4264620">
    <ele>13.8</ele>
    <time>2025-08-22T07:22:06Z</time>
   </trkpt>
   <trkpt lat="25.0170950" lon="121.4264660">
    <ele>13.8</ele>
    <time>2025-08-22T07:22:07Z</time>
   </trkpt>
   <trkpt lat="25.0171020" lon="121.4264710">
    <ele>13.8</ele>
    <time>2025-08-22T07:22:08Z</time>
   </trkpt>
   <trkpt lat="25.0171090" lon="121.4264790">
    <ele>13.8</ele>
    <time>2025-08-22T07:22:09Z</time>
   </trkpt>
   <trkpt lat="25.0171140" lon="121.4264750">
    <ele>13.8</ele>
    <time>2025-08-22T07:22:10Z</time>
   </trkpt>
   <trkpt lat="25.0171290" lon="121.4264720">
    <ele>13.8</ele>
    <time>2025-08-22T07:22:11Z</time>
   </trkpt>
   <trkpt lat="25.0171360" lon="121.4264690">
    <ele>13.8</ele>
    <time>2025-08-22T07:22:12Z</time>
   </trkpt>
   <trkpt lat="25.0171460" lon="121.4264680">
    <ele>13.8</ele>
    <time>2025-08-22T07:22:13Z</time>
   </trkpt>
   <trkpt lat="25.0171550" lon="121.4264700">
    <ele>13.8</ele>
    <time>2025-08-22T07:22:14Z</time>
   </trkpt>
   <trkpt lat="25.0171680" lon="121.4264710">
    <ele>13.8</ele>
    <time>2025-08-22T07:22:15Z</time>
   </trkpt>
   <trkpt lat="25.0171800" lon="121.4264720">
    <ele>13.8</ele>
    <time>2025-08-22T07:22:16Z</time>
   </trkpt>
   <trkpt lat="25.0171910" lon="121.4264750">
    <ele>13.8</ele>
    <time>2025-08-22T07:22:17Z</time>
   </trkpt>
   <trkpt lat="25.0172010" lon="121.4264770">
    <ele>13.8</ele>
    <time>2025-08-22T07:22:18Z</time>
   </trkpt>
   <trkpt lat="25.0172140" lon="121.4264790">
    <ele>13.7</ele>
    <time>2025-08-22T07:22:19Z</time>
   </trkpt>
   <trkpt lat="25.0172290" lon="121.4264790">
    <ele>13.7</ele>
    <time>2025-08-22T07:22:20Z</time>
   </trkpt>
   <trkpt lat="25.0172470" lon="121.4264860">
    <ele>13.7</ele>
    <time>2025-08-22T07:22:21Z</time>
   </trkpt>
   <trkpt lat="25.0172550" lon="121.4264890">
    <ele>13.7</ele>
    <time>2025-08-22T07:22:22Z</time>
   </trkpt>
   <trkpt lat="25.0172640" lon="121.4264920">
    <ele>13.7</ele>
    <time>2025-08-22T07:22:23Z</time>
   </trkpt>
   <trkpt lat="25.0172920" lon="121.4264960">
    <ele>13.7</ele>
    <time>2025-08-22T07:22:24Z</time>
   </trkpt>
   <trkpt lat="25.0173020" lon="121.4264970">
    <ele>13.7</ele>
    <time>2025-08-22T07:22:25Z</time>
   </trkpt>
   <trkpt lat="25.0173230" lon="121.4264970">
    <ele>13.7</ele>
    <time>2025-08-22T07:22:26Z</time>
   </trkpt>
   <trkpt lat="25.0173330" lon="121.4265020">
    <ele>13.7</ele>
    <time>2025-08-22T07:22:27Z</time>
   </trkpt>
   <trkpt lat="25.0173420" lon="121.4265060">
    <ele>13.7</ele>
    <time>2025-08-22T07:22:28Z</time>
   </trkpt>
   <trkpt lat="25.0173550" lon="121.4265130">
    <ele>13.7</ele>
    <time>2025-08-22T07:22:29Z</time>
   </trkpt>
   <trkpt lat="25.0173650" lon="121.4265140">
    <ele>13.7</ele>
    <time>2025-08-22T07:22:30Z</time>
   </trkpt>
   <trkpt lat="25.0173750" lon="121.4265140">
    <ele>13.7</ele>
    <time>2025-08-22T07:22:31Z</time>
   </trkpt>
   <trkpt lat="25.0173840" lon="121.4265150">
    <ele>13.7</ele>
    <time>2025-08-22T07:22:32Z</time>
   </trkpt>
   <trkpt lat="25.0174020" lon="121.4265210">
    <ele>13.7</ele>
    <time>2025-08-22T07:22:33Z</time>
   </trkpt>
   <trkpt lat="25.0174120" lon="121.4265240">
    <ele>13.7</ele>
    <time>2025-08-22T07:22:34Z</time>
   </trkpt>
   <trkpt lat="25.0174230" lon="121.4265300">
    <ele>13.7</ele>
    <time>2025-08-22T07:22:35Z</time>
   </trkpt>
   <trkpt lat="25.0174370" lon="121.4265360">
    <ele>13.6</ele>
    <time>2025-08-22T07:22:36Z</time>
   </trkpt>
   <trkpt lat="25.0174490" lon="121.4265410">
    <ele>13.6</ele>
    <time>2025-08-22T07:22:37Z</time>
   </trkpt>
   <trkpt lat="25.0174610" lon="121.4265420">
    <ele>13.6</ele>
    <time>2025-08-22T07:22:38Z</time>
   </trkpt>
   <trkpt lat="25.0174700" lon="121.4265440">
    <ele>13.6</ele>
    <time>2025-08-22T07:22:39Z</time>
   </trkpt>
   <trkpt lat="25.0174810" lon="121.4265480">
    <ele>13.6</ele>
    <time>2025-08-22T07:22:40Z</time>
   </trkpt>
   <trkpt lat="25.0174920" lon="121.4265450">
    <ele>13.6</ele>
    <time>2025-08-22T07:22:41Z</time>
   </trkpt>
   <trkpt lat="25.0175050" lon="121.4265510">
    <ele>13.6</ele>
    <time>2025-08-22T07:22:42Z</time>
   </trkpt>
   <trkpt lat="25.0175230" lon="121.4265490">
    <ele>13.6</ele>
    <time>2025-08-22T07:22:43Z</time>
   </trkpt>
   <trkpt lat="25.0175350" lon="121.4265520">
    <ele>13.6</ele>
    <time>2025-08-22T07:22:44Z</time>
   </trkpt>
   <trkpt lat="25.0175460" lon="121.4265550">
    <ele>13.7</ele>
    <time>2025-08-22T07:22:45Z</time>
   </trkpt>
   <trkpt lat="25.0175630" lon="121.4265580">
    <ele>13.7</ele>
    <time>2025-08-22T07:22:46Z</time>
   </trkpt>
   <trkpt lat="25.0175700" lon="121.4265700">
    <ele>13.7</ele>
    <time>2025-08-22T07:22:47Z</time>
   </trkpt>
   <trkpt lat="25.0175790" lon="121.4265870">
    <ele>13.7</ele>
    <time>2025-08-22T07:22:48Z</time>
   </trkpt>
   <trkpt lat="25.0175900" lon="121.4265960">
    <ele>13.7</ele>
    <time>2025-08-22T07:22:49Z</time>
   </trkpt>
   <trkpt lat="25.0176030" lon="121.4265970">
    <ele>13.7</ele>
    <time>2025-08-22T07:22:50Z</time>
   </trkpt>
   <trkpt lat="25.0176180" lon="121.4266010">
    <ele>13.7</ele>
    <time>2025-08-22T07:22:51Z</time>
   </trkpt>
   <trkpt lat="25.0176310" lon="121.4265980">
    <ele>13.7</ele>
    <time>2025-08-22T07:22:52Z</time>
   </trkpt>
   <trkpt lat="25.0176390" lon="121.4265970">
    <ele>13.7</ele>
    <time>2025-08-22T07:22:53Z</time>
   </trkpt>
   <trkpt lat="25.0176480" lon="121.4265960">
    <ele>13.7</ele>
    <time>2025-08-22T07:22:54Z</time>
   </trkpt>
   <trkpt lat="25.0176690" lon="121.4265930">
    <ele>13.7</ele>
    <time>2025-08-22T07:22:55Z</time>
   </trkpt>
   <trkpt lat="25.0176790" lon="121.4265920">
    <ele>13.7</ele>
    <time>2025-08-22T07:22:56Z</time>
   </trkpt>
   <trkpt lat="25.0176890" lon="121.4265920">
    <ele>13.7</ele>
    <time>2025-08-22T07:22:57Z</time>
   </trkpt>
   <trkpt lat="25.0177030" lon="121.4265870">
    <ele>13.7</ele>
    <time>2025-08-22T07:22:58Z</time>
   </trkpt>
   <trkpt lat="25.0177230" lon="121.4265820">
    <ele>13.8</ele>
    <time>2025-08-22T07:22:59Z</time>
   </trkpt>
   <trkpt lat="25.0177320" lon="121.4265840">
    <ele>13.8</ele>
    <time>2025-08-22T07:23:00Z</time>
   </trkpt>
   <trkpt lat="25.0177510" lon="121.4265880">
    <ele>13.8</ele>
    <time>2025-08-22T07:23:01Z</time>
   </trkpt>
   <trkpt lat="25.0177640" lon="121.4265870">
    <ele>13.8</ele>
    <time>2025-08-22T07:23:02Z</time>
   </trkpt>
   <trkpt lat="25.0177800" lon="121.4265930">
    <ele>13.8</ele>
    <time>2025-08-22T07:23:03Z</time>
   </trkpt>
   <trkpt lat="25.0178060" lon="121.4265850">
    <ele>13.9</ele>
    <time>2025-08-22T07:23:04Z</time>
   </trkpt>
   <trkpt lat="25.0178220" lon="121.4265940">
    <ele>13.9</ele>
    <time>2025-08-22T07:23:05Z</time>
   </trkpt>
   <trkpt lat="25.0178290" lon="121.4266010">
    <ele>13.9</ele>
    <time>2025-08-22T07:23:06Z</time>
   </trkpt>
   <trkpt lat="25.0178350" lon="121.4266080">
    <ele>13.9</ele>
    <time>2025-08-22T07:23:07Z</time>
   </trkpt>
   <trkpt lat="25.0178420" lon="121.4266150">
    <ele>13.9</ele>
    <time>2025-08-22T07:23:08Z</time>
   </trkpt>
   <trkpt lat="25.0178710" lon="121.4266330">
    <ele>13.9</ele>
    <time>2025-08-22T07:23:09Z</time>
   </trkpt>
   <trkpt lat="25.0178880" lon="121.4266390">
    <ele>13.9</ele>
    <time>2025-08-22T07:23:10Z</time>
   </trkpt>
   <trkpt lat="25.0178870" lon="121.4266490">
    <ele>13.9</ele>
    <time>2025-08-22T07:23:11Z</time>
   </trkpt>
   <trkpt lat="25.0178950" lon="121.4266590">
    <ele>13.9</ele>
    <time>2025-08-22T07:23:12Z</time>
   </trkpt>
   <trkpt lat="25.0179030" lon="121.4266650">
    <ele>13.9</ele>
    <time>2025-08-22T07:23:13Z</time>
   </trkpt>
   <trkpt lat="25.0179060" lon="121.4266690">
    <ele>13.9</ele>
    <time>2025-08-22T07:23:14Z</time>
   </trkpt>
   <trkpt lat="25.0179110" lon="121.4266710">
    <ele>13.9</ele>
    <time>2025-08-22T07:23:15Z</time>
   </trkpt>
   <trkpt lat="25.0179230" lon="121.4266750">
    <ele>13.9</ele>
    <time>2025-08-22T07:23:16Z</time>
   </trkpt>
   <trkpt lat="25.0179310" lon="121.4266710">
    <ele>13.8</ele>
    <time>2025-08-22T07:23:17Z</time>
   </trkpt>
   <trkpt lat="25.0179390" lon="121.4266720">
    <ele>13.8</ele>
    <time>2025-08-22T07:23:18Z</time>
   </trkpt>
   <trkpt lat="25.0179380" lon="121.4266710">
    <ele>13.8</ele>
    <time>2025-08-22T07:23:19Z</time>
   </trkpt>
   <trkpt lat="25.0179450" lon="121.4266690">
    <ele>13.8</ele>
    <time>2025-08-22T07:23:20Z</time>
   </trkpt>
   <trkpt lat="25.0179570" lon="121.4266550">
    <ele>13.8</ele>
    <time>2025-08-22T07:23:21Z</time>
   </trkpt>
   <trkpt lat="25.0179680" lon="121.4266510">
    <ele>13.8</ele>
    <time>2025-08-22T07:23:22Z</time>
   </trkpt>
   <trkpt lat="25.0179790" lon="121.4266430">
    <ele>13.8</ele>
    <time>2025-08-22T07:23:23Z</time>
   </trkpt>
   <trkpt lat="25.0179800" lon="121.4266250">
    <ele>13.8</ele>
    <time>2025-08-22T07:23:24Z</time>
   </trkpt>
   <trkpt lat="25.0179850" lon="121.4266140">
    <ele>13.8</ele>
    <time>2025-08-22T07:23:25Z</time>
   </trkpt>
   <trkpt lat="25.0179900" lon="121.4266130">
    <ele>13.8</ele>
    <time>2025-08-22T07:23:26Z</time>
   </trkpt>
   <trkpt lat="25.0179900" lon="121.4266120">
    <ele>13.8</ele>
    <time>2025-08-22T07:23:27Z</time>
   </trkpt>
   <trkpt lat="25.0179970" lon="121.4266060">
    <ele>13.8</ele>
    <time>2025-08-22T07:23:28Z</time>
   </trkpt>
   <trkpt lat="25.0179990" lon="121.4266050">
    <ele>13.8</ele>
    <time>2025-08-22T07:23:29Z</time>
   </trkpt>
   <trkpt lat="25.0180070" lon="121.4265990">
    <ele>13.8</ele>
    <time>2025-08-22T07:23:30Z</time>
   </trkpt>
   <trkpt lat="25.0180100" lon="121.4266070">
    <ele>13.8</ele>
    <time>2025-08-22T07:23:31Z</time>
   </trkpt>
   <trkpt lat="25.0180140" lon="121.4266100">
    <ele>13.8</ele>
    <time>2025-08-22T07:23:32Z</time>
   </trkpt>
   <trkpt lat="25.0180230" lon="121.4266010">
    <ele>13.8</ele>
    <time>2025-08-22T07:23:33Z</time>
   </trkpt>
   <trkpt lat="25.0180280" lon="121.4266070">
    <ele>13.8</ele>
    <time>2025-08-22T07:23:34Z</time>
   </trkpt>
   <trkpt lat="25.0180340" lon="121.4266160">
    <ele>13.8</ele>
    <time>2025-08-22T07:23:35Z</time>
   </trkpt>
   <trkpt lat="25.0180440" lon="121.4266190">
    <ele>13.8</ele>
    <time>2025-08-22T07:23:36Z</time>
   </trkpt>
   <trkpt lat="25.0180630" lon="121.4266240">
    <ele>13.7</ele>
    <time>2025-08-22T07:23:37Z</time>
   </trkpt>
   <trkpt lat="25.0180710" lon="121.4266330">
    <ele>13.7</ele>
    <time>2025-08-22T07:23:38Z</time>
   </trkpt>
   <trkpt lat="25.0180770" lon="121.4266380">
    <ele>13.7</ele>
    <time>2025-08-22T07:23:39Z</time>
   </trkpt>
   <trkpt lat="25.0180820" lon="121.4266460">
    <ele>13.7</ele>
    <time>2025-08-22T07:23:40Z</time>
   </trkpt>
   <trkpt lat="25.0180840" lon="121.4266600">
    <ele>13.7</ele>
    <time>2025-08-22T07:23:41Z</time>
   </trkpt>
   <trkpt lat="25.0180990" lon="121.4266770">
    <ele>13.7</ele>
    <time>2025-08-22T07:23:42Z</time>
   </trkpt>
   <trkpt lat="25.0181180" lon="121.4266890">
    <ele>13.7</ele>
    <time>2025-08-22T07:23:43Z</time>
   </trkpt>
   <trkpt lat="25.0181250" lon="121.4266940">
    <ele>13.7</ele>
    <time>2025-08-22T07:23:44Z</time>
   </trkpt>
   <trkpt lat="25.0181320" lon="121.4267000">
    <ele>13.7</ele>
    <time>2025-08-22T07:23:45Z</time>
   </trkpt>
   <trkpt lat="25.0181400" lon="121.4267110">
    <ele>13.7</ele>
    <time>2025-08-22T07:23:46Z</time>
   </trkpt>
   <trkpt lat="25.0181480" lon="121.4267170">
    <ele>13.6</ele>
    <time>2025-08-22T07:23:47Z</time>
   </trkpt>
   <trkpt lat="25.0181580" lon="121.4267160">
    <ele>13.6</ele>
    <time>2025-08-22T07:23:48Z</time>
   </trkpt>
   <trkpt lat="25.0181650" lon="121.4267200">
    <ele>13.6</ele>
    <time>2025-08-22T07:23:49Z</time>
   </trkpt>
   <trkpt lat="25.0181730" lon="121.4267230">
    <ele>13.6</ele>
    <time>2025-08-22T07:23:50Z</time>
   </trkpt>
   <trkpt lat="25.0181840" lon="121.4267210">
    <ele>13.6</ele>
    <time>2025-08-22T07:23:51Z</time>
   </trkpt>
   <trkpt lat="25.0181890" lon="121.4267210">
    <ele>13.6</ele>
    <time>2025-08-22T07:23:52Z</time>
   </trkpt>
   <trkpt lat="25.0182010" lon="121.4267250">
    <ele>13.6</ele>
    <time>2025-08-22T07:23:53Z</time>
   </trkpt>
   <trkpt lat="25.0182050" lon="121.4267270">
    <ele>13.6</ele>
    <time>2025-08-22T07:23:54Z</time>
   </trkpt>
   <trkpt lat="25.0182100" lon="121.4267290">
    <ele>13.6</ele>
    <time>2025-08-22T07:23:55Z</time>
   </trkpt>
   <trkpt lat="25.0182150" lon="121.4267310">
    <ele>13.6</ele>
    <time>2025-08-22T07:23:56Z</time>
   </trkpt>
   <trkpt lat="25.0182190" lon="121.4267330">
    <ele>13.6</ele>
    <time>2025-08-22T07:23:57Z</time>
   </trkpt>
   <trkpt lat="25.0182240" lon="121.4267350">
    <ele>13.6</ele>
    <time>2025-08-22T07:23:58Z</time>
   </trkpt>
   <trkpt lat="25.0182720" lon="121.4267170">
    <ele>13.6</ele>
    <time>2025-08-22T07:23:59Z</time>
   </trkpt>
   <trkpt lat="25.0182880" lon="121.4267250">
    <ele>13.5</ele>
    <time>2025-08-22T07:24:00Z</time>
   </trkpt>
   <trkpt lat="25.0183010" lon="121.4267360">
    <ele>13.5</ele>
    <time>2025-08-22T07:24:01Z</time>
   </trkpt>
   <trkpt lat="25.0183110" lon="121.4267460">
    <ele>13.5</ele>
    <time>2025-08-22T07:24:02Z</time>
   </trkpt>
   <trkpt lat="25.0183250" lon="121.4267510">
    <ele>13.5</ele>
    <time>2025-08-22T07:24:03Z</time>
   </trkpt>
   <trkpt lat="25.0183370" lon="121.4267520">
    <ele>13.5</ele>
    <time>2025-08-22T07:24:04Z</time>
   </trkpt>
   <trkpt lat="25.0183470" lon="121.4267560">
    <ele>13.5</ele>
    <time>2025-08-22T07:24:05Z</time>
   </trkpt>
   <trkpt lat="25.0183570" lon="121.4267640">
    <ele>13.5</ele>
    <time>2025-08-22T07:24:06Z</time>
   </trkpt>
   <trkpt lat="25.0183650" lon="121.4267710">
    <ele>13.5</ele>
    <time>2025-08-22T07:24:07Z</time>
   </trkpt>
   <trkpt lat="25.0183710" lon="121.4267780">
    <ele>13.5</ele>
    <time>2025-08-22T07:24:08Z</time>
   </trkpt>
   <trkpt lat="25.0183850" lon="121.4267740">
    <ele>13.5</ele>
    <time>2025-08-22T07:24:09Z</time>
   </trkpt>
   <trkpt lat="25.0183970" lon="121.4267780">
    <ele>13.5</ele>
    <time>2025-08-22T07:24:10Z</time>
   </trkpt>
   <trkpt lat="25.0184030" lon="121.4267810">
    <ele>13.5</ele>
    <time>2025-08-22T07:24:11Z</time>
   </trkpt>
   <trkpt lat="25.0184070" lon="121.4267890">
    <ele>13.5</ele>
    <time>2025-08-22T07:24:12Z</time>
   </trkpt>
   <trkpt lat="25.0184120" lon="121.4267970">
    <ele>13.5</ele>
    <time>2025-08-22T07:24:13Z</time>
   </trkpt>
   <trkpt lat="25.0184250" lon="121.4268140">
    <ele>13.5</ele>
    <time>2025-08-22T07:24:14Z</time>
   </trkpt>
   <trkpt lat="25.0184290" lon="121.4268240">
    <ele>13.5</ele>
    <time>2025-08-22T07:24:15Z</time>
   </trkpt>
   <trkpt lat="25.0184340" lon="121.4268350">
    <ele>13.5</ele>
    <time>2025-08-22T07:24:16Z</time>
   </trkpt>
   <trkpt lat="25.0184450" lon="121.4268430">
    <ele>13.5</ele>
    <time>2025-08-22T07:24:17Z</time>
   </trkpt>
   <trkpt lat="25.0184610" lon="121.4268540">
    <ele>13.5</ele>
    <time>2025-08-22T07:24:18Z</time>
   </trkpt>
   <trkpt lat="25.0184950" lon="121.4268480">
    <ele>13.5</ele>
    <time>2025-08-22T07:24:19Z</time>
   </trkpt>
   <trkpt lat="25.0185130" lon="121.4268420">
    <ele>13.5</ele>
    <time>2025-08-22T07:24:20Z</time>
   </trkpt>
   <trkpt lat="25.0185270" lon="121.4268420">
    <ele>13.5</ele>
    <time>2025-08-22T07:24:21Z</time>
   </trkpt>
   <trkpt lat="25.0185370" lon="121.4268480">
    <ele>13.5</ele>
    <time>2025-08-22T07:24:22Z</time>
   </trkpt>
   <trkpt lat="25.0185420" lon="121.4268480">
    <ele>13.5</ele>
    <time>2025-08-22T07:24:23Z</time>
   </trkpt>
   <trkpt lat="25.0185470" lon="121.4268490">
    <ele>13.5</ele>
    <time>2025-08-22T07:24:24Z</time>
   </trkpt>
   <trkpt lat="25.0185520" lon="121.4268500">
    <ele>13.5</ele>
    <time>2025-08-22T07:24:25Z</time>
   </trkpt>
   <trkpt lat="25.0185560" lon="121.4268500">
    <ele>13.5</ele>
    <time>2025-08-22T07:24:26Z</time>
   </trkpt>
   <trkpt lat="25.0185610" lon="121.4268510">
    <ele>13.5</ele>
    <time>2025-08-22T07:24:27Z</time>
   </trkpt>
   <trkpt lat="25.0185660" lon="121.4268520">
    <ele>13.5</ele>
    <time>2025-08-22T07:24:28Z</time>
   </trkpt>
   <trkpt lat="25.0185710" lon="121.4268520">
    <ele>13.5</ele>
    <time>2025-08-22T07:24:29Z</time>
   </trkpt>
   <trkpt lat="25.0185760" lon="121.4268530">
    <ele>13.5</ele>
    <time>2025-08-22T07:24:30Z</time>
   </trkpt>
   <trkpt lat="25.0185910" lon="121.4268510">
    <ele>13.5</ele>
    <time>2025-08-22T07:24:31Z</time>
   </trkpt>
   <trkpt lat="25.0185980" lon="121.4268490">
    <ele>13.5</ele>
    <time>2025-08-22T07:24:32Z</time>
   </trkpt>
   <trkpt lat="25.0186010" lon="121.4268440">
    <ele>13.5</ele>
    <time>2025-08-22T07:24:33Z</time>
   </trkpt>
   <trkpt lat="25.0186060" lon="121.4268390">
    <ele>13.5</ele>
    <time>2025-08-22T07:24:34Z</time>
   </trkpt>
   <trkpt lat="25.0186150" lon="121.4268280">
    <ele>13.5</ele>
    <time>2025-08-22T07:24:35Z</time>
   </trkpt>
   <trkpt lat="25.0186250" lon="121.4268280">
    <ele>13.5</ele>
    <time>2025-08-22T07:24:36Z</time>
   </trkpt>
   <trkpt lat="25.0186380" lon="121.4268320">
    <ele>13.5</ele>
    <time>2025-08-22T07:24:37Z</time>
   </trkpt>
   <trkpt lat="25.0186500" lon="121.4268350">
    <ele>13.5</ele>
    <time>2025-08-22T07:24:38Z</time>
   </trkpt>
   <trkpt lat="25.0186580" lon="121.4268390">
    <ele>13.5</ele>
    <time>2025-08-22T07:24:39Z</time>
   </trkpt>
   <trkpt lat="25.0186730" lon="121.4268370">
    <ele>13.5</ele>
    <time>2025-08-22T07:24:40Z</time>
   </trkpt>
   <trkpt lat="25.0186810" lon="121.4268370">
    <ele>13.5</ele>
    <time>2025-08-22T07:24:41Z</time>
   </trkpt>
   <trkpt lat="25.0186880" lon="121.4268380">
    <ele>13.5</ele>
    <time>2025-08-22T07:24:42Z</time>
   </trkpt>
   <trkpt lat="25.0186960" lon="121.4268390">
    <ele>13.5</ele>
    <time>2025-08-22T07:24:43Z</time>
   </trkpt>
   <trkpt lat="25.0187170" lon="121.4268440">
    <ele>13.5</ele>
    <time>2025-08-22T07:24:44Z</time>
   </trkpt>
   <trkpt lat="25.0187250" lon="121.4268500">
    <ele>13.5</ele>
    <time>2025-08-22T07:24:45Z</time>
   </trkpt>
   <trkpt lat="25.0187330" lon="121.4268550">
    <ele>13.5</ele>
    <time>2025-08-22T07:24:46Z</time>
   </trkpt>
   <trkpt lat="25.0187450" lon="121.4268570">
    <ele>13.5</ele>
    <time>2025-08-22T07:24:47Z</time>
   </trkpt>
   <trkpt lat="25.0187650" lon="121.4268630">
    <ele>13.5</ele>
    <time>2025-08-22T07:24:48Z</time>
   </trkpt>
   <trkpt lat="25.0187900" lon="121.4268900">
    <ele>13.4</ele>
    <time>2025-08-22T07:24:49Z</time>
   </trkpt>
   <trkpt lat="25.0188000" lon="121.4268980">
    <ele>13.4</ele>
    <time>2025-08-22T07:24:50Z</time>
   </trkpt>
   <trkpt lat="25.0188250" lon="121.4269250">
    <ele>13.4</ele>
    <time>2025-08-22T07:24:51Z</time>
   </trkpt>
   <trkpt lat="25.0188310" lon="121.4269370">
    <ele>13.4</ele>
    <time>2025-08-22T07:24:52Z</time>
   </trkpt>
   <trkpt lat="25.0188450" lon="121.4269480">
    <ele>13.4</ele>
    <time>2025-08-22T07:24:53Z</time>
   </trkpt>
   <trkpt lat="25.0188650" lon="121.4269300">
    <ele>13.4</ele>
    <time>2025-08-22T07:24:54Z</time>
   </trkpt>
   <trkpt lat="25.0188980" lon="121.4269140">
    <ele>13.4</ele>
    <time>2025-08-22T07:24:55Z</time>
   </trkpt>
   <trkpt lat="25.0189080" lon="121.4269050">
    <ele>13.4</ele>
    <time>2025-08-22T07:24:56Z</time>
   </trkpt>
   <trkpt lat="25.0189260" lon="121.4268950">
    <ele>13.4</ele>
    <time>2025-08-22T07:24:57Z</time>
   </trkpt>
   <trkpt lat="25.0189320" lon="121.4268800">
    <ele>13.4</ele>
    <time>2025-08-22T07:24:58Z</time>
   </trkpt>
   <trkpt lat="25.0189520" lon="121.4268580">
    <ele>13.4</ele>
    <time>2025-08-22T07:24:59Z</time>
   </trkpt>
   <trkpt lat="25.0189580" lon="121.4268480">
    <ele>13.4</ele>
    <time>2025-08-22T07:25:00Z</time>
   </trkpt>
   <trkpt lat="25.0189760" lon="121.4268310">
    <ele>13.4</ele>
    <time>2025-08-22T07:25:01Z</time>
   </trkpt>
   <trkpt lat="25.0189880" lon="121.4268300">
    <ele>13.4</ele>
    <time>2025-08-22T07:25:02Z</time>
   </trkpt>
   <trkpt lat="25.0190080" lon="121.4268190">
    <ele>13.4</ele>
    <time>2025-08-22T07:25:03Z</time>
   </trkpt>
   <trkpt lat="25.0190160" lon="121.4268120">
    <ele>13.4</ele>
    <time>2025-08-22T07:25:04Z</time>
   </trkpt>
   <trkpt lat="25.0190230" lon="121.4268060">
    <ele>13.4</ele>
    <time>2025-08-22T07:25:05Z</time>
   </trkpt>
   <trkpt lat="25.0190400" lon="121.4268100">
    <ele>13.4</ele>
    <time>2025-08-22T07:25:06Z</time>
   </trkpt>
   <trkpt lat="25.0190530" lon="121.4268130">
    <ele>13.4</ele>
    <time>2025-08-22T07:25:07Z</time>
   </trkpt>
   <trkpt lat="25.0190780" lon="121.4268320">
    <ele>13.4</ele>
    <time>2025-08-22T07:25:08Z</time>
   </trkpt>
   <trkpt lat="25.0190850" lon="121.4268390">
    <ele>13.4</ele>
    <time>2025-08-22T07:25:09Z</time>
   </trkpt>
   <trkpt lat="25.0191010" lon="121.4268480">
    <ele>13.4</ele>
    <time>2025-08-22T07:25:10Z</time>
   </trkpt>
   <trkpt lat="25.0191050" lon="121.4268590">
    <ele>13.4</ele>
    <time>2025-08-22T07:25:11Z</time>
   </trkpt>
   <trkpt lat="25.0191100" lon="121.4268750">
    <ele>13.4</ele>
    <time>2025-08-22T07:25:12Z</time>
   </trkpt>
   <trkpt lat="25.0191200" lon="121.4268900">
    <ele>13.3</ele>
    <time>2025-08-22T07:25:13Z</time>
   </trkpt>
   <trkpt lat="25.0191320" lon="121.4269020">
    <ele>13.3</ele>
    <time>2025-08-22T07:25:14Z</time>
   </trkpt>
   <trkpt lat="25.0191430" lon="121.4269130">
    <ele>13.3</ele>
    <time>2025-08-22T07:25:15Z</time>
   </trkpt>
   <trkpt lat="25.0191540" lon="121.4269250">
    <ele>13.3</ele>
    <time>2025-08-22T07:25:16Z</time>
   </trkpt>
   <trkpt lat="25.0191640" lon="121.4269390">
    <ele>13.3</ele>
    <time>2025-08-22T07:25:17Z</time>
   </trkpt>
   <trkpt lat="25.0191780" lon="121.4269550">
    <ele>13.3</ele>
    <time>2025-08-22T07:25:18Z</time>
   </trkpt>
   <trkpt lat="25.0191850" lon="121.4269620">
    <ele>13.3</ele>
    <time>2025-08-22T07:25:19Z</time>
   </trkpt>
   <trkpt lat="25.0191910" lon="121.4269680">
    <ele>13.3</ele>
    <time>2025-08-22T07:25:20Z</time>
   </trkpt>
   <trkpt lat="25.0192020" lon="121.4269810">
    <ele>13.3</ele>
    <time>2025-08-22T07:25:21Z</time>
   </trkpt>
   <trkpt lat="25.0192110" lon="121.4269980">
    <ele>13.3</ele>
    <time>2025-08-22T07:25:22Z</time>
   </trkpt>
   <trkpt lat="25.0192180" lon="121.4270070">
    <ele>13.3</ele>
    <time>2025-08-22T07:25:23Z</time>
   </trkpt>
   <trkpt lat="25.0192280" lon="121.4270170">
    <ele>13.3</ele>
    <time>2025-08-22T07:25:24Z</time>
   </trkpt>
   <trkpt lat="25.0192400" lon="121.4270220">
    <ele>13.3</ele>
    <time>2025-08-22T07:25:25Z</time>
   </trkpt>
   <trkpt lat="25.0192520" lon="121.4270310">
    <ele>13.3</ele>
    <time>2025-08-22T07:25:26Z</time>
   </trkpt>
   <trkpt lat="25.0192630" lon="121.4270390">
    <ele>13.3</ele>
    <time>2025-08-22T07:25:27Z</time>
   </trkpt>
   <trkpt lat="25.0192750" lon="121.4270460">
    <ele>13.3</ele>
    <time>2025-08-22T07:25:28Z</time>
   </trkpt>
   <trkpt lat="25.0192830" lon="121.4270520">
    <ele>13.3</ele>
    <time>2025-08-22T07:25:29Z</time>
   </trkpt>
   <trkpt lat="25.0192950" lon="121.4270570">
    <ele>13.3</ele>
    <time>2025-08-22T07:25:30Z</time>
   </trkpt>
   <trkpt lat="25.0193090" lon="121.4270670">
    <ele>13.3</ele>
    <time>2025-08-22T07:25:31Z</time>
   </trkpt>
   <trkpt lat="25.0193210" lon="121.4270710">
    <ele>13.3</ele>
    <time>2025-08-22T07:25:32Z</time>
   </trkpt>
   <trkpt lat="25.0193340" lon="121.4270650">
    <ele>13.3</ele>
    <time>2025-08-22T07:25:33Z</time>
   </trkpt>
   <trkpt lat="25.0193460" lon="121.4270560">
    <ele>13.3</ele>
    <time>2025-08-22T07:25:34Z</time>
   </trkpt>
   <trkpt lat="25.0193540" lon="121.4270470">
    <ele>13.3</ele>
    <time>2025-08-22T07:25:35Z</time>
   </trkpt>
   <trkpt lat="25.0193680" lon="121.4270380">
    <ele>13.4</ele>
    <time>2025-08-22T07:25:36Z</time>
   </trkpt>
   <trkpt lat="25.0193950" lon="121.4270240">
    <ele>13.4</ele>
    <time>2025-08-22T07:25:37Z</time>
   </trkpt>
   <trkpt lat="25.0194040" lon="121.4270190">
    <ele>13.5</ele>
    <time>2025-08-22T07:25:38Z</time>
   </trkpt>
   <trkpt lat="25.0194210" lon="121.4270080">
    <ele>13.5</ele>
    <time>2025-08-22T07:25:39Z</time>
   </trkpt>
   <trkpt lat="25.0194320" lon="121.4270000">
    <ele>13.5</ele>
    <time>2025-08-22T07:25:40Z</time>
   </trkpt>
   <trkpt lat="25.0194560" lon="121.4269820">
    <ele>13.6</ele>
    <time>2025-08-22T07:25:41Z</time>
   </trkpt>
   <trkpt lat="25.0194640" lon="121.4269760">
    <ele>13.6</ele>
    <time>2025-08-22T07:25:42Z</time>
   </trkpt>
   <trkpt lat="25.0194790" lon="121.4269680">
    <ele>13.6</ele>
    <time>2025-08-22T07:25:43Z</time>
   </trkpt>
   <trkpt lat="25.0194920" lon="121.4269520">
    <ele>13.7</ele>
    <time>2025-08-22T07:25:44Z</time>
   </trkpt>
   <trkpt lat="25.0195080" lon="121.4269300">
    <ele>13.8</ele>
    <time>2025-08-22T07:25:45Z</time>
   </trkpt>
   <trkpt lat="25.0195150" lon="121.4269180">
    <ele>13.8</ele>
    <time>2025-08-22T07:25:46Z</time>
   </trkpt>
   <trkpt lat="25.0195280" lon="121.4269030">
    <ele>13.8</ele>
    <time>2025-08-22T07:25:47Z</time>
   </trkpt>
   <trkpt lat="25.0195320" lon="121.4268910">
    <ele>13.9</ele>
    <time>2025-08-22T07:25:48Z</time>
   </trkpt>
   <trkpt lat="25.0195360" lon="121.4268800">
    <ele>13.9</ele>
    <time>2025-08-22T07:25:49Z</time>
   </trkpt>
   <trkpt lat="25.0195420" lon="121.4268720">
    <ele>13.9</ele>
    <time>2025-08-22T07:25:50Z</time>
   </trkpt>
   <trkpt lat="25.0195490" lon="121.4268670">
    <ele>14.0</ele>
    <time>2025-08-22T07:25:51Z</time>
   </trkpt>
   <trkpt lat="25.0195630" lon="121.4268540">
    <ele>14.0</ele>
    <time>2025-08-22T07:25:52Z</time>
   </trkpt>
   <trkpt lat="25.0195730" lon="121.4268470">
    <ele>14.0</ele>
    <time>2025-08-22T07:25:53Z</time>
   </trkpt>
   <trkpt lat="25.0195910" lon="121.4268550">
    <ele>14.0</ele>
    <time>2025-08-22T07:25:54Z</time>
   </trkpt>
   <trkpt lat="25.0196070" lon="121.4268580">
    <ele>14.0</ele>
    <time>2025-08-22T07:25:55Z</time>
   </trkpt>
   <trkpt lat="25.0196210" lon="121.4268580">
    <ele>14.0</ele>
    <time>2025-08-22T07:25:56Z</time>
   </trkpt>
   <trkpt lat="25.0196390" lon="121.4268560">
    <ele>14.0</ele>
    <time>2025-08-22T07:25:57Z</time>
   </trkpt>
   <trkpt lat="25.0196500" lon="121.4268540">
    <ele>14.0</ele>
    <time>2025-08-22T07:25:58Z</time>
   </trkpt>
   <trkpt lat="25.0196610" lon="121.4268520">
    <ele>14.0</ele>
    <time>2025-08-22T07:25:59Z</time>
   </trkpt>
   <trkpt lat="25.0196710" lon="121.4268470">
    <ele>14.0</ele>
    <time>2025-08-22T07:26:00Z</time>
   </trkpt>
   <trkpt lat="25.0196820" lon="121.4268440">
    <ele>14.0</ele>
    <time>2025-08-22T07:26:01Z</time>
   </trkpt>
   <trkpt lat="25.0196920" lon="121.4268430">
    <ele>14.0</ele>
    <time>2025-08-22T07:26:02Z</time>
   </trkpt>
   <trkpt lat="25.0197090" lon="121.4268360">
    <ele>14.0</ele>
    <time>2025-08-22T07:26:03Z</time>
   </trkpt>
   <trkpt lat="25.0197170" lon="121.4268300">
    <ele>14.0</ele>
    <time>2025-08-22T07:26:04Z</time>
   </trkpt>
   <trkpt lat="25.0197240" lon="121.4268230">
    <ele>14.0</ele>
    <time>2025-08-22T07:26:05Z</time>
   </trkpt>
   <trkpt lat="25.0197430" lon="121.4268080">
    <ele>14.1</ele>
    <time>2025-08-22T07:26:06Z</time>
   </trkpt>
   <trkpt lat="25.0197490" lon="121.4268050">
    <ele>14.1</ele>
    <time>2025-08-22T07:26:07Z</time>
   </trkpt>
   <trkpt lat="25.0197550" lon="121.4268010">
    <ele>14.1</ele>
    <time>2025-08-22T07:26:08Z</time>
   </trkpt>
   <trkpt lat="25.0197650" lon="121.4267910">
    <ele>14.1</ele>
    <time>2025-08-22T07:26:09Z</time>
   </trkpt>
   <trkpt lat="25.0197740" lon="121.4267770">
    <ele>14.1</ele>
    <time>2025-08-22T07:26:10Z</time>
   </trkpt>
   <trkpt lat="25.0197900" lon="121.4267610">
    <ele>14.1</ele>
    <time>2025-08-22T07:26:11Z</time>
   </trkpt>
   <trkpt lat="25.0197970" lon="121.4267520">
    <ele>14.2</ele>
    <time>2025-08-22T07:26:12Z</time>
   </trkpt>
   <trkpt lat="25.0198030" lon="121.4267420">
    <ele>14.2</ele>
    <time>2025-08-22T07:26:13Z</time>
   </trkpt>
   <trkpt lat="25.0198090" lon="121.4267290">
    <ele>14.2</ele>
    <time>2025-08-22T07:26:14Z</time>
   </trkpt>
   <trkpt lat="25.0198160" lon="121.4267100">
    <ele>14.2</ele>
    <time>2025-08-22T07:26:15Z</time>
   </trkpt>
   <trkpt lat="25.0198250" lon="121.4266920">
    <ele>14.3</ele>
    <time>2025-08-22T07:26:16Z</time>
   </trkpt>
   <trkpt lat="25.0198290" lon="121.4266820">
    <ele>14.3</ele>
    <time>2025-08-22T07:26:17Z</time>
   </trkpt>
   <trkpt lat="25.0198340" lon="121.4266720">
    <ele>14.3</ele>
    <time>2025-08-22T07:26:18Z</time>
   </trkpt>
   <trkpt lat="25.0198410" lon="121.4266610">
    <ele>14.3</ele>
    <time>2025-08-22T07:26:19Z</time>
   </trkpt>
   <trkpt lat="25.0198510" lon="121.4266460">
    <ele>14.3</ele>
    <time>2025-08-22T07:26:20Z</time>
   </trkpt>
   <trkpt lat="25.0198600" lon="121.4266310">
    <ele>14.3</ele>
    <time>2025-08-22T07:26:21Z</time>
   </trkpt>
   <trkpt lat="25.0198730" lon="121.4266160">
    <ele>14.3</ele>
    <time>2025-08-22T07:26:22Z</time>
   </trkpt>
   <trkpt lat="25.0198820" lon="121.4266050">
    <ele>14.3</ele>
    <time>2025-08-22T07:26:23Z</time>
   </trkpt>
   <trkpt lat="25.0198900" lon="121.4265970">
    <ele>14.3</ele>
    <time>2025-08-22T07:26:24Z</time>
   </trkpt>
   <trkpt lat="25.0198950" lon="121.4265950">
    <ele>14.3</ele>
    <time>2025-08-22T07:26:25Z</time>
   </trkpt>
   <trkpt lat="25.0199020" lon="121.4265940">
    <ele>14.3</ele>
    <time>2025-08-22T07:26:26Z</time>
   </trkpt>
   <trkpt lat="25.0199090" lon="121.4265880">
    <ele>14.3</ele>
    <time>2025-08-22T07:26:27Z</time>
   </trkpt>
   <trkpt lat="25.0199200" lon="121.4265770">
    <ele>14.3</ele>
    <time>2025-08-22T07:26:28Z</time>
   </trkpt>
   <trkpt lat="25.0199270" lon="121.4265680">
    <ele>14.3</ele>
    <time>2025-08-22T07:26:29Z</time>
   </trkpt>
   <trkpt lat="25.0199370" lon="121.4265590">
    <ele>14.3</ele>
    <time>2025-08-22T07:26:30Z</time>
   </trkpt>
   <trkpt lat="25.0199460" lon="121.4265550">
    <ele>14.3</ele>
    <time>2025-08-22T07:26:31Z</time>
   </trkpt>
   <trkpt lat="25.0199620" lon="121.4265410">
    <ele>14.3</ele>
    <time>2025-08-22T07:26:32Z</time>
   </trkpt>
   <trkpt lat="25.0199670" lon="121.4265340">
    <ele>14.3</ele>
    <time>2025-08-22T07:26:33Z</time>
   </trkpt>
   <trkpt lat="25.0199730" lon="121.4265260">
    <ele>14.3</ele>
    <time>2025-08-22T07:26:34Z</time>
   </trkpt>
   <trkpt lat="25.0199820" lon="121.4265200">
    <ele>14.3</ele>
    <time>2025-08-22T07:26:35Z</time>
   </trkpt>
   <trkpt lat="25.0199900" lon="121.4265210">
    <ele>14.3</ele>
    <time>2025-08-22T07:26:36Z</time>
   </trkpt>
   <trkpt lat="25.0199990" lon="121.4265140">
    <ele>14.3</ele>
    <time>2025-08-22T07:26:37Z</time>
   </trkpt>
   <trkpt lat="25.0200060" lon="121.4265100">
    <ele>14.2</ele>
    <time>2025-08-22T07:26:38Z</time>
   </trkpt>
   <trkpt lat="25.0200120" lon="121.4264950">
    <ele>14.2</ele>
    <time>2025-08-22T07:26:39Z</time>
   </trkpt>
   <trkpt lat="25.0200140" lon="121.4264850">
    <ele>14.2</ele>
    <time>2025-08-22T07:26:40Z</time>
   </trkpt>
   <trkpt lat="25.0200200" lon="121.4264800">
    <ele>14.2</ele>
    <time>2025-08-22T07:26:41Z</time>
   </trkpt>
   <trkpt lat="25.0200290" lon="121.4264730">
    <ele>14.2</ele>
    <time>2025-08-22T07:26:42Z</time>
   </trkpt>
   <trkpt lat="25.0200420" lon="121.4264700">
    <ele>14.2</ele>
    <time>2025-08-22T07:26:43Z</time>
   </trkpt>
   <trkpt lat="25.0200520" lon="121.4264660">
    <ele>14.2</ele>
    <time>2025-08-22T07:26:44Z</time>
   </trkpt>
   <trkpt lat="25.0200610" lon="121.4264650">
    <ele>14.2</ele>
    <time>2025-08-22T07:26:45Z</time>
   </trkpt>
   <trkpt lat="25.0200720" lon="121.4264630">
    <ele>14.2</ele>
    <time>2025-08-22T07:26:46Z</time>
   </trkpt>
   <trkpt lat="25.0200880" lon="121.4264610">
    <ele>14.2</ele>
    <time>2025-08-22T07:26:47Z</time>
   </trkpt>
   <trkpt lat="25.0201020" lon="121.4264580">
    <ele>14.2</ele>
    <time>2025-08-22T07:26:48Z</time>
   </trkpt>
   <trkpt lat="25.0201210" lon="121.4264490">
    <ele>14.2</ele>
    <time>2025-08-22T07:26:49Z</time>
   </trkpt>
   <trkpt lat="25.0201300" lon="121.4264460">
    <ele>14.1</ele>
    <time>2025-08-22T07:26:50Z</time>
   </trkpt>
   <trkpt lat="25.0201390" lon="121.4264420">
    <ele>14.1</ele>
    <time>2025-08-22T07:26:51Z</time>
   </trkpt>
   <trkpt lat="25.0201620" lon="121.4264350">
    <ele>14.1</ele>
    <time>2025-08-22T07:26:52Z</time>
   </trkpt>
   <trkpt lat="25.0201700" lon="121.4264320">
    <ele>14.1</ele>
    <time>2025-08-22T07:26:53Z</time>
   </trkpt>
   <trkpt lat="25.0201780" lon="121.4264280">
    <ele>14.1</ele>
    <time>2025-08-22T07:26:54Z</time>
   </trkpt>
   <trkpt lat="25.0201910" lon="121.4264190">
    <ele>14.1</ele>
    <time>2025-08-22T07:26:55Z</time>
   </trkpt>
   <trkpt lat="25.0202030" lon="121.4264120">
    <ele>14.1</ele>
    <time>2025-08-22T07:26:56Z</time>
   </trkpt>
   <trkpt lat="25.0202090" lon="121.4264060">
    <ele>14.1</ele>
    <time>2025-08-22T07:26:57Z</time>
   </trkpt>
   <trkpt lat="25.0202180" lon="121.4264010">
    <ele>14.1</ele>
    <time>2025-08-22T07:26:58Z</time>
   </trkpt>
   <trkpt lat="25.0202310" lon="121.4264050">
    <ele>14.1</ele>
    <time>2025-08-22T07:26:59Z</time>
   </trkpt>
   <trkpt lat="25.0202420" lon="121.4264030">
    <ele>14.0</ele>
    <time>2025-08-22T07:27:00Z</time>
   </trkpt>
   <trkpt lat="25.0202490" lon="121.4263910">
    <ele>14.0</ele>
    <time>2025-08-22T07:27:01Z</time>
   </trkpt>
   <trkpt lat="25.0202560" lon="121.4263760">
    <ele>14.0</ele>
    <time>2025-08-22T07:27:02Z</time>
   </trkpt>
   <trkpt lat="25.0202680" lon="121.4263660">
    <ele>14.0</ele>
    <time>2025-08-22T07:27:03Z</time>
   </trkpt>
   <trkpt lat="25.0202760" lon="121.4263590">
    <ele>14.0</ele>
    <time>2025-08-22T07:27:04Z</time>
   </trkpt>
   <trkpt lat="25.0202820" lon="121.4263520">
    <ele>14.0</ele>
    <time>2025-08-22T07:27:05Z</time>
   </trkpt>
   <trkpt lat="25.0202930" lon="121.4263330">
    <ele>14.0</ele>
    <time>2025-08-22T07:27:06Z</time>
   </trkpt>
   <trkpt lat="25.0202960" lon="121.4263240">
    <ele>14.0</ele>
    <time>2025-08-22T07:27:07Z</time>
   </trkpt>
   <trkpt lat="25.0203000" lon="121.4263160">
    <ele>14.0</ele>
    <time>2025-08-22T07:27:08Z</time>
   </trkpt>
   <trkpt lat="25.0203080" lon="121.4263040">
    <ele>14.0</ele>
    <time>2025-08-22T07:27:09Z</time>
   </trkpt>
   <trkpt lat="25.0203140" lon="121.4262970">
    <ele>14.0</ele>
    <time>2025-08-22T07:27:10Z</time>
   </trkpt>
   <trkpt lat="25.0203210" lon="121.4262900">
    <ele>14.0</ele>
    <time>2025-08-22T07:27:11Z</time>
   </trkpt>
   <trkpt lat="25.0203270" lon="121.4262830">
    <ele>14.0</ele>
    <time>2025-08-22T07:27:12Z</time>
   </trkpt>
   <trkpt lat="25.0203380" lon="121.4262690">
    <ele>14.0</ele>
    <time>2025-08-22T07:27:13Z</time>
   </trkpt>
   <trkpt lat="25.0203430" lon="121.4262620">
    <ele>14.0</ele>
    <time>2025-08-22T07:27:14Z</time>
   </trkpt>
   <trkpt lat="25.0203480" lon="121.4262530">
    <ele>14.1</ele>
    <time>2025-08-22T07:27:15Z</time>
   </trkpt>
   <trkpt lat="25.0203650" lon="121.4262370">
    <ele>14.1</ele>
    <time>2025-08-22T07:27:16Z</time>
   </trkpt>
   <trkpt lat="25.0203690" lon="121.4262290">
    <ele>14.1</ele>
    <time>2025-08-22T07:27:17Z</time>
   </trkpt>
   <trkpt lat="25.0203720" lon="121.4262220">
    <ele>14.1</ele>
    <time>2025-08-22T07:27:18Z</time>
   </trkpt>
   <trkpt lat="25.0203860" lon="121.4262060">
    <ele>14.1</ele>
    <time>2025-08-22T07:27:19Z</time>
   </trkpt>
   <trkpt lat="25.0203910" lon="121.4261980">
    <ele>14.1</ele>
    <time>2025-08-22T07:27:20Z</time>
   </trkpt>
   <trkpt lat="25.0203970" lon="121.4261910">
    <ele>14.1</ele>
    <time>2025-08-22T07:27:21Z</time>
   </trkpt>
   <trkpt lat="25.0204070" lon="121.4261840">
    <ele>14.1</ele>
    <time>2025-08-22T07:27:22Z</time>
   </trkpt>
   <trkpt lat="25.0204140" lon="121.4261760">
    <ele>14.1</ele>
    <time>2025-08-22T07:27:23Z</time>
   </trkpt>
   <trkpt lat="25.0204190" lon="121.4261670">
    <ele>14.1</ele>
    <time>2025-08-22T07:27:24Z</time>
   </trkpt>
   <trkpt lat="25.0204270" lon="121.4261390">
    <ele>14.1</ele>
    <time>2025-08-22T07:27:25Z</time>
   </trkpt>
   <trkpt lat="25.0204290" lon="121.4261300">
    <ele>14.1</ele>
    <time>2025-08-22T07:27:26Z</time>
   </trkpt>
   <trkpt lat="25.0204310" lon="121.4261200">
    <ele>14.1</ele>
    <time>2025-08-22T07:27:27Z</time>
   </trkpt>
   <trkpt lat="25.0204320" lon="121.4260890">
    <ele>14.2</ele>
    <time>2025-08-22T07:27:28Z</time>
   </trkpt>
   <trkpt lat="25.0204280" lon="121.4260720">
    <ele>14.2</ele>
    <time>2025-08-22T07:27:29Z</time>
   </trkpt>
   <trkpt lat="25.0204300" lon="121.4260350">
    <ele>14.2</ele>
    <time>2025-08-22T07:27:30Z</time>
   </trkpt>
   <trkpt lat="25.0204280" lon="121.4260270">
    <ele>14.2</ele>
    <time>2025-08-22T07:27:31Z</time>
   </trkpt>
   <trkpt lat="25.0204240" lon="121.4259950">
    <ele>14.2</ele>
    <time>2025-08-22T07:27:32Z</time>
   </trkpt>
   <trkpt lat="25.0204240" lon="121.4259860">
    <ele>14.2</ele>
    <time>2025-08-22T07:27:33Z</time>
   </trkpt>
   <trkpt lat="25.0204370" lon="121.4259980">
    <ele>14.2</ele>
    <time>2025-08-22T07:27:34Z</time>
   </trkpt>
   <trkpt lat="25.0204560" lon="121.4259920">
    <ele>14.3</ele>
    <time>2025-08-22T07:27:35Z</time>
   </trkpt>
   <trkpt lat="25.0204680" lon="121.4260080">
    <ele>14.3</ele>
    <time>2025-08-22T07:27:36Z</time>
   </trkpt>
   <trkpt lat="25.0204860" lon="121.4260140">
    <ele>14.3</ele>
    <time>2025-08-22T07:27:37Z</time>
   </trkpt>
   <trkpt lat="25.0205110" lon="121.4260290">
    <ele>14.4</ele>
    <time>2025-08-22T07:27:38Z</time>
   </trkpt>
   <trkpt lat="25.0205280" lon="121.4260410">
    <ele>14.4</ele>
    <time>2025-08-22T07:27:39Z</time>
   </trkpt>
   <trkpt lat="25.0205380" lon="121.4260460">
    <ele>14.4</ele>
    <time>2025-08-22T07:27:40Z</time>
   </trkpt>
   <trkpt lat="25.0205420" lon="121.4260510">
    <ele>14.4</ele>
    <time>2025-08-22T07:27:41Z</time>
   </trkpt>
   <trkpt lat="25.0205460" lon="121.4260550">
    <ele>14.4</ele>
    <time>2025-08-22T07:27:42Z</time>
   </trkpt>
   <trkpt lat="25.0205540" lon="121.4260580">
    <ele>14.4</ele>
    <time>2025-08-22T07:27:43Z</time>
   </trkpt>
   <trkpt lat="25.0205600" lon="121.4260600">
    <ele>14.4</ele>
    <time>2025-08-22T07:27:44Z</time>
   </trkpt>
   <trkpt lat="25.0205690" lon="121.4260640">
    <ele>14.4</ele>
    <time>2025-08-22T07:27:45Z</time>
   </trkpt>
   <trkpt lat="25.0205870" lon="121.4260720">
    <ele>14.5</ele>
    <time>2025-08-22T07:27:46Z</time>
   </trkpt>
   <trkpt lat="25.0205960" lon="121.4260770">
    <ele>14.5</ele>
    <time>2025-08-22T07:27:47Z</time>
   </trkpt>
   <trkpt lat="25.0206060" lon="121.4260820">
    <ele>14.5</ele>
    <time>2025-08-22T07:27:48Z</time>
   </trkpt>
   <trkpt lat="25.0206280" lon="121.4260970">
    <ele>14.5</ele>
    <time>2025-08-22T07:27:49Z</time>
   </trkpt>
   <trkpt lat="25.0206340" lon="121.4261000">
    <ele>14.5</ele>
    <time>2025-08-22T07:27:50Z</time>
   </trkpt>
   <trkpt lat="25.0206400" lon="121.4261040">
    <ele>14.5</ele>
    <time>2025-08-22T07:27:51Z</time>
   </trkpt>
   <trkpt lat="25.0206520" lon="121.4261160">
    <ele>14.6</ele>
    <time>2025-08-22T07:27:52Z</time>
   </trkpt>
   <trkpt lat="25.0206640" lon="121.4261300">
    <ele>14.6</ele>
    <time>2025-08-22T07:27:53Z</time>
   </trkpt>
   <trkpt lat="25.0206890" lon="121.4261490">
    <ele>14.6</ele>
    <time>2025-08-22T07:27:54Z</time>
   </trkpt>
   <trkpt lat="25.0206990" lon="121.4261560">
    <ele>14.6</ele>
    <time>2025-08-22T07:27:55Z</time>
   </trkpt>
   <trkpt lat="25.0207220" lon="121.4261780">
    <ele>14.7</ele>
    <time>2025-08-22T07:27:56Z</time>
   </trkpt>
   <trkpt lat="25.0207290" lon="121.4261840">
    <ele>14.7</ele>
    <time>2025-08-22T07:27:57Z</time>
   </trkpt>
   <trkpt lat="25.0207440" lon="121.4262000">
    <ele>14.7</ele>
    <time>2025-08-22T07:27:58Z</time>
   </trkpt>
   <trkpt lat="25.0207550" lon="121.4262060">
    <ele>14.7</ele>
    <time>2025-08-22T07:27:59Z</time>
   </trkpt>
   <trkpt lat="25.0207550" lon="121.4262220">
    <ele>14.7</ele>
    <time>2025-08-22T07:28:00Z</time>
   </trkpt>
   <trkpt lat="25.0207570" lon="121.4262350">
    <ele>14.7</ele>
    <time>2025-08-22T07:28:01Z</time>
   </trkpt>
   <trkpt lat="25.0207580" lon="121.4262450">
    <ele>14.8</ele>
    <time>2025-08-22T07:28:02Z</time>
   </trkpt>
   <trkpt lat="25.0207560" lon="121.4262710">
    <ele>14.8</ele>
    <time>2025-08-22T07:28:03Z</time>
   </trkpt>
   <trkpt lat="25.0207530" lon="121.4262790">
    <ele>14.8</ele>
    <time>2025-08-22T07:28:04Z</time>
   </trkpt>
   <trkpt lat="25.0207490" lon="121.4262870">
    <ele>14.8</ele>
    <time>2025-08-22T07:28:05Z</time>
   </trkpt>
   <trkpt lat="25.0207420" lon="121.4262920">
    <ele>14.8</ele>
    <time>2025-08-22T07:28:06Z</time>
   </trkpt>
   <trkpt lat="25.0207330" lon="121.4262910">
    <ele>14.8</ele>
    <time>2025-08-22T07:28:07Z</time>
   </trkpt>
   <trkpt lat="25.0207310" lon="121.4262980">
    <ele>14.8</ele>
    <time>2025-08-22T07:28:08Z</time>
   </trkpt>
   <trkpt lat="25.0207290" lon="121.4263130">
    <ele>14.8</ele>
    <time>2025-08-22T07:28:09Z</time>
   </trkpt>
   <trkpt lat="25.0207160" lon="121.4263320">
    <ele>14.9</ele>
    <time>2025-08-22T07:28:10Z</time>
   </trkpt>
   <trkpt lat="25.0207110" lon="121.4263390">
    <ele>14.9</ele>
    <time>2025-08-22T07:28:11Z</time>
   </trkpt>
   <trkpt lat="25.0207050" lon="121.4263470">
    <ele>14.9</ele>
    <time>2025-08-22T07:28:12Z</time>
   </trkpt>
   <trkpt lat="25.0207000" lon="121.4263550">
    <ele>14.9</ele>
    <time>2025-08-22T07:28:13Z</time>
   </trkpt>
   <trkpt lat="25.0206970" lon="121.4263540">
    <ele>14.9</ele>
    <time>2025-08-22T07:28:14Z</time>
   </trkpt>
   <trkpt lat="25.0206970" lon="121.4263640">
    <ele>14.9</ele>
    <time>2025-08-22T07:28:15Z</time>
   </trkpt>
   <trkpt lat="25.0206950" lon="121.4263670">
    <ele>14.9</ele>
    <time>2025-08-22T07:28:16Z</time>
   </trkpt>
   <trkpt lat="25.0206950" lon="121.4263560">
    <ele>14.9</ele>
    <time>2025-08-22T07:28:17Z</time>
   </trkpt>
   <trkpt lat="25.0206960" lon="121.4263600">
    <ele>14.9</ele>
    <time>2025-08-22T07:28:18Z</time>
   </trkpt>
   <trkpt lat="25.0207010" lon="121.4263710">
    <ele>15.0</ele>
    <time>2025-08-22T07:28:19Z</time>
   </trkpt>
   <trkpt lat="25.0206990" lon="121.4263830">
    <ele>15.0</ele>
    <time>2025-08-22T07:28:20Z</time>
   </trkpt>
   <trkpt lat="25.0207040" lon="121.4263840">
    <ele>15.0</ele>
    <time>2025-08-22T07:28:21Z</time>
   </trkpt>
   <trkpt lat="25.0207060" lon="121.4263850">
    <ele>15.0</ele>
    <time>2025-08-22T07:28:22Z</time>
   </trkpt>
   <trkpt lat="25.0207100" lon="121.4263900">
    <ele>15.0</ele>
    <time>2025-08-22T07:28:23Z</time>
   </trkpt>
   <trkpt lat="25.0207110" lon="121.4263940">
    <ele>15.0</ele>
    <time>2025-08-22T07:28:24Z</time>
   </trkpt>
   <trkpt lat="25.0207110" lon="121.4263960">
    <ele>15.0</ele>
    <time>2025-08-22T07:28:25Z</time>
   </trkpt>
   <trkpt lat="25.0207110" lon="121.4263980">
    <ele>15.0</ele>
    <time>2025-08-22T07:28:26Z</time>
   </trkpt>
   <trkpt lat="25.0207160" lon="121.4263760">
    <ele>15.0</ele>
    <time>2025-08-22T07:28:27Z</time>
   </trkpt>
   <trkpt lat="25.0207320" lon="121.4263760">
    <ele>15.0</ele>
    <time>2025-08-22T07:28:28Z</time>
   </trkpt>
   <trkpt lat="25.0207050" lon="121.4263790">
    <ele>15.1</ele>
    <time>2025-08-22T07:28:29Z</time>
   </trkpt>
   <trkpt lat="25.0207090" lon="121.4263790">
    <ele>15.1</ele>
    <time>2025-08-22T07:28:30Z</time>
   </trkpt>
   <trkpt lat="25.0207180" lon="121.4263690">
    <ele>15.1</ele>
    <time>2025-08-22T07:28:31Z</time>
   </trkpt>
   <trkpt lat="25.0207260" lon="121.4263590">
    <ele>15.1</ele>
    <time>2025-08-22T07:28:32Z</time>
   </trkpt>
   <trkpt lat="25.0207350" lon="121.4263490">
    <ele>15.1</ele>
    <time>2025-08-22T07:28:33Z</time>
   </trkpt>
   <trkpt lat="25.0207440" lon="121.4263390">
    <ele>15.1</ele>
    <time>2025-08-22T07:28:34Z</time>
   </trkpt>
   <trkpt lat="25.0207390" lon="121.4263430">
    <ele>15.2</ele>
    <time>2025-08-22T07:28:35Z</time>
   </trkpt>
   <trkpt lat="25.0207360" lon="121.4263430">
    <ele>15.2</ele>
    <time>2025-08-22T07:28:36Z</time>
   </trkpt>
   <trkpt lat="25.0207340" lon="121.4263420">
    <ele>15.2</ele>
    <time>2025-08-22T07:28:37Z</time>
   </trkpt>
   <trkpt lat="25.0207320" lon="121.4263420">
    <ele>15.2</ele>
    <time>2025-08-22T07:28:38Z</time>
   </trkpt>
   <trkpt lat="25.0207290" lon="121.4263410">
    <ele>15.2</ele>
    <time>2025-08-22T07:28:56Z</time>
   </trkpt>
   <trkpt lat="25.0207270" lon="121.4263400">
    <ele>15.2</ele>
    <time>2025-08-22T07:28:57Z</time>
   </trkpt>
   <trkpt lat="25.0207240" lon="121.4263400">
    <ele>15.2</ele>
    <time>2025-08-22T07:28:58Z</time>
   </trkpt>
   <trkpt lat="25.0207220" lon="121.4263390">
    <ele>15.2</ele>
    <time>2025-08-22T07:28:59Z</time>
   </trkpt>
   <trkpt lat="25.0207200" lon="121.4263390">
    <ele>15.2</ele>
    <time>2025-08-22T07:29:00Z</time>
   </trkpt>
   <trkpt lat="25.0207170" lon="121.4263380">
    <ele>15.2</ele>
    <time>2025-08-22T07:29:01Z</time>
   </trkpt>
   <trkpt lat="25.0207150" lon="121.4263370">
    <ele>15.2</ele>
    <time>2025-08-22T07:29:02Z</time>
   </trkpt>
   <trkpt lat="25.0207130" lon="121.4263370">
    <ele>15.2</ele>
    <time>2025-08-22T07:29:03Z</time>
   </trkpt>
   <trkpt lat="25.0207100" lon="121.4263360">
    <ele>15.2</ele>
    <time>2025-08-22T07:29:04Z</time>
   </trkpt>
   <trkpt lat="25.0207080" lon="121.4263360">
    <ele>15.2</ele>
    <time>2025-08-22T07:29:05Z</time>
   </trkpt>
   <trkpt lat="25.0207050" lon="121.4263350">
    <ele>15.2</ele>
    <time>2025-08-22T07:29:06Z</time>
   </trkpt>
   <trkpt lat="25.0207030" lon="121.4263340">
    <ele>15.2</ele>
    <time>2025-08-22T07:29:44Z</time>
   </trkpt>
   <trkpt lat="25.0207010" lon="121.4263340">
    <ele>15.2</ele>
    <time>2025-08-22T07:29:45Z</time>
   </trkpt>
   <trkpt lat="25.0206980" lon="121.4263330">
    <ele>15.2</ele>
    <time>2025-08-22T07:29:46Z</time>
   </trkpt>
   <trkpt lat="25.0206960" lon="121.4263330">
    <ele>15.2</ele>
    <time>2025-08-22T07:29:47Z</time>
   </trkpt>
   <trkpt lat="25.0206940" lon="121.4263320">
    <ele>15.2</ele>
    <time>2025-08-22T07:29:48Z</time>
   </trkpt>
   <trkpt lat="25.0206910" lon="121.4263320">
    <ele>15.2</ele>
    <time>2025-08-22T07:29:49Z</time>
   </trkpt>
   <trkpt lat="25.0206890" lon="121.4263310">
    <ele>15.2</ele>
    <time>2025-08-22T07:29:50Z</time>
   </trkpt>
   <trkpt lat="25.0206860" lon="121.4263300">
    <ele>15.2</ele>
    <time>2025-08-22T07:29:51Z</time>
   </trkpt>
   <trkpt lat="25.0206840" lon="121.4263300">
    <ele>15.2</ele>
    <time>2025-08-22T07:29:52Z</time>
   </trkpt>
   <trkpt lat="25.0206820" lon="121.4263290">
    <ele>15.2</ele>
    <time>2025-08-22T07:29:53Z</time>
   </trkpt>
   <trkpt lat="25.0206790" lon="121.4263290">
    <ele>15.2</ele>
    <time>2025-08-22T07:29:54Z</time>
   </trkpt>
   <trkpt lat="25.0206770" lon="121.4263280">
    <ele>15.2</ele>
    <time>2025-08-22T07:29:55Z</time>
   </trkpt>
   <trkpt lat="25.0206750" lon="121.4263270">
    <ele>15.2</ele>
    <time>2025-08-22T07:33:04Z</time>
   </trkpt>
   <trkpt lat="25.0206720" lon="121.4263270">
    <ele>15.2</ele>
    <time>2025-08-22T07:33:05Z</time>
   </trkpt>
   <trkpt lat="25.0206700" lon="121.4263260">
    <ele>15.2</ele>
    <time>2025-08-22T07:33:06Z</time>
   </trkpt>
   <trkpt lat="25.0206670" lon="121.4263260">
    <ele>15.2</ele>
    <time>2025-08-22T07:33:07Z</time>
   </trkpt>
   <trkpt lat="25.0206650" lon="121.4263250">
    <ele>15.2</ele>
    <time>2025-08-22T07:33:08Z</time>
   </trkpt>
   <trkpt lat="25.0206760" lon="121.4263300">
    <ele>15.3</ele>
    <time>2025-08-22T07:33:09Z</time>
   </trkpt>
   <trkpt lat="25.0206900" lon="121.4263340">
    <ele>15.3</ele>
    <time>2025-08-22T07:33:10Z</time>
   </trkpt>
   <trkpt lat="25.0207040" lon="121.4263370">
    <ele>15.3</ele>
    <time>2025-08-22T07:33:11Z</time>
   </trkpt>
   <trkpt lat="25.0207170" lon="121.4263400">
    <ele>15.3</ele>
    <time>2025-08-22T07:33:12Z</time>
   </trkpt>
   <trkpt lat="25.0207310" lon="121.4263430">
    <ele>15.3</ele>
    <time>2025-08-22T07:33:13Z</time>
   </trkpt>
   <trkpt lat="25.0207450" lon="121.4263470">
    <ele>15.3</ele>
    <time>2025-08-22T07:33:43Z</time>
   </trkpt>
   <trkpt lat="25.0207590" lon="121.4263500">
    <ele>15.3</ele>
    <time>2025-08-22T07:33:44Z</time>
   </trkpt>
   <trkpt lat="25.0207710" lon="121.4263220">
    <ele>15.4</ele>
    <time>2025-08-22T07:33:45Z</time>
   </trkpt>
   <trkpt lat="25.0207890" lon="121.4263090">
    <ele>15.4</ele>
    <time>2025-08-22T07:33:46Z</time>
   </trkpt>
   <trkpt lat="25.0207950" lon="121.4263110">
    <ele>15.4</ele>
    <time>2025-08-22T07:33:47Z</time>
   </trkpt>
   <trkpt lat="25.0208000" lon="121.4263130">
    <ele>15.4</ele>
    <time>2025-08-22T07:33:48Z</time>
   </trkpt>
   <trkpt lat="25.0208060" lon="121.4263150">
    <ele>15.4</ele>
    <time>2025-08-22T07:33:49Z</time>
   </trkpt>
   <trkpt lat="25.0208120" lon="121.4263170">
    <ele>15.4</ele>
    <time>2025-08-22T07:33:50Z</time>
   </trkpt>
   <trkpt lat="25.0208010" lon="121.4263180">
    <ele>15.4</ele>
    <time>2025-08-22T07:33:51Z</time>
   </trkpt>
   <trkpt lat="25.0208000" lon="121.4263180">
    <ele>15.4</ele>
    <time>2025-08-22T07:33:52Z</time>
   </trkpt>
   <trkpt lat="25.0207990" lon="121.4263150">
    <ele>15.4</ele>
    <time>2025-08-22T07:33:53Z</time>
   </trkpt>
   <trkpt lat="25.0208020" lon="121.4263120">
    <ele>15.4</ele>
    <time>2025-08-22T07:33:54Z</time>
   </trkpt>
   <trkpt lat="25.0208070" lon="121.4263130">
    <ele>15.4</ele>
    <time>2025-08-22T07:33:55Z</time>
   </trkpt>
   <trkpt lat="25.0208150" lon="121.4263180">
    <ele>15.4</ele>
    <time>2025-08-22T07:33:56Z</time>
   </trkpt>
   <trkpt lat="25.0208110" lon="121.4263200">
    <ele>15.4</ele>
    <time>2025-08-22T07:33:57Z</time>
   </trkpt>
   <trkpt lat="25.0208150" lon="121.4263240">
    <ele>15.4</ele>
    <time>2025-08-22T07:33:58Z</time>
   </trkpt>
   <trkpt lat="25.0208180" lon="121.4263220">
    <ele>15.5</ele>
    <time>2025-08-22T07:33:59Z</time>
   </trkpt>
   <trkpt lat="25.0208210" lon="121.4263200">
    <ele>15.5</ele>
    <time>2025-08-22T07:34:00Z</time>
   </trkpt>
   <trkpt lat="25.0208220" lon="121.4263180">
    <ele>15.5</ele>
    <time>2025-08-22T07:34:01Z</time>
   </trkpt>
   <trkpt lat="25.0208230" lon="121.4263170">
    <ele>15.5</ele>
    <time>2025-08-22T07:34:02Z</time>
   </trkpt>
   <trkpt lat="25.0208180" lon="121.4263140">
    <ele>15.5</ele>
    <time>2025-08-22T07:34:03Z</time>
   </trkpt>
   <trkpt lat="25.0208230" lon="121.4263150">
    <ele>15.5</ele>
    <time>2025-08-22T07:34:04Z</time>
   </trkpt>
   <trkpt lat="25.0208310" lon="121.4263120">
    <ele>15.5</ele>
    <time>2025-08-22T07:34:05Z</time>
   </trkpt>
   <trkpt lat="25.0208390" lon="121.4263130">
    <ele>15.5</ele>
    <time>2025-08-22T07:34:06Z</time>
   </trkpt>
   <trkpt lat="25.0208340" lon="121.4263150">
    <ele>15.5</ele>
    <time>2025-08-22T07:34:07Z</time>
   </trkpt>
   <trkpt lat="25.0208360" lon="121.4263160">
    <ele>15.5</ele>
    <time>2025-08-22T07:34:08Z</time>
   </trkpt>
   <trkpt lat="25.0208340" lon="121.4263170">
    <ele>15.5</ele>
    <time>2025-08-22T07:34:09Z</time>
   </trkpt>
   <trkpt lat="25.0208430" lon="121.4263160">
    <ele>15.5</ele>
    <time>2025-08-22T07:34:10Z</time>
   </trkpt>
   <trkpt lat="25.0208520" lon="121.4263160">
    <ele>15.5</ele>
    <time>2025-08-22T07:34:11Z</time>
   </trkpt>
   <trkpt lat="25.0208580" lon="121.4263220">
    <ele>15.5</ele>
    <time>2025-08-22T07:34:12Z</time>
   </trkpt>
   <trkpt lat="25.0208600" lon="121.4263340">
    <ele>15.5</ele>
    <time>2025-08-22T07:34:13Z</time>
   </trkpt>
   <trkpt lat="25.0208410" lon="121.4263460">
    <ele>15.5</ele>
    <time>2025-08-22T07:34:14Z</time>
   </trkpt>
   <trkpt lat="25.0208320" lon="121.4263500">
    <ele>15.5</ele>
    <time>2025-08-22T07:34:15Z</time>
   </trkpt>
   <trkpt lat="25.0208240" lon="121.4263540">
    <ele>15.5</ele>
    <time>2025-08-22T07:34:16Z</time>
   </trkpt>
   <trkpt lat="25.0208150" lon="121.4263580">
    <ele>15.5</ele>
    <time>2025-08-22T07:34:17Z</time>
   </trkpt>
   <trkpt lat="25.0208070" lon="121.4263630">
    <ele>15.5</ele>
    <time>2025-08-22T07:34:18Z</time>
   </trkpt>
   <trkpt lat="25.0207990" lon="121.4263670">
    <ele>15.6</ele>
    <time>2025-08-22T07:34:19Z</time>
   </trkpt>
   <trkpt lat="25.0207900" lon="121.4263710">
    <ele>15.6</ele>
    <time>2025-08-22T07:34:20Z</time>
   </trkpt>
   <trkpt lat="25.0207820" lon="121.4263750">
    <ele>15.6</ele>
    <time>2025-08-22T07:34:21Z</time>
   </trkpt>
   <trkpt lat="25.0207730" lon="121.4263790">
    <ele>15.6</ele>
    <time>2025-08-22T07:34:22Z</time>
   </trkpt>
   <trkpt lat="25.0207650" lon="121.4263830">
    <ele>15.6</ele>
    <time>2025-08-22T07:34:23Z</time>
   </trkpt>
   <trkpt lat="25.0207710" lon="121.4263930">
    <ele>15.6</ele>
    <time>2025-08-22T07:34:24Z</time>
   </trkpt>
   <trkpt lat="25.0207690" lon="121.4263970">
    <ele>15.6</ele>
    <time>2025-08-22T07:34:25Z</time>
   </trkpt>
   <trkpt lat="25.0207730" lon="121.4263970">
    <ele>15.6</ele>
    <time>2025-08-22T07:34:26Z</time>
   </trkpt>
   <trkpt lat="25.0207870" lon="121.4264020">
    <ele>15.6</ele>
    <time>2025-08-22T07:34:27Z</time>
   </trkpt>
   <trkpt lat="25.0208000" lon="121.4264090">
    <ele>15.6</ele>
    <time>2025-08-22T07:34:28Z</time>
   </trkpt>
   <trkpt lat="25.0208130" lon="121.4264130">
    <ele>15.6</ele>
    <time>2025-08-22T07:34:29Z</time>
   </trkpt>
   <trkpt lat="25.0208330" lon="121.4264220">
    <ele>15.6</ele>
    <time>2025-08-22T07:34:30Z</time>
   </trkpt>
   <trkpt lat="25.0208410" lon="121.4264260">
    <ele>15.6</ele>
    <time>2025-08-22T07:34:31Z</time>
   </trkpt>
   <trkpt lat="25.0208480" lon="121.4264300">
    <ele>15.6</ele>
    <time>2025-08-22T07:34:32Z</time>
   </trkpt>
   <trkpt lat="25.0208530" lon="121.4264270">
    <ele>15.6</ele>
    <time>2025-08-22T07:34:33Z</time>
   </trkpt>
   <trkpt lat="25.0208610" lon="121.4264300">
    <ele>15.6</ele>
    <time>2025-08-22T07:34:34Z</time>
   </trkpt>
   <trkpt lat="25.0208810" lon="121.4264370">
    <ele>15.7</ele>
    <time>2025-08-22T07:34:35Z</time>
   </trkpt>
   <trkpt lat="25.0208990" lon="121.4264330">
    <ele>15.7</ele>
    <time>2025-08-22T07:34:36Z</time>
   </trkpt>
   <trkpt lat="25.0209100" lon="121.4264420">
    <ele>15.7</ele>
    <time>2025-08-22T07:34:37Z</time>
   </trkpt>
   <trkpt lat="25.0209200" lon="121.4264390">
    <ele>15.7</ele>
    <time>2025-08-22T07:34:38Z</time>
   </trkpt>
   <trkpt lat="25.0209240" lon="121.4264320">
    <ele>15.7</ele>
    <time>2025-08-22T07:34:39Z</time>
   </trkpt>
   <trkpt lat="25.0209290" lon="121.4264260">
    <ele>15.7</ele>
    <time>2025-08-22T07:34:40Z</time>
   </trkpt>
   <trkpt lat="25.0209330" lon="121.4264190">
    <ele>15.7</ele>
    <time>2025-08-22T07:34:41Z</time>
   </trkpt>
   <trkpt lat="25.0209380" lon="121.4264120">
    <ele>15.7</ele>
    <time>2025-08-22T07:34:42Z</time>
   </trkpt>
   <trkpt lat="25.0209650" lon="121.4264330">
    <ele>15.7</ele>
    <time>2025-08-22T07:34:43Z</time>
   </trkpt>
   <trkpt lat="25.0209750" lon="121.4264630">
    <ele>15.7</ele>
    <time>2025-08-22T07:34:44Z</time>
   </trkpt>
   <trkpt lat="25.0209830" lon="121.4264700">
    <ele>15.7</ele>
    <time>2025-08-22T07:34:45Z</time>
   </trkpt>
   <trkpt lat="25.0209950" lon="121.4264730">
    <ele>15.7</ele>
    <time>2025-08-22T07:34:46Z</time>
   </trkpt>
   <trkpt lat="25.0210100" lon="121.4264810">
    <ele>15.7</ele>
    <time>2025-08-22T07:34:47Z</time>
   </trkpt>
   <trkpt lat="25.0210340" lon="121.4264940">
    <ele>15.7</ele>
    <time>2025-08-22T07:34:48Z</time>
   </trkpt>
   <trkpt lat="25.0210430" lon="121.4264990">
    <ele>15.7</ele>
    <time>2025-08-22T07:34:49Z</time>
   </trkpt>
   <trkpt lat="25.0210570" lon="121.4265130">
    <ele>15.7</ele>
    <time>2025-08-22T07:34:50Z</time>
   </trkpt>
   <trkpt lat="25.0210730" lon="121.4265210">
    <ele>15.8</ele>
    <time>2025-08-22T07:34:51Z</time>
   </trkpt>
   <trkpt lat="25.0210870" lon="121.4265280">
    <ele>15.8</ele>
    <time>2025-08-22T07:34:52Z</time>
   </trkpt>
   <trkpt lat="25.0211030" lon="121.4265340">
    <ele>15.7</ele>
    <time>2025-08-22T07:34:53Z</time>
   </trkpt>
   <trkpt lat="25.0211210" lon="121.4265420">
    <ele>15.5</ele>
    <time>2025-08-22T07:34:54Z</time>
   </trkpt>
   <trkpt lat="25.0211280" lon="121.4265460">
    <ele>15.4</ele>
    <time>2025-08-22T07:34:55Z</time>
   </trkpt>
   <trkpt lat="25.0211490" lon="121.4265540">
    <ele>15.2</ele>
    <time>2025-08-22T07:34:56Z</time>
   </trkpt>
   <trkpt lat="25.0211560" lon="121.4265590">
    <ele>15.1</ele>
    <time>2025-08-22T07:34:57Z</time>
   </trkpt>
   <trkpt lat="25.0211640" lon="121.4265630">
    <ele>15.0</ele>
    <time>2025-08-22T07:34:58Z</time>
   </trkpt>
   <trkpt lat="25.0211790" lon="121.4265710">
    <ele>14.9</ele>
    <time>2025-08-22T07:34:59Z</time>
   </trkpt>
   <trkpt lat="25.0211930" lon="121.4265770">
    <ele>14.7</ele>
    <time>2025-08-22T07:35:00Z</time>
   </trkpt>
   <trkpt lat="25.0212060" lon="121.4265800">
    <ele>14.6</ele>
    <time>2025-08-22T07:35:01Z</time>
   </trkpt>
   <trkpt lat="25.0212230" lon="121.4265750">
    <ele>14.2</ele>
    <time>2025-08-22T07:35:02Z</time>
   </trkpt>
   <trkpt lat="25.0212330" lon="121.4265600">
    <ele>14.4</ele>
    <time>2025-08-22T07:35:03Z</time>
   </trkpt>
   <trkpt lat="25.0212440" lon="121.4265460">
    <ele>14.4</ele>
    <time>2025-08-22T07:35:04Z</time>
   </trkpt>
   <trkpt lat="25.0212480" lon="121.4265350">
    <ele>14.4</ele>
    <time>2025-08-22T07:35:05Z</time>
   </trkpt>
   <trkpt lat="25.0212560" lon="121.4265160">
    <ele>14.6</ele>
    <time>2025-08-22T07:35:06Z</time>
   </trkpt>
   <trkpt lat="25.0212660" lon="121.4265060">
    <ele>14.3</ele>
    <time>2025-08-22T07:35:07Z</time>
   </trkpt>
   <trkpt lat="25.0212770" lon="121.4264930">
    <ele>14.3</ele>
    <time>2025-08-22T07:35:08Z</time>
   </trkpt>
   <trkpt lat="25.0212870" lon="121.4264850">
    <ele>14.3</ele>
    <time>2025-08-22T07:35:09Z</time>
   </trkpt>
   <trkpt lat="25.0212890" lon="121.4264750">
    <ele>14.3</ele>
    <time>2025-08-22T07:35:10Z</time>
   </trkpt>
   <trkpt lat="25.0212980" lon="121.4264630">
    <ele>14.0</ele>
    <time>2025-08-22T07:35:11Z</time>
   </trkpt>
   <trkpt lat="25.0213120" lon="121.4264510">
    <ele>14.0</ele>
    <time>2025-08-22T07:35:12Z</time>
   </trkpt>
   <trkpt lat="25.0213210" lon="121.4264370">
    <ele>14.0</ele>
    <time>2025-08-22T07:35:13Z</time>
   </trkpt>
   <trkpt lat="25.0213240" lon="121.4264290">
    <ele>13.8</ele>
    <time>2025-08-22T07:35:14Z</time>
   </trkpt>
   <trkpt lat="25.0213350" lon="121.4264220">
    <ele>13.5</ele>
    <time>2025-08-22T07:35:15Z</time>
   </trkpt>
   <trkpt lat="25.0213390" lon="121.4264090">
    <ele>13.5</ele>
    <time>2025-08-22T07:35:16Z</time>
   </trkpt>
   <trkpt lat="25.0213510" lon="121.4263940">
    <ele>13.5</ele>
    <time>2025-08-22T07:35:17Z</time>
   </trkpt>
   <trkpt lat="25.0213580" lon="121.4263870">
    <ele>13.5</ele>
    <time>2025-08-22T07:35:18Z</time>
   </trkpt>
   <trkpt lat="25.0213650" lon="121.4263790">
    <ele>13.5</ele>
    <time>2025-08-22T07:35:19Z</time>
   </trkpt>
   <trkpt lat="25.0213810" lon="121.4263670">
    <ele>13.3</ele>
    <time>2025-08-22T07:35:20Z</time>
   </trkpt>
   <trkpt lat="25.0213920" lon="121.4263570">
    <ele>13.3</ele>
    <time>2025-08-22T07:35:21Z</time>
   </trkpt>
   <trkpt lat="25.0214020" lon="121.4263480">
    <ele>13.4</ele>
    <time>2025-08-22T07:35:22Z</time>
   </trkpt>
   <trkpt lat="25.0214220" lon="121.4263500">
    <ele>13.1</ele>
    <time>2025-08-22T07:35:23Z</time>
   </trkpt>
   <trkpt lat="25.0214370" lon="121.4263450">
    <ele>13.3</ele>
    <time>2025-08-22T07:35:24Z</time>
   </trkpt>
   <trkpt lat="25.0214590" lon="121.4263630">
    <ele>12.9</ele>
    <time>2025-08-22T07:35:25Z</time>
   </trkpt>
   <trkpt lat="25.0214760" lon="121.4263390">
    <ele>13.2</ele>
    <time>2025-08-22T07:35:26Z</time>
   </trkpt>
   <trkpt lat="25.0214820" lon="121.4263280">
    <ele>13.2</ele>
    <time>2025-08-22T07:35:27Z</time>
   </trkpt>
   <trkpt lat="25.0214940" lon="121.4263130">
    <ele>13.0</ele>
    <time>2025-08-22T07:35:28Z</time>
   </trkpt>
   <trkpt lat="25.0215020" lon="121.4263040">
    <ele>13.2</ele>
    <time>2025-08-22T07:35:29Z</time>
   </trkpt>
   <trkpt lat="25.0215130" lon="121.4263000">
    <ele>13.2</ele>
    <time>2025-08-22T07:35:30Z</time>
   </trkpt>
   <trkpt lat="25.0215210" lon="121.4262930">
    <ele>13.2</ele>
    <time>2025-08-22T07:35:31Z</time>
   </trkpt>
   <trkpt lat="25.0215300" lon="121.4262880">
    <ele>13.0</ele>
    <time>2025-08-22T07:35:32Z</time>
   </trkpt>
   <trkpt lat="25.0215480" lon="121.4262760">
    <ele>13.0</ele>
    <time>2025-08-22T07:35:33Z</time>
   </trkpt>
   <trkpt lat="25.0215560" lon="121.4262740">
    <ele>13.0</ele>
    <time>2025-08-22T07:35:34Z</time>
   </trkpt>
   <trkpt lat="25.0215640" lon="121.4262720">
    <ele>13.1</ele>
    <time>2025-08-22T07:35:35Z</time>
   </trkpt>
   <trkpt lat="25.0215720" lon="121.4262740">
    <ele>12.9</ele>
    <time>2025-08-22T07:35:36Z</time>
   </trkpt>
   <trkpt lat="25.0215810" lon="121.4262680">
    <ele>12.9</ele>
    <time>2025-08-22T07:35:37Z</time>
   </trkpt>
   <trkpt lat="25.0215920" lon="121.4262540">
    <ele>13.3</ele>
    <time>2025-08-22T07:35:38Z</time>
   </trkpt>
   <trkpt lat="25.0216060" lon="121.4262470">
    <ele>13.3</ele>
    <time>2025-08-22T07:35:39Z</time>
   </trkpt>
   <trkpt lat="25.0216110" lon="121.4262510">
    <ele>13.3</ele>
    <time>2025-08-22T07:35:40Z</time>
   </trkpt>
   <trkpt lat="25.0216190" lon="121.4262460">
    <ele>13.3</ele>
    <time>2025-08-22T07:35:41Z</time>
   </trkpt>
   <trkpt lat="25.0216380" lon="121.4262330">
    <ele>13.3</ele>
    <time>2025-08-22T07:35:42Z</time>
   </trkpt>
   <trkpt lat="25.0216450" lon="121.4262270">
    <ele>13.3</ele>
    <time>2025-08-22T07:35:43Z</time>
   </trkpt>
   <trkpt lat="25.0216510" lon="121.4262210">
    <ele>13.4</ele>
    <time>2025-08-22T07:35:44Z</time>
   </trkpt>
   <trkpt lat="25.0216640" lon="121.4262130">
    <ele>13.9</ele>
    <time>2025-08-22T07:35:45Z</time>
   </trkpt>
   <trkpt lat="25.0216780" lon="121.4262250">
    <ele>13.9</ele>
    <time>2025-08-22T07:35:46Z</time>
   </trkpt>
   <trkpt lat="25.0216890" lon="121.4262280">
    <ele>13.9</ele>
    <time>2025-08-22T07:35:47Z</time>
   </trkpt>
   <trkpt lat="25.0217070" lon="121.4262250">
    <ele>13.9</ele>
    <time>2025-08-22T07:35:48Z</time>
   </trkpt>
   <trkpt lat="25.0217300" lon="121.4262290">
    <ele>13.8</ele>
    <time>2025-08-22T07:35:49Z</time>
   </trkpt>
   <trkpt lat="25.0217370" lon="121.4262330">
    <ele>13.8</ele>
    <time>2025-08-22T07:35:50Z</time>
   </trkpt>
   <trkpt lat="25.0217440" lon="121.4262370">
    <ele>13.8</ele>
    <time>2025-08-22T07:35:51Z</time>
   </trkpt>
   <trkpt lat="25.0217580" lon="121.4262410">
    <ele>13.8</ele>
    <time>2025-08-22T07:35:52Z</time>
   </trkpt>
   <trkpt lat="25.0217650" lon="121.4262410">
    <ele>13.8</ele>
    <time>2025-08-22T07:35:53Z</time>
   </trkpt>
   <trkpt lat="25.0217670" lon="121.4262440">
    <ele>13.8</ele>
    <time>2025-08-22T07:35:54Z</time>
   </trkpt>
   <trkpt lat="25.0217760" lon="121.4262520">
    <ele>13.8</ele>
    <time>2025-08-22T07:35:55Z</time>
   </trkpt>
   <trkpt lat="25.0217890" lon="121.4262570">
    <ele>13.8</ele>
    <time>2025-08-22T07:35:56Z</time>
   </trkpt>
   <trkpt lat="25.0218010" lon="121.4262740">
    <ele>13.8</ele>
    <time>2025-08-22T07:35:57Z</time>
   </trkpt>
   <trkpt lat="25.0218220" lon="121.4262970">
    <ele>13.8</ele>
    <time>2025-08-22T07:35:58Z</time>
   </trkpt>
   <trkpt lat="25.0218270" lon="121.4263050">
    <ele>13.8</ele>
    <time>2025-08-22T07:35:59Z</time>
   </trkpt>
   <trkpt lat="25.0218320" lon="121.4263150">
    <ele>13.8</ele>
    <time>2025-08-22T07:36:00Z</time>
   </trkpt>
   <trkpt lat="25.0218340" lon="121.4263260">
    <ele>13.8</ele>
    <time>2025-08-22T07:36:01Z</time>
   </trkpt>
   <trkpt lat="25.0218380" lon="121.4263350">
    <ele>13.8</ele>
    <time>2025-08-22T07:36:02Z</time>
   </trkpt>
   <trkpt lat="25.0218570" lon="121.4263500">
    <ele>13.8</ele>
    <time>2025-08-22T07:36:03Z</time>
   </trkpt>
   <trkpt lat="25.0218650" lon="121.4263570">
    <ele>13.8</ele>
    <time>2025-08-22T07:36:04Z</time>
   </trkpt>
   <trkpt lat="25.0218740" lon="121.4263640">
    <ele>13.8</ele>
    <time>2025-08-22T07:36:05Z</time>
   </trkpt>
   <trkpt lat="25.0218800" lon="121.4263740">
    <ele>13.8</ele>
    <time>2025-08-22T07:36:06Z</time>
   </trkpt>
   <trkpt lat="25.0218860" lon="121.4263880">
    <ele>13.8</ele>
    <time>2025-08-22T07:36:07Z</time>
   </trkpt>
   <trkpt lat="25.0218920" lon="121.4263980">
    <ele>13.8</ele>
    <time>2025-08-22T07:36:08Z</time>
   </trkpt>
   <trkpt lat="25.0218990" lon="121.4264110">
    <ele>13.8</ele>
    <time>2025-08-22T07:36:09Z</time>
   </trkpt>
   <trkpt lat="25.0219020" lon="121.4264160">
    <ele>13.8</ele>
    <time>2025-08-22T07:36:10Z</time>
   </trkpt>
   <trkpt lat="25.0219060" lon="121.4264220">
    <ele>13.7</ele>
    <time>2025-08-22T07:36:11Z</time>
   </trkpt>
   <trkpt lat="25.0219090" lon="121.4264270">
    <ele>13.7</ele>
    <time>2025-08-22T07:36:12Z</time>
   </trkpt>
   <trkpt lat="25.0219120" lon="121.4264330">
    <ele>13.7</ele>
    <time>2025-08-22T07:36:13Z</time>
   </trkpt>
   <trkpt lat="25.0219210" lon="121.4264390">
    <ele>13.7</ele>
    <time>2025-08-22T07:36:14Z</time>
   </trkpt>
   <trkpt lat="25.0219300" lon="121.4264390">
    <ele>13.6</ele>
    <time>2025-08-22T07:36:15Z</time>
   </trkpt>
   <trkpt lat="25.0219400" lon="121.4264390">
    <ele>13.6</ele>
    <time>2025-08-22T07:36:16Z</time>
   </trkpt>
   <trkpt lat="25.0219500" lon="121.4264390">
    <ele>13.6</ele>
    <time>2025-08-22T07:36:17Z</time>
   </trkpt>
   <trkpt lat="25.0219640" lon="121.4264390">
    <ele>13.5</ele>
    <time>2025-08-22T07:36:18Z</time>
   </trkpt>
   <trkpt lat="25.0219840" lon="121.4264300">
    <ele>13.4</ele>
    <time>2025-08-22T07:36:19Z</time>
   </trkpt>
   <trkpt lat="25.0220090" lon="121.4264190">
    <ele>13.4</ele>
    <time>2025-08-22T07:36:20Z</time>
   </trkpt>
   <trkpt lat="25.0220240" lon="121.4264110">
    <ele>13.4</ele>
    <time>2025-08-22T07:36:21Z</time>
   </trkpt>
   <trkpt lat="25.0220360" lon="121.4264050">
    <ele>13.4</ele>
    <time>2025-08-22T07:36:22Z</time>
   </trkpt>
   <trkpt lat="25.0220440" lon="121.4264040">
    <ele>13.4</ele>
    <time>2025-08-22T07:36:23Z</time>
   </trkpt>
   <trkpt lat="25.0220520" lon="121.4264010">
    <ele>13.4</ele>
    <time>2025-08-22T07:36:24Z</time>
   </trkpt>
   <trkpt lat="25.0220630" lon="121.4263940">
    <ele>13.4</ele>
    <time>2025-08-22T07:36:25Z</time>
   </trkpt>
   <trkpt lat="25.0220740" lon="121.4263840">
    <ele>13.4</ele>
    <time>2025-08-22T07:36:26Z</time>
   </trkpt>
   <trkpt lat="25.0220820" lon="121.4263810">
    <ele>13.4</ele>
    <time>2025-08-22T07:36:27Z</time>
   </trkpt>
   <trkpt lat="25.0220920" lon="121.4263810">
    <ele>13.4</ele>
    <time>2025-08-22T07:36:28Z</time>
   </trkpt>
   <trkpt lat="25.0221030" lon="121.4263750">
    <ele>13.4</ele>
    <time>2025-08-22T07:36:29Z</time>
   </trkpt>
   <trkpt lat="25.0221110" lon="121.4263750">
    <ele>13.4</ele>
    <time>2025-08-22T07:36:30Z</time>
   </trkpt>
   <trkpt lat="25.0221140" lon="121.4263790">
    <ele>13.4</ele>
    <time>2025-08-22T07:36:31Z</time>
   </trkpt>
   <trkpt lat="25.0221200" lon="121.4263800">
    <ele>13.4</ele>
    <time>2025-08-22T07:36:32Z</time>
   </trkpt>
   <trkpt lat="25.0221210" lon="121.4263830">
    <ele>13.4</ele>
    <time>2025-08-22T07:36:33Z</time>
   </trkpt>
   <trkpt lat="25.0221360" lon="121.4263770">
    <ele>13.4</ele>
    <time>2025-08-22T07:36:34Z</time>
   </trkpt>
   <trkpt lat="25.0221380" lon="121.4263650">
    <ele>13.4</ele>
    <time>2025-08-22T07:36:35Z</time>
   </trkpt>
   <trkpt lat="25.0221490" lon="121.4263580">
    <ele>13.5</ele>
    <time>2025-08-22T07:36:36Z</time>
   </trkpt>
   <trkpt lat="25.0221760" lon="121.4263530">
    <ele>13.5</ele>
    <time>2025-08-22T07:36:37Z</time>
   </trkpt>
   <trkpt lat="25.0222050" lon="121.4263250">
    <ele>13.5</ele>
    <time>2025-08-22T07:36:38Z</time>
   </trkpt>
   <trkpt lat="25.0222270" lon="121.4263070">
    <ele>13.5</ele>
    <time>2025-08-22T07:36:39Z</time>
   </trkpt>
   <trkpt lat="25.0222460" lon="121.4262970">
    <ele>13.5</ele>
    <time>2025-08-22T07:36:40Z</time>
   </trkpt>
   <trkpt lat="25.0222600" lon="121.4262920">
    <ele>13.5</ele>
    <time>2025-08-22T07:36:41Z</time>
   </trkpt>
   <trkpt lat="25.0222640" lon="121.4262740">
    <ele>13.5</ele>
    <time>2025-08-22T07:36:42Z</time>
   </trkpt>
   <trkpt lat="25.0222580" lon="121.4262620">
    <ele>13.5</ele>
    <time>2025-08-22T07:36:43Z</time>
   </trkpt>
   <trkpt lat="25.0222530" lon="121.4262510">
    <ele>13.5</ele>
    <time>2025-08-22T07:36:44Z</time>
   </trkpt>
   <trkpt lat="25.0222470" lon="121.4262400">
    <ele>13.5</ele>
    <time>2025-08-22T07:36:45Z</time>
   </trkpt>
   <trkpt lat="25.0222310" lon="121.4262190">
    <ele>13.5</ele>
    <time>2025-08-22T07:36:46Z</time>
   </trkpt>
   <trkpt lat="25.0222290" lon="121.4262100">
    <ele>13.5</ele>
    <time>2025-08-22T07:36:47Z</time>
   </trkpt>
   <trkpt lat="25.0222270" lon="121.4262020">
    <ele>13.5</ele>
    <time>2025-08-22T07:36:48Z</time>
   </trkpt>
   <trkpt lat="25.0222050" lon="121.4261800">
    <ele>13.5</ele>
    <time>2025-08-22T07:36:49Z</time>
   </trkpt>
   <trkpt lat="25.0221970" lon="121.4261730">
    <ele>13.4</ele>
    <time>2025-08-22T07:36:50Z</time>
   </trkpt>
   <trkpt lat="25.0221890" lon="121.4261630">
    <ele>13.4</ele>
    <time>2025-08-22T07:36:51Z</time>
   </trkpt>
   <trkpt lat="25.0221760" lon="121.4261530">
    <ele>13.4</ele>
    <time>2025-08-22T07:36:52Z</time>
   </trkpt>
   <trkpt lat="25.0221630" lon="121.4261480">
    <ele>13.4</ele>
    <time>2025-08-22T07:36:53Z</time>
   </trkpt>
   <trkpt lat="25.0221600" lon="121.4261460">
    <ele>13.4</ele>
    <time>2025-08-22T07:36:54Z</time>
   </trkpt>
   <trkpt lat="25.0221570" lon="121.4261500">
    <ele>13.4</ele>
    <time>2025-08-22T07:36:55Z</time>
   </trkpt>
   <trkpt lat="25.0221500" lon="121.4261550">
    <ele>13.4</ele>
    <time>2025-08-22T07:36:56Z</time>
   </trkpt>
   <trkpt lat="25.0221420" lon="121.4261510">
    <ele>13.4</ele>
    <time>2025-08-22T07:36:57Z</time>
   </trkpt>
   <trkpt lat="25.0221340" lon="121.4261460">
    <ele>13.4</ele>
    <time>2025-08-22T07:36:58Z</time>
   </trkpt>
   <trkpt lat="25.0221250" lon="121.4261430">
    <ele>13.4</ele>
    <time>2025-08-22T07:36:59Z</time>
   </trkpt>
   <trkpt lat="25.0221160" lon="121.4261370">
    <ele>13.4</ele>
    <time>2025-08-22T07:37:00Z</time>
   </trkpt>
   <trkpt lat="25.0221100" lon="121.4261220">
    <ele>13.4</ele>
    <time>2025-08-22T07:37:01Z</time>
   </trkpt>
   <trkpt lat="25.0221070" lon="121.4261070">
    <ele>13.4</ele>
    <time>2025-08-22T07:37:02Z</time>
   </trkpt>
   <trkpt lat="25.0221050" lon="121.4260970">
    <ele>13.4</ele>
    <time>2025-08-22T07:37:03Z</time>
   </trkpt>
   <trkpt lat="25.0220980" lon="121.4260880">
    <ele>13.4</ele>
    <time>2025-08-22T07:37:04Z</time>
   </trkpt>
   <trkpt lat="25.0220970" lon="121.4260780">
    <ele>13.4</ele>
    <time>2025-08-22T07:37:05Z</time>
   </trkpt>
   <trkpt lat="25.0220970" lon="121.4260680">
    <ele>13.4</ele>
    <time>2025-08-22T07:37:06Z</time>
   </trkpt>
   <trkpt lat="25.0220930" lon="121.4260560">
    <ele>13.4</ele>
    <time>2025-08-22T07:37:07Z</time>
   </trkpt>
   <trkpt lat="25.0220880" lon="121.4260490">
    <ele>13.4</ele>
    <time>2025-08-22T07:37:08Z</time>
   </trkpt>
   <trkpt lat="25.0220770" lon="121.4260590">
    <ele>13.4</ele>
    <time>2025-08-22T07:37:09Z</time>
   </trkpt>
   <trkpt lat="25.0220650" lon="121.4260440">
    <ele>13.4</ele>
    <time>2025-08-22T07:37:10Z</time>
   </trkpt>
   <trkpt lat="25.0220640" lon="121.4260310">
    <ele>13.4</ele>
    <time>2025-08-22T07:37:11Z</time>
   </trkpt>
   <trkpt lat="25.0220650" lon="121.4260160">
    <ele>13.4</ele>
    <time>2025-08-22T07:37:12Z</time>
   </trkpt>
   <trkpt lat="25.0220620" lon="121.4260010">
    <ele>13.4</ele>
    <time>2025-08-22T07:37:13Z</time>
   </trkpt>
   <trkpt lat="25.0220620" lon="121.4259970">
    <ele>13.3</ele>
    <time>2025-08-22T07:37:14Z</time>
   </trkpt>
   <trkpt lat="25.0220640" lon="121.4259870">
    <ele>13.3</ele>
    <time>2025-08-22T07:37:15Z</time>
   </trkpt>
   <trkpt lat="25.0220700" lon="121.4259620">
    <ele>13.3</ele>
    <time>2025-08-22T07:37:16Z</time>
   </trkpt>
   <trkpt lat="25.0220820" lon="121.4259370">
    <ele>13.3</ele>
    <time>2025-08-22T07:37:17Z</time>
   </trkpt>
   <trkpt lat="25.0220840" lon="121.4259310">
    <ele>13.3</ele>
    <time>2025-08-22T07:37:18Z</time>
   </trkpt>
   <trkpt lat="25.0220870" lon="121.4259250">
    <ele>13.3</ele>
    <time>2025-08-22T07:37:19Z</time>
   </trkpt>
   <trkpt lat="25.0221040" lon="121.4259080">
    <ele>13.3</ele>
    <time>2025-08-22T07:37:20Z</time>
   </trkpt>
   <trkpt lat="25.0221120" lon="121.4259040">
    <ele>13.3</ele>
    <time>2025-08-22T07:37:21Z</time>
   </trkpt>
   <trkpt lat="25.0221200" lon="121.4259010">
    <ele>13.3</ele>
    <time>2025-08-22T07:37:22Z</time>
   </trkpt>
   <trkpt lat="25.0221320" lon="121.4258880">
    <ele>13.3</ele>
    <time>2025-08-22T07:37:23Z</time>
   </trkpt>
   <trkpt lat="25.0221380" lon="121.4258800">
    <ele>13.3</ele>
    <time>2025-08-22T07:37:24Z</time>
   </trkpt>
   <trkpt lat="25.0221450" lon="121.4258720">
    <ele>13.3</ele>
    <time>2025-08-22T07:37:25Z</time>
   </trkpt>
   <trkpt lat="25.0221520" lon="121.4258690">
    <ele>13.3</ele>
    <time>2025-08-22T07:37:26Z</time>
   </trkpt>
   <trkpt lat="25.0221590" lon="121.4258590">
    <ele>13.3</ele>
    <time>2025-08-22T07:37:27Z</time>
   </trkpt>
   <trkpt lat="25.0221690" lon="121.4258460">
    <ele>13.3</ele>
    <time>2025-08-22T07:37:28Z</time>
   </trkpt>
   <trkpt lat="25.0221780" lon="121.4258360">
    <ele>13.3</ele>
    <time>2025-08-22T07:37:29Z</time>
   </trkpt>
   <trkpt lat="25.0221830" lon="121.4258430">
    <ele>13.3</ele>
    <time>2025-08-22T07:37:30Z</time>
   </trkpt>
   <trkpt lat="25.0221930" lon="121.4258400">
    <ele>13.3</ele>
    <time>2025-08-22T07:37:31Z</time>
   </trkpt>
   <trkpt lat="25.0222000" lon="121.4258310">
    <ele>13.3</ele>
    <time>2025-08-22T07:37:32Z</time>
   </trkpt>
   <trkpt lat="25.0222130" lon="121.4258140">
    <ele>13.3</ele>
    <time>2025-08-22T07:37:33Z</time>
   </trkpt>
   <trkpt lat="25.0222190" lon="121.4258070">
    <ele>13.3</ele>
    <time>2025-08-22T07:37:34Z</time>
   </trkpt>
   <trkpt lat="25.0222250" lon="121.4258000">
    <ele>13.3</ele>
    <time>2025-08-22T07:37:35Z</time>
   </trkpt>
   <trkpt lat="25.0222370" lon="121.4257900">
    <ele>13.3</ele>
    <time>2025-08-22T07:37:36Z</time>
   </trkpt>
   <trkpt lat="25.0222480" lon="121.4257810">
    <ele>13.3</ele>
    <time>2025-08-22T07:37:37Z</time>
   </trkpt>
   <trkpt lat="25.0222620" lon="121.4257730">
    <ele>13.3</ele>
    <time>2025-08-22T07:37:38Z</time>
   </trkpt>
   <trkpt lat="25.0222760" lon="121.4257650">
    <ele>13.3</ele>
    <time>2025-08-22T07:37:39Z</time>
   </trkpt>
   <trkpt lat="25.0222850" lon="121.4257570">
    <ele>13.3</ele>
    <time>2025-08-22T07:37:40Z</time>
   </trkpt>
   <trkpt lat="25.0222920" lon="121.4257550">
    <ele>13.3</ele>
    <time>2025-08-22T07:37:41Z</time>
   </trkpt>
   <trkpt lat="25.0222960" lon="121.4257550">
    <ele>13.3</ele>
    <time>2025-08-22T07:37:42Z</time>
   </trkpt>
   <trkpt lat="25.0223040" lon="121.4257480">
    <ele>13.3</ele>
    <time>2025-08-22T07:37:43Z</time>
   </trkpt>
   <trkpt lat="25.0223160" lon="121.4257300">
    <ele>13.3</ele>
    <time>2025-08-22T07:37:44Z</time>
   </trkpt>
   <trkpt lat="25.0223210" lon="121.4257230">
    <ele>13.4</ele>
    <time>2025-08-22T07:37:45Z</time>
   </trkpt>
   <trkpt lat="25.0223260" lon="121.4257160">
    <ele>13.4</ele>
    <time>2025-08-22T07:37:46Z</time>
   </trkpt>
   <trkpt lat="25.0223380" lon="121.4257050">
    <ele>13.4</ele>
    <time>2025-08-22T07:37:47Z</time>
   </trkpt>
   <trkpt lat="25.0223490" lon="121.4256950">
    <ele>13.4</ele>
    <time>2025-08-22T07:37:48Z</time>
   </trkpt>
   <trkpt lat="25.0223590" lon="121.4256870">
    <ele>13.4</ele>
    <time>2025-08-22T07:37:49Z</time>
   </trkpt>
   <trkpt lat="25.0223730" lon="121.4256730">
    <ele>13.4</ele>
    <time>2025-08-22T07:37:50Z</time>
   </trkpt>
   <trkpt lat="25.0223860" lon="121.4256620">
    <ele>13.4</ele>
    <time>2025-08-22T07:37:51Z</time>
   </trkpt>
   <trkpt lat="25.0223990" lon="121.4256460">
    <ele>13.4</ele>
    <time>2025-08-22T07:37:52Z</time>
   </trkpt>
   <trkpt lat="25.0224090" lon="121.4256420">
    <ele>13.5</ele>
    <time>2025-08-22T07:37:53Z</time>
   </trkpt>
   <trkpt lat="25.0224180" lon="121.4256360">
    <ele>13.5</ele>
    <time>2025-08-22T07:37:54Z</time>
   </trkpt>
   <trkpt lat="25.0224280" lon="121.4256330">
    <ele>13.5</ele>
    <time>2025-08-22T07:37:55Z</time>
   </trkpt>
   <trkpt lat="25.0224380" lon="121.4256280">
    <ele>13.5</ele>
    <time>2025-08-22T07:37:56Z</time>
   </trkpt>
   <trkpt lat="25.0224450" lon="121.4256210">
    <ele>13.5</ele>
    <time>2025-08-22T07:37:57Z</time>
   </trkpt>
   <trkpt lat="25.0224550" lon="121.4256130">
    <ele>13.5</ele>
    <time>2025-08-22T07:37:58Z</time>
   </trkpt>
   <trkpt lat="25.0224660" lon="121.4256100">
    <ele>13.5</ele>
    <time>2025-08-22T07:37:59Z</time>
   </trkpt>
   <trkpt lat="25.0224780" lon="121.4256040">
    <ele>13.5</ele>
    <time>2025-08-22T07:38:00Z</time>
   </trkpt>
   <trkpt lat="25.0224790" lon="121.4256020">
    <ele>13.5</ele>
    <time>2025-08-22T07:38:01Z</time>
   </trkpt>
   <trkpt lat="25.0224780" lon="121.4256060">
    <ele>13.5</ele>
    <time>2025-08-22T07:38:02Z</time>
   </trkpt>
   <trkpt lat="25.0224820" lon="121.4256040">
    <ele>13.5</ele>
    <time>2025-08-22T07:38:03Z</time>
   </trkpt>
   <trkpt lat="25.0224920" lon="121.4255950">
    <ele>13.5</ele>
    <time>2025-08-22T07:38:04Z</time>
   </trkpt>
   <trkpt lat="25.0225090" lon="121.4255820">
    <ele>13.6</ele>
    <time>2025-08-22T07:38:05Z</time>
   </trkpt>
   <trkpt lat="25.0225180" lon="121.4255710">
    <ele>13.6</ele>
    <time>2025-08-22T07:38:06Z</time>
   </trkpt>
   <trkpt lat="25.0225160" lon="121.4255540">
    <ele>13.6</ele>
    <time>2025-08-22T07:38:07Z</time>
   </trkpt>
   <trkpt lat="25.0225250" lon="121.4255480">
    <ele>13.6</ele>
    <time>2025-08-22T07:38:08Z</time>
   </trkpt>
   <trkpt lat="25.0225310" lon="121.4255430">
    <ele>13.6</ele>
    <time>2025-08-22T07:38:09Z</time>
   </trkpt>
   <trkpt lat="25.0225420" lon="121.4255420">
    <ele>13.6</ele>
    <time>2025-08-22T07:38:10Z</time>
   </trkpt>
   <trkpt lat="25.0225510" lon="121.4255340">
    <ele>13.7</ele>
    <time>2025-08-22T07:38:11Z</time>
   </trkpt>
   <trkpt lat="25.0225670" lon="121.4255260">
    <ele>13.7</ele>
    <time>2025-08-22T07:38:12Z</time>
   </trkpt>
   <trkpt lat="25.0225710" lon="121.4255070">
    <ele>13.7</ele>
    <time>2025-08-22T07:38:13Z</time>
   </trkpt>
   <trkpt lat="25.0225730" lon="121.4254870">
    <ele>13.7</ele>
    <time>2025-08-22T07:38:14Z</time>
   </trkpt>
   <trkpt lat="25.0225770" lon="121.4254700">
    <ele>13.7</ele>
    <time>2025-08-22T07:38:15Z</time>
   </trkpt>
   <trkpt lat="25.0225780" lon="121.4254570">
    <ele>13.8</ele>
    <time>2025-08-22T07:38:16Z</time>
   </trkpt>
   <trkpt lat="25.0225880" lon="121.4254490">
    <ele>13.8</ele>
    <time>2025-08-22T07:38:17Z</time>
   </trkpt>
   <trkpt lat="25.0225940" lon="121.4254410">
    <ele>13.8</ele>
    <time>2025-08-22T07:38:18Z</time>
   </trkpt>
   <trkpt lat="25.0226050" lon="121.4254360">
    <ele>13.8</ele>
    <time>2025-08-22T07:38:19Z</time>
   </trkpt>
   <trkpt lat="25.0226160" lon="121.4254290">
    <ele>13.8</ele>
    <time>2025-08-22T07:38:20Z</time>
   </trkpt>
   <trkpt lat="25.0226190" lon="121.4254260">
    <ele>13.8</ele>
    <time>2025-08-22T07:38:21Z</time>
   </trkpt>
   <trkpt lat="25.0226300" lon="121.4254190">
    <ele>13.9</ele>
    <time>2025-08-22T07:38:22Z</time>
   </trkpt>
   <trkpt lat="25.0226400" lon="121.4254190">
    <ele>13.9</ele>
    <time>2025-08-22T07:38:23Z</time>
   </trkpt>
   <trkpt lat="25.0226490" lon="121.4254200">
    <ele>13.9</ele>
    <time>2025-08-22T07:38:24Z</time>
   </trkpt>
   <trkpt lat="25.0226580" lon="121.4254210">
    <ele>13.9</ele>
    <time>2025-08-22T07:38:25Z</time>
   </trkpt>
   <trkpt lat="25.0226700" lon="121.4254230">
    <ele>13.9</ele>
    <time>2025-08-22T07:38:26Z</time>
   </trkpt>
   <trkpt lat="25.0226770" lon="121.4254240">
    <ele>13.9</ele>
    <time>2025-08-22T07:38:27Z</time>
   </trkpt>
   <trkpt lat="25.0226790" lon="121.4254250">
    <ele>13.9</ele>
    <time>2025-08-22T07:38:28Z</time>
   </trkpt>
   <trkpt lat="25.0226930" lon="121.4254190">
    <ele>14.0</ele>
    <time>2025-08-22T07:38:29Z</time>
   </trkpt>
   <trkpt lat="25.0227090" lon="121.4254220">
    <ele>14.0</ele>
    <time>2025-08-22T07:38:30Z</time>
   </trkpt>
   <trkpt lat="25.0227190" lon="121.4254170">
    <ele>14.0</ele>
    <time>2025-08-22T07:38:31Z</time>
   </trkpt>
   <trkpt lat="25.0227240" lon="121.4254050">
    <ele>14.0</ele>
    <time>2025-08-22T07:38:32Z</time>
   </trkpt>
   <trkpt lat="25.0227320" lon="121.4253940">
    <ele>14.1</ele>
    <time>2025-08-22T07:38:33Z</time>
   </trkpt>
   <trkpt lat="25.0227390" lon="121.4253860">
    <ele>14.1</ele>
    <time>2025-08-22T07:38:34Z</time>
   </trkpt>
   <trkpt lat="25.0227490" lon="121.4253750">
    <ele>14.1</ele>
    <time>2025-08-22T07:38:35Z</time>
   </trkpt>
   <trkpt lat="25.0227600" lon="121.4253680">
    <ele>14.2</ele>
    <time>2025-08-22T07:38:36Z</time>
   </trkpt>
   <trkpt lat="25.0227750" lon="121.4253520">
    <ele>14.2</ele>
    <time>2025-08-22T07:38:37Z</time>
   </trkpt>
   <trkpt lat="25.0227900" lon="121.4253360">
    <ele>14.3</ele>
    <time>2025-08-22T07:38:38Z</time>
   </trkpt>
   <trkpt lat="25.0227960" lon="121.4253290">
    <ele>14.3</ele>
    <time>2025-08-22T07:38:39Z</time>
   </trkpt>
   <trkpt lat="25.0228010" lon="121.4253230">
    <ele>14.4</ele>
    <time>2025-08-22T07:38:40Z</time>
   </trkpt>
   <trkpt lat="25.0228100" lon="121.4253120">
    <ele>14.4</ele>
    <time>2025-08-22T07:38:41Z</time>
   </trkpt>
   <trkpt lat="25.0228220" lon="121.4252990">
    <ele>14.5</ele>
    <time>2025-08-22T07:38:42Z</time>
   </trkpt>
   <trkpt lat="25.0228340" lon="121.4252840">
    <ele>14.5</ele>
    <time>2025-08-22T07:38:43Z</time>
   </trkpt>
   <trkpt lat="25.0228480" lon="121.4252740">
    <ele>14.6</ele>
    <time>2025-08-22T07:38:44Z</time>
   </trkpt>
   <trkpt lat="25.0228650" lon="121.4252620">
    <ele>14.6</ele>
    <time>2025-08-22T07:38:45Z</time>
   </trkpt>
   <trkpt lat="25.0228720" lon="121.4252550">
    <ele>14.7</ele>
    <time>2025-08-22T07:38:46Z</time>
   </trkpt>
   <trkpt lat="25.0228780" lon="121.4252490">
    <ele>14.7</ele>
    <time>2025-08-22T07:38:47Z</time>
   </trkpt>
   <trkpt lat="25.0228810" lon="121.4252350">
    <ele>14.7</ele>
    <time>2025-08-22T07:38:48Z</time>
   </trkpt>
   <trkpt lat="25.0228850" lon="121.4252190">
    <ele>14.7</ele>
    <time>2025-08-22T07:38:49Z</time>
   </trkpt>
   <trkpt lat="25.0228890" lon="121.4252070">
    <ele>14.7</ele>
    <time>2025-08-22T07:38:50Z</time>
   </trkpt>
   <trkpt lat="25.0228890" lon="121.4251900">
    <ele>14.7</ele>
    <time>2025-08-22T07:38:51Z</time>
   </trkpt>
   <trkpt lat="25.0228880" lon="121.4251730">
    <ele>14.7</ele>
    <time>2025-08-22T07:38:52Z</time>
   </trkpt>
   <trkpt lat="25.0228850" lon="121.4251630">
    <ele>14.7</ele>
    <time>2025-08-22T07:38:53Z</time>
   </trkpt>
   <trkpt lat="25.0228860" lon="121.4251630">
    <ele>14.7</ele>
    <time>2025-08-22T07:38:54Z</time>
   </trkpt>
   <trkpt lat="25.0228880" lon="121.4251600">
    <ele>14.7</ele>
    <time>2025-08-22T07:38:55Z</time>
   </trkpt>
   <trkpt lat="25.0228900" lon="121.4251500">
    <ele>14.7</ele>
    <time>2025-08-22T07:38:56Z</time>
   </trkpt>
   <trkpt lat="25.0228930" lon="121.4251380">
    <ele>14.7</ele>
    <time>2025-08-22T07:38:57Z</time>
   </trkpt>
   <trkpt lat="25.0228910" lon="121.4251270">
    <ele>14.7</ele>
    <time>2025-08-22T07:38:58Z</time>
   </trkpt>
   <trkpt lat="25.0228950" lon="121.4251200">
    <ele>14.7</ele>
    <time>2025-08-22T07:38:59Z</time>
   </trkpt>
   <trkpt lat="25.0228960" lon="121.4251110">
    <ele>14.7</ele>
    <time>2025-08-22T07:39:00Z</time>
   </trkpt>
  </trkseg>
 </trk>
</gpx>
