<?xml version="1.0" encoding="UTF-8"?>
<gpx xmlns:xsi="http://www.w3.org/2001/XMLSchema-instance" xsi:schemaLocation="http://www.topografix.com/GPX/1/1 http://www.topografix.com/GPX/1/1/gpx.xsd" creator="StravaGPX" version="1.1" xmlns="http://www.topografix.com/GPX/1/1">
 <metadata>
  <time>2025-08-25T02:35:57Z</time>
 </metadata>
 <trk>
  <name>晨間步行</name>
  <type>walking</type>
  <trkseg>
   <trkpt lat="25.0257520" lon="121.4291070">
    <ele>15.7</ele>
    <time>2025-08-25T02:35:57Z</time>
   </trkpt>
   <trkpt lat="25.0257640" lon="121.4291590">
    <ele>15.7</ele>
    <time>2025-08-25T02:36:02Z</time>
   </trkpt>
   <trkpt lat="25.0257610" lon="121.4291270">
    <ele>15.8</ele>
    <time>2025-08-25T02:36:07Z</time>
   </trkpt>
   <trkpt lat="25.0257610" lon="121.4291390">
    <ele>15.8</ele>
    <time>2025-08-25T02:36:13Z</time>
   </trkpt>
   <trkpt lat="25.0257650" lon="121.4291560">
    <ele>15.8</ele>
    <time>2025-08-25T02:36:18Z</time>
   </trkpt>
   <trkpt lat="25.0257450" lon="121.4291530">
    <ele>15.8</ele>
    <time>2025-08-25T02:36:23Z</time>
   </trkpt>
   <trkpt lat="25.0257640" lon="121.4291610">
    <ele>15.8</ele>
    <time>2025-08-25T02:36:28Z</time>
   </trkpt>
   <trkpt lat="25.0257630" lon="121.4290850">
    <ele>15.8</ele>
    <time>2025-08-25T02:36:33Z</time>
   </trkpt>
   <trkpt lat="25.0257820" lon="121.4290760">
    <ele>15.8</ele>
    <time>2025-08-25T02:36:38Z</time>
   </trkpt>
   <trkpt lat="25.0257720" lon="121.4290760">
    <ele>15.8</ele>
    <time>2025-08-25T02:36:43Z</time>
   </trkpt>
   <trkpt lat="25.0257670" lon="121.4290860">
    <ele>15.8</ele>
    <time>2025-08-25T02:36:48Z</time>
   </trkpt>
   <trkpt lat="25.0257700" lon="121.4290870">
    <ele>15.8</ele>
    <time>2025-08-25T02:36:53Z</time>
   </trkpt>
   <trkpt lat="25.0257580" lon="121.4291220">
    <ele>15.8</ele>
    <time>2025-08-25T02:36:58Z</time>
   </trkpt>
   <trkpt lat="25.0257530" lon="121.4291120">
    <ele>15.8</ele>
    <time>2025-08-25T02:37:03Z</time>
   </trkpt>
   <trkpt lat="25.0257890" lon="121.4291550">
    <ele>15.8</ele>
    <time>2025-08-25T02:37:08Z</time>
   </trkpt>
   <trkpt lat="25.0257750" lon="121.4291340">
    <ele>15.9</ele>
    <time>2025-08-25T02:37:13Z</time>
   </trkpt>
   <trkpt lat="25.0257660" lon="121.4291040">
    <ele>15.9</ele>
    <time>2025-08-25T02:37:18Z</time>
   </trkpt>
   <trkpt lat="25.0257650" lon="121.4291010">
    <ele>15.9</ele>
    <time>2025-08-25T02:37:22Z</time>
   </trkpt>
   <trkpt lat="25.0257650" lon="121.4291010">
    <ele>15.9</ele>
    <time>2025-08-25T02:37:23Z</time>
   </trkpt>
   <trkpt lat="25.0257640" lon="121.4291160">
    <ele>15.9</ele>
    <time>2025-08-25T02:37:24Z</time>
   </trkpt>
   <trkpt lat="25.0257640" lon="121.4291200">
    <ele>15.9</ele>
    <time>2025-08-25T02:37:25Z</time>
   </trkpt>
   <trkpt lat="25.0257640" lon="121.4291200">
    <ele>15.9</ele>
    <time>2025-08-25T02:37:26Z</time>
   </trkpt>
   <trkpt lat="25.0257640" lon="121.4291200">
    <ele>15.9</ele>
    <time>2025-08-25T02:37:27Z</time>
   </trkpt>
   <trkpt lat="25.0257630" lon="121.4291180">
    <ele>15.9</ele>
    <time>2025-08-25T02:37:28Z</time>
   </trkpt>
   <trkpt lat="25.0257550" lon="121.4291190">
    <ele>15.9</ele>
    <time>2025-08-25T02:37:29Z</time>
   </trkpt>
   <trkpt lat="25.0257510" lon="121.4291190">
    <ele>15.9</ele>
    <time>2025-08-25T02:37:30Z</time>
   </trkpt>
   <trkpt lat="25.0257490" lon="121.4291190">
    <ele>15.9</ele>
    <time>2025-08-25T02:37:31Z</time>
   </trkpt>
   <trkpt lat="25.0257490" lon="121.4291190">
    <ele>15.9</ele>
    <time>2025-08-25T02:37:32Z</time>
   </trkpt>
   <trkpt lat="25.0257490" lon="121.4291190">
    <ele>15.9</ele>
    <time>2025-08-25T02:37:33Z</time>
   </trkpt>
   <trkpt lat="25.0257520" lon="121.4290910">
    <ele>15.9</ele>
    <time>2025-08-25T02:37:34Z</time>
   </trkpt>
   <trkpt lat="25.0257550" lon="121.4290670">
    <ele>15.9</ele>
    <time>2025-08-25T02:37:35Z</time>
   </trkpt>
   <trkpt lat="25.0257550" lon="121.4290550">
    <ele>15.9</ele>
    <time>2025-08-25T02:37:36Z</time>
   </trkpt>
   <trkpt lat="25.0257550" lon="121.4290520">
    <ele>15.9</ele>
    <time>2025-08-25T02:37:37Z</time>
   </trkpt>
   <trkpt lat="25.0257550" lon="121.4290520">
    <ele>15.9</ele>
    <time>2025-08-25T02:37:38Z</time>
   </trkpt>
   <trkpt lat="25.0257560" lon="121.4290990">
    <ele>15.9</ele>
    <time>2025-08-25T02:37:39Z</time>
   </trkpt>
   <trkpt lat="25.0257570" lon="121.4291090">
    <ele>15.9</ele>
    <time>2025-08-25T02:37:40Z</time>
   </trkpt>
   <trkpt lat="25.0257570" lon="121.4291140">
    <ele>15.9</ele>
    <time>2025-08-25T02:37:41Z</time>
   </trkpt>
   <trkpt lat="25.0257570" lon="121.4291150">
    <ele>15.9</ele>
    <time>2025-08-25T02:37:42Z</time>
   </trkpt>
   <trkpt lat="25.0257570" lon="121.4291140">
    <ele>15.9</ele>
    <time>2025-08-25T02:37:43Z</time>
   </trkpt>
   <trkpt lat="25.0257630" lon="121.4291130">
    <ele>15.9</ele>
    <time>2025-08-25T02:37:44Z</time>
   </trkpt>
   <trkpt lat="25.0257650" lon="121.4291120">
    <ele>15.9</ele>
    <time>2025-08-25T02:37:45Z</time>
   </trkpt>
   <trkpt lat="25.0257660" lon="121.4291120">
    <ele>15.9</ele>
    <time>2025-08-25T02:37:46Z</time>
   </trkpt>
   <trkpt lat="25.0257650" lon="121.4291120">
    <ele>15.9</ele>
    <time>2025-08-25T02:37:47Z</time>
   </trkpt>
   <trkpt lat="25.0257650" lon="121.4291110">
    <ele>15.9</ele>
    <time>2025-08-25T02:37:48Z</time>
   </trkpt>
   <trkpt lat="25.0257650" lon="121.4291140">
    <ele>15.9</ele>
    <time>2025-08-25T02:37:49Z</time>
   </trkpt>
   <trkpt lat="25.0257640" lon="121.4291080">
    <ele>15.9</ele>
    <time>2025-08-25T02:37:50Z</time>
   </trkpt>
   <trkpt lat="25.0257640" lon="121.4291050">
    <ele>15.9</ele>
    <time>2025-08-25T02:37:51Z</time>
   </trkpt>
   <trkpt lat="25.0257640" lon="121.4291020">
    <ele>15.9</ele>
    <time>2025-08-25T02:37:52Z</time>
   </trkpt>
   <trkpt lat="25.0257630" lon="121.4291010">
    <ele>15.9</ele>
    <time>2025-08-25T02:37:53Z</time>
   </trkpt>
   <trkpt lat="25.0257580" lon="121.4291000">
    <ele>15.9</ele>
    <time>2025-08-25T02:37:54Z</time>
   </trkpt>
   <trkpt lat="25.0257540" lon="121.4290990">
    <ele>15.9</ele>
    <time>2025-08-25T02:37:55Z</time>
   </trkpt>
   <trkpt lat="25.0257520" lon="121.4290980">
    <ele>15.9</ele>
    <time>2025-08-25T02:37:56Z</time>
   </trkpt>
   <trkpt lat="25.0257500" lon="121.4290960">
    <ele>15.9</ele>
    <time>2025-08-25T02:37:57Z</time>
   </trkpt>
   <trkpt lat="25.0257500" lon="121.4290960">
    <ele>15.9</ele>
    <time>2025-08-25T02:37:58Z</time>
   </trkpt>
   <trkpt lat="25.0257500" lon="121.4290970">
    <ele>15.9</ele>
    <time>2025-08-25T02:37:59Z</time>
   </trkpt>
   <trkpt lat="25.0257600" lon="121.4291140">
    <ele>15.9</ele>
    <time>2025-08-25T02:38:00Z</time>
   </trkpt>
   <trkpt lat="25.0257630" lon="121.4291200">
    <ele>15.9</ele>
    <time>2025-08-25T02:38:01Z</time>
   </trkpt>
   <trkpt lat="25.0257630" lon="121.4291160">
    <ele>15.9</ele>
    <time>2025-08-25T02:38:02Z</time>
   </trkpt>
   <trkpt lat="25.0257650" lon="121.4291110">
    <ele>15.9</ele>
    <time>2025-08-25T02:38:03Z</time>
   </trkpt>
   <trkpt lat="25.0257680" lon="121.4291070">
    <ele>15.9</ele>
    <time>2025-08-25T02:38:04Z</time>
   </trkpt>
   <trkpt lat="25.0257670" lon="121.4290880">
    <ele>15.9</ele>
    <time>2025-08-25T02:38:05Z</time>
   </trkpt>
   <trkpt lat="25.0257640" lon="121.4290720">
    <ele>15.9</ele>
    <time>2025-08-25T02:38:06Z</time>
   </trkpt>
   <trkpt lat="25.0257580" lon="121.4290590">
    <ele>16.0</ele>
    <time>2025-08-25T02:38:07Z</time>
   </trkpt>
   <trkpt lat="25.0257500" lon="121.4290570">
    <ele>16.0</ele>
    <time>2025-08-25T02:38:08Z</time>
   </trkpt>
   <trkpt lat="25.0257500" lon="121.4290650">
    <ele>16.0</ele>
    <time>2025-08-25T02:38:09Z</time>
   </trkpt>
   <trkpt lat="25.0257500" lon="121.4290720">
    <ele>16.0</ele>
    <time>2025-08-25T02:38:10Z</time>
   </trkpt>
   <trkpt lat="25.0257510" lon="121.4290790">
    <ele>16.0</ele>
    <time>2025-08-25T02:38:12Z</time>
   </trkpt>
   <trkpt lat="25.0257510" lon="121.4290860">
    <ele>16.0</ele>
    <time>2025-08-25T02:38:13Z</time>
   </trkpt>
   <trkpt lat="25.0257510" lon="121.4290940">
    <ele>16.0</ele>
    <time>2025-08-25T02:38:14Z</time>
   </trkpt>
   <trkpt lat="25.0257510" lon="121.4291010">
    <ele>16.0</ele>
    <time>2025-08-25T02:38:15Z</time>
   </trkpt>
   <trkpt lat="25.0257500" lon="121.4291020">
    <ele>16.0</ele>
    <time>2025-08-25T02:38:16Z</time>
   </trkpt>
   <trkpt lat="25.0257500" lon="121.4291000">
    <ele>16.0</ele>
    <time>2025-08-25T02:38:17Z</time>
   </trkpt>
   <trkpt lat="25.0257490" lon="121.4290980">
    <ele>16.0</ele>
    <time>2025-08-25T02:38:18Z</time>
   </trkpt>
   <trkpt lat="25.0257490" lon="121.4290950">
    <ele>16.0</ele>
    <time>2025-08-25T02:38:19Z</time>
   </trkpt>
   <trkpt lat="25.0257530" lon="121.4291070">
    <ele>16.0</ele>
    <time>2025-08-25T02:38:20Z</time>
   </trkpt>
   <trkpt lat="25.0257540" lon="121.4291080">
    <ele>16.0</ele>
    <time>2025-08-25T02:38:21Z</time>
   </trkpt>
   <trkpt lat="25.0257530" lon="121.4291060">
    <ele>16.0</ele>
    <time>2025-08-25T02:38:22Z</time>
   </trkpt>
   <trkpt lat="25.0257510" lon="121.4291040">
    <ele>16.0</ele>
    <time>2025-08-25T02:38:23Z</time>
   </trkpt>
   <trkpt lat="25.0257500" lon="121.4291020">
    <ele>16.0</ele>
    <time>2025-08-25T02:38:24Z</time>
   </trkpt>
   <trkpt lat="25.0257500" lon="121.4290990">
    <ele>16.0</ele>
    <time>2025-08-25T02:38:25Z</time>
   </trkpt>
   <trkpt lat="25.0257490" lon="121.4290970">
    <ele>16.0</ele>
    <time>2025-08-25T02:38:26Z</time>
   </trkpt>
   <trkpt lat="25.0257480" lon="121.4290950">
    <ele>16.0</ele>
    <time>2025-08-25T02:38:27Z</time>
   </trkpt>
   <trkpt lat="25.0257460" lon="121.4290920">
    <ele>16.0</ele>
    <time>2025-08-25T02:38:28Z</time>
   </trkpt>
   <trkpt lat="25.0257460" lon="121.4290920">
    <ele>16.0</ele>
    <time>2025-08-25T02:38:29Z</time>
   </trkpt>
   <trkpt lat="25.0257460" lon="121.4290910">
    <ele>16.0</ele>
    <time>2025-08-25T02:38:31Z</time>
   </trkpt>
   <trkpt lat="25.0257460" lon="121.4290920">
    <ele>16.0</ele>
    <time>2025-08-25T02:38:32Z</time>
   </trkpt>
   <trkpt lat="25.0257460" lon="121.4290920">
    <ele>16.0</ele>
    <time>2025-08-25T02:38:33Z</time>
   </trkpt>
   <trkpt lat="25.0257460" lon="121.4290910">
    <ele>16.0</ele>
    <time>2025-08-25T02:38:34Z</time>
   </trkpt>
   <trkpt lat="25.0257490" lon="121.4290970">
    <ele>16.0</ele>
    <time>2025-08-25T02:38:35Z</time>
   </trkpt>
   <trkpt lat="25.0257480" lon="121.4290930">
    <ele>16.0</ele>
    <time>2025-08-25T02:38:36Z</time>
   </trkpt>
   <trkpt lat="25.0257460" lon="121.4290870">
    <ele>16.0</ele>
    <time>2025-08-25T02:38:37Z</time>
   </trkpt>
   <trkpt lat="25.0257460" lon="121.4290810">
    <ele>16.0</ele>
    <time>2025-08-25T02:38:38Z</time>
   </trkpt>
   <trkpt lat="25.0257440" lon="121.4290740">
    <ele>16.0</ele>
    <time>2025-08-25T02:38:39Z</time>
   </trkpt>
   <trkpt lat="25.0257450" lon="121.4290620">
    <ele>16.0</ele>
    <time>2025-08-25T02:38:40Z</time>
   </trkpt>
   <trkpt lat="25.0257450" lon="121.4290600">
    <ele>16.0</ele>
    <time>2025-08-25T02:38:41Z</time>
   </trkpt>
   <trkpt lat="25.0257450" lon="121.4290560">
    <ele>16.0</ele>
    <time>2025-08-25T02:38:42Z</time>
   </trkpt>
   <trkpt lat="25.0257450" lon="121.4290520">
    <ele>16.0</ele>
    <time>2025-08-25T02:38:43Z</time>
   </trkpt>
   <trkpt lat="25.0257460" lon="121.4290470">
    <ele>16.0</ele>
    <time>2025-08-25T02:38:45Z</time>
   </trkpt>
   <trkpt lat="25.0257460" lon="121.4290440">
    <ele>16.0</ele>
    <time>2025-08-25T02:38:46Z</time>
   </trkpt>
   <trkpt lat="25.0257500" lon="121.4290510">
    <ele>16.0</ele>
    <time>2025-08-25T02:38:47Z</time>
   </trkpt>
   <trkpt lat="25.0257510" lon="121.4290520">
    <ele>16.0</ele>
    <time>2025-08-25T02:38:48Z</time>
   </trkpt>
   <trkpt lat="25.0257520" lon="121.4290520">
    <ele>16.0</ele>
    <time>2025-08-25T02:38:49Z</time>
   </trkpt>
   <trkpt lat="25.0257530" lon="121.4290450">
    <ele>16.0</ele>
    <time>2025-08-25T02:38:51Z</time>
   </trkpt>
   <trkpt lat="25.0257600" lon="121.4290620">
    <ele>16.0</ele>
    <time>2025-08-25T02:38:53Z</time>
   </trkpt>
   <trkpt lat="25.0257610" lon="121.4290600">
    <ele>16.0</ele>
    <time>2025-08-25T02:38:54Z</time>
   </trkpt>
   <trkpt lat="25.0257630" lon="121.4290550">
    <ele>16.0</ele>
    <time>2025-08-25T02:38:55Z</time>
   </trkpt>
   <trkpt lat="25.0257630" lon="121.4290540">
    <ele>16.0</ele>
    <time>2025-08-25T02:38:56Z</time>
   </trkpt>
   <trkpt lat="25.0257640" lon="121.4290710">
    <ele>16.0</ele>
    <time>2025-08-25T02:38:57Z</time>
   </trkpt>
   <trkpt lat="25.0257630" lon="121.4290730">
    <ele>16.0</ele>
    <time>2025-08-25T02:38:58Z</time>
   </trkpt>
   <trkpt lat="25.0257620" lon="121.4290730">
    <ele>16.0</ele>
    <time>2025-08-25T02:38:59Z</time>
   </trkpt>
   <trkpt lat="25.0257630" lon="121.4290740">
    <ele>16.0</ele>
    <time>2025-08-25T02:39:00Z</time>
   </trkpt>
   <trkpt lat="25.0257640" lon="121.4290720">
    <ele>16.0</ele>
    <time>2025-08-25T02:39:01Z</time>
   </trkpt>
   <trkpt lat="25.0257660" lon="121.4290730">
    <ele>16.0</ele>
    <time>2025-08-25T02:39:02Z</time>
   </trkpt>
   <trkpt lat="25.0257680" lon="121.4290690">
    <ele>16.0</ele>
    <time>2025-08-25T02:39:04Z</time>
   </trkpt>
   <trkpt lat="25.0257690" lon="121.4290650">
    <ele>16.0</ele>
    <time>2025-08-25T02:39:05Z</time>
   </trkpt>
   <trkpt lat="25.0257710" lon="121.4290610">
    <ele>16.0</ele>
    <time>2025-08-25T02:39:06Z</time>
   </trkpt>
   <trkpt lat="25.0257730" lon="121.4290700">
    <ele>16.0</ele>
    <time>2025-08-25T02:39:07Z</time>
   </trkpt>
   <trkpt lat="25.0257740" lon="121.4290750">
    <ele>16.0</ele>
    <time>2025-08-25T02:39:08Z</time>
   </trkpt>
   <trkpt lat="25.0257740" lon="121.4290790">
    <ele>16.0</ele>
    <time>2025-08-25T02:39:09Z</time>
   </trkpt>
   <trkpt lat="25.0257740" lon="121.4290870">
    <ele>16.0</ele>
    <time>2025-08-25T02:39:10Z</time>
   </trkpt>
   <trkpt lat="25.0257730" lon="121.4291310">
    <ele>16.0</ele>
    <time>2025-08-25T02:39:12Z</time>
   </trkpt>
   <trkpt lat="25.0257740" lon="121.4291460">
    <ele>16.0</ele>
    <time>2025-08-25T02:39:13Z</time>
   </trkpt>
   <trkpt lat="25.0257740" lon="121.4291590">
    <ele>16.0</ele>
    <time>2025-08-25T02:39:14Z</time>
   </trkpt>
   <trkpt lat="25.0257680" lon="121.4291680">
    <ele>16.1</ele>
    <time>2025-08-25T02:39:15Z</time>
   </trkpt>
   <trkpt lat="25.0257660" lon="121.4291540">
    <ele>16.1</ele>
    <time>2025-08-25T02:39:16Z</time>
   </trkpt>
   <trkpt lat="25.0257700" lon="121.4291390">
    <ele>16.1</ele>
    <time>2025-08-25T02:39:17Z</time>
   </trkpt>
   <trkpt lat="25.0257740" lon="121.4291230">
    <ele>16.1</ele>
    <time>2025-08-25T02:39:18Z</time>
   </trkpt>
   <trkpt lat="25.0257810" lon="121.4291090">
    <ele>16.1</ele>
    <time>2025-08-25T02:39:19Z</time>
   </trkpt>
   <trkpt lat="25.0257850" lon="121.4291030">
    <ele>16.1</ele>
    <time>2025-08-25T02:39:20Z</time>
   </trkpt>
   <trkpt lat="25.0257880" lon="121.4290990">
    <ele>16.1</ele>
    <time>2025-08-25T02:39:21Z</time>
   </trkpt>
   <trkpt lat="25.0257970" lon="121.4291140">
    <ele>16.1</ele>
    <time>2025-08-25T02:39:22Z</time>
   </trkpt>
   <trkpt lat="25.0257970" lon="121.4291180">
    <ele>16.1</ele>
    <time>2025-08-25T02:39:24Z</time>
   </trkpt>
   <trkpt lat="25.0257970" lon="121.4291180">
    <ele>16.1</ele>
    <time>2025-08-25T02:39:25Z</time>
   </trkpt>
   <trkpt lat="25.0257960" lon="121.4291180">
    <ele>16.1</ele>
    <time>2025-08-25T02:39:26Z</time>
   </trkpt>
   <trkpt lat="25.0257890" lon="121.4291240">
    <ele>16.1</ele>
    <time>2025-08-25T02:39:27Z</time>
   </trkpt>
   <trkpt lat="25.0257870" lon="121.4291260">
    <ele>16.1</ele>
    <time>2025-08-25T02:39:28Z</time>
   </trkpt>
   <trkpt lat="25.0257870" lon="121.4291250">
    <ele>16.1</ele>
    <time>2025-08-25T02:39:29Z</time>
   </trkpt>
   <trkpt lat="25.0257880" lon="121.4291230">
    <ele>16.1</ele>
    <time>2025-08-25T02:39:31Z</time>
   </trkpt>
   <trkpt lat="25.0257830" lon="121.4291250">
    <ele>16.1</ele>
    <time>2025-08-25T02:39:32Z</time>
   </trkpt>
   <trkpt lat="25.0257830" lon="121.4291250">
    <ele>16.1</ele>
    <time>2025-08-25T02:39:33Z</time>
   </trkpt>
   <trkpt lat="25.0257830" lon="121.4291260">
    <ele>16.1</ele>
    <time>2025-08-25T02:39:34Z</time>
   </trkpt>
   <trkpt lat="25.0257830" lon="121.4291270">
    <ele>16.1</ele>
    <time>2025-08-25T02:39:35Z</time>
   </trkpt>
   <trkpt lat="25.0257760" lon="121.4291270">
    <ele>16.1</ele>
    <time>2025-08-25T02:39:36Z</time>
   </trkpt>
   <trkpt lat="25.0257720" lon="121.4291380">
    <ele>16.1</ele>
    <time>2025-08-25T02:39:37Z</time>
   </trkpt>
   <trkpt lat="25.0257690" lon="121.4291460">
    <ele>16.1</ele>
    <time>2025-08-25T02:39:38Z</time>
   </trkpt>
   <trkpt lat="25.0257680" lon="121.4291500">
    <ele>16.1</ele>
    <time>2025-08-25T02:39:39Z</time>
   </trkpt>
   <trkpt lat="25.0257670" lon="121.4291530">
    <ele>16.1</ele>
    <time>2025-08-25T02:39:40Z</time>
   </trkpt>
   <trkpt lat="25.0257670" lon="121.4291540">
    <ele>16.1</ele>
    <time>2025-08-25T02:39:41Z</time>
   </trkpt>
   <trkpt lat="25.0257750" lon="121.4291530">
    <ele>16.1</ele>
    <time>2025-08-25T02:39:42Z</time>
   </trkpt>
   <trkpt lat="25.0257800" lon="121.4291530">
    <ele>16.1</ele>
    <time>2025-08-25T02:39:43Z</time>
   </trkpt>
   <trkpt lat="25.0257830" lon="121.4291540">
    <ele>16.1</ele>
    <time>2025-08-25T02:39:44Z</time>
   </trkpt>
   <trkpt lat="25.0257850" lon="121.4291540">
    <ele>16.1</ele>
    <time>2025-08-25T02:39:45Z</time>
   </trkpt>
   <trkpt lat="25.0257860" lon="121.4291540">
    <ele>16.1</ele>
    <time>2025-08-25T02:39:46Z</time>
   </trkpt>
   <trkpt lat="25.0257700" lon="121.4291320">
    <ele>16.1</ele>
    <time>2025-08-25T02:39:47Z</time>
   </trkpt>
   <trkpt lat="25.0257610" lon="121.4291190">
    <ele>16.1</ele>
    <time>2025-08-25T02:39:48Z</time>
   </trkpt>
   <trkpt lat="25.0257550" lon="121.4291110">
    <ele>16.1</ele>
    <time>2025-08-25T02:39:49Z</time>
   </trkpt>
   <trkpt lat="25.0257520" lon="121.4291060">
    <ele>16.1</ele>
    <time>2025-08-25T02:39:50Z</time>
   </trkpt>
   <trkpt lat="25.0257510" lon="121.4291040">
    <ele>16.1</ele>
    <time>2025-08-25T02:39:51Z</time>
   </trkpt>
   <trkpt lat="25.0257550" lon="121.4291160">
    <ele>16.1</ele>
    <time>2025-08-25T02:39:52Z</time>
   </trkpt>
   <trkpt lat="25.0257570" lon="121.4291220">
    <ele>16.1</ele>
    <time>2025-08-25T02:39:53Z</time>
   </trkpt>
   <trkpt lat="25.0257590" lon="121.4291250">
    <ele>16.1</ele>
    <time>2025-08-25T02:39:54Z</time>
   </trkpt>
   <trkpt lat="25.0257600" lon="121.4291280">
    <ele>16.1</ele>
    <time>2025-08-25T02:39:55Z</time>
   </trkpt>
   <trkpt lat="25.0257600" lon="121.4291300">
    <ele>16.1</ele>
    <time>2025-08-25T02:39:56Z</time>
   </trkpt>
   <trkpt lat="25.0257640" lon="121.4291340">
    <ele>16.1</ele>
    <time>2025-08-25T02:39:57Z</time>
   </trkpt>
   <trkpt lat="25.0257670" lon="121.4291360">
    <ele>16.1</ele>
    <time>2025-08-25T02:39:58Z</time>
   </trkpt>
   <trkpt lat="25.0257680" lon="121.4291380">
    <ele>16.1</ele>
    <time>2025-08-25T02:39:59Z</time>
   </trkpt>
   <trkpt lat="25.0257690" lon="121.4291390">
    <ele>16.1</ele>
    <time>2025-08-25T02:40:00Z</time>
   </trkpt>
   <trkpt lat="25.0257690" lon="121.4291390">
    <ele>16.1</ele>
    <time>2025-08-25T02:40:01Z</time>
   </trkpt>
   <trkpt lat="25.0257760" lon="121.4291410">
    <ele>16.1</ele>
    <time>2025-08-25T02:40:02Z</time>
   </trkpt>
   <trkpt lat="25.0257790" lon="121.4291420">
    <ele>16.1</ele>
    <time>2025-08-25T02:40:03Z</time>
   </trkpt>
   <trkpt lat="25.0257820" lon="121.4291420">
    <ele>16.1</ele>
    <time>2025-08-25T02:40:04Z</time>
   </trkpt>
   <trkpt lat="25.0257830" lon="121.4291420">
    <ele>16.1</ele>
    <time>2025-08-25T02:40:05Z</time>
   </trkpt>
   <trkpt lat="25.0257840" lon="121.4291420">
    <ele>16.1</ele>
    <time>2025-08-25T02:40:06Z</time>
   </trkpt>
   <trkpt lat="25.0257790" lon="121.4291490">
    <ele>16.1</ele>
    <time>2025-08-25T02:40:07Z</time>
   </trkpt>
   <trkpt lat="25.0257770" lon="121.4291530">
    <ele>16.1</ele>
    <time>2025-08-25T02:40:08Z</time>
   </trkpt>
   <trkpt lat="25.0257770" lon="121.4291520">
    <ele>16.1</ele>
    <time>2025-08-25T02:40:09Z</time>
   </trkpt>
   <trkpt lat="25.0257780" lon="121.4291520">
    <ele>16.1</ele>
    <time>2025-08-25T02:40:10Z</time>
   </trkpt>
   <trkpt lat="25.0257780" lon="121.4291440">
    <ele>16.1</ele>
    <time>2025-08-25T02:40:12Z</time>
   </trkpt>
   <trkpt lat="25.0257790" lon="121.4291420">
    <ele>16.1</ele>
    <time>2025-08-25T02:40:13Z</time>
   </trkpt>
   <trkpt lat="25.0257800" lon="121.4291410">
    <ele>16.1</ele>
    <time>2025-08-25T02:40:14Z</time>
   </trkpt>
   <trkpt lat="25.0257800" lon="121.4291410">
    <ele>16.1</ele>
    <time>2025-08-25T02:40:15Z</time>
   </trkpt>
   <trkpt lat="25.0257800" lon="121.4291410">
    <ele>16.1</ele>
    <time>2025-08-25T02:40:16Z</time>
   </trkpt>
   <trkpt lat="25.0257790" lon="121.4291410">
    <ele>16.1</ele>
    <time>2025-08-25T02:40:18Z</time>
   </trkpt>
   <trkpt lat="25.0257790" lon="121.4291400">
    <ele>16.1</ele>
    <time>2025-08-25T02:40:19Z</time>
   </trkpt>
   <trkpt lat="25.0257790" lon="121.4291420">
    <ele>16.1</ele>
    <time>2025-08-25T02:40:20Z</time>
   </trkpt>
   <trkpt lat="25.0257800" lon="121.4291420">
    <ele>16.1</ele>
    <time>2025-08-25T02:40:22Z</time>
   </trkpt>
   <trkpt lat="25.0257780" lon="121.4291440">
    <ele>16.1</ele>
    <time>2025-08-25T02:40:23Z</time>
   </trkpt>
   <trkpt lat="25.0257780" lon="121.4291430">
    <ele>16.1</ele>
    <time>2025-08-25T02:40:24Z</time>
   </trkpt>
   <trkpt lat="25.0257780" lon="121.4291420">
    <ele>16.1</ele>
    <time>2025-08-25T02:40:25Z</time>
   </trkpt>
   <trkpt lat="25.0257770" lon="121.4291420">
    <ele>16.2</ele>
    <time>2025-08-25T02:40:26Z</time>
   </trkpt>
   <trkpt lat="25.0257760" lon="121.4291420">
    <ele>16.2</ele>
    <time>2025-08-25T02:40:27Z</time>
   </trkpt>
   <trkpt lat="25.0257760" lon="121.4291550">
    <ele>16.2</ele>
    <time>2025-08-25T02:40:28Z</time>
   </trkpt>
   <trkpt lat="25.0257750" lon="121.4291540">
    <ele>16.2</ele>
    <time>2025-08-25T02:40:29Z</time>
   </trkpt>
   <trkpt lat="25.0257740" lon="121.4291540">
    <ele>16.2</ele>
    <time>2025-08-25T02:40:30Z</time>
   </trkpt>
   <trkpt lat="25.0257730" lon="121.4291530">
    <ele>16.2</ele>
    <time>2025-08-25T02:40:31Z</time>
   </trkpt>
   <trkpt lat="25.0257750" lon="121.4291500">
    <ele>16.2</ele>
    <time>2025-08-25T02:40:32Z</time>
   </trkpt>
   <trkpt lat="25.0257760" lon="121.4291500">
    <ele>16.2</ele>
    <time>2025-08-25T02:40:33Z</time>
   </trkpt>
   <trkpt lat="25.0257750" lon="121.4291500">
    <ele>16.2</ele>
    <time>2025-08-25T02:40:34Z</time>
   </trkpt>
   <trkpt lat="25.0257750" lon="121.4291500">
    <ele>16.2</ele>
    <time>2025-08-25T02:40:35Z</time>
   </trkpt>
   <trkpt lat="25.0257770" lon="121.4291490">
    <ele>16.2</ele>
    <time>2025-08-25T02:40:36Z</time>
   </trkpt>
   <trkpt lat="25.0257770" lon="121.4291500">
    <ele>16.2</ele>
    <time>2025-08-25T02:40:37Z</time>
   </trkpt>
   <trkpt lat="25.0257770" lon="121.4291480">
    <ele>16.2</ele>
    <time>2025-08-25T02:40:38Z</time>
   </trkpt>
   <trkpt lat="25.0257760" lon="121.4291480">
    <ele>16.2</ele>
    <time>2025-08-25T02:40:39Z</time>
   </trkpt>
   <trkpt lat="25.0257760" lon="121.4291490">
    <ele>16.2</ele>
    <time>2025-08-25T02:40:40Z</time>
   </trkpt>
   <trkpt lat="25.0257750" lon="121.4291490">
    <ele>16.2</ele>
    <time>2025-08-25T02:40:41Z</time>
   </trkpt>
   <trkpt lat="25.0257730" lon="121.4291510">
    <ele>16.2</ele>
    <time>2025-08-25T02:40:42Z</time>
   </trkpt>
   <trkpt lat="25.0257740" lon="121.4291480">
    <ele>16.2</ele>
    <time>2025-08-25T02:40:43Z</time>
   </trkpt>
   <trkpt lat="25.0257750" lon="121.4291480">
    <ele>16.2</ele>
    <time>2025-08-25T02:40:44Z</time>
   </trkpt>
   <trkpt lat="25.0257760" lon="121.4291470">
    <ele>16.2</ele>
    <time>2025-08-25T02:40:45Z</time>
   </trkpt>
   <trkpt lat="25.0257770" lon="121.4291470">
    <ele>16.2</ele>
    <time>2025-08-25T02:40:46Z</time>
   </trkpt>
   <trkpt lat="25.0257760" lon="121.4291460">
    <ele>16.2</ele>
    <time>2025-08-25T02:40:47Z</time>
   </trkpt>
   <trkpt lat="25.0257740" lon="121.4291520">
    <ele>16.2</ele>
    <time>2025-08-25T02:40:48Z</time>
   </trkpt>
   <trkpt lat="25.0257740" lon="121.4291510">
    <ele>16.2</ele>
    <time>2025-08-25T02:40:49Z</time>
   </trkpt>
   <trkpt lat="25.0257750" lon="121.4291490">
    <ele>16.2</ele>
    <time>2025-08-25T02:40:50Z</time>
   </trkpt>
   <trkpt lat="25.0257750" lon="121.4291460">
    <ele>16.2</ele>
    <time>2025-08-25T02:40:51Z</time>
   </trkpt>
   <trkpt lat="25.0257760" lon="121.4291460">
    <ele>16.2</ele>
    <time>2025-08-25T02:40:52Z</time>
   </trkpt>
   <trkpt lat="25.0257760" lon="121.4291440">
    <ele>16.2</ele>
    <time>2025-08-25T02:40:53Z</time>
   </trkpt>
   <trkpt lat="25.0257750" lon="121.4291450">
    <ele>16.2</ele>
    <time>2025-08-25T02:40:54Z</time>
   </trkpt>
   <trkpt lat="25.0257750" lon="121.4291460">
    <ele>16.2</ele>
    <time>2025-08-25T02:40:55Z</time>
   </trkpt>
   <trkpt lat="25.0257740" lon="121.4291460">
    <ele>16.2</ele>
    <time>2025-08-25T02:40:56Z</time>
   </trkpt>
   <trkpt lat="25.0257740" lon="121.4291480">
    <ele>16.2</ele>
    <time>2025-08-25T02:40:57Z</time>
   </trkpt>
   <trkpt lat="25.0257660" lon="121.4291430">
    <ele>16.2</ele>
    <time>2025-08-25T02:40:58Z</time>
   </trkpt>
   <trkpt lat="25.0257620" lon="121.4291400">
    <ele>16.2</ele>
    <time>2025-08-25T02:40:59Z</time>
   </trkpt>
   <trkpt lat="25.0257600" lon="121.4291380">
    <ele>16.2</ele>
    <time>2025-08-25T02:41:00Z</time>
   </trkpt>
   <trkpt lat="25.0257590" lon="121.4291360">
    <ele>16.2</ele>
    <time>2025-08-25T02:41:01Z</time>
   </trkpt>
   <trkpt lat="25.0257590" lon="121.4291350">
    <ele>16.2</ele>
    <time>2025-08-25T02:41:02Z</time>
   </trkpt>
   <trkpt lat="25.0257610" lon="121.4291560">
    <ele>16.2</ele>
    <time>2025-08-25T02:41:03Z</time>
   </trkpt>
   <trkpt lat="25.0257610" lon="121.4291700">
    <ele>16.2</ele>
    <time>2025-08-25T02:41:04Z</time>
   </trkpt>
   <trkpt lat="25.0257650" lon="121.4291830">
    <ele>16.2</ele>
    <time>2025-08-25T02:41:05Z</time>
   </trkpt>
   <trkpt lat="25.0257660" lon="121.4291870">
    <ele>16.2</ele>
    <time>2025-08-25T02:41:06Z</time>
   </trkpt>
   <trkpt lat="25.0257680" lon="121.4291920">
    <ele>16.2</ele>
    <time>2025-08-25T02:41:07Z</time>
   </trkpt>
   <trkpt lat="25.0257690" lon="121.4291970">
    <ele>16.2</ele>
    <time>2025-08-25T02:41:08Z</time>
   </trkpt>
   <trkpt lat="25.0257710" lon="121.4292010">
    <ele>16.2</ele>
    <time>2025-08-25T02:41:09Z</time>
   </trkpt>
   <trkpt lat="25.0257720" lon="121.4292060">
    <ele>16.2</ele>
    <time>2025-08-25T02:41:10Z</time>
   </trkpt>
   <trkpt lat="25.0257740" lon="121.4292110">
    <ele>16.2</ele>
    <time>2025-08-25T02:41:11Z</time>
   </trkpt>
   <trkpt lat="25.0257750" lon="121.4292150">
    <ele>16.2</ele>
    <time>2025-08-25T02:41:12Z</time>
   </trkpt>
   <trkpt lat="25.0257770" lon="121.4292200">
    <ele>16.2</ele>
    <time>2025-08-25T02:41:13Z</time>
   </trkpt>
   <trkpt lat="25.0257790" lon="121.4292250">
    <ele>16.2</ele>
    <time>2025-08-25T02:41:14Z</time>
   </trkpt>
   <trkpt lat="25.0257780" lon="121.4292170">
    <ele>16.2</ele>
    <time>2025-08-25T02:41:15Z</time>
   </trkpt>
   <trkpt lat="25.0257770" lon="121.4292090">
    <ele>16.2</ele>
    <time>2025-08-25T02:41:16Z</time>
   </trkpt>
   <trkpt lat="25.0257750" lon="121.4292010">
    <ele>16.2</ele>
    <time>2025-08-25T02:41:17Z</time>
   </trkpt>
   <trkpt lat="25.0257740" lon="121.4291930">
    <ele>16.2</ele>
    <time>2025-08-25T02:41:18Z</time>
   </trkpt>
   <trkpt lat="25.0257730" lon="121.4291850">
    <ele>16.2</ele>
    <time>2025-08-25T02:41:19Z</time>
   </trkpt>
   <trkpt lat="25.0257720" lon="121.4291770">
    <ele>16.2</ele>
    <time>2025-08-25T02:41:20Z</time>
   </trkpt>
   <trkpt lat="25.0257700" lon="121.4291720">
    <ele>16.2</ele>
    <time>2025-08-25T02:41:22Z</time>
   </trkpt>
   <trkpt lat="25.0257700" lon="121.4291730">
    <ele>16.2</ele>
    <time>2025-08-25T02:41:23Z</time>
   </trkpt>
   <trkpt lat="25.0257700" lon="121.4291740">
    <ele>16.2</ele>
    <time>2025-08-25T02:41:24Z</time>
   </trkpt>
   <trkpt lat="25.0257700" lon="121.4291750">
    <ele>16.2</ele>
    <time>2025-08-25T02:41:25Z</time>
   </trkpt>
   <trkpt lat="25.0257700" lon="121.4291760">
    <ele>16.2</ele>
    <time>2025-08-25T02:41:26Z</time>
   </trkpt>
   <trkpt lat="25.0257700" lon="121.4291770">
    <ele>16.2</ele>
    <time>2025-08-25T02:41:28Z</time>
   </trkpt>
   <trkpt lat="25.0257700" lon="121.4291780">
    <ele>16.2</ele>
    <time>2025-08-25T02:41:29Z</time>
   </trkpt>
   <trkpt lat="25.0257700" lon="121.4291790">
    <ele>16.2</ele>
    <time>2025-08-25T02:41:30Z</time>
   </trkpt>
   <trkpt lat="25.0257700" lon="121.4291800">
    <ele>16.2</ele>
    <time>2025-08-25T02:41:31Z</time>
   </trkpt>
   <trkpt lat="25.0257700" lon="121.4291810">
    <ele>16.2</ele>
    <time>2025-08-25T02:41:32Z</time>
   </trkpt>
   <trkpt lat="25.0257700" lon="121.4291820">
    <ele>16.2</ele>
    <time>2025-08-25T02:41:34Z</time>
   </trkpt>
   <trkpt lat="25.0257700" lon="121.4291830">
    <ele>16.2</ele>
    <time>2025-08-25T02:41:35Z</time>
   </trkpt>
   <trkpt lat="25.0257700" lon="121.4291830">
    <ele>16.2</ele>
    <time>2025-08-25T02:41:36Z</time>
   </trkpt>
   <trkpt lat="25.0257700" lon="121.4291840">
    <ele>16.2</ele>
    <time>2025-08-25T02:41:37Z</time>
   </trkpt>
   <trkpt lat="25.0257700" lon="121.4291850">
    <ele>16.2</ele>
    <time>2025-08-25T02:41:38Z</time>
   </trkpt>
   <trkpt lat="25.0257700" lon="121.4291860">
    <ele>16.2</ele>
    <time>2025-08-25T02:41:39Z</time>
   </trkpt>
   <trkpt lat="25.0257700" lon="121.4291870">
    <ele>16.2</ele>
    <time>2025-08-25T02:41:40Z</time>
   </trkpt>
   <trkpt lat="25.0257700" lon="121.4291880">
    <ele>16.2</ele>
    <time>2025-08-25T02:41:41Z</time>
   </trkpt>
   <trkpt lat="25.0257700" lon="121.4291890">
    <ele>16.2</ele>
    <time>2025-08-25T02:41:42Z</time>
   </trkpt>
   <trkpt lat="25.0257700" lon="121.4291900">
    <ele>16.2</ele>
    <time>2025-08-25T02:41:43Z</time>
   </trkpt>
   <trkpt lat="25.0257700" lon="121.4291910">
    <ele>16.2</ele>
    <time>2025-08-25T02:41:44Z</time>
   </trkpt>
   <trkpt lat="25.0257700" lon="121.4291920">
    <ele>16.2</ele>
    <time>2025-08-25T02:41:45Z</time>
   </trkpt>
   <trkpt lat="25.0257700" lon="121.4291930">
    <ele>16.2</ele>
    <time>2025-08-25T02:41:46Z</time>
   </trkpt>
   <trkpt lat="25.0257700" lon="121.4291940">
    <ele>16.2</ele>
    <time>2025-08-25T02:41:47Z</time>
   </trkpt>
   <trkpt lat="25.0257710" lon="121.4291950">
    <ele>16.2</ele>
    <time>2025-08-25T02:41:48Z</time>
   </trkpt>
   <trkpt lat="25.0257710" lon="121.4291960">
    <ele>16.2</ele>
    <time>2025-08-25T02:41:49Z</time>
   </trkpt>
   <trkpt lat="25.0257710" lon="121.4291970">
    <ele>16.2</ele>
    <time>2025-08-25T02:41:50Z</time>
   </trkpt>
   <trkpt lat="25.0257710" lon="121.4291980">
    <ele>16.2</ele>
    <time>2025-08-25T02:41:51Z</time>
   </trkpt>
   <trkpt lat="25.0257710" lon="121.4291990">
    <ele>16.2</ele>
    <time>2025-08-25T02:41:53Z</time>
   </trkpt>
   <trkpt lat="25.0257710" lon="121.4292000">
    <ele>16.2</ele>
    <time>2025-08-25T02:41:54Z</time>
   </trkpt>
   <trkpt lat="25.0257710" lon="121.4292010">
    <ele>16.2</ele>
    <time>2025-08-25T02:41:55Z</time>
   </trkpt>
   <trkpt lat="25.0257710" lon="121.4292020">
    <ele>16.2</ele>
    <time>2025-08-25T02:41:56Z</time>
   </trkpt>
   <trkpt lat="25.0257710" lon="121.4292030">
    <ele>16.2</ele>
    <time>2025-08-25T02:41:57Z</time>
   </trkpt>
   <trkpt lat="25.0257710" lon="121.4292040">
    <ele>16.2</ele>
    <time>2025-08-25T02:41:58Z</time>
   </trkpt>
   <trkpt lat="25.0257710" lon="121.4292050">
    <ele>16.2</ele>
    <time>2025-08-25T02:41:59Z</time>
   </trkpt>
   <trkpt lat="25.0257710" lon="121.4292060">
    <ele>16.2</ele>
    <time>2025-08-25T02:42:00Z</time>
   </trkpt>
   <trkpt lat="25.0257710" lon="121.4292060">
    <ele>16.2</ele>
    <time>2025-08-25T02:42:01Z</time>
   </trkpt>
   <trkpt lat="25.0257710" lon="121.4292070">
    <ele>16.2</ele>
    <time>2025-08-25T02:42:02Z</time>
   </trkpt>
   <trkpt lat="25.0257710" lon="121.4292080">
    <ele>16.2</ele>
    <time>2025-08-25T02:42:04Z</time>
   </trkpt>
   <trkpt lat="25.0257710" lon="121.4292090">
    <ele>16.2</ele>
    <time>2025-08-25T02:42:05Z</time>
   </trkpt>
   <trkpt lat="25.0257710" lon="121.4292100">
    <ele>16.2</ele>
    <time>2025-08-25T02:42:06Z</time>
   </trkpt>
   <trkpt lat="25.0257710" lon="121.4292110">
    <ele>16.2</ele>
    <time>2025-08-25T02:42:07Z</time>
   </trkpt>
   <trkpt lat="25.0257710" lon="121.4292120">
    <ele>16.2</ele>
    <time>2025-08-25T02:42:08Z</time>
   </trkpt>
   <trkpt lat="25.0257710" lon="121.4292130">
    <ele>16.2</ele>
    <time>2025-08-25T02:42:09Z</time>
   </trkpt>
   <trkpt lat="25.0257710" lon="121.4292140">
    <ele>16.2</ele>
    <time>2025-08-25T02:42:10Z</time>
   </trkpt>
   <trkpt lat="25.0257710" lon="121.4292150">
    <ele>16.2</ele>
    <time>2025-08-25T02:42:11Z</time>
   </trkpt>
   <trkpt lat="25.0257710" lon="121.4292160">
    <ele>16.2</ele>
    <time>2025-08-25T02:42:12Z</time>
   </trkpt>
   <trkpt lat="25.0257710" lon="121.4292170">
    <ele>16.2</ele>
    <time>2025-08-25T02:42:13Z</time>
   </trkpt>
   <trkpt lat="25.0257710" lon="121.4292180">
    <ele>16.2</ele>
    <time>2025-08-25T02:42:14Z</time>
   </trkpt>
   <trkpt lat="25.0257750" lon="121.4292210">
    <ele>16.2</ele>
    <time>2025-08-25T02:42:15Z</time>
   </trkpt>
   <trkpt lat="25.0257750" lon="121.4292190">
    <ele>16.2</ele>
    <time>2025-08-25T02:42:16Z</time>
   </trkpt>
   <trkpt lat="25.0257740" lon="121.4292180">
    <ele>16.2</ele>
    <time>2025-08-25T02:42:17Z</time>
   </trkpt>
   <trkpt lat="25.0257740" lon="121.4292160">
    <ele>16.2</ele>
    <time>2025-08-25T02:42:18Z</time>
   </trkpt>
   <trkpt lat="25.0257730" lon="121.4292140">
    <ele>16.2</ele>
    <time>2025-08-25T02:42:19Z</time>
   </trkpt>
   <trkpt lat="25.0257730" lon="121.4292120">
    <ele>16.2</ele>
    <time>2025-08-25T02:42:20Z</time>
   </trkpt>
   <trkpt lat="25.0257720" lon="121.4292100">
    <ele>16.2</ele>
    <time>2025-08-25T02:42:21Z</time>
   </trkpt>
   <trkpt lat="25.0257710" lon="121.4292090">
    <ele>16.2</ele>
    <time>2025-08-25T02:42:22Z</time>
   </trkpt>
   <trkpt lat="25.0257710" lon="121.4292070">
    <ele>16.2</ele>
    <time>2025-08-25T02:42:23Z</time>
   </trkpt>
   <trkpt lat="25.0257700" lon="121.4292050">
    <ele>16.2</ele>
    <time>2025-08-25T02:42:24Z</time>
   </trkpt>
   <trkpt lat="25.0257700" lon="121.4292030">
    <ele>16.2</ele>
    <time>2025-08-25T02:42:25Z</time>
   </trkpt>
   <trkpt lat="25.0257690" lon="121.4292020">
    <ele>16.2</ele>
    <time>2025-08-25T02:42:26Z</time>
   </trkpt>
   <trkpt lat="25.0257690" lon="121.4292000">
    <ele>16.2</ele>
    <time>2025-08-25T02:42:27Z</time>
   </trkpt>
   <trkpt lat="25.0257680" lon="121.4291980">
    <ele>16.2</ele>
    <time>2025-08-25T02:42:28Z</time>
   </trkpt>
   <trkpt lat="25.0257670" lon="121.4291960">
    <ele>16.2</ele>
    <time>2025-08-25T02:42:29Z</time>
   </trkpt>
   <trkpt lat="25.0257670" lon="121.4291940">
    <ele>16.2</ele>
    <time>2025-08-25T02:42:30Z</time>
   </trkpt>
   <trkpt lat="25.0257660" lon="121.4291930">
    <ele>16.2</ele>
    <time>2025-08-25T02:42:31Z</time>
   </trkpt>
   <trkpt lat="25.0257660" lon="121.4291910">
    <ele>16.2</ele>
    <time>2025-08-25T02:42:32Z</time>
   </trkpt>
   <trkpt lat="25.0257650" lon="121.4291890">
    <ele>16.2</ele>
    <time>2025-08-25T02:42:33Z</time>
   </trkpt>
   <trkpt lat="25.0257650" lon="121.4291870">
    <ele>16.2</ele>
    <time>2025-08-25T02:42:34Z</time>
   </trkpt>
   <trkpt lat="25.0257640" lon="121.4291850">
    <ele>16.2</ele>
    <time>2025-08-25T02:42:35Z</time>
   </trkpt>
   <trkpt lat="25.0257630" lon="121.4291840">
    <ele>16.2</ele>
    <time>2025-08-25T02:42:36Z</time>
   </trkpt>
   <trkpt lat="25.0257630" lon="121.4291820">
    <ele>16.2</ele>
    <time>2025-08-25T02:42:37Z</time>
   </trkpt>
   <trkpt lat="25.0257620" lon="121.4291800">
    <ele>16.2</ele>
    <time>2025-08-25T02:42:38Z</time>
   </trkpt>
   <trkpt lat="25.0257620" lon="121.4291780">
    <ele>16.2</ele>
    <time>2025-08-25T02:42:39Z</time>
   </trkpt>
   <trkpt lat="25.0257610" lon="121.4291770">
    <ele>16.2</ele>
    <time>2025-08-25T02:42:40Z</time>
   </trkpt>
   <trkpt lat="25.0257610" lon="121.4291750">
    <ele>16.2</ele>
    <time>2025-08-25T02:42:41Z</time>
   </trkpt>
   <trkpt lat="25.0257600" lon="121.4291730">
    <ele>16.2</ele>
    <time>2025-08-25T02:42:42Z</time>
   </trkpt>
   <trkpt lat="25.0257580" lon="121.4291710">
    <ele>16.2</ele>
    <time>2025-08-25T02:42:43Z</time>
   </trkpt>
   <trkpt lat="25.0257550" lon="121.4291670">
    <ele>16.3</ele>
    <time>2025-08-25T02:42:44Z</time>
   </trkpt>
   <trkpt lat="25.0257540" lon="121.4291650">
    <ele>16.3</ele>
    <time>2025-08-25T02:42:45Z</time>
   </trkpt>
   <trkpt lat="25.0257610" lon="121.4291940">
    <ele>16.3</ele>
    <time>2025-08-25T02:42:46Z</time>
   </trkpt>
   <trkpt lat="25.0257660" lon="121.4292110">
    <ele>16.3</ele>
    <time>2025-08-25T02:42:47Z</time>
   </trkpt>
   <trkpt lat="25.0257680" lon="121.4292210">
    <ele>16.3</ele>
    <time>2025-08-25T02:42:48Z</time>
   </trkpt>
   <trkpt lat="25.0257660" lon="121.4292030">
    <ele>16.3</ele>
    <time>2025-08-25T02:42:49Z</time>
   </trkpt>
   <trkpt lat="25.0257660" lon="121.4292000">
    <ele>16.3</ele>
    <time>2025-08-25T02:42:50Z</time>
   </trkpt>
   <trkpt lat="25.0257660" lon="121.4291980">
    <ele>16.3</ele>
    <time>2025-08-25T02:42:51Z</time>
   </trkpt>
   <trkpt lat="25.0257680" lon="121.4291950">
    <ele>16.3</ele>
    <time>2025-08-25T02:42:53Z</time>
   </trkpt>
   <trkpt lat="25.0257680" lon="121.4291940">
    <ele>16.3</ele>
    <time>2025-08-25T02:42:54Z</time>
   </trkpt>
   <trkpt lat="25.0257670" lon="121.4291940">
    <ele>16.3</ele>
    <time>2025-08-25T02:42:55Z</time>
   </trkpt>
   <trkpt lat="25.0257660" lon="121.4291980">
    <ele>16.3</ele>
    <time>2025-08-25T02:42:56Z</time>
   </trkpt>
   <trkpt lat="25.0257680" lon="121.4292000">
    <ele>16.3</ele>
    <time>2025-08-25T02:42:57Z</time>
   </trkpt>
   <trkpt lat="25.0257690" lon="121.4292000">
    <ele>16.3</ele>
    <time>2025-08-25T02:42:58Z</time>
   </trkpt>
   <trkpt lat="25.0257700" lon="121.4292010">
    <ele>16.3</ele>
    <time>2025-08-25T02:42:59Z</time>
   </trkpt>
   <trkpt lat="25.0257700" lon="121.4292060">
    <ele>16.3</ele>
    <time>2025-08-25T02:43:00Z</time>
   </trkpt>
   <trkpt lat="25.0257710" lon="121.4292060">
    <ele>16.3</ele>
    <time>2025-08-25T02:43:02Z</time>
   </trkpt>
   <trkpt lat="25.0257710" lon="121.4292060">
    <ele>16.3</ele>
    <time>2025-08-25T02:43:03Z</time>
   </trkpt>
   <trkpt lat="25.0257700" lon="121.4292060">
    <ele>16.3</ele>
    <time>2025-08-25T02:43:04Z</time>
   </trkpt>
   <trkpt lat="25.0257710" lon="121.4292050">
    <ele>16.3</ele>
    <time>2025-08-25T02:43:05Z</time>
   </trkpt>
   <trkpt lat="25.0257740" lon="121.4292030">
    <ele>16.3</ele>
    <time>2025-08-25T02:43:06Z</time>
   </trkpt>
   <trkpt lat="25.0257760" lon="121.4292030">
    <ele>16.3</ele>
    <time>2025-08-25T02:43:07Z</time>
   </trkpt>
   <trkpt lat="25.0257780" lon="121.4292030">
    <ele>16.3</ele>
    <time>2025-08-25T02:43:08Z</time>
   </trkpt>
   <trkpt lat="25.0257800" lon="121.4292020">
    <ele>16.3</ele>
    <time>2025-08-25T02:43:09Z</time>
   </trkpt>
   <trkpt lat="25.0257800" lon="121.4292020">
    <ele>16.3</ele>
    <time>2025-08-25T02:43:10Z</time>
   </trkpt>
   <trkpt lat="25.0257830" lon="121.4292170">
    <ele>16.3</ele>
    <time>2025-08-25T02:43:11Z</time>
   </trkpt>
   <trkpt lat="25.0257830" lon="121.4292180">
    <ele>16.3</ele>
    <time>2025-08-25T02:43:12Z</time>
   </trkpt>
   <trkpt lat="25.0257840" lon="121.4292170">
    <ele>16.3</ele>
    <time>2025-08-25T02:43:13Z</time>
   </trkpt>
   <trkpt lat="25.0257840" lon="121.4292180">
    <ele>16.3</ele>
    <time>2025-08-25T02:43:14Z</time>
   </trkpt>
   <trkpt lat="25.0257850" lon="121.4292330">
    <ele>16.3</ele>
    <time>2025-08-25T02:43:16Z</time>
   </trkpt>
   <trkpt lat="25.0257840" lon="121.4292340">
    <ele>16.3</ele>
    <time>2025-08-25T02:43:17Z</time>
   </trkpt>
   <trkpt lat="25.0257840" lon="121.4292340">
    <ele>16.3</ele>
    <time>2025-08-25T02:43:18Z</time>
   </trkpt>
   <trkpt lat="25.0257840" lon="121.4292340">
    <ele>16.3</ele>
    <time>2025-08-25T02:43:19Z</time>
   </trkpt>
   <trkpt lat="25.0257820" lon="121.4292310">
    <ele>16.3</ele>
    <time>2025-08-25T02:43:20Z</time>
   </trkpt>
   <trkpt lat="25.0257820" lon="121.4292300">
    <ele>16.3</ele>
    <time>2025-08-25T02:43:22Z</time>
   </trkpt>
   <trkpt lat="25.0257780" lon="121.4292290">
    <ele>16.3</ele>
    <time>2025-08-25T02:43:23Z</time>
   </trkpt>
   <trkpt lat="25.0257720" lon="121.4292270">
    <ele>16.3</ele>
    <time>2025-08-25T02:43:24Z</time>
   </trkpt>
   <trkpt lat="25.0257650" lon="121.4292240">
    <ele>16.3</ele>
    <time>2025-08-25T02:43:25Z</time>
   </trkpt>
   <trkpt lat="25.0257580" lon="121.4292210">
    <ele>16.3</ele>
    <time>2025-08-25T02:43:26Z</time>
   </trkpt>
   <trkpt lat="25.0257580" lon="121.4291920">
    <ele>16.3</ele>
    <time>2025-08-25T02:43:27Z</time>
   </trkpt>
   <trkpt lat="25.0257620" lon="121.4291650">
    <ele>16.3</ele>
    <time>2025-08-25T02:43:28Z</time>
   </trkpt>
   <trkpt lat="25.0257510" lon="121.4291800">
    <ele>16.3</ele>
    <time>2025-08-25T02:43:29Z</time>
   </trkpt>
   <trkpt lat="25.0257430" lon="121.4292000">
    <ele>16.3</ele>
    <time>2025-08-25T02:43:30Z</time>
   </trkpt>
   <trkpt lat="25.0257320" lon="121.4292340">
    <ele>16.4</ele>
    <time>2025-08-25T02:43:31Z</time>
   </trkpt>
   <trkpt lat="25.0257390" lon="121.4292340">
    <ele>16.4</ele>
    <time>2025-08-25T02:43:33Z</time>
   </trkpt>
   <trkpt lat="25.0257420" lon="121.4292400">
    <ele>16.4</ele>
    <time>2025-08-25T02:43:34Z</time>
   </trkpt>
   <trkpt lat="25.0257440" lon="121.4292460">
    <ele>16.4</ele>
    <time>2025-08-25T02:43:35Z</time>
   </trkpt>
   <trkpt lat="25.0257460" lon="121.4292520">
    <ele>16.4</ele>
    <time>2025-08-25T02:43:36Z</time>
   </trkpt>
   <trkpt lat="25.0257480" lon="121.4292580">
    <ele>16.4</ele>
    <time>2025-08-25T02:43:37Z</time>
   </trkpt>
   <trkpt lat="25.0257510" lon="121.4292640">
    <ele>16.4</ele>
    <time>2025-08-25T02:43:38Z</time>
   </trkpt>
   <trkpt lat="25.0257530" lon="121.4292700">
    <ele>16.4</ele>
    <time>2025-08-25T02:43:39Z</time>
   </trkpt>
   <trkpt lat="25.0257550" lon="121.4292760">
    <ele>16.4</ele>
    <time>2025-08-25T02:43:40Z</time>
   </trkpt>
   <trkpt lat="25.0257570" lon="121.4292820">
    <ele>16.4</ele>
    <time>2025-08-25T02:43:41Z</time>
   </trkpt>
   <trkpt lat="25.0257600" lon="121.4292880">
    <ele>16.4</ele>
    <time>2025-08-25T02:43:42Z</time>
   </trkpt>
   <trkpt lat="25.0257620" lon="121.4292940">
    <ele>16.4</ele>
    <time>2025-08-25T02:43:43Z</time>
   </trkpt>
   <trkpt lat="25.0257750" lon="121.4293160">
    <ele>16.4</ele>
    <time>2025-08-25T02:43:44Z</time>
   </trkpt>
   <trkpt lat="25.0257830" lon="121.4293250">
    <ele>16.4</ele>
    <time>2025-08-25T02:43:46Z</time>
   </trkpt>
   <trkpt lat="25.0257930" lon="121.4293290">
    <ele>16.4</ele>
    <time>2025-08-25T02:43:47Z</time>
   </trkpt>
   <trkpt lat="25.0257970" lon="121.4293240">
    <ele>16.4</ele>
    <time>2025-08-25T02:43:48Z</time>
   </trkpt>
   <trkpt lat="25.0258020" lon="121.4293190">
    <ele>16.4</ele>
    <time>2025-08-25T02:43:50Z</time>
   </trkpt>
   <trkpt lat="25.0258060" lon="121.4293140">
    <ele>16.4</ele>
    <time>2025-08-25T02:43:51Z</time>
   </trkpt>
   <trkpt lat="25.0258110" lon="121.4293090">
    <ele>16.4</ele>
    <time>2025-08-25T02:43:52Z</time>
   </trkpt>
   <trkpt lat="25.0258150" lon="121.4293040">
    <ele>16.4</ele>
    <time>2025-08-25T02:43:53Z</time>
   </trkpt>
   <trkpt lat="25.0258170" lon="121.4293010">
    <ele>16.4</ele>
    <time>2025-08-25T02:43:54Z</time>
   </trkpt>
   <trkpt lat="25.0258170" lon="121.4293000">
    <ele>16.4</ele>
    <time>2025-08-25T02:43:55Z</time>
   </trkpt>
   <trkpt lat="25.0258170" lon="121.4293010">
    <ele>16.4</ele>
    <time>2025-08-25T02:43:56Z</time>
   </trkpt>
   <trkpt lat="25.0258170" lon="121.4293020">
    <ele>16.4</ele>
    <time>2025-08-25T02:43:57Z</time>
   </trkpt>
   <trkpt lat="25.0258130" lon="121.4293050">
    <ele>16.4</ele>
    <time>2025-08-25T02:43:58Z</time>
   </trkpt>
   <trkpt lat="25.0258130" lon="121.4293060">
    <ele>16.4</ele>
    <time>2025-08-25T02:43:59Z</time>
   </trkpt>
   <trkpt lat="25.0258140" lon="121.4293060">
    <ele>16.4</ele>
    <time>2025-08-25T02:44:00Z</time>
   </trkpt>
   <trkpt lat="25.0258140" lon="121.4293060">
    <ele>16.4</ele>
    <time>2025-08-25T02:44:01Z</time>
   </trkpt>
   <trkpt lat="25.0258140" lon="121.4293060">
    <ele>16.4</ele>
    <time>2025-08-25T02:44:02Z</time>
   </trkpt>
   <trkpt lat="25.0258110" lon="121.4293030">
    <ele>16.4</ele>
    <time>2025-08-25T02:44:03Z</time>
   </trkpt>
   <trkpt lat="25.0258110" lon="121.4293030">
    <ele>16.4</ele>
    <time>2025-08-25T02:44:04Z</time>
   </trkpt>
   <trkpt lat="25.0258110" lon="121.4293020">
    <ele>16.4</ele>
    <time>2025-08-25T02:44:05Z</time>
   </trkpt>
   <trkpt lat="25.0258120" lon="121.4293010">
    <ele>16.4</ele>
    <time>2025-08-25T02:44:06Z</time>
   </trkpt>
   <trkpt lat="25.0258260" lon="121.4292960">
    <ele>16.4</ele>
    <time>2025-08-25T02:44:07Z</time>
   </trkpt>
   <trkpt lat="25.0258430" lon="121.4292880">
    <ele>16.4</ele>
    <time>2025-08-25T02:44:08Z</time>
   </trkpt>
   <trkpt lat="25.0258600" lon="121.4292810">
    <ele>16.4</ele>
    <time>2025-08-25T02:44:09Z</time>
   </trkpt>
   <trkpt lat="25.0258750" lon="121.4292730">
    <ele>16.4</ele>
    <time>2025-08-25T02:44:10Z</time>
   </trkpt>
   <trkpt lat="25.0258880" lon="121.4292670">
    <ele>16.4</ele>
    <time>2025-08-25T02:44:11Z</time>
   </trkpt>
   <trkpt lat="25.0258950" lon="121.4292640">
    <ele>16.4</ele>
    <time>2025-08-25T02:44:12Z</time>
   </trkpt>
   <trkpt lat="25.0258990" lon="121.4292640">
    <ele>16.5</ele>
    <time>2025-08-25T02:44:13Z</time>
   </trkpt>
   <trkpt lat="25.0259020" lon="121.4292640">
    <ele>16.5</ele>
    <time>2025-08-25T02:44:14Z</time>
   </trkpt>
   <trkpt lat="25.0259030" lon="121.4292650">
    <ele>16.5</ele>
    <time>2025-08-25T02:44:15Z</time>
   </trkpt>
   <trkpt lat="25.0259040" lon="121.4292650">
    <ele>16.5</ele>
    <time>2025-08-25T02:44:16Z</time>
   </trkpt>
   <trkpt lat="25.0259040" lon="121.4292650">
    <ele>16.5</ele>
    <time>2025-08-25T02:44:17Z</time>
   </trkpt>
   <trkpt lat="25.0259040" lon="121.4292660">
    <ele>16.5</ele>
    <time>2025-08-25T02:44:18Z</time>
   </trkpt>
   <trkpt lat="25.0259050" lon="121.4292660">
    <ele>16.5</ele>
    <time>2025-08-25T02:44:19Z</time>
   </trkpt>
   <trkpt lat="25.0259050" lon="121.4292660">
    <ele>16.5</ele>
    <time>2025-08-25T02:44:20Z</time>
   </trkpt>
   <trkpt lat="25.0259050" lon="121.4292670">
    <ele>16.5</ele>
    <time>2025-08-25T02:44:21Z</time>
   </trkpt>
   <trkpt lat="25.0259050" lon="121.4292670">
    <ele>16.5</ele>
    <time>2025-08-25T02:44:22Z</time>
   </trkpt>
   <trkpt lat="25.0259020" lon="121.4292690">
    <ele>16.5</ele>
    <time>2025-08-25T02:44:23Z</time>
   </trkpt>
   <trkpt lat="25.0259000" lon="121.4292700">
    <ele>16.5</ele>
    <time>2025-08-25T02:44:24Z</time>
   </trkpt>
   <trkpt lat="25.0258960" lon="121.4292720">
    <ele>16.5</ele>
    <time>2025-08-25T02:44:25Z</time>
   </trkpt>
   <trkpt lat="25.0258940" lon="121.4292720">
    <ele>16.5</ele>
    <time>2025-08-25T02:44:26Z</time>
   </trkpt>
   <trkpt lat="25.0258920" lon="121.4292730">
    <ele>16.5</ele>
    <time>2025-08-25T02:44:27Z</time>
   </trkpt>
   <trkpt lat="25.0258910" lon="121.4292730">
    <ele>16.5</ele>
    <time>2025-08-25T02:44:28Z</time>
   </trkpt>
   <trkpt lat="25.0258900" lon="121.4292730">
    <ele>16.5</ele>
    <time>2025-08-25T02:44:29Z</time>
   </trkpt>
   <trkpt lat="25.0258900" lon="121.4292730">
    <ele>16.5</ele>
    <time>2025-08-25T02:44:30Z</time>
   </trkpt>
   <trkpt lat="25.0258890" lon="121.4292730">
    <ele>16.5</ele>
    <time>2025-08-25T02:44:31Z</time>
   </trkpt>
   <trkpt lat="25.0258890" lon="121.4292730">
    <ele>16.5</ele>
    <time>2025-08-25T02:44:32Z</time>
   </trkpt>
   <trkpt lat="25.0258890" lon="121.4292730">
    <ele>16.5</ele>
    <time>2025-08-25T02:44:33Z</time>
   </trkpt>
   <trkpt lat="25.0258890" lon="121.4292730">
    <ele>16.5</ele>
    <time>2025-08-25T02:44:34Z</time>
   </trkpt>
   <trkpt lat="25.0258890" lon="121.4292730">
    <ele>16.5</ele>
    <time>2025-08-25T02:44:35Z</time>
   </trkpt>
   <trkpt lat="25.0258880" lon="121.4292740">
    <ele>16.5</ele>
    <time>2025-08-25T02:44:36Z</time>
   </trkpt>
   <trkpt lat="25.0258880" lon="121.4292740">
    <ele>16.5</ele>
    <time>2025-08-25T02:44:37Z</time>
   </trkpt>
   <trkpt lat="25.0258880" lon="121.4292740">
    <ele>16.5</ele>
    <time>2025-08-25T02:44:38Z</time>
   </trkpt>
   <trkpt lat="25.0258880" lon="121.4292740">
    <ele>16.5</ele>
    <time>2025-08-25T02:44:39Z</time>
   </trkpt>
   <trkpt lat="25.0258880" lon="121.4292740">
    <ele>16.5</ele>
    <time>2025-08-25T02:44:40Z</time>
   </trkpt>
   <trkpt lat="25.0258860" lon="121.4292730">
    <ele>16.5</ele>
    <time>2025-08-25T02:44:41Z</time>
   </trkpt>
   <trkpt lat="25.0258800" lon="121.4292710">
    <ele>16.5</ele>
    <time>2025-08-25T02:44:42Z</time>
   </trkpt>
   <trkpt lat="25.0258750" lon="121.4292700">
    <ele>16.5</ele>
    <time>2025-08-25T02:44:43Z</time>
   </trkpt>
   <trkpt lat="25.0258590" lon="121.4292730">
    <ele>16.5</ele>
    <time>2025-08-25T02:44:44Z</time>
   </trkpt>
   <trkpt lat="25.0258460" lon="121.4292760">
    <ele>16.5</ele>
    <time>2025-08-25T02:44:45Z</time>
   </trkpt>
   <trkpt lat="25.0258330" lon="121.4292800">
    <ele>16.5</ele>
    <time>2025-08-25T02:44:46Z</time>
   </trkpt>
   <trkpt lat="25.0258200" lon="121.4292830">
    <ele>16.5</ele>
    <time>2025-08-25T02:44:47Z</time>
   </trkpt>
   <trkpt lat="25.0258090" lon="121.4292870">
    <ele>16.5</ele>
    <time>2025-08-25T02:44:48Z</time>
   </trkpt>
   <trkpt lat="25.0258090" lon="121.4292880">
    <ele>16.5</ele>
    <time>2025-08-25T02:44:49Z</time>
   </trkpt>
   <trkpt lat="25.0258090" lon="121.4292900">
    <ele>16.5</ele>
    <time>2025-08-25T02:44:50Z</time>
   </trkpt>
   <trkpt lat="25.0258080" lon="121.4292920">
    <ele>16.5</ele>
    <time>2025-08-25T02:44:51Z</time>
   </trkpt>
   <trkpt lat="25.0258070" lon="121.4292920">
    <ele>16.5</ele>
    <time>2025-08-25T02:44:52Z</time>
   </trkpt>
   <trkpt lat="25.0258050" lon="121.4292910">
    <ele>16.5</ele>
    <time>2025-08-25T02:44:53Z</time>
   </trkpt>
   <trkpt lat="25.0258040" lon="121.4292890">
    <ele>16.5</ele>
    <time>2025-08-25T02:44:54Z</time>
   </trkpt>
   <trkpt lat="25.0258040" lon="121.4292880">
    <ele>16.5</ele>
    <time>2025-08-25T02:44:55Z</time>
   </trkpt>
   <trkpt lat="25.0258030" lon="121.4292890">
    <ele>16.5</ele>
    <time>2025-08-25T02:44:56Z</time>
   </trkpt>
   <trkpt lat="25.0258030" lon="121.4292890">
    <ele>16.5</ele>
    <time>2025-08-25T02:44:57Z</time>
   </trkpt>
   <trkpt lat="25.0258070" lon="121.4292850">
    <ele>16.5</ele>
    <time>2025-08-25T02:44:58Z</time>
   </trkpt>
   <trkpt lat="25.0258030" lon="121.4292750">
    <ele>16.5</ele>
    <time>2025-08-25T02:44:59Z</time>
   </trkpt>
   <trkpt lat="25.0258030" lon="121.4292740">
    <ele>16.5</ele>
    <time>2025-08-25T02:45:01Z</time>
   </trkpt>
   <trkpt lat="25.0258040" lon="121.4292740">
    <ele>16.5</ele>
    <time>2025-08-25T02:45:02Z</time>
   </trkpt>
   <trkpt lat="25.0258040" lon="121.4292750">
    <ele>16.5</ele>
    <time>2025-08-25T02:45:03Z</time>
   </trkpt>
   <trkpt lat="25.0258090" lon="121.4292550">
    <ele>16.5</ele>
    <time>2025-08-25T02:45:04Z</time>
   </trkpt>
   <trkpt lat="25.0258110" lon="121.4292460">
    <ele>16.5</ele>
    <time>2025-08-25T02:45:05Z</time>
   </trkpt>
   <trkpt lat="25.0258130" lon="121.4292400">
    <ele>16.5</ele>
    <time>2025-08-25T02:45:06Z</time>
   </trkpt>
   <trkpt lat="25.0258010" lon="121.4292720">
    <ele>16.5</ele>
    <time>2025-08-25T02:45:07Z</time>
   </trkpt>
   <trkpt lat="25.0258010" lon="121.4292740">
    <ele>16.5</ele>
    <time>2025-08-25T02:45:08Z</time>
   </trkpt>
   <trkpt lat="25.0258040" lon="121.4292680">
    <ele>16.5</ele>
    <time>2025-08-25T02:45:09Z</time>
   </trkpt>
   <trkpt lat="25.0258000" lon="121.4292750">
    <ele>16.5</ele>
    <time>2025-08-25T02:45:11Z</time>
   </trkpt>
   <trkpt lat="25.0258000" lon="121.4292760">
    <ele>16.5</ele>
    <time>2025-08-25T02:45:12Z</time>
   </trkpt>
   <trkpt lat="25.0258000" lon="121.4292750">
    <ele>16.5</ele>
    <time>2025-08-25T02:45:13Z</time>
   </trkpt>
   <trkpt lat="25.0258000" lon="121.4292750">
    <ele>16.5</ele>
    <time>2025-08-25T02:45:14Z</time>
   </trkpt>
   <trkpt lat="25.0257990" lon="121.4292750">
    <ele>16.5</ele>
    <time>2025-08-25T02:45:15Z</time>
   </trkpt>
   <trkpt lat="25.0257990" lon="121.4292760">
    <ele>16.5</ele>
    <time>2025-08-25T02:45:16Z</time>
   </trkpt>
   <trkpt lat="25.0258000" lon="121.4292760">
    <ele>16.5</ele>
    <time>2025-08-25T02:45:17Z</time>
   </trkpt>
   <trkpt lat="25.0258000" lon="121.4292760">
    <ele>16.5</ele>
    <time>2025-08-25T02:45:18Z</time>
   </trkpt>
   <trkpt lat="25.0258000" lon="121.4292790">
    <ele>16.5</ele>
    <time>2025-08-25T02:45:19Z</time>
   </trkpt>
   <trkpt lat="25.0258010" lon="121.4292800">
    <ele>16.5</ele>
    <time>2025-08-25T02:45:20Z</time>
   </trkpt>
   <trkpt lat="25.0258000" lon="121.4292800">
    <ele>16.5</ele>
    <time>2025-08-25T02:45:21Z</time>
   </trkpt>
   <trkpt lat="25.0258000" lon="121.4292810">
    <ele>16.5</ele>
    <time>2025-08-25T02:45:22Z</time>
   </trkpt>
   <trkpt lat="25.0258000" lon="121.4292810">
    <ele>16.5</ele>
    <time>2025-08-25T02:45:23Z</time>
   </trkpt>
   <trkpt lat="25.0257970" lon="121.4292840">
    <ele>16.5</ele>
    <time>2025-08-25T02:45:24Z</time>
   </trkpt>
   <trkpt lat="25.0257970" lon="121.4292850">
    <ele>16.5</ele>
    <time>2025-08-25T02:45:25Z</time>
   </trkpt>
   <trkpt lat="25.0257980" lon="121.4292850">
    <ele>16.5</ele>
    <time>2025-08-25T02:45:27Z</time>
   </trkpt>
   <trkpt lat="25.0257980" lon="121.4292840">
    <ele>16.5</ele>
    <time>2025-08-25T02:45:28Z</time>
   </trkpt>
   <trkpt lat="25.0257960" lon="121.4292850">
    <ele>16.5</ele>
    <time>2025-08-25T02:45:29Z</time>
   </trkpt>
   <trkpt lat="25.0257950" lon="121.4292860">
    <ele>16.5</ele>
    <time>2025-08-25T02:45:31Z</time>
   </trkpt>
   <trkpt lat="25.0257960" lon="121.4292860">
    <ele>16.5</ele>
    <time>2025-08-25T02:45:32Z</time>
   </trkpt>
   <trkpt lat="25.0257950" lon="121.4292860">
    <ele>16.5</ele>
    <time>2025-08-25T02:45:33Z</time>
   </trkpt>
   <trkpt lat="25.0257930" lon="121.4292880">
    <ele>16.5</ele>
    <time>2025-08-25T02:45:34Z</time>
   </trkpt>
   <trkpt lat="25.0257930" lon="121.4292880">
    <ele>16.5</ele>
    <time>2025-08-25T02:45:35Z</time>
   </trkpt>
   <trkpt lat="25.0257930" lon="121.4292890">
    <ele>16.5</ele>
    <time>2025-08-25T02:45:36Z</time>
   </trkpt>
   <trkpt lat="25.0257920" lon="121.4292890">
    <ele>16.5</ele>
    <time>2025-08-25T02:45:37Z</time>
   </trkpt>
   <trkpt lat="25.0257920" lon="121.4292890">
    <ele>16.5</ele>
    <time>2025-08-25T02:45:38Z</time>
   </trkpt>
   <trkpt lat="25.0257910" lon="121.4292880">
    <ele>16.5</ele>
    <time>2025-08-25T02:45:39Z</time>
   </trkpt>
   <trkpt lat="25.0257910" lon="121.4292880">
    <ele>16.5</ele>
    <time>2025-08-25T02:45:40Z</time>
   </trkpt>
   <trkpt lat="25.0257930" lon="121.4293000">
    <ele>16.5</ele>
    <time>2025-08-25T02:45:41Z</time>
   </trkpt>
   <trkpt lat="25.0257930" lon="121.4293020">
    <ele>16.5</ele>
    <time>2025-08-25T02:45:43Z</time>
   </trkpt>
   <trkpt lat="25.0257920" lon="121.4293010">
    <ele>16.5</ele>
    <time>2025-08-25T02:45:44Z</time>
   </trkpt>
   <trkpt lat="25.0257910" lon="121.4293020">
    <ele>16.5</ele>
    <time>2025-08-25T02:45:45Z</time>
   </trkpt>
   <trkpt lat="25.0257890" lon="121.4293040">
    <ele>16.5</ele>
    <time>2025-08-25T02:45:46Z</time>
   </trkpt>
   <trkpt lat="25.0257960" lon="121.4293160">
    <ele>16.6</ele>
    <time>2025-08-25T02:45:47Z</time>
   </trkpt>
   <trkpt lat="25.0258020" lon="121.4293160">
    <ele>16.6</ele>
    <time>2025-08-25T02:45:48Z</time>
   </trkpt>
   <trkpt lat="25.0258070" lon="121.4293150">
    <ele>16.6</ele>
    <time>2025-08-25T02:45:49Z</time>
   </trkpt>
   <trkpt lat="25.0258060" lon="121.4293150">
    <ele>16.6</ele>
    <time>2025-08-25T02:45:50Z</time>
   </trkpt>
   <trkpt lat="25.0257980" lon="121.4293160">
    <ele>16.6</ele>
    <time>2025-08-25T02:45:51Z</time>
   </trkpt>
   <trkpt lat="25.0257940" lon="121.4293220">
    <ele>16.6</ele>
    <time>2025-08-25T02:45:52Z</time>
   </trkpt>
   <trkpt lat="25.0257940" lon="121.4293230">
    <ele>16.6</ele>
    <time>2025-08-25T02:45:53Z</time>
   </trkpt>
   <trkpt lat="25.0257940" lon="121.4293230">
    <ele>16.6</ele>
    <time>2025-08-25T02:45:54Z</time>
   </trkpt>
   <trkpt lat="25.0257930" lon="121.4293240">
    <ele>16.6</ele>
    <time>2025-08-25T02:45:55Z</time>
   </trkpt>
   <trkpt lat="25.0257940" lon="121.4293240">
    <ele>16.6</ele>
    <time>2025-08-25T02:45:56Z</time>
   </trkpt>
   <trkpt lat="25.0257930" lon="121.4293280">
    <ele>16.6</ele>
    <time>2025-08-25T02:45:57Z</time>
   </trkpt>
   <trkpt lat="25.0257930" lon="121.4293280">
    <ele>16.6</ele>
    <time>2025-08-25T02:45:58Z</time>
   </trkpt>
   <trkpt lat="25.0257930" lon="121.4293280">
    <ele>16.6</ele>
    <time>2025-08-25T02:45:59Z</time>
   </trkpt>
   <trkpt lat="25.0257940" lon="121.4293280">
    <ele>16.6</ele>
    <time>2025-08-25T02:46:00Z</time>
   </trkpt>
   <trkpt lat="25.0257940" lon="121.4293270">
    <ele>16.6</ele>
    <time>2025-08-25T02:46:01Z</time>
   </trkpt>
   <trkpt lat="25.0257930" lon="121.4293320">
    <ele>16.6</ele>
    <time>2025-08-25T02:46:02Z</time>
   </trkpt>
   <trkpt lat="25.0257940" lon="121.4293320">
    <ele>16.6</ele>
    <time>2025-08-25T02:46:03Z</time>
   </trkpt>
   <trkpt lat="25.0257950" lon="121.4293310">
    <ele>16.6</ele>
    <time>2025-08-25T02:46:04Z</time>
   </trkpt>
   <trkpt lat="25.0257950" lon="121.4293310">
    <ele>16.6</ele>
    <time>2025-08-25T02:46:05Z</time>
   </trkpt>
   <trkpt lat="25.0257960" lon="121.4293300">
    <ele>16.6</ele>
    <time>2025-08-25T02:46:06Z</time>
   </trkpt>
   <trkpt lat="25.0257960" lon="121.4293390">
    <ele>16.6</ele>
    <time>2025-08-25T02:46:07Z</time>
   </trkpt>
   <trkpt lat="25.0258110" lon="121.4293290">
    <ele>16.6</ele>
    <time>2025-08-25T02:46:08Z</time>
   </trkpt>
   <trkpt lat="25.0258310" lon="121.4293140">
    <ele>16.6</ele>
    <time>2025-08-25T02:46:09Z</time>
   </trkpt>
   <trkpt lat="25.0258550" lon="121.4292970">
    <ele>16.6</ele>
    <time>2025-08-25T02:46:10Z</time>
   </trkpt>
   <trkpt lat="25.0258820" lon="121.4292770">
    <ele>16.6</ele>
    <time>2025-08-25T02:46:11Z</time>
   </trkpt>
   <trkpt lat="25.0258890" lon="121.4292710">
    <ele>16.6</ele>
    <time>2025-08-25T02:46:12Z</time>
   </trkpt>
   <trkpt lat="25.0259020" lon="121.4292610">
    <ele>16.6</ele>
    <time>2025-08-25T02:46:13Z</time>
   </trkpt>
   <trkpt lat="25.0259110" lon="121.4292530">
    <ele>16.6</ele>
    <time>2025-08-25T02:46:14Z</time>
   </trkpt>
   <trkpt lat="25.0259160" lon="121.4292500">
    <ele>16.6</ele>
    <time>2025-08-25T02:46:15Z</time>
   </trkpt>
   <trkpt lat="25.0259260" lon="121.4292450">
    <ele>16.6</ele>
    <time>2025-08-25T02:46:16Z</time>
   </trkpt>
   <trkpt lat="25.0259330" lon="121.4292480">
    <ele>16.6</ele>
    <time>2025-08-25T02:46:17Z</time>
   </trkpt>
   <trkpt lat="25.0259520" lon="121.4292440">
    <ele>16.6</ele>
    <time>2025-08-25T02:46:18Z</time>
   </trkpt>
   <trkpt lat="25.0259670" lon="121.4292410">
    <ele>16.6</ele>
    <time>2025-08-25T02:46:19Z</time>
   </trkpt>
   <trkpt lat="25.0259790" lon="121.4292380">
    <ele>16.6</ele>
    <time>2025-08-25T02:46:20Z</time>
   </trkpt>
   <trkpt lat="25.0259890" lon="121.4292350">
    <ele>16.7</ele>
    <time>2025-08-25T02:46:21Z</time>
   </trkpt>
   <trkpt lat="25.0259980" lon="121.4292320">
    <ele>16.7</ele>
    <time>2025-08-25T02:46:22Z</time>
   </trkpt>
   <trkpt lat="25.0260040" lon="121.4292290">
    <ele>16.7</ele>
    <time>2025-08-25T02:46:23Z</time>
   </trkpt>
   <trkpt lat="25.0260080" lon="121.4292270">
    <ele>16.7</ele>
    <time>2025-08-25T02:46:24Z</time>
   </trkpt>
   <trkpt lat="25.0260070" lon="121.4292280">
    <ele>16.7</ele>
    <time>2025-08-25T02:46:25Z</time>
   </trkpt>
   <trkpt lat="25.0260020" lon="121.4292280">
    <ele>16.7</ele>
    <time>2025-08-25T02:46:26Z</time>
   </trkpt>
   <trkpt lat="25.0259980" lon="121.4292280">
    <ele>16.7</ele>
    <time>2025-08-25T02:46:27Z</time>
   </trkpt>
   <trkpt lat="25.0259960" lon="121.4292280">
    <ele>16.7</ele>
    <time>2025-08-25T02:46:28Z</time>
   </trkpt>
   <trkpt lat="25.0259930" lon="121.4292280">
    <ele>16.7</ele>
    <time>2025-08-25T02:46:29Z</time>
   </trkpt>
   <trkpt lat="25.0259910" lon="121.4292280">
    <ele>16.7</ele>
    <time>2025-08-25T02:46:30Z</time>
   </trkpt>
   <trkpt lat="25.0259890" lon="121.4292280">
    <ele>16.7</ele>
    <time>2025-08-25T02:46:31Z</time>
   </trkpt>
   <trkpt lat="25.0259880" lon="121.4292280">
    <ele>16.7</ele>
    <time>2025-08-25T02:46:32Z</time>
   </trkpt>
   <trkpt lat="25.0259860" lon="121.4292280">
    <ele>16.7</ele>
    <time>2025-08-25T02:46:33Z</time>
   </trkpt>
   <trkpt lat="25.0259850" lon="121.4292280">
    <ele>16.7</ele>
    <time>2025-08-25T02:46:34Z</time>
   </trkpt>
   <trkpt lat="25.0259850" lon="121.4292270">
    <ele>16.7</ele>
    <time>2025-08-25T02:46:35Z</time>
   </trkpt>
   <trkpt lat="25.0259850" lon="121.4292270">
    <ele>16.7</ele>
    <time>2025-08-25T02:46:36Z</time>
   </trkpt>
   <trkpt lat="25.0259840" lon="121.4292270">
    <ele>16.7</ele>
    <time>2025-08-25T02:46:37Z</time>
   </trkpt>
   <trkpt lat="25.0259840" lon="121.4292270">
    <ele>16.7</ele>
    <time>2025-08-25T02:46:38Z</time>
   </trkpt>
   <trkpt lat="25.0259840" lon="121.4292270">
    <ele>16.7</ele>
    <time>2025-08-25T02:46:39Z</time>
   </trkpt>
   <trkpt lat="25.0259840" lon="121.4292270">
    <ele>16.7</ele>
    <time>2025-08-25T02:46:40Z</time>
   </trkpt>
   <trkpt lat="25.0259840" lon="121.4292270">
    <ele>16.7</ele>
    <time>2025-08-25T02:46:41Z</time>
   </trkpt>
   <trkpt lat="25.0259840" lon="121.4292270">
    <ele>16.7</ele>
    <time>2025-08-25T02:46:42Z</time>
   </trkpt>
   <trkpt lat="25.0259840" lon="121.4292260">
    <ele>16.7</ele>
    <time>2025-08-25T02:46:43Z</time>
   </trkpt>
   <trkpt lat="25.0259840" lon="121.4292270">
    <ele>16.7</ele>
    <time>2025-08-25T02:46:44Z</time>
   </trkpt>
   <trkpt lat="25.0259840" lon="121.4292270">
    <ele>16.7</ele>
    <time>2025-08-25T02:46:45Z</time>
   </trkpt>
   <trkpt lat="25.0259840" lon="121.4292270">
    <ele>16.7</ele>
    <time>2025-08-25T02:46:46Z</time>
   </trkpt>
   <trkpt lat="25.0259840" lon="121.4292270">
    <ele>16.7</ele>
    <time>2025-08-25T02:46:47Z</time>
   </trkpt>
   <trkpt lat="25.0259840" lon="121.4292270">
    <ele>16.7</ele>
    <time>2025-08-25T02:46:48Z</time>
   </trkpt>
   <trkpt lat="25.0259840" lon="121.4292270">
    <ele>16.7</ele>
    <time>2025-08-25T02:46:49Z</time>
   </trkpt>
   <trkpt lat="25.0259840" lon="121.4292270">
    <ele>16.7</ele>
    <time>2025-08-25T02:46:50Z</time>
   </trkpt>
   <trkpt lat="25.0259840" lon="121.4292270">
    <ele>16.7</ele>
    <time>2025-08-25T02:46:51Z</time>
   </trkpt>
   <trkpt lat="25.0259840" lon="121.4292270">
    <ele>16.7</ele>
    <time>2025-08-25T02:46:52Z</time>
   </trkpt>
   <trkpt lat="25.0259840" lon="121.4292270">
    <ele>16.7</ele>
    <time>2025-08-25T02:46:53Z</time>
   </trkpt>
   <trkpt lat="25.0259860" lon="121.4292280">
    <ele>16.7</ele>
    <time>2025-08-25T02:46:54Z</time>
   </trkpt>
   <trkpt lat="25.0259840" lon="121.4292340">
    <ele>16.7</ele>
    <time>2025-08-25T02:46:55Z</time>
   </trkpt>
   <trkpt lat="25.0259810" lon="121.4292390">
    <ele>16.7</ele>
    <time>2025-08-25T02:46:56Z</time>
   </trkpt>
   <trkpt lat="25.0259250" lon="121.4292730">
    <ele>16.7</ele>
    <time>2025-08-25T02:46:57Z</time>
   </trkpt>
   <trkpt lat="25.0258700" lon="121.4293040">
    <ele>16.7</ele>
    <time>2025-08-25T02:46:58Z</time>
   </trkpt>
   <trkpt lat="25.0258160" lon="121.4293350">
    <ele>16.7</ele>
    <time>2025-08-25T02:47:00Z</time>
   </trkpt>
   <trkpt lat="25.0258080" lon="121.4293390">
    <ele>16.7</ele>
    <time>2025-08-25T02:47:01Z</time>
   </trkpt>
   <trkpt lat="25.0258000" lon="121.4293390">
    <ele>16.8</ele>
    <time>2025-08-25T02:47:02Z</time>
   </trkpt>
   <trkpt lat="25.0258020" lon="121.4293380">
    <ele>16.8</ele>
    <time>2025-08-25T02:47:04Z</time>
   </trkpt>
   <trkpt lat="25.0258040" lon="121.4293360">
    <ele>16.8</ele>
    <time>2025-08-25T02:47:05Z</time>
   </trkpt>
   <trkpt lat="25.0258050" lon="121.4293350">
    <ele>16.8</ele>
    <time>2025-08-25T02:47:06Z</time>
   </trkpt>
   <trkpt lat="25.0258050" lon="121.4293340">
    <ele>16.8</ele>
    <time>2025-08-25T02:47:07Z</time>
   </trkpt>
   <trkpt lat="25.0258020" lon="121.4293370">
    <ele>16.8</ele>
    <time>2025-08-25T02:47:08Z</time>
   </trkpt>
   <trkpt lat="25.0258020" lon="121.4293370">
    <ele>16.8</ele>
    <time>2025-08-25T02:47:09Z</time>
   </trkpt>
   <trkpt lat="25.0258040" lon="121.4293370">
    <ele>16.8</ele>
    <time>2025-08-25T02:47:10Z</time>
   </trkpt>
   <trkpt lat="25.0258070" lon="121.4293360">
    <ele>16.8</ele>
    <time>2025-08-25T02:47:11Z</time>
   </trkpt>
   <trkpt lat="25.0258090" lon="121.4293360">
    <ele>16.8</ele>
    <time>2025-08-25T02:47:12Z</time>
   </trkpt>
   <trkpt lat="25.0258070" lon="121.4293370">
    <ele>16.8</ele>
    <time>2025-08-25T02:47:13Z</time>
   </trkpt>
   <trkpt lat="25.0258080" lon="121.4293390">
    <ele>16.8</ele>
    <time>2025-08-25T02:47:14Z</time>
   </trkpt>
   <trkpt lat="25.0258090" lon="121.4293380">
    <ele>16.8</ele>
    <time>2025-08-25T02:47:16Z</time>
   </trkpt>
   <trkpt lat="25.0258120" lon="121.4293360">
    <ele>16.8</ele>
    <time>2025-08-25T02:47:17Z</time>
   </trkpt>
   <trkpt lat="25.0258090" lon="121.4293390">
    <ele>16.8</ele>
    <time>2025-08-25T02:47:18Z</time>
   </trkpt>
   <trkpt lat="25.0258080" lon="121.4293400">
    <ele>16.8</ele>
    <time>2025-08-25T02:47:19Z</time>
   </trkpt>
   <trkpt lat="25.0258070" lon="121.4293410">
    <ele>16.8</ele>
    <time>2025-08-25T02:47:20Z</time>
   </trkpt>
   <trkpt lat="25.0258060" lon="121.4293410">
    <ele>16.8</ele>
    <time>2025-08-25T02:47:21Z</time>
   </trkpt>
   <trkpt lat="25.0258080" lon="121.4293390">
    <ele>16.8</ele>
    <time>2025-08-25T02:47:22Z</time>
   </trkpt>
   <trkpt lat="25.0258070" lon="121.4293430">
    <ele>16.8</ele>
    <time>2025-08-25T02:47:23Z</time>
   </trkpt>
   <trkpt lat="25.0258080" lon="121.4293420">
    <ele>16.8</ele>
    <time>2025-08-25T02:47:24Z</time>
   </trkpt>
   <trkpt lat="25.0258080" lon="121.4293420">
    <ele>16.8</ele>
    <time>2025-08-25T02:47:25Z</time>
   </trkpt>
   <trkpt lat="25.0258080" lon="121.4293430">
    <ele>16.8</ele>
    <time>2025-08-25T02:47:26Z</time>
   </trkpt>
   <trkpt lat="25.0258080" lon="121.4293440">
    <ele>16.8</ele>
    <time>2025-08-25T02:47:27Z</time>
   </trkpt>
   <trkpt lat="25.0258060" lon="121.4293430">
    <ele>16.8</ele>
    <time>2025-08-25T02:47:28Z</time>
   </trkpt>
   <trkpt lat="25.0258070" lon="121.4293420">
    <ele>16.8</ele>
    <time>2025-08-25T02:47:29Z</time>
   </trkpt>
   <trkpt lat="25.0258080" lon="121.4293420">
    <ele>16.8</ele>
    <time>2025-08-25T02:47:30Z</time>
   </trkpt>
   <trkpt lat="25.0258080" lon="121.4293420">
    <ele>16.8</ele>
    <time>2025-08-25T02:47:31Z</time>
   </trkpt>
   <trkpt lat="25.0258080" lon="121.4293410">
    <ele>16.8</ele>
    <time>2025-08-25T02:47:32Z</time>
   </trkpt>
   <trkpt lat="25.0258080" lon="121.4293410">
    <ele>16.8</ele>
    <time>2025-08-25T02:47:33Z</time>
   </trkpt>
   <trkpt lat="25.0258080" lon="121.4293410">
    <ele>16.8</ele>
    <time>2025-08-25T02:47:34Z</time>
   </trkpt>
   <trkpt lat="25.0258070" lon="121.4293420">
    <ele>16.8</ele>
    <time>2025-08-25T02:47:35Z</time>
   </trkpt>
   <trkpt lat="25.0258080" lon="121.4293420">
    <ele>16.8</ele>
    <time>2025-08-25T02:47:36Z</time>
   </trkpt>
   <trkpt lat="25.0258080" lon="121.4293420">
    <ele>16.8</ele>
    <time>2025-08-25T02:47:37Z</time>
   </trkpt>
   <trkpt lat="25.0258090" lon="121.4293450">
    <ele>16.8</ele>
    <time>2025-08-25T02:47:38Z</time>
   </trkpt>
   <trkpt lat="25.0258080" lon="121.4293440">
    <ele>16.8</ele>
    <time>2025-08-25T02:47:39Z</time>
   </trkpt>
   <trkpt lat="25.0258080" lon="121.4293430">
    <ele>16.8</ele>
    <time>2025-08-25T02:47:40Z</time>
   </trkpt>
   <trkpt lat="25.0258080" lon="121.4293430">
    <ele>16.8</ele>
    <time>2025-08-25T02:47:42Z</time>
   </trkpt>
   <trkpt lat="25.0258090" lon="121.4293450">
    <ele>16.8</ele>
    <time>2025-08-25T02:47:44Z</time>
   </trkpt>
   <trkpt lat="25.0258100" lon="121.4293450">
    <ele>16.8</ele>
    <time>2025-08-25T02:47:45Z</time>
   </trkpt>
   <trkpt lat="25.0258100" lon="121.4293450">
    <ele>16.8</ele>
    <time>2025-08-25T02:47:46Z</time>
   </trkpt>
   <trkpt lat="25.0258100" lon="121.4293450">
    <ele>16.8</ele>
    <time>2025-08-25T02:47:47Z</time>
   </trkpt>
   <trkpt lat="25.0258090" lon="121.4293440">
    <ele>16.8</ele>
    <time>2025-08-25T02:47:48Z</time>
   </trkpt>
   <trkpt lat="25.0258090" lon="121.4293420">
    <ele>16.8</ele>
    <time>2025-08-25T02:47:49Z</time>
   </trkpt>
   <trkpt lat="25.0258060" lon="121.4293360">
    <ele>16.8</ele>
    <time>2025-08-25T02:47:50Z</time>
   </trkpt>
   <trkpt lat="25.0258080" lon="121.4293360">
    <ele>16.8</ele>
    <time>2025-08-25T02:47:51Z</time>
   </trkpt>
   <trkpt lat="25.0258060" lon="121.4293360">
    <ele>16.8</ele>
    <time>2025-08-25T02:47:52Z</time>
   </trkpt>
   <trkpt lat="25.0258050" lon="121.4293360">
    <ele>16.8</ele>
    <time>2025-08-25T02:47:53Z</time>
   </trkpt>
   <trkpt lat="25.0258050" lon="121.4293360">
    <ele>16.8</ele>
    <time>2025-08-25T02:47:54Z</time>
   </trkpt>
   <trkpt lat="25.0258050" lon="121.4293400">
    <ele>16.8</ele>
    <time>2025-08-25T02:47:55Z</time>
   </trkpt>
   <trkpt lat="25.0258060" lon="121.4293400">
    <ele>16.8</ele>
    <time>2025-08-25T02:47:56Z</time>
   </trkpt>
   <trkpt lat="25.0258080" lon="121.4293410">
    <ele>16.8</ele>
    <time>2025-08-25T02:47:57Z</time>
   </trkpt>
   <trkpt lat="25.0258100" lon="121.4293430">
    <ele>16.8</ele>
    <time>2025-08-25T02:47:58Z</time>
   </trkpt>
   <trkpt lat="25.0258180" lon="121.4293480">
    <ele>16.8</ele>
    <time>2025-08-25T02:47:59Z</time>
   </trkpt>
   <trkpt lat="25.0258230" lon="121.4293550">
    <ele>16.8</ele>
    <time>2025-08-25T02:48:00Z</time>
   </trkpt>
   <trkpt lat="25.0258300" lon="121.4293650">
    <ele>16.8</ele>
    <time>2025-08-25T02:48:01Z</time>
   </trkpt>
   <trkpt lat="25.0258340" lon="121.4293860">
    <ele>16.8</ele>
    <time>2025-08-25T02:48:02Z</time>
   </trkpt>
   <trkpt lat="25.0258320" lon="121.4293970">
    <ele>16.8</ele>
    <time>2025-08-25T02:48:04Z</time>
   </trkpt>
   <trkpt lat="25.0258290" lon="121.4294080">
    <ele>16.8</ele>
    <time>2025-08-25T02:48:05Z</time>
   </trkpt>
   <trkpt lat="25.0258310" lon="121.4294190">
    <ele>16.8</ele>
    <time>2025-08-25T02:48:06Z</time>
   </trkpt>
   <trkpt lat="25.0258400" lon="121.4294410">
    <ele>16.8</ele>
    <time>2025-08-25T02:48:07Z</time>
   </trkpt>
   <trkpt lat="25.0258520" lon="121.4294480">
    <ele>16.9</ele>
    <time>2025-08-25T02:48:09Z</time>
   </trkpt>
   <trkpt lat="25.0258490" lon="121.4294740">
    <ele>16.8</ele>
    <time>2025-08-25T02:48:10Z</time>
   </trkpt>
   <trkpt lat="25.0258500" lon="121.4294930">
    <ele>16.8</ele>
    <time>2025-08-25T02:48:11Z</time>
   </trkpt>
   <trkpt lat="25.0258550" lon="121.4295060">
    <ele>16.8</ele>
    <time>2025-08-25T02:48:12Z</time>
   </trkpt>
   <trkpt lat="25.0258640" lon="121.4295270">
    <ele>16.8</ele>
    <time>2025-08-25T02:48:13Z</time>
   </trkpt>
   <trkpt lat="25.0258660" lon="121.4295370">
    <ele>16.8</ele>
    <time>2025-08-25T02:48:14Z</time>
   </trkpt>
   <trkpt lat="25.0258690" lon="121.4295480">
    <ele>16.8</ele>
    <time>2025-08-25T02:48:15Z</time>
   </trkpt>
   <trkpt lat="25.0258720" lon="121.4295590">
    <ele>16.8</ele>
    <time>2025-08-25T02:48:16Z</time>
   </trkpt>
   <trkpt lat="25.0258750" lon="121.4295700">
    <ele>16.8</ele>
    <time>2025-08-25T02:48:17Z</time>
   </trkpt>
   <trkpt lat="25.0258790" lon="121.4295810">
    <ele>16.7</ele>
    <time>2025-08-25T02:48:18Z</time>
   </trkpt>
   <trkpt lat="25.0258820" lon="121.4295930">
    <ele>16.7</ele>
    <time>2025-08-25T02:48:19Z</time>
   </trkpt>
   <trkpt lat="25.0258860" lon="121.4296050">
    <ele>16.7</ele>
    <time>2025-08-25T02:48:20Z</time>
   </trkpt>
   <trkpt lat="25.0258850" lon="121.4296140">
    <ele>16.7</ele>
    <time>2025-08-25T02:48:21Z</time>
   </trkpt>
   <trkpt lat="25.0258850" lon="121.4296230">
    <ele>16.7</ele>
    <time>2025-08-25T02:48:22Z</time>
   </trkpt>
   <trkpt lat="25.0258870" lon="121.4296270">
    <ele>16.7</ele>
    <time>2025-08-25T02:48:23Z</time>
   </trkpt>
   <trkpt lat="25.0258870" lon="121.4296260">
    <ele>16.7</ele>
    <time>2025-08-25T02:48:24Z</time>
   </trkpt>
   <trkpt lat="25.0258860" lon="121.4296250">
    <ele>16.7</ele>
    <time>2025-08-25T02:48:25Z</time>
   </trkpt>
   <trkpt lat="25.0258850" lon="121.4296240">
    <ele>16.7</ele>
    <time>2025-08-25T02:48:26Z</time>
   </trkpt>
   <trkpt lat="25.0258830" lon="121.4296230">
    <ele>16.7</ele>
    <time>2025-08-25T02:48:27Z</time>
   </trkpt>
   <trkpt lat="25.0258810" lon="121.4296230">
    <ele>16.7</ele>
    <time>2025-08-25T02:48:29Z</time>
   </trkpt>
   <trkpt lat="25.0258810" lon="121.4296220">
    <ele>16.7</ele>
    <time>2025-08-25T02:48:30Z</time>
   </trkpt>
   <trkpt lat="25.0258820" lon="121.4296220">
    <ele>16.7</ele>
    <time>2025-08-25T02:48:31Z</time>
   </trkpt>
   <trkpt lat="25.0258830" lon="121.4296220">
    <ele>16.7</ele>
    <time>2025-08-25T02:48:32Z</time>
   </trkpt>
   <trkpt lat="25.0258840" lon="121.4296220">
    <ele>16.7</ele>
    <time>2025-08-25T02:48:33Z</time>
   </trkpt>
   <trkpt lat="25.0258880" lon="121.4296200">
    <ele>16.7</ele>
    <time>2025-08-25T02:48:35Z</time>
   </trkpt>
   <trkpt lat="25.0258880" lon="121.4296200">
    <ele>16.7</ele>
    <time>2025-08-25T02:48:36Z</time>
   </trkpt>
   <trkpt lat="25.0258880" lon="121.4296210">
    <ele>16.7</ele>
    <time>2025-08-25T02:48:37Z</time>
   </trkpt>
   <trkpt lat="25.0258880" lon="121.4296220">
    <ele>16.7</ele>
    <time>2025-08-25T02:48:38Z</time>
   </trkpt>
   <trkpt lat="25.0258870" lon="121.4296230">
    <ele>16.7</ele>
    <time>2025-08-25T02:48:39Z</time>
   </trkpt>
   <trkpt lat="25.0258880" lon="121.4296200">
    <ele>16.7</ele>
    <time>2025-08-25T02:48:40Z</time>
   </trkpt>
   <trkpt lat="25.0258880" lon="121.4296190">
    <ele>16.7</ele>
    <time>2025-08-25T02:48:41Z</time>
   </trkpt>
   <trkpt lat="25.0258880" lon="121.4296170">
    <ele>16.7</ele>
    <time>2025-08-25T02:48:42Z</time>
   </trkpt>
   <trkpt lat="25.0258870" lon="121.4296160">
    <ele>16.7</ele>
    <time>2025-08-25T02:48:43Z</time>
   </trkpt>
   <trkpt lat="25.0258870" lon="121.4296160">
    <ele>16.7</ele>
    <time>2025-08-25T02:48:44Z</time>
   </trkpt>
   <trkpt lat="25.0258870" lon="121.4296170">
    <ele>16.7</ele>
    <time>2025-08-25T02:48:45Z</time>
   </trkpt>
   <trkpt lat="25.0258870" lon="121.4296170">
    <ele>16.7</ele>
    <time>2025-08-25T02:48:46Z</time>
   </trkpt>
   <trkpt lat="25.0258880" lon="121.4296180">
    <ele>16.7</ele>
    <time>2025-08-25T02:48:47Z</time>
   </trkpt>
   <trkpt lat="25.0258880" lon="121.4296180">
    <ele>16.7</ele>
    <time>2025-08-25T02:48:48Z</time>
   </trkpt>
   <trkpt lat="25.0258880" lon="121.4296190">
    <ele>16.7</ele>
    <time>2025-08-25T02:48:49Z</time>
   </trkpt>
   <trkpt lat="25.0258870" lon="121.4296170">
    <ele>16.7</ele>
    <time>2025-08-25T02:48:50Z</time>
   </trkpt>
   <trkpt lat="25.0258880" lon="121.4296170">
    <ele>16.7</ele>
    <time>2025-08-25T02:48:51Z</time>
   </trkpt>
   <trkpt lat="25.0258880" lon="121.4296180">
    <ele>16.7</ele>
    <time>2025-08-25T02:48:52Z</time>
   </trkpt>
   <trkpt lat="25.0258880" lon="121.4296180">
    <ele>16.7</ele>
    <time>2025-08-25T02:48:53Z</time>
   </trkpt>
   <trkpt lat="25.0258870" lon="121.4296180">
    <ele>16.7</ele>
    <time>2025-08-25T02:48:54Z</time>
   </trkpt>
   <trkpt lat="25.0258860" lon="121.4296140">
    <ele>16.7</ele>
    <time>2025-08-25T02:48:56Z</time>
   </trkpt>
   <trkpt lat="25.0258860" lon="121.4296130">
    <ele>16.7</ele>
    <time>2025-08-25T02:48:57Z</time>
   </trkpt>
   <trkpt lat="25.0258860" lon="121.4296130">
    <ele>16.7</ele>
    <time>2025-08-25T02:48:58Z</time>
   </trkpt>
   <trkpt lat="25.0258870" lon="121.4296130">
    <ele>16.7</ele>
    <time>2025-08-25T02:48:59Z</time>
   </trkpt>
   <trkpt lat="25.0258830" lon="121.4296120">
    <ele>16.7</ele>
    <time>2025-08-25T02:49:01Z</time>
   </trkpt>
   <trkpt lat="25.0258820" lon="121.4296130">
    <ele>16.7</ele>
    <time>2025-08-25T02:49:02Z</time>
   </trkpt>
   <trkpt lat="25.0258750" lon="121.4296040">
    <ele>16.7</ele>
    <time>2025-08-25T02:49:03Z</time>
   </trkpt>
   <trkpt lat="25.0258830" lon="121.4296130">
    <ele>16.7</ele>
    <time>2025-08-25T02:49:04Z</time>
   </trkpt>
   <trkpt lat="25.0258840" lon="121.4296130">
    <ele>16.7</ele>
    <time>2025-08-25T02:49:05Z</time>
   </trkpt>
   <trkpt lat="25.0258860" lon="121.4296070">
    <ele>16.7</ele>
    <time>2025-08-25T02:49:06Z</time>
   </trkpt>
   <trkpt lat="25.0258860" lon="121.4296060">
    <ele>16.6</ele>
    <time>2025-08-25T02:49:07Z</time>
   </trkpt>
   <trkpt lat="25.0258860" lon="121.4296060">
    <ele>16.6</ele>
    <time>2025-08-25T02:49:08Z</time>
   </trkpt>
   <trkpt lat="25.0258730" lon="121.4296000">
    <ele>16.6</ele>
    <time>2025-08-25T02:49:09Z</time>
   </trkpt>
   <trkpt lat="25.0258610" lon="121.4295940">
    <ele>16.6</ele>
    <time>2025-08-25T02:49:10Z</time>
   </trkpt>
   <trkpt lat="25.0258530" lon="121.4295890">
    <ele>16.6</ele>
    <time>2025-08-25T02:49:11Z</time>
   </trkpt>
   <trkpt lat="25.0258480" lon="121.4295860">
    <ele>16.6</ele>
    <time>2025-08-25T02:49:12Z</time>
   </trkpt>
   <trkpt lat="25.0258440" lon="121.4295850">
    <ele>16.6</ele>
    <time>2025-08-25T02:49:13Z</time>
   </trkpt>
   <trkpt lat="25.0258420" lon="121.4295830">
    <ele>16.6</ele>
    <time>2025-08-25T02:49:14Z</time>
   </trkpt>
   <trkpt lat="25.0258410" lon="121.4295830">
    <ele>16.6</ele>
    <time>2025-08-25T02:49:15Z</time>
   </trkpt>
   <trkpt lat="25.0258400" lon="121.4295820">
    <ele>16.6</ele>
    <time>2025-08-25T02:49:16Z</time>
   </trkpt>
   <trkpt lat="25.0258400" lon="121.4295820">
    <ele>16.6</ele>
    <time>2025-08-25T02:49:17Z</time>
   </trkpt>
   <trkpt lat="25.0258400" lon="121.4295820">
    <ele>16.6</ele>
    <time>2025-08-25T02:49:18Z</time>
   </trkpt>
   <trkpt lat="25.0258350" lon="121.4295860">
    <ele>16.6</ele>
    <time>2025-08-25T02:49:19Z</time>
   </trkpt>
   <trkpt lat="25.0258320" lon="121.4295870">
    <ele>16.6</ele>
    <time>2025-08-25T02:49:20Z</time>
   </trkpt>
   <trkpt lat="25.0258300" lon="121.4295880">
    <ele>16.6</ele>
    <time>2025-08-25T02:49:21Z</time>
   </trkpt>
   <trkpt lat="25.0258290" lon="121.4295890">
    <ele>16.6</ele>
    <time>2025-08-25T02:49:22Z</time>
   </trkpt>
   <trkpt lat="25.0258280" lon="121.4295890">
    <ele>16.6</ele>
    <time>2025-08-25T02:49:23Z</time>
   </trkpt>
   <trkpt lat="25.0258280" lon="121.4295880">
    <ele>16.6</ele>
    <time>2025-08-25T02:49:24Z</time>
   </trkpt>
   <trkpt lat="25.0258280" lon="121.4295880">
    <ele>16.6</ele>
    <time>2025-08-25T02:49:25Z</time>
   </trkpt>
   <trkpt lat="25.0258290" lon="121.4295880">
    <ele>16.6</ele>
    <time>2025-08-25T02:49:26Z</time>
   </trkpt>
   <trkpt lat="25.0258290" lon="121.4295880">
    <ele>16.6</ele>
    <time>2025-08-25T02:49:27Z</time>
   </trkpt>
   <trkpt lat="25.0258290" lon="121.4295870">
    <ele>16.6</ele>
    <time>2025-08-25T02:49:28Z</time>
   </trkpt>
   <trkpt lat="25.0258290" lon="121.4295870">
    <ele>16.6</ele>
    <time>2025-08-25T02:49:29Z</time>
   </trkpt>
   <trkpt lat="25.0258290" lon="121.4295870">
    <ele>16.6</ele>
    <time>2025-08-25T02:49:30Z</time>
   </trkpt>
   <trkpt lat="25.0258290" lon="121.4295860">
    <ele>16.6</ele>
    <time>2025-08-25T02:49:31Z</time>
   </trkpt>
   <trkpt lat="25.0258300" lon="121.4295860">
    <ele>16.6</ele>
    <time>2025-08-25T02:49:32Z</time>
   </trkpt>
   <trkpt lat="25.0258300" lon="121.4295860">
    <ele>16.6</ele>
    <time>2025-08-25T02:49:33Z</time>
   </trkpt>
   <trkpt lat="25.0258300" lon="121.4295860">
    <ele>16.6</ele>
    <time>2025-08-25T02:49:34Z</time>
   </trkpt>
   <trkpt lat="25.0258300" lon="121.4295860">
    <ele>16.6</ele>
    <time>2025-08-25T02:49:35Z</time>
   </trkpt>
   <trkpt lat="25.0258300" lon="121.4295850">
    <ele>16.6</ele>
    <time>2025-08-25T02:49:36Z</time>
   </trkpt>
   <trkpt lat="25.0258300" lon="121.4295850">
    <ele>16.6</ele>
    <time>2025-08-25T02:49:37Z</time>
   </trkpt>
   <trkpt lat="25.0258300" lon="121.4295850">
    <ele>16.6</ele>
    <time>2025-08-25T02:49:38Z</time>
   </trkpt>
   <trkpt lat="25.0258290" lon="121.4295850">
    <ele>16.6</ele>
    <time>2025-08-25T02:49:39Z</time>
   </trkpt>
   <trkpt lat="25.0258310" lon="121.4295820">
    <ele>16.6</ele>
    <time>2025-08-25T02:49:40Z</time>
   </trkpt>
   <trkpt lat="25.0258270" lon="121.4295810">
    <ele>16.6</ele>
    <time>2025-08-25T02:49:41Z</time>
   </trkpt>
   <trkpt lat="25.0258240" lon="121.4295800">
    <ele>16.6</ele>
    <time>2025-08-25T02:49:42Z</time>
   </trkpt>
   <trkpt lat="25.0258210" lon="121.4295790">
    <ele>16.6</ele>
    <time>2025-08-25T02:49:43Z</time>
   </trkpt>
   <trkpt lat="25.0258190" lon="121.4295790">
    <ele>16.6</ele>
    <time>2025-08-25T02:49:44Z</time>
   </trkpt>
   <trkpt lat="25.0258180" lon="121.4295780">
    <ele>16.6</ele>
    <time>2025-08-25T02:49:45Z</time>
   </trkpt>
   <trkpt lat="25.0258170" lon="121.4295780">
    <ele>16.6</ele>
    <time>2025-08-25T02:49:46Z</time>
   </trkpt>
   <trkpt lat="25.0258170" lon="121.4295780">
    <ele>16.6</ele>
    <time>2025-08-25T02:49:47Z</time>
   </trkpt>
   <trkpt lat="25.0258170" lon="121.4295790">
    <ele>16.6</ele>
    <time>2025-08-25T02:49:48Z</time>
   </trkpt>
   <trkpt lat="25.0258170" lon="121.4295790">
    <ele>16.6</ele>
    <time>2025-08-25T02:49:49Z</time>
   </trkpt>
   <trkpt lat="25.0258150" lon="121.4295820">
    <ele>16.6</ele>
    <time>2025-08-25T02:49:50Z</time>
   </trkpt>
   <trkpt lat="25.0258130" lon="121.4295840">
    <ele>16.6</ele>
    <time>2025-08-25T02:49:51Z</time>
   </trkpt>
   <trkpt lat="25.0258120" lon="121.4295850">
    <ele>16.6</ele>
    <time>2025-08-25T02:49:52Z</time>
   </trkpt>
   <trkpt lat="25.0258110" lon="121.4295860">
    <ele>16.6</ele>
    <time>2025-08-25T02:49:53Z</time>
   </trkpt>
   <trkpt lat="25.0258110" lon="121.4295860">
    <ele>16.6</ele>
    <time>2025-08-25T02:49:54Z</time>
   </trkpt>
   <trkpt lat="25.0258100" lon="121.4295860">
    <ele>16.6</ele>
    <time>2025-08-25T02:49:55Z</time>
   </trkpt>
   <trkpt lat="25.0258100" lon="121.4295860">
    <ele>16.6</ele>
    <time>2025-08-25T02:49:56Z</time>
   </trkpt>
   <trkpt lat="25.0258100" lon="121.4295860">
    <ele>16.6</ele>
    <time>2025-08-25T02:49:57Z</time>
   </trkpt>
   <trkpt lat="25.0258090" lon="121.4295840">
    <ele>16.6</ele>
    <time>2025-08-25T02:49:58Z</time>
   </trkpt>
   <trkpt lat="25.0258080" lon="121.4295780">
    <ele>16.6</ele>
    <time>2025-08-25T02:49:59Z</time>
   </trkpt>
   <trkpt lat="25.0258070" lon="121.4295750">
    <ele>16.6</ele>
    <time>2025-08-25T02:50:00Z</time>
   </trkpt>
   <trkpt lat="25.0258060" lon="121.4295730">
    <ele>16.6</ele>
    <time>2025-08-25T02:50:01Z</time>
   </trkpt>
   <trkpt lat="25.0258060" lon="121.4295720">
    <ele>16.6</ele>
    <time>2025-08-25T02:50:02Z</time>
   </trkpt>
   <trkpt lat="25.0258050" lon="121.4295720">
    <ele>16.6</ele>
    <time>2025-08-25T02:50:03Z</time>
   </trkpt>
   <trkpt lat="25.0258030" lon="121.4295700">
    <ele>16.6</ele>
    <time>2025-08-25T02:50:04Z</time>
   </trkpt>
   <trkpt lat="25.0258020" lon="121.4295690">
    <ele>16.6</ele>
    <time>2025-08-25T02:50:05Z</time>
   </trkpt>
   <trkpt lat="25.0258020" lon="121.4295690">
    <ele>16.6</ele>
    <time>2025-08-25T02:50:06Z</time>
   </trkpt>
   <trkpt lat="25.0258020" lon="121.4295690">
    <ele>16.6</ele>
    <time>2025-08-25T02:50:07Z</time>
   </trkpt>
   <trkpt lat="25.0258020" lon="121.4295700">
    <ele>16.5</ele>
    <time>2025-08-25T02:50:08Z</time>
   </trkpt>
   <trkpt lat="25.0258020" lon="121.4295700">
    <ele>16.5</ele>
    <time>2025-08-25T02:50:09Z</time>
   </trkpt>
   <trkpt lat="25.0258010" lon="121.4295700">
    <ele>16.5</ele>
    <time>2025-08-25T02:50:10Z</time>
   </trkpt>
   <trkpt lat="25.0258010" lon="121.4295710">
    <ele>16.5</ele>
    <time>2025-08-25T02:50:11Z</time>
   </trkpt>
   <trkpt lat="25.0257990" lon="121.4295740">
    <ele>16.5</ele>
    <time>2025-08-25T02:50:12Z</time>
   </trkpt>
   <trkpt lat="25.0258410" lon="121.4295820">
    <ele>16.5</ele>
    <time>2025-08-25T02:50:13Z</time>
   </trkpt>
   <trkpt lat="25.0258560" lon="121.4295830">
    <ele>16.5</ele>
    <time>2025-08-25T02:50:14Z</time>
   </trkpt>
   <trkpt lat="25.0258820" lon="121.4295790">
    <ele>16.5</ele>
    <time>2025-08-25T02:50:16Z</time>
   </trkpt>
   <trkpt lat="25.0258840" lon="121.4295810">
    <ele>16.5</ele>
    <time>2025-08-25T02:50:18Z</time>
   </trkpt>
   <trkpt lat="25.0258840" lon="121.4295830">
    <ele>16.5</ele>
    <time>2025-08-25T02:50:19Z</time>
   </trkpt>
   <trkpt lat="25.0258830" lon="121.4295850">
    <ele>16.5</ele>
    <time>2025-08-25T02:50:20Z</time>
   </trkpt>
   <trkpt lat="25.0258830" lon="121.4295860">
    <ele>16.5</ele>
    <time>2025-08-25T02:50:21Z</time>
   </trkpt>
   <trkpt lat="25.0258830" lon="121.4295880">
    <ele>16.5</ele>
    <time>2025-08-25T02:50:22Z</time>
   </trkpt>
   <trkpt lat="25.0258830" lon="121.4295900">
    <ele>16.5</ele>
    <time>2025-08-25T02:50:23Z</time>
   </trkpt>
   <trkpt lat="25.0258830" lon="121.4295920">
    <ele>16.5</ele>
    <time>2025-08-25T02:50:24Z</time>
   </trkpt>
   <trkpt lat="25.0258820" lon="121.4295940">
    <ele>16.5</ele>
    <time>2025-08-25T02:50:25Z</time>
   </trkpt>
   <trkpt lat="25.0258820" lon="121.4295960">
    <ele>16.5</ele>
    <time>2025-08-25T02:50:26Z</time>
   </trkpt>
   <trkpt lat="25.0258820" lon="121.4295970">
    <ele>16.5</ele>
    <time>2025-08-25T02:50:27Z</time>
   </trkpt>
   <trkpt lat="25.0258820" lon="121.4295990">
    <ele>16.5</ele>
    <time>2025-08-25T02:50:28Z</time>
   </trkpt>
   <trkpt lat="25.0258820" lon="121.4296010">
    <ele>16.5</ele>
    <time>2025-08-25T02:50:29Z</time>
   </trkpt>
   <trkpt lat="25.0258810" lon="121.4296030">
    <ele>16.5</ele>
    <time>2025-08-25T02:50:30Z</time>
   </trkpt>
   <trkpt lat="25.0258810" lon="121.4296050">
    <ele>16.5</ele>
    <time>2025-08-25T02:50:31Z</time>
   </trkpt>
   <trkpt lat="25.0258810" lon="121.4296070">
    <ele>16.5</ele>
    <time>2025-08-25T02:50:32Z</time>
   </trkpt>
   <trkpt lat="25.0258810" lon="121.4296080">
    <ele>16.5</ele>
    <time>2025-08-25T02:50:33Z</time>
   </trkpt>
   <trkpt lat="25.0258800" lon="121.4296100">
    <ele>16.5</ele>
    <time>2025-08-25T02:50:34Z</time>
   </trkpt>
   <trkpt lat="25.0258800" lon="121.4296120">
    <ele>16.4</ele>
    <time>2025-08-25T02:50:35Z</time>
   </trkpt>
   <trkpt lat="25.0258800" lon="121.4296140">
    <ele>16.4</ele>
    <time>2025-08-25T02:50:36Z</time>
   </trkpt>
   <trkpt lat="25.0258800" lon="121.4296160">
    <ele>16.4</ele>
    <time>2025-08-25T02:50:37Z</time>
   </trkpt>
   <trkpt lat="25.0258800" lon="121.4296180">
    <ele>16.4</ele>
    <time>2025-08-25T02:50:38Z</time>
   </trkpt>
   <trkpt lat="25.0258790" lon="121.4296190">
    <ele>16.4</ele>
    <time>2025-08-25T02:50:40Z</time>
   </trkpt>
   <trkpt lat="25.0258790" lon="121.4296210">
    <ele>16.4</ele>
    <time>2025-08-25T02:50:42Z</time>
   </trkpt>
   <trkpt lat="25.0258790" lon="121.4296230">
    <ele>16.4</ele>
    <time>2025-08-25T02:50:43Z</time>
   </trkpt>
   <trkpt lat="25.0258780" lon="121.4296230">
    <ele>16.4</ele>
    <time>2025-08-25T02:50:44Z</time>
   </trkpt>
   <trkpt lat="25.0258770" lon="121.4296220">
    <ele>16.4</ele>
    <time>2025-08-25T02:50:45Z</time>
   </trkpt>
   <trkpt lat="25.0258760" lon="121.4296220">
    <ele>16.4</ele>
    <time>2025-08-25T02:50:46Z</time>
   </trkpt>
   <trkpt lat="25.0258750" lon="121.4296220">
    <ele>16.4</ele>
    <time>2025-08-25T02:50:47Z</time>
   </trkpt>
   <trkpt lat="25.0258750" lon="121.4296240">
    <ele>16.4</ele>
    <time>2025-08-25T02:50:48Z</time>
   </trkpt>
   <trkpt lat="25.0258740" lon="121.4296240">
    <ele>16.4</ele>
    <time>2025-08-25T02:50:49Z</time>
   </trkpt>
   <trkpt lat="25.0258720" lon="121.4296240">
    <ele>16.4</ele>
    <time>2025-08-25T02:50:50Z</time>
   </trkpt>
   <trkpt lat="25.0258720" lon="121.4296240">
    <ele>16.4</ele>
    <time>2025-08-25T02:50:51Z</time>
   </trkpt>
   <trkpt lat="25.0258710" lon="121.4296250">
    <ele>16.4</ele>
    <time>2025-08-25T02:50:52Z</time>
   </trkpt>
   <trkpt lat="25.0258760" lon="121.4296220">
    <ele>16.4</ele>
    <time>2025-08-25T02:50:54Z</time>
   </trkpt>
   <trkpt lat="25.0258750" lon="121.4296220">
    <ele>16.4</ele>
    <time>2025-08-25T02:50:55Z</time>
   </trkpt>
   <trkpt lat="25.0258760" lon="121.4296210">
    <ele>16.4</ele>
    <time>2025-08-25T02:50:56Z</time>
   </trkpt>
   <trkpt lat="25.0258780" lon="121.4296310">
    <ele>16.4</ele>
    <time>2025-08-25T02:50:58Z</time>
   </trkpt>
   <trkpt lat="25.0258770" lon="121.4296330">
    <ele>16.4</ele>
    <time>2025-08-25T02:51:00Z</time>
   </trkpt>
   <trkpt lat="25.0258760" lon="121.4296330">
    <ele>16.4</ele>
    <time>2025-08-25T02:51:02Z</time>
   </trkpt>
   <trkpt lat="25.0258780" lon="121.4296310">
    <ele>16.4</ele>
    <time>2025-08-25T02:51:03Z</time>
   </trkpt>
   <trkpt lat="25.0258790" lon="121.4296300">
    <ele>16.4</ele>
    <time>2025-08-25T02:51:04Z</time>
   </trkpt>
   <trkpt lat="25.0258800" lon="121.4296300">
    <ele>16.4</ele>
    <time>2025-08-25T02:51:05Z</time>
   </trkpt>
   <trkpt lat="25.0258800" lon="121.4296310">
    <ele>16.4</ele>
    <time>2025-08-25T02:51:06Z</time>
   </trkpt>
   <trkpt lat="25.0258810" lon="121.4296310">
    <ele>16.4</ele>
    <time>2025-08-25T02:51:08Z</time>
   </trkpt>
   <trkpt lat="25.0258810" lon="121.4296310">
    <ele>16.4</ele>
    <time>2025-08-25T02:51:09Z</time>
   </trkpt>
   <trkpt lat="25.0258810" lon="121.4296320">
    <ele>16.4</ele>
    <time>2025-08-25T02:51:10Z</time>
   </trkpt>
   <trkpt lat="25.0258790" lon="121.4296330">
    <ele>16.4</ele>
    <time>2025-08-25T02:51:11Z</time>
   </trkpt>
   <trkpt lat="25.0258790" lon="121.4296340">
    <ele>16.4</ele>
    <time>2025-08-25T02:51:12Z</time>
   </trkpt>
   <trkpt lat="25.0258780" lon="121.4296350">
    <ele>16.4</ele>
    <time>2025-08-25T02:51:13Z</time>
   </trkpt>
   <trkpt lat="25.0258770" lon="121.4296470">
    <ele>16.4</ele>
    <time>2025-08-25T02:51:14Z</time>
   </trkpt>
   <trkpt lat="25.0258760" lon="121.4296500">
    <ele>16.4</ele>
    <time>2025-08-25T02:51:15Z</time>
   </trkpt>
   <trkpt lat="25.0258760" lon="121.4296500">
    <ele>16.4</ele>
    <time>2025-08-25T02:51:16Z</time>
   </trkpt>
   <trkpt lat="25.0258760" lon="121.4296510">
    <ele>16.4</ele>
    <time>2025-08-25T02:51:17Z</time>
   </trkpt>
   <trkpt lat="25.0258760" lon="121.4296530">
    <ele>16.4</ele>
    <time>2025-08-25T02:51:18Z</time>
   </trkpt>
   <trkpt lat="25.0258760" lon="121.4296460">
    <ele>16.4</ele>
    <time>2025-08-25T02:51:19Z</time>
   </trkpt>
   <trkpt lat="25.0258750" lon="121.4296450">
    <ele>16.4</ele>
    <time>2025-08-25T02:51:20Z</time>
   </trkpt>
   <trkpt lat="25.0258750" lon="121.4296450">
    <ele>16.4</ele>
    <time>2025-08-25T02:51:22Z</time>
   </trkpt>
   <trkpt lat="25.0258740" lon="121.4296450">
    <ele>16.4</ele>
    <time>2025-08-25T02:51:23Z</time>
   </trkpt>
   <trkpt lat="25.0258760" lon="121.4296290">
    <ele>16.4</ele>
    <time>2025-08-25T02:51:24Z</time>
   </trkpt>
   <trkpt lat="25.0258770" lon="121.4296280">
    <ele>16.4</ele>
    <time>2025-08-25T02:51:25Z</time>
   </trkpt>
   <trkpt lat="25.0258770" lon="121.4296280">
    <ele>16.4</ele>
    <time>2025-08-25T02:51:26Z</time>
   </trkpt>
   <trkpt lat="25.0258780" lon="121.4296290">
    <ele>16.4</ele>
    <time>2025-08-25T02:51:27Z</time>
   </trkpt>
   <trkpt lat="25.0258780" lon="121.4296290">
    <ele>16.4</ele>
    <time>2025-08-25T02:51:28Z</time>
   </trkpt>
   <trkpt lat="25.0258770" lon="121.4296210">
    <ele>16.4</ele>
    <time>2025-08-25T02:51:29Z</time>
   </trkpt>
   <trkpt lat="25.0258640" lon="121.4296080">
    <ele>16.3</ele>
    <time>2025-08-25T02:51:30Z</time>
   </trkpt>
   <trkpt lat="25.0258520" lon="121.4295970">
    <ele>16.3</ele>
    <time>2025-08-25T02:51:31Z</time>
   </trkpt>
   <trkpt lat="25.0258390" lon="121.4295850">
    <ele>16.3</ele>
    <time>2025-08-25T02:51:32Z</time>
   </trkpt>
   <trkpt lat="25.0258270" lon="121.4295740">
    <ele>16.3</ele>
    <time>2025-08-25T02:51:33Z</time>
   </trkpt>
   <trkpt lat="25.0258140" lon="121.4295630">
    <ele>16.3</ele>
    <time>2025-08-25T02:51:34Z</time>
   </trkpt>
   <trkpt lat="25.0258140" lon="121.4295630">
    <ele>16.3</ele>
    <time>2025-08-25T02:51:35Z</time>
   </trkpt>
   <trkpt lat="25.0257980" lon="121.4295630">
    <ele>16.3</ele>
    <time>2025-08-25T02:51:36Z</time>
   </trkpt>
   <trkpt lat="25.0257950" lon="121.4295630">
    <ele>16.3</ele>
    <time>2025-08-25T02:51:37Z</time>
   </trkpt>
   <trkpt lat="25.0257930" lon="121.4295640">
    <ele>16.3</ele>
    <time>2025-08-25T02:51:38Z</time>
   </trkpt>
   <trkpt lat="25.0257930" lon="121.4295630">
    <ele>16.3</ele>
    <time>2025-08-25T02:51:39Z</time>
   </trkpt>
   <trkpt lat="25.0257930" lon="121.4295630">
    <ele>16.3</ele>
    <time>2025-08-25T02:51:40Z</time>
   </trkpt>
   <trkpt lat="25.0257930" lon="121.4295630">
    <ele>16.3</ele>
    <time>2025-08-25T02:51:41Z</time>
   </trkpt>
   <trkpt lat="25.0257940" lon="121.4295630">
    <ele>16.3</ele>
    <time>2025-08-25T02:51:42Z</time>
   </trkpt>
   <trkpt lat="25.0257940" lon="121.4295630">
    <ele>16.3</ele>
    <time>2025-08-25T02:51:43Z</time>
   </trkpt>
   <trkpt lat="25.0257940" lon="121.4295630">
    <ele>16.3</ele>
    <time>2025-08-25T02:51:44Z</time>
   </trkpt>
   <trkpt lat="25.0257940" lon="121.4295630">
    <ele>16.3</ele>
    <time>2025-08-25T02:51:45Z</time>
   </trkpt>
   <trkpt lat="25.0257940" lon="121.4295630">
    <ele>16.3</ele>
    <time>2025-08-25T02:51:46Z</time>
   </trkpt>
   <trkpt lat="25.0257940" lon="121.4295630">
    <ele>16.3</ele>
    <time>2025-08-25T02:51:47Z</time>
   </trkpt>
   <trkpt lat="25.0257850" lon="121.4295660">
    <ele>16.3</ele>
    <time>2025-08-25T02:51:48Z</time>
   </trkpt>
   <trkpt lat="25.0257780" lon="121.4295730">
    <ele>16.3</ele>
    <time>2025-08-25T02:51:49Z</time>
   </trkpt>
   <trkpt lat="25.0257910" lon="121.4295750">
    <ele>16.2</ele>
    <time>2025-08-25T02:51:50Z</time>
   </trkpt>
   <trkpt lat="25.0258040" lon="121.4295770">
    <ele>16.2</ele>
    <time>2025-08-25T02:51:51Z</time>
   </trkpt>
   <trkpt lat="25.0258170" lon="121.4295790">
    <ele>16.2</ele>
    <time>2025-08-25T02:51:52Z</time>
   </trkpt>
   <trkpt lat="25.0258300" lon="121.4295800">
    <ele>16.2</ele>
    <time>2025-08-25T02:51:53Z</time>
   </trkpt>
   <trkpt lat="25.0258430" lon="121.4295820">
    <ele>16.2</ele>
    <time>2025-08-25T02:51:54Z</time>
   </trkpt>
   <trkpt lat="25.0258560" lon="121.4295840">
    <ele>16.2</ele>
    <time>2025-08-25T02:51:55Z</time>
   </trkpt>
   <trkpt lat="25.0258690" lon="121.4295860">
    <ele>16.2</ele>
    <time>2025-08-25T02:51:56Z</time>
   </trkpt>
   <trkpt lat="25.0258820" lon="121.4295880">
    <ele>16.2</ele>
    <time>2025-08-25T02:51:57Z</time>
   </trkpt>
   <trkpt lat="25.0258950" lon="121.4295900">
    <ele>16.1</ele>
    <time>2025-08-25T02:51:58Z</time>
   </trkpt>
   <trkpt lat="25.0258990" lon="121.4295920">
    <ele>16.1</ele>
    <time>2025-08-25T02:51:59Z</time>
   </trkpt>
   <trkpt lat="25.0258970" lon="121.4295920">
    <ele>16.1</ele>
    <time>2025-08-25T02:52:00Z</time>
   </trkpt>
   <trkpt lat="25.0258950" lon="121.4295920">
    <ele>16.1</ele>
    <time>2025-08-25T02:52:01Z</time>
   </trkpt>
   <trkpt lat="25.0258930" lon="121.4295920">
    <ele>16.1</ele>
    <time>2025-08-25T02:52:02Z</time>
   </trkpt>
   <trkpt lat="25.0258910" lon="121.4295920">
    <ele>16.1</ele>
    <time>2025-08-25T02:52:03Z</time>
   </trkpt>
   <trkpt lat="25.0258890" lon="121.4295920">
    <ele>16.1</ele>
    <time>2025-08-25T02:52:04Z</time>
   </trkpt>
   <trkpt lat="25.0258870" lon="121.4295920">
    <ele>16.1</ele>
    <time>2025-08-25T02:52:05Z</time>
   </trkpt>
   <trkpt lat="25.0258850" lon="121.4295920">
    <ele>16.1</ele>
    <time>2025-08-25T02:52:06Z</time>
   </trkpt>
   <trkpt lat="25.0258830" lon="121.4295920">
    <ele>16.1</ele>
    <time>2025-08-25T02:52:07Z</time>
   </trkpt>
   <trkpt lat="25.0258810" lon="121.4295920">
    <ele>16.1</ele>
    <time>2025-08-25T02:52:08Z</time>
   </trkpt>
   <trkpt lat="25.0258780" lon="121.4295930">
    <ele>16.1</ele>
    <time>2025-08-25T02:52:09Z</time>
   </trkpt>
   <trkpt lat="25.0258760" lon="121.4295930">
    <ele>16.1</ele>
    <time>2025-08-25T02:52:10Z</time>
   </trkpt>
   <trkpt lat="25.0258740" lon="121.4295930">
    <ele>16.1</ele>
    <time>2025-08-25T02:52:11Z</time>
   </trkpt>
   <trkpt lat="25.0258720" lon="121.4295930">
    <ele>16.1</ele>
    <time>2025-08-25T02:52:12Z</time>
   </trkpt>
   <trkpt lat="25.0258700" lon="121.4295930">
    <ele>16.1</ele>
    <time>2025-08-25T02:52:13Z</time>
   </trkpt>
   <trkpt lat="25.0258680" lon="121.4295930">
    <ele>16.1</ele>
    <time>2025-08-25T02:52:14Z</time>
   </trkpt>
   <trkpt lat="25.0258660" lon="121.4295930">
    <ele>16.1</ele>
    <time>2025-08-25T02:52:15Z</time>
   </trkpt>
   <trkpt lat="25.0258640" lon="121.4295930">
    <ele>16.1</ele>
    <time>2025-08-25T02:52:16Z</time>
   </trkpt>
   <trkpt lat="25.0258620" lon="121.4295930">
    <ele>16.1</ele>
    <time>2025-08-25T02:52:17Z</time>
   </trkpt>
   <trkpt lat="25.0258600" lon="121.4295930">
    <ele>16.1</ele>
    <time>2025-08-25T02:52:18Z</time>
   </trkpt>
   <trkpt lat="25.0258580" lon="121.4295930">
    <ele>16.1</ele>
    <time>2025-08-25T02:52:19Z</time>
   </trkpt>
   <trkpt lat="25.0258560" lon="121.4295930">
    <ele>16.1</ele>
    <time>2025-08-25T02:52:20Z</time>
   </trkpt>
   <trkpt lat="25.0258390" lon="121.4295890">
    <ele>16.1</ele>
    <time>2025-08-25T02:52:21Z</time>
   </trkpt>
   <trkpt lat="25.0258240" lon="121.4295840">
    <ele>16.1</ele>
    <time>2025-08-25T02:52:22Z</time>
   </trkpt>
   <trkpt lat="25.0258090" lon="121.4295820">
    <ele>16.1</ele>
    <time>2025-08-25T02:52:23Z</time>
   </trkpt>
   <trkpt lat="25.0257980" lon="121.4295810">
    <ele>16.1</ele>
    <time>2025-08-25T02:52:24Z</time>
   </trkpt>
   <trkpt lat="25.0257910" lon="121.4295810">
    <ele>16.0</ele>
    <time>2025-08-25T02:52:25Z</time>
   </trkpt>
   <trkpt lat="25.0257880" lon="121.4295830">
    <ele>16.0</ele>
    <time>2025-08-25T02:52:26Z</time>
   </trkpt>
   <trkpt lat="25.0257920" lon="121.4295860">
    <ele>16.0</ele>
    <time>2025-08-25T02:52:27Z</time>
   </trkpt>
   <trkpt lat="25.0257950" lon="121.4295880">
    <ele>16.0</ele>
    <time>2025-08-25T02:52:28Z</time>
   </trkpt>
   <trkpt lat="25.0257990" lon="121.4295910">
    <ele>16.0</ele>
    <time>2025-08-25T02:52:29Z</time>
   </trkpt>
   <trkpt lat="25.0258020" lon="121.4295930">
    <ele>16.0</ele>
    <time>2025-08-25T02:52:30Z</time>
   </trkpt>
   <trkpt lat="25.0258060" lon="121.4295960">
    <ele>16.0</ele>
    <time>2025-08-25T02:52:31Z</time>
   </trkpt>
   <trkpt lat="25.0258090" lon="121.4295980">
    <ele>16.0</ele>
    <time>2025-08-25T02:52:32Z</time>
   </trkpt>
   <trkpt lat="25.0258120" lon="121.4296010">
    <ele>16.0</ele>
    <time>2025-08-25T02:52:33Z</time>
   </trkpt>
   <trkpt lat="25.0258160" lon="121.4296030">
    <ele>16.0</ele>
    <time>2025-08-25T02:52:34Z</time>
   </trkpt>
   <trkpt lat="25.0258190" lon="121.4296060">
    <ele>16.0</ele>
    <time>2025-08-25T02:52:35Z</time>
   </trkpt>
   <trkpt lat="25.0258230" lon="121.4296080">
    <ele>16.0</ele>
    <time>2025-08-25T02:52:36Z</time>
   </trkpt>
   <trkpt lat="25.0258260" lon="121.4296110">
    <ele>16.0</ele>
    <time>2025-08-25T02:52:37Z</time>
   </trkpt>
   <trkpt lat="25.0258300" lon="121.4296130">
    <ele>16.0</ele>
    <time>2025-08-25T02:52:38Z</time>
   </trkpt>
   <trkpt lat="25.0258330" lon="121.4296160">
    <ele>16.0</ele>
    <time>2025-08-25T02:52:39Z</time>
   </trkpt>
   <trkpt lat="25.0258600" lon="121.4296340">
    <ele>16.0</ele>
    <time>2025-08-25T02:52:40Z</time>
   </trkpt>
   <trkpt lat="25.0258690" lon="121.4296270">
    <ele>16.0</ele>
    <time>2025-08-25T02:52:41Z</time>
   </trkpt>
   <trkpt lat="25.0258750" lon="121.4296210">
    <ele>16.0</ele>
    <time>2025-08-25T02:52:42Z</time>
   </trkpt>
   <trkpt lat="25.0258770" lon="121.4296160">
    <ele>15.9</ele>
    <time>2025-08-25T02:52:43Z</time>
   </trkpt>
   <trkpt lat="25.0258780" lon="121.4296130">
    <ele>15.9</ele>
    <time>2025-08-25T02:52:44Z</time>
   </trkpt>
   <trkpt lat="25.0258770" lon="121.4296110">
    <ele>15.9</ele>
    <time>2025-08-25T02:52:45Z</time>
   </trkpt>
   <trkpt lat="25.0258770" lon="121.4296120">
    <ele>15.9</ele>
    <time>2025-08-25T02:52:46Z</time>
   </trkpt>
   <trkpt lat="25.0258780" lon="121.4296130">
    <ele>15.9</ele>
    <time>2025-08-25T02:52:47Z</time>
   </trkpt>
   <trkpt lat="25.0258780" lon="121.4296140">
    <ele>15.9</ele>
    <time>2025-08-25T02:52:48Z</time>
   </trkpt>
   <trkpt lat="25.0258780" lon="121.4296140">
    <ele>15.9</ele>
    <time>2025-08-25T02:52:49Z</time>
   </trkpt>
   <trkpt lat="25.0258780" lon="121.4296150">
    <ele>15.9</ele>
    <time>2025-08-25T02:52:50Z</time>
   </trkpt>
   <trkpt lat="25.0258810" lon="121.4296240">
    <ele>15.9</ele>
    <time>2025-08-25T02:52:51Z</time>
   </trkpt>
   <trkpt lat="25.0258840" lon="121.4296300">
    <ele>15.9</ele>
    <time>2025-08-25T02:52:52Z</time>
   </trkpt>
   <trkpt lat="25.0258850" lon="121.4296340">
    <ele>15.9</ele>
    <time>2025-08-25T02:52:53Z</time>
   </trkpt>
   <trkpt lat="25.0258850" lon="121.4296350">
    <ele>15.9</ele>
    <time>2025-08-25T02:52:54Z</time>
   </trkpt>
   <trkpt lat="25.0258850" lon="121.4296360">
    <ele>15.9</ele>
    <time>2025-08-25T02:52:55Z</time>
   </trkpt>
   <trkpt lat="25.0258750" lon="121.4296270">
    <ele>15.9</ele>
    <time>2025-08-25T02:52:56Z</time>
   </trkpt>
   <trkpt lat="25.0258690" lon="121.4296230">
    <ele>15.9</ele>
    <time>2025-08-25T02:52:57Z</time>
   </trkpt>
   <trkpt lat="25.0258670" lon="121.4296200">
    <ele>15.9</ele>
    <time>2025-08-25T02:52:58Z</time>
   </trkpt>
   <trkpt lat="25.0258670" lon="121.4296190">
    <ele>15.9</ele>
    <time>2025-08-25T02:52:59Z</time>
   </trkpt>
   <trkpt lat="25.0258670" lon="121.4296190">
    <ele>15.9</ele>
    <time>2025-08-25T02:53:00Z</time>
   </trkpt>
   <trkpt lat="25.0258750" lon="121.4296130">
    <ele>15.9</ele>
    <time>2025-08-25T02:53:01Z</time>
   </trkpt>
   <trkpt lat="25.0258790" lon="121.4296100">
    <ele>15.9</ele>
    <time>2025-08-25T02:53:02Z</time>
   </trkpt>
   <trkpt lat="25.0258820" lon="121.4296080">
    <ele>15.9</ele>
    <time>2025-08-25T02:53:03Z</time>
   </trkpt>
   <trkpt lat="25.0258840" lon="121.4296060">
    <ele>15.9</ele>
    <time>2025-08-25T02:53:04Z</time>
   </trkpt>
   <trkpt lat="25.0258840" lon="121.4296060">
    <ele>15.9</ele>
    <time>2025-08-25T02:53:05Z</time>
   </trkpt>
   <trkpt lat="25.0258820" lon="121.4296150">
    <ele>15.9</ele>
    <time>2025-08-25T02:53:06Z</time>
   </trkpt>
   <trkpt lat="25.0258800" lon="121.4296200">
    <ele>15.9</ele>
    <time>2025-08-25T02:53:07Z</time>
   </trkpt>
   <trkpt lat="25.0258790" lon="121.4296230">
    <ele>15.9</ele>
    <time>2025-08-25T02:53:08Z</time>
   </trkpt>
   <trkpt lat="25.0258780" lon="121.4296250">
    <ele>15.9</ele>
    <time>2025-08-25T02:53:09Z</time>
   </trkpt>
   <trkpt lat="25.0258770" lon="121.4296260">
    <ele>15.9</ele>
    <time>2025-08-25T02:53:10Z</time>
   </trkpt>
   <trkpt lat="25.0258740" lon="121.4296230">
    <ele>15.9</ele>
    <time>2025-08-25T02:53:11Z</time>
   </trkpt>
   <trkpt lat="25.0258730" lon="121.4296250">
    <ele>15.9</ele>
    <time>2025-08-25T02:53:12Z</time>
   </trkpt>
   <trkpt lat="25.0258640" lon="121.4296180">
    <ele>15.9</ele>
    <time>2025-08-25T02:53:13Z</time>
   </trkpt>
   <trkpt lat="25.0258620" lon="121.4296170">
    <ele>15.8</ele>
    <time>2025-08-25T02:53:14Z</time>
   </trkpt>
   <trkpt lat="25.0258620" lon="121.4296170">
    <ele>15.8</ele>
    <time>2025-08-25T02:53:15Z</time>
   </trkpt>
   <trkpt lat="25.0258720" lon="121.4296220">
    <ele>15.8</ele>
    <time>2025-08-25T02:53:16Z</time>
   </trkpt>
   <trkpt lat="25.0258730" lon="121.4296230">
    <ele>15.8</ele>
    <time>2025-08-25T02:53:17Z</time>
   </trkpt>
   <trkpt lat="25.0258730" lon="121.4296240">
    <ele>15.8</ele>
    <time>2025-08-25T02:53:18Z</time>
   </trkpt>
   <trkpt lat="25.0258730" lon="121.4296240">
    <ele>15.8</ele>
    <time>2025-08-25T02:53:19Z</time>
   </trkpt>
   <trkpt lat="25.0258730" lon="121.4296230">
    <ele>15.8</ele>
    <time>2025-08-25T02:53:20Z</time>
   </trkpt>
   <trkpt lat="25.0258790" lon="121.4296300">
    <ele>15.8</ele>
    <time>2025-08-25T02:53:21Z</time>
   </trkpt>
   <trkpt lat="25.0258800" lon="121.4296310">
    <ele>15.8</ele>
    <time>2025-08-25T02:53:22Z</time>
   </trkpt>
   <trkpt lat="25.0258800" lon="121.4296290">
    <ele>15.8</ele>
    <time>2025-08-25T02:53:23Z</time>
   </trkpt>
   <trkpt lat="25.0258800" lon="121.4296280">
    <ele>15.8</ele>
    <time>2025-08-25T02:53:24Z</time>
   </trkpt>
   <trkpt lat="25.0258800" lon="121.4296260">
    <ele>15.8</ele>
    <time>2025-08-25T02:53:26Z</time>
   </trkpt>
   <trkpt lat="25.0258790" lon="121.4296260">
    <ele>15.8</ele>
    <time>2025-08-25T02:53:27Z</time>
   </trkpt>
   <trkpt lat="25.0258780" lon="121.4296270">
    <ele>15.8</ele>
    <time>2025-08-25T02:53:28Z</time>
   </trkpt>
   <trkpt lat="25.0258760" lon="121.4296260">
    <ele>15.8</ele>
    <time>2025-08-25T02:53:29Z</time>
   </trkpt>
   <trkpt lat="25.0258750" lon="121.4296270">
    <ele>15.8</ele>
    <time>2025-08-25T02:53:30Z</time>
   </trkpt>
   <trkpt lat="25.0258750" lon="121.4296300">
    <ele>15.8</ele>
    <time>2025-08-25T02:53:32Z</time>
   </trkpt>
   <trkpt lat="25.0258740" lon="121.4296310">
    <ele>15.8</ele>
    <time>2025-08-25T02:53:33Z</time>
   </trkpt>
   <trkpt lat="25.0258740" lon="121.4296310">
    <ele>15.8</ele>
    <time>2025-08-25T02:53:34Z</time>
   </trkpt>
   <trkpt lat="25.0258740" lon="121.4296310">
    <ele>15.8</ele>
    <time>2025-08-25T02:53:35Z</time>
   </trkpt>
   <trkpt lat="25.0258720" lon="121.4296310">
    <ele>15.8</ele>
    <time>2025-08-25T02:53:36Z</time>
   </trkpt>
   <trkpt lat="25.0258730" lon="121.4296290">
    <ele>15.8</ele>
    <time>2025-08-25T02:53:37Z</time>
   </trkpt>
   <trkpt lat="25.0258730" lon="121.4296290">
    <ele>15.8</ele>
    <time>2025-08-25T02:53:39Z</time>
   </trkpt>
   <trkpt lat="25.0258740" lon="121.4296300">
    <ele>15.8</ele>
    <time>2025-08-25T02:53:40Z</time>
   </trkpt>
   <trkpt lat="25.0258750" lon="121.4296300">
    <ele>15.8</ele>
    <time>2025-08-25T02:53:41Z</time>
   </trkpt>
   <trkpt lat="25.0258750" lon="121.4296290">
    <ele>15.8</ele>
    <time>2025-08-25T02:53:42Z</time>
   </trkpt>
   <trkpt lat="25.0258750" lon="121.4296290">
    <ele>15.8</ele>
    <time>2025-08-25T02:53:43Z</time>
   </trkpt>
   <trkpt lat="25.0258750" lon="121.4296290">
    <ele>15.8</ele>
    <time>2025-08-25T02:53:44Z</time>
   </trkpt>
   <trkpt lat="25.0258750" lon="121.4296290">
    <ele>15.8</ele>
    <time>2025-08-25T02:53:45Z</time>
   </trkpt>
   <trkpt lat="25.0258760" lon="121.4296290">
    <ele>15.8</ele>
    <time>2025-08-25T02:53:46Z</time>
   </trkpt>
   <trkpt lat="25.0258770" lon="121.4296330">
    <ele>15.8</ele>
    <time>2025-08-25T02:53:47Z</time>
   </trkpt>
   <trkpt lat="25.0258770" lon="121.4296330">
    <ele>15.8</ele>
    <time>2025-08-25T02:53:48Z</time>
   </trkpt>
   <trkpt lat="25.0258750" lon="121.4296330">
    <ele>15.8</ele>
    <time>2025-08-25T02:53:49Z</time>
   </trkpt>
   <trkpt lat="25.0258740" lon="121.4296300">
    <ele>15.8</ele>
    <time>2025-08-25T02:53:50Z</time>
   </trkpt>
   <trkpt lat="25.0258740" lon="121.4296290">
    <ele>15.8</ele>
    <time>2025-08-25T02:53:51Z</time>
   </trkpt>
   <trkpt lat="25.0258720" lon="121.4296250">
    <ele>15.8</ele>
    <time>2025-08-25T02:53:52Z</time>
   </trkpt>
   <trkpt lat="25.0258710" lon="121.4296250">
    <ele>15.8</ele>
    <time>2025-08-25T02:53:53Z</time>
   </trkpt>
   <trkpt lat="25.0258700" lon="121.4296260">
    <ele>15.8</ele>
    <time>2025-08-25T02:53:54Z</time>
   </trkpt>
   <trkpt lat="25.0258700" lon="121.4296260">
    <ele>15.8</ele>
    <time>2025-08-25T02:53:55Z</time>
   </trkpt>
   <trkpt lat="25.0258700" lon="121.4296260">
    <ele>15.8</ele>
    <time>2025-08-25T02:53:56Z</time>
   </trkpt>
   <trkpt lat="25.0258680" lon="121.4296260">
    <ele>15.8</ele>
    <time>2025-08-25T02:53:57Z</time>
   </trkpt>
   <trkpt lat="25.0258670" lon="121.4296220">
    <ele>15.8</ele>
    <time>2025-08-25T02:53:58Z</time>
   </trkpt>
   <trkpt lat="25.0258670" lon="121.4296210">
    <ele>15.8</ele>
    <time>2025-08-25T02:53:59Z</time>
   </trkpt>
   <trkpt lat="25.0258670" lon="121.4296200">
    <ele>15.8</ele>
    <time>2025-08-25T02:54:00Z</time>
   </trkpt>
   <trkpt lat="25.0258670" lon="121.4296190">
    <ele>15.8</ele>
    <time>2025-08-25T02:54:01Z</time>
   </trkpt>
   <trkpt lat="25.0258670" lon="121.4296170">
    <ele>15.8</ele>
    <time>2025-08-25T02:54:02Z</time>
   </trkpt>
   <trkpt lat="25.0258660" lon="121.4296080">
    <ele>15.8</ele>
    <time>2025-08-25T02:54:03Z</time>
   </trkpt>
   <trkpt lat="25.0258660" lon="121.4296060">
    <ele>15.8</ele>
    <time>2025-08-25T02:54:04Z</time>
   </trkpt>
   <trkpt lat="25.0258660" lon="121.4296040">
    <ele>15.8</ele>
    <time>2025-08-25T02:54:05Z</time>
   </trkpt>
   <trkpt lat="25.0258660" lon="121.4296040">
    <ele>15.8</ele>
    <time>2025-08-25T02:54:06Z</time>
   </trkpt>
   <trkpt lat="25.0258660" lon="121.4296030">
    <ele>15.8</ele>
    <time>2025-08-25T02:54:07Z</time>
   </trkpt>
   <trkpt lat="25.0258690" lon="121.4295980">
    <ele>15.8</ele>
    <time>2025-08-25T02:54:08Z</time>
   </trkpt>
   <trkpt lat="25.0258700" lon="121.4295970">
    <ele>15.8</ele>
    <time>2025-08-25T02:54:09Z</time>
   </trkpt>
   <trkpt lat="25.0258710" lon="121.4295950">
    <ele>15.8</ele>
    <time>2025-08-25T02:54:10Z</time>
   </trkpt>
   <trkpt lat="25.0258730" lon="121.4295950">
    <ele>15.8</ele>
    <time>2025-08-25T02:54:11Z</time>
   </trkpt>
   <trkpt lat="25.0258750" lon="121.4295960">
    <ele>15.7</ele>
    <time>2025-08-25T02:54:12Z</time>
   </trkpt>
   <trkpt lat="25.0258760" lon="121.4295980">
    <ele>15.7</ele>
    <time>2025-08-25T02:54:14Z</time>
   </trkpt>
   <trkpt lat="25.0258790" lon="121.4296000">
    <ele>15.7</ele>
    <time>2025-08-25T02:54:15Z</time>
   </trkpt>
   <trkpt lat="25.0258930" lon="121.4296120">
    <ele>15.7</ele>
    <time>2025-08-25T02:54:16Z</time>
   </trkpt>
   <trkpt lat="25.0258930" lon="121.4296390">
    <ele>15.7</ele>
    <time>2025-08-25T02:54:18Z</time>
   </trkpt>
   <trkpt lat="25.0259030" lon="121.4296500">
    <ele>15.7</ele>
    <time>2025-08-25T02:54:19Z</time>
   </trkpt>
   <trkpt lat="25.0259160" lon="121.4296440">
    <ele>15.7</ele>
    <time>2025-08-25T02:54:20Z</time>
   </trkpt>
   <trkpt lat="25.0259290" lon="121.4296390">
    <ele>15.7</ele>
    <time>2025-08-25T02:54:21Z</time>
   </trkpt>
   <trkpt lat="25.0259210" lon="121.4296770">
    <ele>15.6</ele>
    <time>2025-08-25T02:54:22Z</time>
   </trkpt>
   <trkpt lat="25.0259210" lon="121.4296850">
    <ele>15.6</ele>
    <time>2025-08-25T02:54:23Z</time>
   </trkpt>
   <trkpt lat="25.0259370" lon="121.4296850">
    <ele>15.6</ele>
    <time>2025-08-25T02:54:25Z</time>
   </trkpt>
   <trkpt lat="25.0259560" lon="121.4296790">
    <ele>15.6</ele>
    <time>2025-08-25T02:54:26Z</time>
   </trkpt>
   <trkpt lat="25.0259780" lon="121.4296630">
    <ele>15.6</ele>
    <time>2025-08-25T02:54:27Z</time>
   </trkpt>
   <trkpt lat="25.0259360" lon="121.4296500">
    <ele>15.5</ele>
    <time>2025-08-25T02:54:28Z</time>
   </trkpt>
   <trkpt lat="25.0259240" lon="121.4296480">
    <ele>15.5</ele>
    <time>2025-08-25T02:54:30Z</time>
   </trkpt>
   <trkpt lat="25.0259230" lon="121.4296470">
    <ele>15.5</ele>
    <time>2025-08-25T02:54:31Z</time>
   </trkpt>
   <trkpt lat="25.0259210" lon="121.4296470">
    <ele>15.5</ele>
    <time>2025-08-25T02:54:32Z</time>
   </trkpt>
   <trkpt lat="25.0259120" lon="121.4296570">
    <ele>15.5</ele>
    <time>2025-08-25T02:54:33Z</time>
   </trkpt>
   <trkpt lat="25.0259150" lon="121.4296540">
    <ele>15.5</ele>
    <time>2025-08-25T02:54:35Z</time>
   </trkpt>
   <trkpt lat="25.0259140" lon="121.4296530">
    <ele>15.5</ele>
    <time>2025-08-25T02:54:36Z</time>
   </trkpt>
   <trkpt lat="25.0259140" lon="121.4296540">
    <ele>15.5</ele>
    <time>2025-08-25T02:54:37Z</time>
   </trkpt>
   <trkpt lat="25.0259120" lon="121.4296560">
    <ele>15.5</ele>
    <time>2025-08-25T02:54:38Z</time>
   </trkpt>
   <trkpt lat="25.0259130" lon="121.4296560">
    <ele>15.5</ele>
    <time>2025-08-25T02:54:39Z</time>
   </trkpt>
   <trkpt lat="25.0259140" lon="121.4296550">
    <ele>15.5</ele>
    <time>2025-08-25T02:54:40Z</time>
   </trkpt>
   <trkpt lat="25.0259160" lon="121.4296540">
    <ele>15.5</ele>
    <time>2025-08-25T02:54:41Z</time>
   </trkpt>
   <trkpt lat="25.0259170" lon="121.4296560">
    <ele>15.5</ele>
    <time>2025-08-25T02:54:42Z</time>
   </trkpt>
   <trkpt lat="25.0259150" lon="121.4296660">
    <ele>15.5</ele>
    <time>2025-08-25T02:54:43Z</time>
   </trkpt>
   <trkpt lat="25.0259140" lon="121.4296680">
    <ele>15.5</ele>
    <time>2025-08-25T02:54:44Z</time>
   </trkpt>
   <trkpt lat="25.0259450" lon="121.4296640">
    <ele>15.4</ele>
    <time>2025-08-25T02:54:45Z</time>
   </trkpt>
   <trkpt lat="25.0259770" lon="121.4296580">
    <ele>15.4</ele>
    <time>2025-08-25T02:54:46Z</time>
   </trkpt>
   <trkpt lat="25.0260350" lon="121.4296480">
    <ele>15.3</ele>
    <time>2025-08-25T02:54:47Z</time>
   </trkpt>
   <trkpt lat="25.0260780" lon="121.4296410">
    <ele>15.3</ele>
    <time>2025-08-25T02:54:48Z</time>
   </trkpt>
   <trkpt lat="25.0261040" lon="121.4296370">
    <ele>15.3</ele>
    <time>2025-08-25T02:54:49Z</time>
   </trkpt>
   <trkpt lat="25.0261200" lon="121.4296340">
    <ele>15.2</ele>
    <time>2025-08-25T02:54:50Z</time>
   </trkpt>
   <trkpt lat="25.0261300" lon="121.4296330">
    <ele>15.2</ele>
    <time>2025-08-25T02:54:51Z</time>
   </trkpt>
   <trkpt lat="25.0261360" lon="121.4296320">
    <ele>15.2</ele>
    <time>2025-08-25T02:54:52Z</time>
   </trkpt>
   <trkpt lat="25.0261390" lon="121.4296320">
    <ele>15.2</ele>
    <time>2025-08-25T02:54:53Z</time>
   </trkpt>
   <trkpt lat="25.0261400" lon="121.4296320">
    <ele>15.2</ele>
    <time>2025-08-25T02:54:54Z</time>
   </trkpt>
   <trkpt lat="25.0261410" lon="121.4296310">
    <ele>15.2</ele>
    <time>2025-08-25T02:54:55Z</time>
   </trkpt>
   <trkpt lat="25.0261410" lon="121.4296310">
    <ele>15.2</ele>
    <time>2025-08-25T02:54:56Z</time>
   </trkpt>
   <trkpt lat="25.0261400" lon="121.4296320">
    <ele>15.2</ele>
    <time>2025-08-25T02:54:57Z</time>
   </trkpt>
   <trkpt lat="25.0261400" lon="121.4296320">
    <ele>15.2</ele>
    <time>2025-08-25T02:54:58Z</time>
   </trkpt>
   <trkpt lat="25.0261400" lon="121.4296320">
    <ele>15.2</ele>
    <time>2025-08-25T02:54:59Z</time>
   </trkpt>
   <trkpt lat="25.0261400" lon="121.4296320">
    <ele>15.2</ele>
    <time>2025-08-25T02:55:00Z</time>
   </trkpt>
   <trkpt lat="25.0261400" lon="121.4296320">
    <ele>15.2</ele>
    <time>2025-08-25T02:55:01Z</time>
   </trkpt>
   <trkpt lat="25.0261400" lon="121.4296320">
    <ele>15.2</ele>
    <time>2025-08-25T02:55:02Z</time>
   </trkpt>
   <trkpt lat="25.0261400" lon="121.4296320">
    <ele>15.2</ele>
    <time>2025-08-25T02:55:03Z</time>
   </trkpt>
   <trkpt lat="25.0261400" lon="121.4296320">
    <ele>15.2</ele>
    <time>2025-08-25T02:55:04Z</time>
   </trkpt>
   <trkpt lat="25.0261390" lon="121.4296320">
    <ele>15.2</ele>
    <time>2025-08-25T02:55:05Z</time>
   </trkpt>
   <trkpt lat="25.0261380" lon="121.4296320">
    <ele>15.2</ele>
    <time>2025-08-25T02:55:06Z</time>
   </trkpt>
   <trkpt lat="25.0261360" lon="121.4296320">
    <ele>15.2</ele>
    <time>2025-08-25T02:55:07Z</time>
   </trkpt>
   <trkpt lat="25.0261360" lon="121.4296280">
    <ele>15.2</ele>
    <time>2025-08-25T02:55:08Z</time>
   </trkpt>
   <trkpt lat="25.0261360" lon="121.4296240">
    <ele>15.2</ele>
    <time>2025-08-25T02:55:09Z</time>
   </trkpt>
   <trkpt lat="25.0261350" lon="121.4296200">
    <ele>15.2</ele>
    <time>2025-08-25T02:55:10Z</time>
   </trkpt>
   <trkpt lat="25.0261350" lon="121.4296180">
    <ele>15.2</ele>
    <time>2025-08-25T02:55:11Z</time>
   </trkpt>
   <trkpt lat="25.0261350" lon="121.4296170">
    <ele>15.2</ele>
    <time>2025-08-25T02:55:12Z</time>
   </trkpt>
   <trkpt lat="25.0261340" lon="121.4296160">
    <ele>15.2</ele>
    <time>2025-08-25T02:55:13Z</time>
   </trkpt>
   <trkpt lat="25.0261340" lon="121.4296160">
    <ele>15.2</ele>
    <time>2025-08-25T02:55:14Z</time>
   </trkpt>
   <trkpt lat="25.0261340" lon="121.4296160">
    <ele>15.2</ele>
    <time>2025-08-25T02:55:15Z</time>
   </trkpt>
   <trkpt lat="25.0261340" lon="121.4296160">
    <ele>15.2</ele>
    <time>2025-08-25T02:55:16Z</time>
   </trkpt>
   <trkpt lat="25.0261340" lon="121.4296160">
    <ele>15.2</ele>
    <time>2025-08-25T02:55:17Z</time>
   </trkpt>
   <trkpt lat="25.0261330" lon="121.4296160">
    <ele>15.2</ele>
    <time>2025-08-25T02:55:18Z</time>
   </trkpt>
   <trkpt lat="25.0261320" lon="121.4296150">
    <ele>15.2</ele>
    <time>2025-08-25T02:55:19Z</time>
   </trkpt>
   <trkpt lat="25.0261320" lon="121.4296150">
    <ele>15.2</ele>
    <time>2025-08-25T02:55:20Z</time>
   </trkpt>
   <trkpt lat="25.0261320" lon="121.4296150">
    <ele>15.2</ele>
    <time>2025-08-25T02:55:21Z</time>
   </trkpt>
   <trkpt lat="25.0261320" lon="121.4296150">
    <ele>15.2</ele>
    <time>2025-08-25T02:55:22Z</time>
   </trkpt>
   <trkpt lat="25.0261380" lon="121.4296140">
    <ele>15.2</ele>
    <time>2025-08-25T02:55:23Z</time>
   </trkpt>
   <trkpt lat="25.0261430" lon="121.4296140">
    <ele>15.2</ele>
    <time>2025-08-25T02:55:24Z</time>
   </trkpt>
   <trkpt lat="25.0261460" lon="121.4296140">
    <ele>15.2</ele>
    <time>2025-08-25T02:55:25Z</time>
   </trkpt>
   <trkpt lat="25.0261470" lon="121.4296140">
    <ele>15.2</ele>
    <time>2025-08-25T02:55:26Z</time>
   </trkpt>
   <trkpt lat="25.0261480" lon="121.4296140">
    <ele>15.2</ele>
    <time>2025-08-25T02:55:27Z</time>
   </trkpt>
   <trkpt lat="25.0261490" lon="121.4296140">
    <ele>15.2</ele>
    <time>2025-08-25T02:55:28Z</time>
   </trkpt>
   <trkpt lat="25.0261490" lon="121.4296140">
    <ele>15.2</ele>
    <time>2025-08-25T02:55:29Z</time>
   </trkpt>
   <trkpt lat="25.0261490" lon="121.4296140">
    <ele>15.2</ele>
    <time>2025-08-25T02:55:30Z</time>
   </trkpt>
   <trkpt lat="25.0261480" lon="121.4296130">
    <ele>15.2</ele>
    <time>2025-08-25T02:55:31Z</time>
   </trkpt>
   <trkpt lat="25.0261510" lon="121.4296090">
    <ele>15.2</ele>
    <time>2025-08-25T02:55:32Z</time>
   </trkpt>
   <trkpt lat="25.0261540" lon="121.4296070">
    <ele>15.2</ele>
    <time>2025-08-25T02:55:33Z</time>
   </trkpt>
   <trkpt lat="25.0261550" lon="121.4296050">
    <ele>15.2</ele>
    <time>2025-08-25T02:55:34Z</time>
   </trkpt>
   <trkpt lat="25.0261560" lon="121.4296040">
    <ele>15.2</ele>
    <time>2025-08-25T02:55:35Z</time>
   </trkpt>
   <trkpt lat="25.0261560" lon="121.4296040">
    <ele>15.2</ele>
    <time>2025-08-25T02:55:36Z</time>
   </trkpt>
   <trkpt lat="25.0261560" lon="121.4296040">
    <ele>15.2</ele>
    <time>2025-08-25T02:55:37Z</time>
   </trkpt>
   <trkpt lat="25.0261560" lon="121.4296040">
    <ele>15.2</ele>
    <time>2025-08-25T02:55:38Z</time>
   </trkpt>
   <trkpt lat="25.0261560" lon="121.4296040">
    <ele>15.2</ele>
    <time>2025-08-25T02:55:39Z</time>
   </trkpt>
   <trkpt lat="25.0261560" lon="121.4296040">
    <ele>15.2</ele>
    <time>2025-08-25T02:55:40Z</time>
   </trkpt>
   <trkpt lat="25.0261560" lon="121.4296050">
    <ele>15.2</ele>
    <time>2025-08-25T02:55:41Z</time>
   </trkpt>
   <trkpt lat="25.0261580" lon="121.4296050">
    <ele>15.2</ele>
    <time>2025-08-25T02:55:42Z</time>
   </trkpt>
   <trkpt lat="25.0261550" lon="121.4296080">
    <ele>15.2</ele>
    <time>2025-08-25T02:55:43Z</time>
   </trkpt>
   <trkpt lat="25.0261480" lon="121.4296150">
    <ele>15.2</ele>
    <time>2025-08-25T02:55:44Z</time>
   </trkpt>
   <trkpt lat="25.0261340" lon="121.4296210">
    <ele>15.1</ele>
    <time>2025-08-25T02:55:45Z</time>
   </trkpt>
   <trkpt lat="25.0261240" lon="121.4296240">
    <ele>15.1</ele>
    <time>2025-08-25T02:55:46Z</time>
   </trkpt>
   <trkpt lat="25.0260880" lon="121.4296550">
    <ele>15.1</ele>
    <time>2025-08-25T02:55:47Z</time>
   </trkpt>
   <trkpt lat="25.0260530" lon="121.4296850">
    <ele>15.0</ele>
    <time>2025-08-25T02:55:48Z</time>
   </trkpt>
   <trkpt lat="25.0260190" lon="121.4297140">
    <ele>15.0</ele>
    <time>2025-08-25T02:55:49Z</time>
   </trkpt>
   <trkpt lat="25.0259840" lon="121.4297430">
    <ele>14.9</ele>
    <time>2025-08-25T02:55:50Z</time>
   </trkpt>
   <trkpt lat="25.0259820" lon="121.4297530">
    <ele>14.9</ele>
    <time>2025-08-25T02:55:51Z</time>
   </trkpt>
   <trkpt lat="25.0259800" lon="121.4297590">
    <ele>14.9</ele>
    <time>2025-08-25T02:55:52Z</time>
   </trkpt>
   <trkpt lat="25.0259770" lon="121.4297660">
    <ele>14.9</ele>
    <time>2025-08-25T02:55:53Z</time>
   </trkpt>
   <trkpt lat="25.0259750" lon="121.4297720">
    <ele>14.9</ele>
    <time>2025-08-25T02:55:54Z</time>
   </trkpt>
   <trkpt lat="25.0259720" lon="121.4297790">
    <ele>14.9</ele>
    <time>2025-08-25T02:55:56Z</time>
   </trkpt>
   <trkpt lat="25.0259690" lon="121.4297850">
    <ele>14.9</ele>
    <time>2025-08-25T02:55:57Z</time>
   </trkpt>
   <trkpt lat="25.0259670" lon="121.4297920">
    <ele>14.9</ele>
    <time>2025-08-25T02:55:58Z</time>
   </trkpt>
   <trkpt lat="25.0259640" lon="121.4297980">
    <ele>14.9</ele>
    <time>2025-08-25T02:55:59Z</time>
   </trkpt>
   <trkpt lat="25.0259630" lon="121.4297950">
    <ele>14.9</ele>
    <time>2025-08-25T02:56:00Z</time>
   </trkpt>
   <trkpt lat="25.0259640" lon="121.4297890">
    <ele>14.9</ele>
    <time>2025-08-25T02:56:01Z</time>
   </trkpt>
   <trkpt lat="25.0259650" lon="121.4297820">
    <ele>14.9</ele>
    <time>2025-08-25T02:56:02Z</time>
   </trkpt>
   <trkpt lat="25.0259670" lon="121.4297760">
    <ele>14.9</ele>
    <time>2025-08-25T02:56:03Z</time>
   </trkpt>
   <trkpt lat="25.0259680" lon="121.4297700">
    <ele>14.9</ele>
    <time>2025-08-25T02:56:05Z</time>
   </trkpt>
   <trkpt lat="25.0259690" lon="121.4297640">
    <ele>14.9</ele>
    <time>2025-08-25T02:56:06Z</time>
   </trkpt>
   <trkpt lat="25.0259700" lon="121.4297570">
    <ele>14.9</ele>
    <time>2025-08-25T02:56:07Z</time>
   </trkpt>
   <trkpt lat="25.0259710" lon="121.4297510">
    <ele>14.8</ele>
    <time>2025-08-25T02:56:08Z</time>
   </trkpt>
   <trkpt lat="25.0259690" lon="121.4297410">
    <ele>14.8</ele>
    <time>2025-08-25T02:56:09Z</time>
   </trkpt>
   <trkpt lat="25.0259650" lon="121.4297440">
    <ele>14.8</ele>
    <time>2025-08-25T02:56:11Z</time>
   </trkpt>
   <trkpt lat="25.0259610" lon="121.4297480">
    <ele>14.8</ele>
    <time>2025-08-25T02:56:12Z</time>
   </trkpt>
   <trkpt lat="25.0259570" lon="121.4297520">
    <ele>14.8</ele>
    <time>2025-08-25T02:56:13Z</time>
   </trkpt>
   <trkpt lat="25.0259530" lon="121.4297560">
    <ele>14.8</ele>
    <time>2025-08-25T02:56:14Z</time>
   </trkpt>
   <trkpt lat="25.0259490" lon="121.4297590">
    <ele>14.8</ele>
    <time>2025-08-25T02:56:15Z</time>
   </trkpt>
   <trkpt lat="25.0259450" lon="121.4297630">
    <ele>14.8</ele>
    <time>2025-08-25T02:56:16Z</time>
   </trkpt>
   <trkpt lat="25.0259410" lon="121.4297670">
    <ele>14.8</ele>
    <time>2025-08-25T02:56:17Z</time>
   </trkpt>
   <trkpt lat="25.0259370" lon="121.4297700">
    <ele>14.8</ele>
    <time>2025-08-25T02:56:18Z</time>
   </trkpt>
   <trkpt lat="25.0259330" lon="121.4297740">
    <ele>14.8</ele>
    <time>2025-08-25T02:56:19Z</time>
   </trkpt>
   <trkpt lat="25.0259320" lon="121.4297800">
    <ele>14.8</ele>
    <time>2025-08-25T02:56:20Z</time>
   </trkpt>
   <trkpt lat="25.0259520" lon="121.4297630">
    <ele>14.8</ele>
    <time>2025-08-25T02:56:21Z</time>
   </trkpt>
   <trkpt lat="25.0259590" lon="121.4297540">
    <ele>14.7</ele>
    <time>2025-08-25T02:56:23Z</time>
   </trkpt>
   <trkpt lat="25.0259620" lon="121.4297770">
    <ele>14.7</ele>
    <time>2025-08-25T02:56:24Z</time>
   </trkpt>
   <trkpt lat="25.0259620" lon="121.4297770">
    <ele>14.7</ele>
    <time>2025-08-25T02:56:25Z</time>
   </trkpt>
   <trkpt lat="25.0259620" lon="121.4297750">
    <ele>14.7</ele>
    <time>2025-08-25T02:56:27Z</time>
   </trkpt>
   <trkpt lat="25.0259620" lon="121.4297750">
    <ele>14.7</ele>
    <time>2025-08-25T02:56:28Z</time>
   </trkpt>
   <trkpt lat="25.0259590" lon="121.4297690">
    <ele>14.7</ele>
    <time>2025-08-25T02:56:30Z</time>
   </trkpt>
   <trkpt lat="25.0259590" lon="121.4297700">
    <ele>14.7</ele>
    <time>2025-08-25T02:56:31Z</time>
   </trkpt>
   <trkpt lat="25.0259590" lon="121.4297700">
    <ele>14.7</ele>
    <time>2025-08-25T02:56:32Z</time>
   </trkpt>
   <trkpt lat="25.0259590" lon="121.4297690">
    <ele>14.7</ele>
    <time>2025-08-25T02:56:33Z</time>
   </trkpt>
   <trkpt lat="25.0259590" lon="121.4297930">
    <ele>14.7</ele>
    <time>2025-08-25T02:56:34Z</time>
   </trkpt>
   <trkpt lat="25.0259590" lon="121.4297970">
    <ele>14.7</ele>
    <time>2025-08-25T02:56:35Z</time>
   </trkpt>
   <trkpt lat="25.0259590" lon="121.4297990">
    <ele>14.7</ele>
    <time>2025-08-25T02:56:36Z</time>
   </trkpt>
   <trkpt lat="25.0259590" lon="121.4298000">
    <ele>14.7</ele>
    <time>2025-08-25T02:56:37Z</time>
   </trkpt>
   <trkpt lat="25.0259590" lon="121.4298000">
    <ele>14.7</ele>
    <time>2025-08-25T02:56:38Z</time>
   </trkpt>
   <trkpt lat="25.0259600" lon="121.4298070">
    <ele>14.7</ele>
    <time>2025-08-25T02:56:39Z</time>
   </trkpt>
   <trkpt lat="25.0259600" lon="121.4298070">
    <ele>14.7</ele>
    <time>2025-08-25T02:56:40Z</time>
   </trkpt>
   <trkpt lat="25.0259600" lon="121.4298090">
    <ele>14.7</ele>
    <time>2025-08-25T02:56:41Z</time>
   </trkpt>
   <trkpt lat="25.0259600" lon="121.4298100">
    <ele>14.7</ele>
    <time>2025-08-25T02:56:42Z</time>
   </trkpt>
   <trkpt lat="25.0259590" lon="121.4298090">
    <ele>14.7</ele>
    <time>2025-08-25T02:56:43Z</time>
   </trkpt>
   <trkpt lat="25.0259580" lon="121.4298070">
    <ele>14.7</ele>
    <time>2025-08-25T02:56:45Z</time>
   </trkpt>
   <trkpt lat="25.0259570" lon="121.4298060">
    <ele>14.7</ele>
    <time>2025-08-25T02:56:46Z</time>
   </trkpt>
   <trkpt lat="25.0259560" lon="121.4298050">
    <ele>14.7</ele>
    <time>2025-08-25T02:56:47Z</time>
   </trkpt>
   <trkpt lat="25.0259550" lon="121.4298030">
    <ele>14.7</ele>
    <time>2025-08-25T02:56:48Z</time>
   </trkpt>
   <trkpt lat="25.0259520" lon="121.4298050">
    <ele>14.7</ele>
    <time>2025-08-25T02:56:49Z</time>
   </trkpt>
   <trkpt lat="25.0259510" lon="121.4298040">
    <ele>14.7</ele>
    <time>2025-08-25T02:56:50Z</time>
   </trkpt>
   <trkpt lat="25.0259510" lon="121.4298040">
    <ele>14.7</ele>
    <time>2025-08-25T02:56:51Z</time>
   </trkpt>
   <trkpt lat="25.0259510" lon="121.4298050">
    <ele>14.7</ele>
    <time>2025-08-25T02:56:52Z</time>
   </trkpt>
   <trkpt lat="25.0259510" lon="121.4298050">
    <ele>14.7</ele>
    <time>2025-08-25T02:56:53Z</time>
   </trkpt>
   <trkpt lat="25.0259540" lon="121.4298140">
    <ele>14.7</ele>
    <time>2025-08-25T02:56:55Z</time>
   </trkpt>
   <trkpt lat="25.0259530" lon="121.4298150">
    <ele>14.7</ele>
    <time>2025-08-25T02:56:56Z</time>
   </trkpt>
   <trkpt lat="25.0259520" lon="121.4298130">
    <ele>14.7</ele>
    <time>2025-08-25T02:56:57Z</time>
   </trkpt>
   <trkpt lat="25.0259520" lon="121.4298110">
    <ele>14.7</ele>
    <time>2025-08-25T02:56:58Z</time>
   </trkpt>
   <trkpt lat="25.0259530" lon="121.4298140">
    <ele>14.7</ele>
    <time>2025-08-25T02:57:00Z</time>
   </trkpt>
   <trkpt lat="25.0259530" lon="121.4298150">
    <ele>14.6</ele>
    <time>2025-08-25T02:57:01Z</time>
   </trkpt>
   <trkpt lat="25.0259530" lon="121.4298160">
    <ele>14.6</ele>
    <time>2025-08-25T02:57:02Z</time>
   </trkpt>
   <trkpt lat="25.0259520" lon="121.4298180">
    <ele>14.6</ele>
    <time>2025-08-25T02:57:03Z</time>
   </trkpt>
   <trkpt lat="25.0259500" lon="121.4298150">
    <ele>14.6</ele>
    <time>2025-08-25T02:57:04Z</time>
   </trkpt>
   <trkpt lat="25.0259460" lon="121.4298010">
    <ele>14.6</ele>
    <time>2025-08-25T02:57:05Z</time>
   </trkpt>
   <trkpt lat="25.0259430" lon="121.4297880">
    <ele>14.6</ele>
    <time>2025-08-25T02:57:06Z</time>
   </trkpt>
   <trkpt lat="25.0259410" lon="121.4297800">
    <ele>14.6</ele>
    <time>2025-08-25T02:57:07Z</time>
   </trkpt>
   <trkpt lat="25.0259390" lon="121.4297750">
    <ele>14.6</ele>
    <time>2025-08-25T02:57:08Z</time>
   </trkpt>
   <trkpt lat="25.0259380" lon="121.4297710">
    <ele>14.6</ele>
    <time>2025-08-25T02:57:09Z</time>
   </trkpt>
   <trkpt lat="25.0259390" lon="121.4297680">
    <ele>14.6</ele>
    <time>2025-08-25T02:57:10Z</time>
   </trkpt>
   <trkpt lat="25.0259390" lon="121.4297660">
    <ele>14.6</ele>
    <time>2025-08-25T02:57:11Z</time>
   </trkpt>
   <trkpt lat="25.0259390" lon="121.4297640">
    <ele>14.6</ele>
    <time>2025-08-25T02:57:12Z</time>
   </trkpt>
   <trkpt lat="25.0259400" lon="121.4297640">
    <ele>14.6</ele>
    <time>2025-08-25T02:57:13Z</time>
   </trkpt>
   <trkpt lat="25.0259400" lon="121.4297630">
    <ele>14.6</ele>
    <time>2025-08-25T02:57:14Z</time>
   </trkpt>
   <trkpt lat="25.0259400" lon="121.4297630">
    <ele>14.6</ele>
    <time>2025-08-25T02:57:15Z</time>
   </trkpt>
   <trkpt lat="25.0259400" lon="121.4297660">
    <ele>14.6</ele>
    <time>2025-08-25T02:57:16Z</time>
   </trkpt>
   <trkpt lat="25.0259360" lon="121.4297720">
    <ele>14.6</ele>
    <time>2025-08-25T02:57:17Z</time>
   </trkpt>
   <trkpt lat="25.0259330" lon="121.4297770">
    <ele>14.6</ele>
    <time>2025-08-25T02:57:18Z</time>
   </trkpt>
   <trkpt lat="25.0259320" lon="121.4297810">
    <ele>14.6</ele>
    <time>2025-08-25T02:57:19Z</time>
   </trkpt>
   <trkpt lat="25.0259310" lon="121.4297820">
    <ele>14.6</ele>
    <time>2025-08-25T02:57:20Z</time>
   </trkpt>
   <trkpt lat="25.0259310" lon="121.4297770">
    <ele>14.6</ele>
    <time>2025-08-25T02:57:21Z</time>
   </trkpt>
   <trkpt lat="25.0259350" lon="121.4297690">
    <ele>14.6</ele>
    <time>2025-08-25T02:57:22Z</time>
   </trkpt>
   <trkpt lat="25.0259370" lon="121.4297610">
    <ele>14.6</ele>
    <time>2025-08-25T02:57:23Z</time>
   </trkpt>
   <trkpt lat="25.0259400" lon="121.4297550">
    <ele>14.6</ele>
    <time>2025-08-25T02:57:24Z</time>
   </trkpt>
   <trkpt lat="25.0259410" lon="121.4297510">
    <ele>14.6</ele>
    <time>2025-08-25T02:57:25Z</time>
   </trkpt>
   <trkpt lat="25.0259420" lon="121.4297480">
    <ele>14.5</ele>
    <time>2025-08-25T02:57:26Z</time>
   </trkpt>
   <trkpt lat="25.0259420" lon="121.4297470">
    <ele>14.5</ele>
    <time>2025-08-25T02:57:27Z</time>
   </trkpt>
   <trkpt lat="25.0259430" lon="121.4297470">
    <ele>14.5</ele>
    <time>2025-08-25T02:57:28Z</time>
   </trkpt>
   <trkpt lat="25.0259450" lon="121.4297460">
    <ele>14.5</ele>
    <time>2025-08-25T02:57:29Z</time>
   </trkpt>
   <trkpt lat="25.0259470" lon="121.4297450">
    <ele>14.5</ele>
    <time>2025-08-25T02:57:30Z</time>
   </trkpt>
   <trkpt lat="25.0259510" lon="121.4297430">
    <ele>14.5</ele>
    <time>2025-08-25T02:57:31Z</time>
   </trkpt>
   <trkpt lat="25.0259540" lon="121.4297470">
    <ele>14.5</ele>
    <time>2025-08-25T02:57:32Z</time>
   </trkpt>
   <trkpt lat="25.0259540" lon="121.4297520">
    <ele>14.5</ele>
    <time>2025-08-25T02:57:33Z</time>
   </trkpt>
   <trkpt lat="25.0259530" lon="121.4297570">
    <ele>14.5</ele>
    <time>2025-08-25T02:57:34Z</time>
   </trkpt>
   <trkpt lat="25.0259530" lon="121.4297620">
    <ele>14.5</ele>
    <time>2025-08-25T02:57:35Z</time>
   </trkpt>
   <trkpt lat="25.0259530" lon="121.4297670">
    <ele>14.5</ele>
    <time>2025-08-25T02:57:36Z</time>
   </trkpt>
   <trkpt lat="25.0259530" lon="121.4297720">
    <ele>14.5</ele>
    <time>2025-08-25T02:57:37Z</time>
   </trkpt>
   <trkpt lat="25.0259530" lon="121.4297770">
    <ele>14.5</ele>
    <time>2025-08-25T02:57:38Z</time>
   </trkpt>
   <trkpt lat="25.0259520" lon="121.4297830">
    <ele>14.5</ele>
    <time>2025-08-25T02:57:39Z</time>
   </trkpt>
   <trkpt lat="25.0259520" lon="121.4297880">
    <ele>14.5</ele>
    <time>2025-08-25T02:57:40Z</time>
   </trkpt>
   <trkpt lat="25.0259520" lon="121.4297930">
    <ele>14.5</ele>
    <time>2025-08-25T02:57:41Z</time>
   </trkpt>
   <trkpt lat="25.0259520" lon="121.4297980">
    <ele>14.5</ele>
    <time>2025-08-25T02:57:42Z</time>
   </trkpt>
   <trkpt lat="25.0259520" lon="121.4298030">
    <ele>14.5</ele>
    <time>2025-08-25T02:57:43Z</time>
   </trkpt>
   <trkpt lat="25.0259510" lon="121.4298080">
    <ele>14.5</ele>
    <time>2025-08-25T02:57:44Z</time>
   </trkpt>
   <trkpt lat="25.0259510" lon="121.4298130">
    <ele>14.5</ele>
    <time>2025-08-25T02:57:45Z</time>
   </trkpt>
   <trkpt lat="25.0259510" lon="121.4298180">
    <ele>14.5</ele>
    <time>2025-08-25T02:57:46Z</time>
   </trkpt>
   <trkpt lat="25.0259480" lon="121.4298280">
    <ele>14.5</ele>
    <time>2025-08-25T02:57:47Z</time>
   </trkpt>
   <trkpt lat="25.0259480" lon="121.4298250">
    <ele>14.5</ele>
    <time>2025-08-25T02:57:48Z</time>
   </trkpt>
   <trkpt lat="25.0259470" lon="121.4298220">
    <ele>14.5</ele>
    <time>2025-08-25T02:57:49Z</time>
   </trkpt>
   <trkpt lat="25.0259470" lon="121.4298190">
    <ele>14.5</ele>
    <time>2025-08-25T02:57:50Z</time>
   </trkpt>
   <trkpt lat="25.0259460" lon="121.4298150">
    <ele>14.5</ele>
    <time>2025-08-25T02:57:51Z</time>
   </trkpt>
   <trkpt lat="25.0259460" lon="121.4298120">
    <ele>14.5</ele>
    <time>2025-08-25T02:57:52Z</time>
   </trkpt>
   <trkpt lat="25.0259450" lon="121.4298090">
    <ele>14.5</ele>
    <time>2025-08-25T02:57:53Z</time>
   </trkpt>
   <trkpt lat="25.0259450" lon="121.4298060">
    <ele>14.4</ele>
    <time>2025-08-25T02:57:54Z</time>
   </trkpt>
   <trkpt lat="25.0259440" lon="121.4298030">
    <ele>14.4</ele>
    <time>2025-08-25T02:57:55Z</time>
   </trkpt>
   <trkpt lat="25.0259440" lon="121.4298000">
    <ele>14.4</ele>
    <time>2025-08-25T02:57:56Z</time>
   </trkpt>
   <trkpt lat="25.0259430" lon="121.4297970">
    <ele>14.4</ele>
    <time>2025-08-25T02:57:57Z</time>
   </trkpt>
   <trkpt lat="25.0259430" lon="121.4297940">
    <ele>14.4</ele>
    <time>2025-08-25T02:57:58Z</time>
   </trkpt>
   <trkpt lat="25.0259420" lon="121.4297900">
    <ele>14.4</ele>
    <time>2025-08-25T02:57:59Z</time>
   </trkpt>
   <trkpt lat="25.0259420" lon="121.4297870">
    <ele>14.4</ele>
    <time>2025-08-25T02:58:00Z</time>
   </trkpt>
   <trkpt lat="25.0259410" lon="121.4297840">
    <ele>14.4</ele>
    <time>2025-08-25T02:58:01Z</time>
   </trkpt>
   <trkpt lat="25.0259410" lon="121.4297810">
    <ele>14.4</ele>
    <time>2025-08-25T02:58:02Z</time>
   </trkpt>
   <trkpt lat="25.0259400" lon="121.4297780">
    <ele>14.4</ele>
    <time>2025-08-25T02:58:03Z</time>
   </trkpt>
   <trkpt lat="25.0259400" lon="121.4297770">
    <ele>14.4</ele>
    <time>2025-08-25T02:58:04Z</time>
   </trkpt>
   <trkpt lat="25.0259410" lon="121.4297770">
    <ele>14.4</ele>
    <time>2025-08-25T02:58:05Z</time>
   </trkpt>
   <trkpt lat="25.0259410" lon="121.4297780">
    <ele>14.4</ele>
    <time>2025-08-25T02:58:06Z</time>
   </trkpt>
   <trkpt lat="25.0259410" lon="121.4297790">
    <ele>14.4</ele>
    <time>2025-08-25T02:58:07Z</time>
   </trkpt>
   <trkpt lat="25.0259380" lon="121.4297700">
    <ele>14.4</ele>
    <time>2025-08-25T02:58:08Z</time>
   </trkpt>
   <trkpt lat="25.0259370" lon="121.4297690">
    <ele>14.4</ele>
    <time>2025-08-25T02:58:09Z</time>
   </trkpt>
   <trkpt lat="25.0259360" lon="121.4297690">
    <ele>14.4</ele>
    <time>2025-08-25T02:58:10Z</time>
   </trkpt>
   <trkpt lat="25.0259350" lon="121.4297680">
    <ele>14.4</ele>
    <time>2025-08-25T02:58:11Z</time>
   </trkpt>
   <trkpt lat="25.0259340" lon="121.4297670">
    <ele>14.4</ele>
    <time>2025-08-25T02:58:12Z</time>
   </trkpt>
   <trkpt lat="25.0259330" lon="121.4297620">
    <ele>14.4</ele>
    <time>2025-08-25T02:58:13Z</time>
   </trkpt>
   <trkpt lat="25.0259320" lon="121.4297620">
    <ele>14.4</ele>
    <time>2025-08-25T02:58:14Z</time>
   </trkpt>
   <trkpt lat="25.0259310" lon="121.4297640">
    <ele>14.4</ele>
    <time>2025-08-25T02:58:16Z</time>
   </trkpt>
   <trkpt lat="25.0259310" lon="121.4297670">
    <ele>14.4</ele>
    <time>2025-08-25T02:58:17Z</time>
   </trkpt>
   <trkpt lat="25.0259270" lon="121.4297680">
    <ele>14.4</ele>
    <time>2025-08-25T02:58:19Z</time>
   </trkpt>
   <trkpt lat="25.0259280" lon="121.4297680">
    <ele>14.4</ele>
    <time>2025-08-25T02:58:21Z</time>
   </trkpt>
   <trkpt lat="25.0259250" lon="121.4297680">
    <ele>14.4</ele>
    <time>2025-08-25T02:58:22Z</time>
   </trkpt>
   <trkpt lat="25.0259240" lon="121.4297680">
    <ele>14.4</ele>
    <time>2025-08-25T02:58:24Z</time>
   </trkpt>
   <trkpt lat="25.0259240" lon="121.4297680">
    <ele>14.4</ele>
    <time>2025-08-25T02:58:25Z</time>
   </trkpt>
   <trkpt lat="25.0259240" lon="121.4297690">
    <ele>14.4</ele>
    <time>2025-08-25T02:58:26Z</time>
   </trkpt>
   <trkpt lat="25.0259230" lon="121.4297710">
    <ele>14.4</ele>
    <time>2025-08-25T02:58:27Z</time>
   </trkpt>
   <trkpt lat="25.0259170" lon="121.4297580">
    <ele>14.4</ele>
    <time>2025-08-25T02:58:28Z</time>
   </trkpt>
   <trkpt lat="25.0259170" lon="121.4297550">
    <ele>14.4</ele>
    <time>2025-08-25T02:58:29Z</time>
   </trkpt>
   <trkpt lat="25.0259180" lon="121.4297540">
    <ele>14.4</ele>
    <time>2025-08-25T02:58:30Z</time>
   </trkpt>
   <trkpt lat="25.0259180" lon="121.4297540">
    <ele>14.4</ele>
    <time>2025-08-25T02:58:31Z</time>
   </trkpt>
   <trkpt lat="25.0259190" lon="121.4297530">
    <ele>14.4</ele>
    <time>2025-08-25T02:58:32Z</time>
   </trkpt>
   <trkpt lat="25.0259200" lon="121.4297530">
    <ele>14.4</ele>
    <time>2025-08-25T02:58:33Z</time>
   </trkpt>
   <trkpt lat="25.0259210" lon="121.4297520">
    <ele>14.4</ele>
    <time>2025-08-25T02:58:34Z</time>
   </trkpt>
   <trkpt lat="25.0259220" lon="121.4297520">
    <ele>14.4</ele>
    <time>2025-08-25T02:58:35Z</time>
   </trkpt>
   <trkpt lat="25.0259220" lon="121.4297510">
    <ele>14.4</ele>
    <time>2025-08-25T02:58:37Z</time>
   </trkpt>
   <trkpt lat="25.0259230" lon="121.4297510">
    <ele>14.4</ele>
    <time>2025-08-25T02:58:38Z</time>
   </trkpt>
   <trkpt lat="25.0259240" lon="121.4297500">
    <ele>14.4</ele>
    <time>2025-08-25T02:58:39Z</time>
   </trkpt>
   <trkpt lat="25.0259250" lon="121.4297500">
    <ele>14.4</ele>
    <time>2025-08-25T02:58:40Z</time>
   </trkpt>
   <trkpt lat="25.0259250" lon="121.4297500">
    <ele>14.4</ele>
    <time>2025-08-25T02:58:41Z</time>
   </trkpt>
   <trkpt lat="25.0259260" lon="121.4297490">
    <ele>14.4</ele>
    <time>2025-08-25T02:58:42Z</time>
   </trkpt>
   <trkpt lat="25.0259270" lon="121.4297490">
    <ele>14.4</ele>
    <time>2025-08-25T02:58:43Z</time>
   </trkpt>
   <trkpt lat="25.0259280" lon="121.4297480">
    <ele>14.4</ele>
    <time>2025-08-25T02:58:44Z</time>
   </trkpt>
   <trkpt lat="25.0259290" lon="121.4297480">
    <ele>14.4</ele>
    <time>2025-08-25T02:58:45Z</time>
   </trkpt>
   <trkpt lat="25.0259290" lon="121.4297470">
    <ele>14.4</ele>
    <time>2025-08-25T02:58:46Z</time>
   </trkpt>
   <trkpt lat="25.0259300" lon="121.4297470">
    <ele>14.4</ele>
    <time>2025-08-25T02:58:47Z</time>
   </trkpt>
   <trkpt lat="25.0259310" lon="121.4297460">
    <ele>14.4</ele>
    <time>2025-08-25T02:58:49Z</time>
   </trkpt>
   <trkpt lat="25.0259320" lon="121.4297460">
    <ele>14.4</ele>
    <time>2025-08-25T02:58:50Z</time>
   </trkpt>
   <trkpt lat="25.0259330" lon="121.4297450">
    <ele>14.4</ele>
    <time>2025-08-25T02:58:51Z</time>
   </trkpt>
   <trkpt lat="25.0259330" lon="121.4297450">
    <ele>14.4</ele>
    <time>2025-08-25T02:58:52Z</time>
   </trkpt>
   <trkpt lat="25.0259340" lon="121.4297450">
    <ele>14.4</ele>
    <time>2025-08-25T02:58:54Z</time>
   </trkpt>
   <trkpt lat="25.0259350" lon="121.4297440">
    <ele>14.4</ele>
    <time>2025-08-25T02:58:56Z</time>
   </trkpt>
   <trkpt lat="25.0259360" lon="121.4297440">
    <ele>14.4</ele>
    <time>2025-08-25T02:58:57Z</time>
   </trkpt>
   <trkpt lat="25.0259360" lon="121.4297430">
    <ele>14.3</ele>
    <time>2025-08-25T02:58:58Z</time>
   </trkpt>
   <trkpt lat="25.0259370" lon="121.4297430">
    <ele>14.3</ele>
    <time>2025-08-25T02:58:59Z</time>
   </trkpt>
   <trkpt lat="25.0259380" lon="121.4297420">
    <ele>14.3</ele>
    <time>2025-08-25T02:59:00Z</time>
   </trkpt>
   <trkpt lat="25.0259390" lon="121.4297420">
    <ele>14.3</ele>
    <time>2025-08-25T02:59:01Z</time>
   </trkpt>
   <trkpt lat="25.0259400" lon="121.4297410">
    <ele>14.3</ele>
    <time>2025-08-25T02:59:02Z</time>
   </trkpt>
   <trkpt lat="25.0259400" lon="121.4297410">
    <ele>14.3</ele>
    <time>2025-08-25T02:59:03Z</time>
   </trkpt>
   <trkpt lat="25.0259410" lon="121.4297400">
    <ele>14.3</ele>
    <time>2025-08-25T02:59:04Z</time>
   </trkpt>
   <trkpt lat="25.0259420" lon="121.4297400">
    <ele>14.3</ele>
    <time>2025-08-25T02:59:05Z</time>
   </trkpt>
   <trkpt lat="25.0259340" lon="121.4297430">
    <ele>14.3</ele>
    <time>2025-08-25T02:59:06Z</time>
   </trkpt>
   <trkpt lat="25.0259350" lon="121.4297430">
    <ele>14.3</ele>
    <time>2025-08-25T02:59:07Z</time>
   </trkpt>
   <trkpt lat="25.0259380" lon="121.4297420">
    <ele>14.3</ele>
    <time>2025-08-25T02:59:08Z</time>
   </trkpt>
   <trkpt lat="25.0259390" lon="121.4297590">
    <ele>14.3</ele>
    <time>2025-08-25T02:59:09Z</time>
   </trkpt>
   <trkpt lat="25.0259420" lon="121.4297730">
    <ele>14.3</ele>
    <time>2025-08-25T02:59:11Z</time>
   </trkpt>
   <trkpt lat="25.0259450" lon="121.4297750">
    <ele>14.3</ele>
    <time>2025-08-25T02:59:12Z</time>
   </trkpt>
   <trkpt lat="25.0259480" lon="121.4297760">
    <ele>14.3</ele>
    <time>2025-08-25T02:59:13Z</time>
   </trkpt>
   <trkpt lat="25.0259530" lon="121.4297910">
    <ele>14.3</ele>
    <time>2025-08-25T02:59:14Z</time>
   </trkpt>
   <trkpt lat="25.0259560" lon="121.4298040">
    <ele>14.3</ele>
    <time>2025-08-25T02:59:16Z</time>
   </trkpt>
   <trkpt lat="25.0259590" lon="121.4298080">
    <ele>14.3</ele>
    <time>2025-08-25T02:59:17Z</time>
   </trkpt>
   <trkpt lat="25.0259630" lon="121.4298090">
    <ele>14.3</ele>
    <time>2025-08-25T02:59:18Z</time>
   </trkpt>
   <trkpt lat="25.0259680" lon="121.4298120">
    <ele>14.3</ele>
    <time>2025-08-25T02:59:19Z</time>
   </trkpt>
   <trkpt lat="25.0259630" lon="121.4298340">
    <ele>14.2</ele>
    <time>2025-08-25T02:59:20Z</time>
   </trkpt>
   <trkpt lat="25.0259620" lon="121.4298440">
    <ele>14.2</ele>
    <time>2025-08-25T02:59:21Z</time>
   </trkpt>
   <trkpt lat="25.0259590" lon="121.4298520">
    <ele>14.2</ele>
    <time>2025-08-25T02:59:22Z</time>
   </trkpt>
   <trkpt lat="25.0259550" lon="121.4298590">
    <ele>14.2</ele>
    <time>2025-08-25T02:59:23Z</time>
   </trkpt>
   <trkpt lat="25.0259520" lon="121.4298670">
    <ele>14.2</ele>
    <time>2025-08-25T02:59:24Z</time>
   </trkpt>
   <trkpt lat="25.0259490" lon="121.4298750">
    <ele>14.2</ele>
    <time>2025-08-25T02:59:25Z</time>
   </trkpt>
   <trkpt lat="25.0259460" lon="121.4298750">
    <ele>14.2</ele>
    <time>2025-08-25T02:59:26Z</time>
   </trkpt>
   <trkpt lat="25.0259440" lon="121.4298780">
    <ele>14.2</ele>
    <time>2025-08-25T02:59:27Z</time>
   </trkpt>
   <trkpt lat="25.0259420" lon="121.4298810">
    <ele>14.2</ele>
    <time>2025-08-25T02:59:28Z</time>
   </trkpt>
   <trkpt lat="25.0259410" lon="121.4298840">
    <ele>14.2</ele>
    <time>2025-08-25T02:59:29Z</time>
   </trkpt>
   <trkpt lat="25.0259390" lon="121.4298870">
    <ele>14.2</ele>
    <time>2025-08-25T02:59:30Z</time>
   </trkpt>
   <trkpt lat="25.0259370" lon="121.4298900">
    <ele>14.2</ele>
    <time>2025-08-25T02:59:31Z</time>
   </trkpt>
   <trkpt lat="25.0259350" lon="121.4298930">
    <ele>14.2</ele>
    <time>2025-08-25T02:59:32Z</time>
   </trkpt>
   <trkpt lat="25.0259330" lon="121.4298960">
    <ele>14.2</ele>
    <time>2025-08-25T02:59:33Z</time>
   </trkpt>
   <trkpt lat="25.0259310" lon="121.4298990">
    <ele>14.2</ele>
    <time>2025-08-25T02:59:34Z</time>
   </trkpt>
   <trkpt lat="25.0259300" lon="121.4299020">
    <ele>14.2</ele>
    <time>2025-08-25T02:59:35Z</time>
   </trkpt>
   <trkpt lat="25.0259280" lon="121.4299050">
    <ele>14.2</ele>
    <time>2025-08-25T02:59:36Z</time>
   </trkpt>
   <trkpt lat="25.0259260" lon="121.4299080">
    <ele>14.2</ele>
    <time>2025-08-25T02:59:37Z</time>
   </trkpt>
   <trkpt lat="25.0259240" lon="121.4299110">
    <ele>14.2</ele>
    <time>2025-08-25T02:59:38Z</time>
   </trkpt>
   <trkpt lat="25.0259130" lon="121.4299490">
    <ele>14.1</ele>
    <time>2025-08-25T02:59:39Z</time>
   </trkpt>
   <trkpt lat="25.0259070" lon="121.4299670">
    <ele>14.1</ele>
    <time>2025-08-25T02:59:40Z</time>
   </trkpt>
   <trkpt lat="25.0259100" lon="121.4299750">
    <ele>14.1</ele>
    <time>2025-08-25T02:59:41Z</time>
   </trkpt>
   <trkpt lat="25.0259160" lon="121.4299830">
    <ele>14.1</ele>
    <time>2025-08-25T02:59:42Z</time>
   </trkpt>
   <trkpt lat="25.0259220" lon="121.4299950">
    <ele>14.1</ele>
    <time>2025-08-25T02:59:43Z</time>
   </trkpt>
   <trkpt lat="25.0259270" lon="121.4300100">
    <ele>14.1</ele>
    <time>2025-08-25T02:59:44Z</time>
   </trkpt>
   <trkpt lat="25.0259270" lon="121.4300300">
    <ele>14.1</ele>
    <time>2025-08-25T02:59:45Z</time>
   </trkpt>
   <trkpt lat="25.0259290" lon="121.4300380">
    <ele>14.1</ele>
    <time>2025-08-25T02:59:46Z</time>
   </trkpt>
   <trkpt lat="25.0259320" lon="121.4300460">
    <ele>14.1</ele>
    <time>2025-08-25T02:59:47Z</time>
   </trkpt>
   <trkpt lat="25.0259350" lon="121.4300520">
    <ele>14.1</ele>
    <time>2025-08-25T02:59:48Z</time>
   </trkpt>
   <trkpt lat="25.0259400" lon="121.4300540">
    <ele>14.1</ele>
    <time>2025-08-25T02:59:49Z</time>
   </trkpt>
   <trkpt lat="25.0259440" lon="121.4300520">
    <ele>14.1</ele>
    <time>2025-08-25T02:59:50Z</time>
   </trkpt>
   <trkpt lat="25.0259460" lon="121.4300460">
    <ele>14.1</ele>
    <time>2025-08-25T02:59:52Z</time>
   </trkpt>
   <trkpt lat="25.0259480" lon="121.4300390">
    <ele>14.1</ele>
    <time>2025-08-25T02:59:53Z</time>
   </trkpt>
   <trkpt lat="25.0259500" lon="121.4300320">
    <ele>14.1</ele>
    <time>2025-08-25T02:59:54Z</time>
   </trkpt>
   <trkpt lat="25.0259460" lon="121.4300320">
    <ele>14.1</ele>
    <time>2025-08-25T02:59:55Z</time>
   </trkpt>
   <trkpt lat="25.0259440" lon="121.4300310">
    <ele>14.1</ele>
    <time>2025-08-25T02:59:56Z</time>
   </trkpt>
   <trkpt lat="25.0259420" lon="121.4300320">
    <ele>14.1</ele>
    <time>2025-08-25T02:59:57Z</time>
   </trkpt>
   <trkpt lat="25.0259400" lon="121.4300330">
    <ele>14.1</ele>
    <time>2025-08-25T02:59:58Z</time>
   </trkpt>
   <trkpt lat="25.0259390" lon="121.4300340">
    <ele>14.1</ele>
    <time>2025-08-25T02:59:59Z</time>
   </trkpt>
   <trkpt lat="25.0259350" lon="121.4300390">
    <ele>14.1</ele>
    <time>2025-08-25T03:00:05Z</time>
   </trkpt>
   <trkpt lat="25.0259350" lon="121.4300420">
    <ele>14.1</ele>
    <time>2025-08-25T03:00:09Z</time>
   </trkpt>
   <trkpt lat="25.0259340" lon="121.4300490">
    <ele>14.1</ele>
    <time>2025-08-25T03:00:13Z</time>
   </trkpt>
   <trkpt lat="25.0259340" lon="121.4300490">
    <ele>14.1</ele>
    <time>2025-08-25T03:00:14Z</time>
   </trkpt>
   <trkpt lat="25.0259280" lon="121.4300560">
    <ele>14.1</ele>
    <time>2025-08-25T03:00:20Z</time>
   </trkpt>
   <trkpt lat="25.0259230" lon="121.4300620">
    <ele>14.1</ele>
    <time>2025-08-25T03:00:25Z</time>
   </trkpt>
   <trkpt lat="25.0259200" lon="121.4300660">
    <ele>14.1</ele>
    <time>2025-08-25T03:00:29Z</time>
   </trkpt>
   <trkpt lat="25.0259190" lon="121.4300670">
    <ele>14.1</ele>
    <time>2025-08-25T03:00:30Z</time>
   </trkpt>
   <trkpt lat="25.0259190" lon="121.4300740">
    <ele>14.1</ele>
    <time>2025-08-25T03:00:31Z</time>
   </trkpt>
   <trkpt lat="25.0259180" lon="121.4300770">
    <ele>14.1</ele>
    <time>2025-08-25T03:00:32Z</time>
   </trkpt>
   <trkpt lat="25.0259170" lon="121.4300790">
    <ele>14.1</ele>
    <time>2025-08-25T03:00:33Z</time>
   </trkpt>
   <trkpt lat="25.0259150" lon="121.4300820">
    <ele>14.1</ele>
    <time>2025-08-25T03:00:40Z</time>
   </trkpt>
   <trkpt lat="25.0259140" lon="121.4300850">
    <ele>14.1</ele>
    <time>2025-08-25T03:00:45Z</time>
   </trkpt>
   <trkpt lat="25.0259130" lon="121.4300880">
    <ele>14.1</ele>
    <time>2025-08-25T03:00:50Z</time>
   </trkpt>
   <trkpt lat="25.0259120" lon="121.4300910">
    <ele>14.1</ele>
    <time>2025-08-25T03:00:55Z</time>
   </trkpt>
   <trkpt lat="25.0259110" lon="121.4300940">
    <ele>14.0</ele>
    <time>2025-08-25T03:01:00Z</time>
   </trkpt>
   <trkpt lat="25.0259100" lon="121.4300960">
    <ele>14.0</ele>
    <time>2025-08-25T03:01:05Z</time>
   </trkpt>
   <trkpt lat="25.0259090" lon="121.4300990">
    <ele>14.0</ele>
    <time>2025-08-25T03:01:10Z</time>
   </trkpt>
   <trkpt lat="25.0259070" lon="121.4301020">
    <ele>14.0</ele>
    <time>2025-08-25T03:01:15Z</time>
   </trkpt>
   <trkpt lat="25.0259060" lon="121.4301050">
    <ele>14.0</ele>
    <time>2025-08-25T03:01:20Z</time>
   </trkpt>
   <trkpt lat="25.0259050" lon="121.4301080">
    <ele>14.0</ele>
    <time>2025-08-25T03:01:25Z</time>
   </trkpt>
   <trkpt lat="25.0259040" lon="121.4301110">
    <ele>14.0</ele>
    <time>2025-08-25T03:01:30Z</time>
   </trkpt>
   <trkpt lat="25.0259030" lon="121.4301130">
    <ele>14.0</ele>
    <time>2025-08-25T03:01:35Z</time>
   </trkpt>
   <trkpt lat="25.0259020" lon="121.4301160">
    <ele>14.0</ele>
    <time>2025-08-25T03:01:40Z</time>
   </trkpt>
   <trkpt lat="25.0259010" lon="121.4301190">
    <ele>14.0</ele>
    <time>2025-08-25T03:01:45Z</time>
   </trkpt>
   <trkpt lat="25.0259000" lon="121.4301220">
    <ele>14.0</ele>
    <time>2025-08-25T03:01:50Z</time>
   </trkpt>
   <trkpt lat="25.0258980" lon="121.4301250">
    <ele>14.0</ele>
    <time>2025-08-25T03:01:55Z</time>
   </trkpt>
   <trkpt lat="25.0258970" lon="121.4301270">
    <ele>14.0</ele>
    <time>2025-08-25T03:02:00Z</time>
   </trkpt>
   <trkpt lat="25.0258960" lon="121.4301300">
    <ele>14.0</ele>
    <time>2025-08-25T03:02:05Z</time>
   </trkpt>
   <trkpt lat="25.0258950" lon="121.4301330">
    <ele>14.0</ele>
    <time>2025-08-25T03:02:11Z</time>
   </trkpt>
   <trkpt lat="25.0258940" lon="121.4301360">
    <ele>14.0</ele>
    <time>2025-08-25T03:02:16Z</time>
   </trkpt>
   <trkpt lat="25.0258930" lon="121.4301390">
    <ele>14.0</ele>
    <time>2025-08-25T03:02:21Z</time>
   </trkpt>
   <trkpt lat="25.0258920" lon="121.4301420">
    <ele>14.0</ele>
    <time>2025-08-25T03:02:26Z</time>
   </trkpt>
   <trkpt lat="25.0258900" lon="121.4301440">
    <ele>14.0</ele>
    <time>2025-08-25T03:02:31Z</time>
   </trkpt>
   <trkpt lat="25.0258890" lon="121.4301470">
    <ele>14.0</ele>
    <time>2025-08-25T03:02:36Z</time>
   </trkpt>
   <trkpt lat="25.0258880" lon="121.4301500">
    <ele>14.0</ele>
    <time>2025-08-25T03:02:41Z</time>
   </trkpt>
   <trkpt lat="25.0258870" lon="121.4301530">
    <ele>14.0</ele>
    <time>2025-08-25T03:02:44Z</time>
   </trkpt>
   <trkpt lat="25.0258860" lon="121.4301560">
    <ele>14.0</ele>
    <time>2025-08-25T03:02:46Z</time>
   </trkpt>
   <trkpt lat="25.0258850" lon="121.4301580">
    <ele>14.0</ele>
    <time>2025-08-25T03:02:51Z</time>
   </trkpt>
   <trkpt lat="25.0258840" lon="121.4301610">
    <ele>14.0</ele>
    <time>2025-08-25T03:02:52Z</time>
   </trkpt>
   <trkpt lat="25.0258820" lon="121.4301640">
    <ele>14.0</ele>
    <time>2025-08-25T03:02:55Z</time>
   </trkpt>
   <trkpt lat="25.0258810" lon="121.4301670">
    <ele>14.0</ele>
    <time>2025-08-25T03:02:56Z</time>
   </trkpt>
   <trkpt lat="25.0258800" lon="121.4301700">
    <ele>14.0</ele>
    <time>2025-08-25T03:02:58Z</time>
   </trkpt>
   <trkpt lat="25.0258790" lon="121.4301730">
    <ele>14.0</ele>
    <time>2025-08-25T03:02:59Z</time>
   </trkpt>
   <trkpt lat="25.0258780" lon="121.4301750">
    <ele>14.0</ele>
    <time>2025-08-25T03:03:00Z</time>
   </trkpt>
   <trkpt lat="25.0258770" lon="121.4301780">
    <ele>14.0</ele>
    <time>2025-08-25T03:03:01Z</time>
   </trkpt>
   <trkpt lat="25.0258760" lon="121.4301810">
    <ele>14.0</ele>
    <time>2025-08-25T03:03:03Z</time>
   </trkpt>
   <trkpt lat="25.0258750" lon="121.4301840">
    <ele>14.0</ele>
    <time>2025-08-25T03:03:04Z</time>
   </trkpt>
   <trkpt lat="25.0258730" lon="121.4301870">
    <ele>14.0</ele>
    <time>2025-08-25T03:03:05Z</time>
   </trkpt>
   <trkpt lat="25.0258720" lon="121.4301900">
    <ele>14.0</ele>
    <time>2025-08-25T03:03:06Z</time>
   </trkpt>
   <trkpt lat="25.0258710" lon="121.4301920">
    <ele>14.0</ele>
    <time>2025-08-25T03:03:07Z</time>
   </trkpt>
   <trkpt lat="25.0258700" lon="121.4301950">
    <ele>14.0</ele>
    <time>2025-08-25T03:03:11Z</time>
   </trkpt>
   <trkpt lat="25.0258690" lon="121.4301980">
    <ele>14.0</ele>
    <time>2025-08-25T03:03:16Z</time>
   </trkpt>
   <trkpt lat="25.0258680" lon="121.4302010">
    <ele>14.0</ele>
    <time>2025-08-25T03:03:21Z</time>
   </trkpt>
   <trkpt lat="25.0258670" lon="121.4302040">
    <ele>14.0</ele>
    <time>2025-08-25T03:03:26Z</time>
   </trkpt>
   <trkpt lat="25.0258650" lon="121.4302060">
    <ele>14.0</ele>
    <time>2025-08-25T03:03:31Z</time>
   </trkpt>
   <trkpt lat="25.0258640" lon="121.4302090">
    <ele>14.0</ele>
    <time>2025-08-25T03:03:36Z</time>
   </trkpt>
   <trkpt lat="25.0258630" lon="121.4302120">
    <ele>14.0</ele>
    <time>2025-08-25T03:03:41Z</time>
   </trkpt>
   <trkpt lat="25.0258620" lon="121.4302150">
    <ele>14.0</ele>
    <time>2025-08-25T03:03:46Z</time>
   </trkpt>
   <trkpt lat="25.0258610" lon="121.4302180">
    <ele>14.0</ele>
    <time>2025-08-25T03:03:52Z</time>
   </trkpt>
   <trkpt lat="25.0258600" lon="121.4302210">
    <ele>14.0</ele>
    <time>2025-08-25T03:03:57Z</time>
   </trkpt>
   <trkpt lat="25.0258590" lon="121.4302230">
    <ele>14.0</ele>
    <time>2025-08-25T03:04:02Z</time>
   </trkpt>
   <trkpt lat="25.0258570" lon="121.4302260">
    <ele>14.0</ele>
    <time>2025-08-25T03:04:08Z</time>
   </trkpt>
   <trkpt lat="25.0258560" lon="121.4302290">
    <ele>14.0</ele>
    <time>2025-08-25T03:04:16Z</time>
   </trkpt>
   <trkpt lat="25.0258550" lon="121.4302320">
    <ele>14.0</ele>
    <time>2025-08-25T03:04:23Z</time>
   </trkpt>
   <trkpt lat="25.0258540" lon="121.4302350">
    <ele>14.0</ele>
    <time>2025-08-25T03:04:30Z</time>
   </trkpt>
   <trkpt lat="25.0258530" lon="121.4302370">
    <ele>14.0</ele>
    <time>2025-08-25T03:04:37Z</time>
   </trkpt>
   <trkpt lat="25.0258520" lon="121.4302400">
    <ele>14.0</ele>
    <time>2025-08-25T03:04:43Z</time>
   </trkpt>
   <trkpt lat="25.0258510" lon="121.4302430">
    <ele>14.0</ele>
    <time>2025-08-25T03:04:50Z</time>
   </trkpt>
   <trkpt lat="25.0258500" lon="121.4302460">
    <ele>14.0</ele>
    <time>2025-08-25T03:04:57Z</time>
   </trkpt>
   <trkpt lat="25.0258480" lon="121.4302490">
    <ele>14.0</ele>
    <time>2025-08-25T03:05:03Z</time>
   </trkpt>
   <trkpt lat="25.0258470" lon="121.4302520">
    <ele>14.0</ele>
    <time>2025-08-25T03:05:10Z</time>
   </trkpt>
   <trkpt lat="25.0258460" lon="121.4302540">
    <ele>14.0</ele>
    <time>2025-08-25T03:05:17Z</time>
   </trkpt>
   <trkpt lat="25.0258450" lon="121.4302570">
    <ele>14.0</ele>
    <time>2025-08-25T03:05:24Z</time>
   </trkpt>
   <trkpt lat="25.0258440" lon="121.4302600">
    <ele>14.0</ele>
    <time>2025-08-25T03:05:30Z</time>
   </trkpt>
   <trkpt lat="25.0258430" lon="121.4302630">
    <ele>14.0</ele>
    <time>2025-08-25T03:05:36Z</time>
   </trkpt>
   <trkpt lat="25.0258420" lon="121.4302660">
    <ele>14.0</ele>
    <time>2025-08-25T03:05:37Z</time>
   </trkpt>
   <trkpt lat="25.0258400" lon="121.4302690">
    <ele>14.0</ele>
    <time>2025-08-25T03:05:38Z</time>
   </trkpt>
   <trkpt lat="25.0258390" lon="121.4302710">
    <ele>14.0</ele>
    <time>2025-08-25T03:05:39Z</time>
   </trkpt>
   <trkpt lat="25.0258380" lon="121.4302740">
    <ele>14.0</ele>
    <time>2025-08-25T03:05:40Z</time>
   </trkpt>
   <trkpt lat="25.0258370" lon="121.4302770">
    <ele>14.0</ele>
    <time>2025-08-25T03:05:42Z</time>
   </trkpt>
   <trkpt lat="25.0259120" lon="121.4300600">
    <ele>13.9</ele>
    <time>2025-08-25T03:05:43Z</time>
   </trkpt>
   <trkpt lat="25.0259140" lon="121.4300520">
    <ele>13.9</ele>
    <time>2025-08-25T03:05:45Z</time>
   </trkpt>
   <trkpt lat="25.0259130" lon="121.4300490">
    <ele>13.9</ele>
    <time>2025-08-25T03:05:46Z</time>
   </trkpt>
   <trkpt lat="25.0259120" lon="121.4300470">
    <ele>13.9</ele>
    <time>2025-08-25T03:05:47Z</time>
   </trkpt>
   <trkpt lat="25.0259110" lon="121.4300440">
    <ele>13.9</ele>
    <time>2025-08-25T03:05:48Z</time>
   </trkpt>
   <trkpt lat="25.0259100" lon="121.4300410">
    <ele>13.9</ele>
    <time>2025-08-25T03:05:49Z</time>
   </trkpt>
   <trkpt lat="25.0259090" lon="121.4300380">
    <ele>13.9</ele>
    <time>2025-08-25T03:05:50Z</time>
   </trkpt>
   <trkpt lat="25.0259080" lon="121.4300350">
    <ele>13.9</ele>
    <time>2025-08-25T03:05:52Z</time>
   </trkpt>
   <trkpt lat="25.0259070" lon="121.4300320">
    <ele>13.9</ele>
    <time>2025-08-25T03:05:53Z</time>
   </trkpt>
   <trkpt lat="25.0259050" lon="121.4300300">
    <ele>13.9</ele>
    <time>2025-08-25T03:05:54Z</time>
   </trkpt>
   <trkpt lat="25.0259040" lon="121.4300270">
    <ele>13.9</ele>
    <time>2025-08-25T03:05:55Z</time>
   </trkpt>
   <trkpt lat="25.0259030" lon="121.4300240">
    <ele>13.9</ele>
    <time>2025-08-25T03:05:56Z</time>
   </trkpt>
   <trkpt lat="25.0259020" lon="121.4300210">
    <ele>14.0</ele>
    <time>2025-08-25T03:05:57Z</time>
   </trkpt>
   <trkpt lat="25.0259010" lon="121.4300180">
    <ele>14.0</ele>
    <time>2025-08-25T03:05:58Z</time>
   </trkpt>
   <trkpt lat="25.0259000" lon="121.4300160">
    <ele>14.0</ele>
    <time>2025-08-25T03:05:59Z</time>
   </trkpt>
   <trkpt lat="25.0258990" lon="121.4300130">
    <ele>14.0</ele>
    <time>2025-08-25T03:06:00Z</time>
   </trkpt>
   <trkpt lat="25.0258980" lon="121.4300100">
    <ele>14.0</ele>
    <time>2025-08-25T03:06:01Z</time>
   </trkpt>
   <trkpt lat="25.0259080" lon="121.4299900">
    <ele>14.0</ele>
    <time>2025-08-25T03:06:02Z</time>
   </trkpt>
   <trkpt lat="25.0259190" lon="121.4299720">
    <ele>14.0</ele>
    <time>2025-08-25T03:06:03Z</time>
   </trkpt>
   <trkpt lat="25.0259300" lon="121.4299530">
    <ele>14.0</ele>
    <time>2025-08-25T03:06:04Z</time>
   </trkpt>
   <trkpt lat="25.0259410" lon="121.4299350">
    <ele>14.0</ele>
    <time>2025-08-25T03:06:05Z</time>
   </trkpt>
   <trkpt lat="25.0259470" lon="121.4299170">
    <ele>14.1</ele>
    <time>2025-08-25T03:06:06Z</time>
   </trkpt>
   <trkpt lat="25.0259520" lon="121.4299000">
    <ele>14.1</ele>
    <time>2025-08-25T03:06:07Z</time>
   </trkpt>
   <trkpt lat="25.0259560" lon="121.4298840">
    <ele>14.1</ele>
    <time>2025-08-25T03:06:08Z</time>
   </trkpt>
   <trkpt lat="25.0259610" lon="121.4298710">
    <ele>14.1</ele>
    <time>2025-08-25T03:06:09Z</time>
   </trkpt>
   <trkpt lat="25.0259580" lon="121.4298650">
    <ele>14.1</ele>
    <time>2025-08-25T03:06:10Z</time>
   </trkpt>
   <trkpt lat="25.0259580" lon="121.4298590">
    <ele>14.1</ele>
    <time>2025-08-25T03:06:11Z</time>
   </trkpt>
   <trkpt lat="25.0259570" lon="121.4298480">
    <ele>14.1</ele>
    <time>2025-08-25T03:06:12Z</time>
   </trkpt>
   <trkpt lat="25.0259530" lon="121.4298380">
    <ele>14.1</ele>
    <time>2025-08-25T03:06:13Z</time>
   </trkpt>
   <trkpt lat="25.0259460" lon="121.4298290">
    <ele>14.1</ele>
    <time>2025-08-25T03:06:14Z</time>
   </trkpt>
   <trkpt lat="25.0259380" lon="121.4298200">
    <ele>14.1</ele>
    <time>2025-08-25T03:06:15Z</time>
   </trkpt>
   <trkpt lat="25.0259300" lon="121.4298110">
    <ele>14.1</ele>
    <time>2025-08-25T03:06:16Z</time>
   </trkpt>
   <trkpt lat="25.0259280" lon="121.4298020">
    <ele>14.1</ele>
    <time>2025-08-25T03:06:17Z</time>
   </trkpt>
   <trkpt lat="25.0259270" lon="121.4297940">
    <ele>14.1</ele>
    <time>2025-08-25T03:06:18Z</time>
   </trkpt>
   <trkpt lat="25.0259280" lon="121.4297850">
    <ele>14.1</ele>
    <time>2025-08-25T03:06:19Z</time>
   </trkpt>
   <trkpt lat="25.0259290" lon="121.4297770">
    <ele>14.1</ele>
    <time>2025-08-25T03:06:20Z</time>
   </trkpt>
   <trkpt lat="25.0259460" lon="121.4297700">
    <ele>14.1</ele>
    <time>2025-08-25T03:06:21Z</time>
   </trkpt>
   <trkpt lat="25.0259490" lon="121.4297620">
    <ele>14.1</ele>
    <time>2025-08-25T03:06:22Z</time>
   </trkpt>
   <trkpt lat="25.0259520" lon="121.4297540">
    <ele>14.1</ele>
    <time>2025-08-25T03:06:23Z</time>
   </trkpt>
   <trkpt lat="25.0259550" lon="121.4297460">
    <ele>14.1</ele>
    <time>2025-08-25T03:06:24Z</time>
   </trkpt>
   <trkpt lat="25.0260100" lon="121.4297330">
    <ele>14.1</ele>
    <time>2025-08-25T03:06:25Z</time>
   </trkpt>
   <trkpt lat="25.0260580" lon="121.4297290">
    <ele>14.1</ele>
    <time>2025-08-25T03:06:26Z</time>
   </trkpt>
   <trkpt lat="25.0260990" lon="121.4297340">
    <ele>14.1</ele>
    <time>2025-08-25T03:06:27Z</time>
   </trkpt>
   <trkpt lat="25.0261270" lon="121.4297300">
    <ele>14.1</ele>
    <time>2025-08-25T03:06:28Z</time>
   </trkpt>
   <trkpt lat="25.0261420" lon="121.4297230">
    <ele>14.1</ele>
    <time>2025-08-25T03:06:30Z</time>
   </trkpt>
   <trkpt lat="25.0261540" lon="121.4297110">
    <ele>14.1</ele>
    <time>2025-08-25T03:06:31Z</time>
   </trkpt>
   <trkpt lat="25.0261570" lon="121.4297010">
    <ele>14.1</ele>
    <time>2025-08-25T03:06:32Z</time>
   </trkpt>
   <trkpt lat="25.0261590" lon="121.4296930">
    <ele>14.1</ele>
    <time>2025-08-25T03:06:33Z</time>
   </trkpt>
   <trkpt lat="25.0261620" lon="121.4296850">
    <ele>14.1</ele>
    <time>2025-08-25T03:06:34Z</time>
   </trkpt>
   <trkpt lat="25.0261660" lon="121.4296790">
    <ele>14.1</ele>
    <time>2025-08-25T03:06:35Z</time>
   </trkpt>
   <trkpt lat="25.0261660" lon="121.4296740">
    <ele>14.1</ele>
    <time>2025-08-25T03:06:36Z</time>
   </trkpt>
   <trkpt lat="25.0261680" lon="121.4296680">
    <ele>14.1</ele>
    <time>2025-08-25T03:06:37Z</time>
   </trkpt>
   <trkpt lat="25.0261700" lon="121.4296610">
    <ele>14.1</ele>
    <time>2025-08-25T03:06:38Z</time>
   </trkpt>
   <trkpt lat="25.0261810" lon="121.4296470">
    <ele>14.1</ele>
    <time>2025-08-25T03:06:39Z</time>
   </trkpt>
   <trkpt lat="25.0261810" lon="121.4296350">
    <ele>14.1</ele>
    <time>2025-08-25T03:06:40Z</time>
   </trkpt>
   <trkpt lat="25.0261730" lon="121.4296280">
    <ele>14.1</ele>
    <time>2025-08-25T03:06:42Z</time>
   </trkpt>
   <trkpt lat="25.0261610" lon="121.4296240">
    <ele>14.2</ele>
    <time>2025-08-25T03:06:43Z</time>
   </trkpt>
   <trkpt lat="25.0261500" lon="121.4296190">
    <ele>14.2</ele>
    <time>2025-08-25T03:06:44Z</time>
   </trkpt>
   <trkpt lat="25.0261390" lon="121.4296260">
    <ele>14.2</ele>
    <time>2025-08-25T03:06:45Z</time>
   </trkpt>
   <trkpt lat="25.0261310" lon="121.4296340">
    <ele>14.2</ele>
    <time>2025-08-25T03:06:46Z</time>
   </trkpt>
   <trkpt lat="25.0261240" lon="121.4296440">
    <ele>14.2</ele>
    <time>2025-08-25T03:06:47Z</time>
   </trkpt>
   <trkpt lat="25.0261180" lon="121.4296500">
    <ele>14.2</ele>
    <time>2025-08-25T03:06:48Z</time>
   </trkpt>
   <trkpt lat="25.0261220" lon="121.4296400">
    <ele>14.2</ele>
    <time>2025-08-25T03:06:49Z</time>
   </trkpt>
   <trkpt lat="25.0261220" lon="121.4296410">
    <ele>14.2</ele>
    <time>2025-08-25T03:06:50Z</time>
   </trkpt>
   <trkpt lat="25.0261210" lon="121.4296460">
    <ele>14.2</ele>
    <time>2025-08-25T03:06:51Z</time>
   </trkpt>
   <trkpt lat="25.0261190" lon="121.4296510">
    <ele>14.2</ele>
    <time>2025-08-25T03:06:52Z</time>
   </trkpt>
   <trkpt lat="25.0261150" lon="121.4296570">
    <ele>14.2</ele>
    <time>2025-08-25T03:06:53Z</time>
   </trkpt>
   <trkpt lat="25.0261190" lon="121.4296580">
    <ele>14.2</ele>
    <time>2025-08-25T03:06:54Z</time>
   </trkpt>
   <trkpt lat="25.0261180" lon="121.4296580">
    <ele>14.2</ele>
    <time>2025-08-25T03:06:55Z</time>
   </trkpt>
   <trkpt lat="25.0261130" lon="121.4296630">
    <ele>14.2</ele>
    <time>2025-08-25T03:06:56Z</time>
   </trkpt>
   <trkpt lat="25.0261110" lon="121.4296640">
    <ele>14.2</ele>
    <time>2025-08-25T03:06:57Z</time>
   </trkpt>
   <trkpt lat="25.0261070" lon="121.4296690">
    <ele>14.2</ele>
    <time>2025-08-25T03:06:58Z</time>
   </trkpt>
   <trkpt lat="25.0261050" lon="121.4296730">
    <ele>14.2</ele>
    <time>2025-08-25T03:06:59Z</time>
   </trkpt>
   <trkpt lat="25.0261030" lon="121.4296750">
    <ele>14.2</ele>
    <time>2025-08-25T03:07:00Z</time>
   </trkpt>
   <trkpt lat="25.0261110" lon="121.4296670">
    <ele>14.2</ele>
    <time>2025-08-25T03:07:01Z</time>
   </trkpt>
   <trkpt lat="25.0261110" lon="121.4296660">
    <ele>14.2</ele>
    <time>2025-08-25T03:07:02Z</time>
   </trkpt>
   <trkpt lat="25.0261120" lon="121.4296660">
    <ele>14.2</ele>
    <time>2025-08-25T03:07:03Z</time>
   </trkpt>
   <trkpt lat="25.0261110" lon="121.4296660">
    <ele>14.2</ele>
    <time>2025-08-25T03:07:04Z</time>
   </trkpt>
   <trkpt lat="25.0261100" lon="121.4296660">
    <ele>14.2</ele>
    <time>2025-08-25T03:07:06Z</time>
   </trkpt>
   <trkpt lat="25.0261100" lon="121.4296670">
    <ele>14.2</ele>
    <time>2025-08-25T03:07:07Z</time>
   </trkpt>
   <trkpt lat="25.0261100" lon="121.4296670">
    <ele>14.2</ele>
    <time>2025-08-25T03:07:08Z</time>
   </trkpt>
   <trkpt lat="25.0261100" lon="121.4296680">
    <ele>14.2</ele>
    <time>2025-08-25T03:07:10Z</time>
   </trkpt>
   <trkpt lat="25.0261100" lon="121.4296670">
    <ele>14.2</ele>
    <time>2025-08-25T03:07:11Z</time>
   </trkpt>
   <trkpt lat="25.0261100" lon="121.4296660">
    <ele>14.2</ele>
    <time>2025-08-25T03:07:12Z</time>
   </trkpt>
   <trkpt lat="25.0261210" lon="121.4296560">
    <ele>14.2</ele>
    <time>2025-08-25T03:07:13Z</time>
   </trkpt>
   <trkpt lat="25.0260970" lon="121.4297140">
    <ele>14.2</ele>
    <time>2025-08-25T03:07:15Z</time>
   </trkpt>
   <trkpt lat="25.0260760" lon="121.4297610">
    <ele>14.2</ele>
    <time>2025-08-25T03:07:16Z</time>
   </trkpt>
   <trkpt lat="25.0260630" lon="121.4297910">
    <ele>14.2</ele>
    <time>2025-08-25T03:07:17Z</time>
   </trkpt>
   <trkpt lat="25.0260550" lon="121.4298100">
    <ele>14.2</ele>
    <time>2025-08-25T03:07:18Z</time>
   </trkpt>
   <trkpt lat="25.0260510" lon="121.4298190">
    <ele>14.2</ele>
    <time>2025-08-25T03:07:19Z</time>
   </trkpt>
   <trkpt lat="25.0260490" lon="121.4298230">
    <ele>14.2</ele>
    <time>2025-08-25T03:07:20Z</time>
   </trkpt>
   <trkpt lat="25.0260480" lon="121.4298230">
    <ele>14.2</ele>
    <time>2025-08-25T03:07:21Z</time>
   </trkpt>
   <trkpt lat="25.0260470" lon="121.4298230">
    <ele>14.2</ele>
    <time>2025-08-25T03:07:22Z</time>
   </trkpt>
   <trkpt lat="25.0260480" lon="121.4298220">
    <ele>14.2</ele>
    <time>2025-08-25T03:07:23Z</time>
   </trkpt>
   <trkpt lat="25.0260480" lon="121.4298210">
    <ele>14.2</ele>
    <time>2025-08-25T03:07:24Z</time>
   </trkpt>
   <trkpt lat="25.0260480" lon="121.4298210">
    <ele>14.2</ele>
    <time>2025-08-25T03:07:25Z</time>
   </trkpt>
   <trkpt lat="25.0260480" lon="121.4298200">
    <ele>14.2</ele>
    <time>2025-08-25T03:07:26Z</time>
   </trkpt>
   <trkpt lat="25.0260480" lon="121.4298200">
    <ele>14.2</ele>
    <time>2025-08-25T03:07:27Z</time>
   </trkpt>
   <trkpt lat="25.0260480" lon="121.4298200">
    <ele>14.2</ele>
    <time>2025-08-25T03:07:28Z</time>
   </trkpt>
   <trkpt lat="25.0260480" lon="121.4298200">
    <ele>14.2</ele>
    <time>2025-08-25T03:07:29Z</time>
   </trkpt>
   <trkpt lat="25.0260480" lon="121.4298200">
    <ele>14.2</ele>
    <time>2025-08-25T03:07:31Z</time>
   </trkpt>
   <trkpt lat="25.0260490" lon="121.4298190">
    <ele>14.2</ele>
    <time>2025-08-25T03:07:32Z</time>
   </trkpt>
   <trkpt lat="25.0260500" lon="121.4298180">
    <ele>14.2</ele>
    <time>2025-08-25T03:07:33Z</time>
   </trkpt>
   <trkpt lat="25.0260510" lon="121.4298180">
    <ele>14.2</ele>
    <time>2025-08-25T03:07:34Z</time>
   </trkpt>
   <trkpt lat="25.0260520" lon="121.4298170">
    <ele>14.2</ele>
    <time>2025-08-25T03:07:35Z</time>
   </trkpt>
   <trkpt lat="25.0260520" lon="121.4298170">
    <ele>14.2</ele>
    <time>2025-08-25T03:07:36Z</time>
   </trkpt>
   <trkpt lat="25.0260520" lon="121.4298170">
    <ele>14.2</ele>
    <time>2025-08-25T03:07:37Z</time>
   </trkpt>
   <trkpt lat="25.0260520" lon="121.4298170">
    <ele>14.2</ele>
    <time>2025-08-25T03:07:38Z</time>
   </trkpt>
   <trkpt lat="25.0260520" lon="121.4298170">
    <ele>14.2</ele>
    <time>2025-08-25T03:07:39Z</time>
   </trkpt>
   <trkpt lat="25.0260520" lon="121.4298170">
    <ele>14.2</ele>
    <time>2025-08-25T03:07:40Z</time>
   </trkpt>
   <trkpt lat="25.0260520" lon="121.4298170">
    <ele>14.2</ele>
    <time>2025-08-25T03:07:41Z</time>
   </trkpt>
   <trkpt lat="25.0260520" lon="121.4298170">
    <ele>14.2</ele>
    <time>2025-08-25T03:07:42Z</time>
   </trkpt>
   <trkpt lat="25.0260520" lon="121.4298170">
    <ele>14.2</ele>
    <time>2025-08-25T03:07:43Z</time>
   </trkpt>
   <trkpt lat="25.0260520" lon="121.4298170">
    <ele>14.2</ele>
    <time>2025-08-25T03:07:44Z</time>
   </trkpt>
   <trkpt lat="25.0260500" lon="121.4298170">
    <ele>14.2</ele>
    <time>2025-08-25T03:07:45Z</time>
   </trkpt>
   <trkpt lat="25.0260470" lon="121.4298140">
    <ele>14.2</ele>
    <time>2025-08-25T03:07:46Z</time>
   </trkpt>
   <trkpt lat="25.0260430" lon="121.4298130">
    <ele>14.2</ele>
    <time>2025-08-25T03:07:47Z</time>
   </trkpt>
   <trkpt lat="25.0260410" lon="121.4298120">
    <ele>14.2</ele>
    <time>2025-08-25T03:07:48Z</time>
   </trkpt>
   <trkpt lat="25.0260400" lon="121.4298110">
    <ele>14.2</ele>
    <time>2025-08-25T03:07:49Z</time>
   </trkpt>
   <trkpt lat="25.0260400" lon="121.4298110">
    <ele>14.2</ele>
    <time>2025-08-25T03:07:50Z</time>
   </trkpt>
   <trkpt lat="25.0260390" lon="121.4298110">
    <ele>14.2</ele>
    <time>2025-08-25T03:07:51Z</time>
   </trkpt>
   <trkpt lat="25.0260410" lon="121.4298070">
    <ele>14.2</ele>
    <time>2025-08-25T03:07:52Z</time>
   </trkpt>
   <trkpt lat="25.0260420" lon="121.4298020">
    <ele>14.2</ele>
    <time>2025-08-25T03:07:53Z</time>
   </trkpt>
   <trkpt lat="25.0260420" lon="121.4297960">
    <ele>14.2</ele>
    <time>2025-08-25T03:07:54Z</time>
   </trkpt>
   <trkpt lat="25.0260420" lon="121.4297930">
    <ele>14.2</ele>
    <time>2025-08-25T03:07:55Z</time>
   </trkpt>
   <trkpt lat="25.0260420" lon="121.4297900">
    <ele>14.2</ele>
    <time>2025-08-25T03:07:56Z</time>
   </trkpt>
   <trkpt lat="25.0260580" lon="121.4297680">
    <ele>14.2</ele>
    <time>2025-08-25T03:07:57Z</time>
   </trkpt>
   <trkpt lat="25.0260730" lon="121.4297480">
    <ele>14.2</ele>
    <time>2025-08-25T03:07:58Z</time>
   </trkpt>
   <trkpt lat="25.0260890" lon="121.4297270">
    <ele>14.2</ele>
    <time>2025-08-25T03:07:59Z</time>
   </trkpt>
   <trkpt lat="25.0261050" lon="121.4297070">
    <ele>14.2</ele>
    <time>2025-08-25T03:08:00Z</time>
   </trkpt>
   <trkpt lat="25.0261200" lon="121.4296860">
    <ele>14.2</ele>
    <time>2025-08-25T03:08:01Z</time>
   </trkpt>
   <trkpt lat="25.0261360" lon="121.4296650">
    <ele>14.2</ele>
    <time>2025-08-25T03:08:02Z</time>
   </trkpt>
   <trkpt lat="25.0261510" lon="121.4296450">
    <ele>14.2</ele>
    <time>2025-08-25T03:08:03Z</time>
   </trkpt>
   <trkpt lat="25.0261670" lon="121.4296240">
    <ele>14.2</ele>
    <time>2025-08-25T03:08:05Z</time>
   </trkpt>
   <trkpt lat="25.0261650" lon="121.4296300">
    <ele>14.2</ele>
    <time>2025-08-25T03:08:06Z</time>
   </trkpt>
   <trkpt lat="25.0261580" lon="121.4296380">
    <ele>14.2</ele>
    <time>2025-08-25T03:08:07Z</time>
   </trkpt>
   <trkpt lat="25.0261520" lon="121.4296450">
    <ele>14.2</ele>
    <time>2025-08-25T03:08:08Z</time>
   </trkpt>
   <trkpt lat="25.0261450" lon="121.4296530">
    <ele>14.2</ele>
    <time>2025-08-25T03:08:09Z</time>
   </trkpt>
   <trkpt lat="25.0261390" lon="121.4296610">
    <ele>14.2</ele>
    <time>2025-08-25T03:08:10Z</time>
   </trkpt>
   <trkpt lat="25.0261330" lon="121.4296690">
    <ele>14.2</ele>
    <time>2025-08-25T03:08:11Z</time>
   </trkpt>
   <trkpt lat="25.0261260" lon="121.4296770">
    <ele>14.2</ele>
    <time>2025-08-25T03:08:12Z</time>
   </trkpt>
   <trkpt lat="25.0261200" lon="121.4296840">
    <ele>14.2</ele>
    <time>2025-08-25T03:08:13Z</time>
   </trkpt>
   <trkpt lat="25.0261130" lon="121.4296920">
    <ele>14.2</ele>
    <time>2025-08-25T03:08:14Z</time>
   </trkpt>
   <trkpt lat="25.0261070" lon="121.4297000">
    <ele>14.2</ele>
    <time>2025-08-25T03:08:15Z</time>
   </trkpt>
   <trkpt lat="25.0260600" lon="121.4297640">
    <ele>14.2</ele>
    <time>2025-08-25T03:08:16Z</time>
   </trkpt>
   <trkpt lat="25.0260370" lon="121.4297940">
    <ele>14.2</ele>
    <time>2025-08-25T03:08:17Z</time>
   </trkpt>
   <trkpt lat="25.0260560" lon="121.4297690">
    <ele>14.2</ele>
    <time>2025-08-25T03:08:18Z</time>
   </trkpt>
   <trkpt lat="25.0260810" lon="121.4297380">
    <ele>14.2</ele>
    <time>2025-08-25T03:08:19Z</time>
   </trkpt>
   <trkpt lat="25.0261050" lon="121.4297060">
    <ele>14.2</ele>
    <time>2025-08-25T03:08:20Z</time>
   </trkpt>
   <trkpt lat="25.0261290" lon="121.4296740">
    <ele>14.2</ele>
    <time>2025-08-25T03:08:21Z</time>
   </trkpt>
   <trkpt lat="25.0261540" lon="121.4296430">
    <ele>14.2</ele>
    <time>2025-08-25T03:08:22Z</time>
   </trkpt>
   <trkpt lat="25.0261780" lon="121.4296110">
    <ele>14.2</ele>
    <time>2025-08-25T03:08:23Z</time>
   </trkpt>
   <trkpt lat="25.0261620" lon="121.4296330">
    <ele>14.2</ele>
    <time>2025-08-25T03:08:24Z</time>
   </trkpt>
   <trkpt lat="25.0261460" lon="121.4296520">
    <ele>14.2</ele>
    <time>2025-08-25T03:08:25Z</time>
   </trkpt>
   <trkpt lat="25.0261300" lon="121.4296700">
    <ele>14.2</ele>
    <time>2025-08-25T03:08:26Z</time>
   </trkpt>
   <trkpt lat="25.0260920" lon="121.4297130">
    <ele>14.2</ele>
    <time>2025-08-25T03:08:27Z</time>
   </trkpt>
   <trkpt lat="25.0260660" lon="121.4297420">
    <ele>14.2</ele>
    <time>2025-08-25T03:08:28Z</time>
   </trkpt>
   <trkpt lat="25.0260490" lon="121.4297590">
    <ele>14.2</ele>
    <time>2025-08-25T03:08:29Z</time>
   </trkpt>
   <trkpt lat="25.0260380" lon="121.4297670">
    <ele>14.2</ele>
    <time>2025-08-25T03:08:30Z</time>
   </trkpt>
   <trkpt lat="25.0260500" lon="121.4297510">
    <ele>14.2</ele>
    <time>2025-08-25T03:08:31Z</time>
   </trkpt>
   <trkpt lat="25.0260680" lon="121.4297310">
    <ele>14.2</ele>
    <time>2025-08-25T03:08:32Z</time>
   </trkpt>
   <trkpt lat="25.0260860" lon="121.4297110">
    <ele>14.2</ele>
    <time>2025-08-25T03:08:33Z</time>
   </trkpt>
   <trkpt lat="25.0261030" lon="121.4296900">
    <ele>14.2</ele>
    <time>2025-08-25T03:08:34Z</time>
   </trkpt>
   <trkpt lat="25.0261210" lon="121.4296700">
    <ele>14.2</ele>
    <time>2025-08-25T03:08:35Z</time>
   </trkpt>
   <trkpt lat="25.0261390" lon="121.4296500">
    <ele>14.2</ele>
    <time>2025-08-25T03:08:37Z</time>
   </trkpt>
   <trkpt lat="25.0261430" lon="121.4296470">
    <ele>14.2</ele>
    <time>2025-08-25T03:08:38Z</time>
   </trkpt>
   <trkpt lat="25.0261440" lon="121.4296450">
    <ele>14.2</ele>
    <time>2025-08-25T03:08:39Z</time>
   </trkpt>
   <trkpt lat="25.0261440" lon="121.4296440">
    <ele>14.2</ele>
    <time>2025-08-25T03:08:40Z</time>
   </trkpt>
   <trkpt lat="25.0261450" lon="121.4296430">
    <ele>14.2</ele>
    <time>2025-08-25T03:08:41Z</time>
   </trkpt>
   <trkpt lat="25.0261460" lon="121.4296410">
    <ele>14.2</ele>
    <time>2025-08-25T03:08:42Z</time>
   </trkpt>
   <trkpt lat="25.0261470" lon="121.4296400">
    <ele>14.2</ele>
    <time>2025-08-25T03:08:43Z</time>
   </trkpt>
   <trkpt lat="25.0261480" lon="121.4296390">
    <ele>14.2</ele>
    <time>2025-08-25T03:08:45Z</time>
   </trkpt>
   <trkpt lat="25.0261480" lon="121.4296380">
    <ele>14.2</ele>
    <time>2025-08-25T03:08:46Z</time>
   </trkpt>
   <trkpt lat="25.0261490" lon="121.4296360">
    <ele>14.2</ele>
    <time>2025-08-25T03:08:47Z</time>
   </trkpt>
   <trkpt lat="25.0261500" lon="121.4296350">
    <ele>14.2</ele>
    <time>2025-08-25T03:08:48Z</time>
   </trkpt>
   <trkpt lat="25.0261510" lon="121.4296340">
    <ele>14.2</ele>
    <time>2025-08-25T03:08:49Z</time>
   </trkpt>
   <trkpt lat="25.0261520" lon="121.4296320">
    <ele>14.2</ele>
    <time>2025-08-25T03:08:50Z</time>
   </trkpt>
   <trkpt lat="25.0261520" lon="121.4296310">
    <ele>14.2</ele>
    <time>2025-08-25T03:08:52Z</time>
   </trkpt>
   <trkpt lat="25.0261530" lon="121.4296300">
    <ele>14.2</ele>
    <time>2025-08-25T03:08:53Z</time>
   </trkpt>
   <trkpt lat="25.0261540" lon="121.4296280">
    <ele>14.2</ele>
    <time>2025-08-25T03:08:54Z</time>
   </trkpt>
   <trkpt lat="25.0261550" lon="121.4296270">
    <ele>14.2</ele>
    <time>2025-08-25T03:08:55Z</time>
   </trkpt>
   <trkpt lat="25.0261560" lon="121.4296260">
    <ele>14.2</ele>
    <time>2025-08-25T03:08:56Z</time>
   </trkpt>
   <trkpt lat="25.0261570" lon="121.4296250">
    <ele>14.2</ele>
    <time>2025-08-25T03:08:57Z</time>
   </trkpt>
   <trkpt lat="25.0261570" lon="121.4296230">
    <ele>14.2</ele>
    <time>2025-08-25T03:08:58Z</time>
   </trkpt>
   <trkpt lat="25.0261580" lon="121.4296220">
    <ele>14.2</ele>
    <time>2025-08-25T03:08:59Z</time>
   </trkpt>
   <trkpt lat="25.0261590" lon="121.4296210">
    <ele>14.2</ele>
    <time>2025-08-25T03:09:00Z</time>
   </trkpt>
   <trkpt lat="25.0261600" lon="121.4296190">
    <ele>14.2</ele>
    <time>2025-08-25T03:09:01Z</time>
   </trkpt>
   <trkpt lat="25.0261610" lon="121.4296180">
    <ele>14.2</ele>
    <time>2025-08-25T03:09:02Z</time>
   </trkpt>
   <trkpt lat="25.0261610" lon="121.4296170">
    <ele>14.2</ele>
    <time>2025-08-25T03:09:03Z</time>
   </trkpt>
   <trkpt lat="25.0261620" lon="121.4296150">
    <ele>14.2</ele>
    <time>2025-08-25T03:09:04Z</time>
   </trkpt>
   <trkpt lat="25.0261630" lon="121.4296140">
    <ele>14.2</ele>
    <time>2025-08-25T03:09:06Z</time>
   </trkpt>
   <trkpt lat="25.0261640" lon="121.4296130">
    <ele>14.2</ele>
    <time>2025-08-25T03:09:07Z</time>
   </trkpt>
   <trkpt lat="25.0261650" lon="121.4296110">
    <ele>14.2</ele>
    <time>2025-08-25T03:09:08Z</time>
   </trkpt>
   <trkpt lat="25.0261650" lon="121.4296100">
    <ele>14.2</ele>
    <time>2025-08-25T03:09:09Z</time>
   </trkpt>
   <trkpt lat="25.0261660" lon="121.4296090">
    <ele>14.2</ele>
    <time>2025-08-25T03:09:11Z</time>
   </trkpt>
   <trkpt lat="25.0261670" lon="121.4296080">
    <ele>14.2</ele>
    <time>2025-08-25T03:09:12Z</time>
   </trkpt>
   <trkpt lat="25.0261680" lon="121.4296060">
    <ele>14.2</ele>
    <time>2025-08-25T03:09:13Z</time>
   </trkpt>
   <trkpt lat="25.0261690" lon="121.4296050">
    <ele>14.2</ele>
    <time>2025-08-25T03:09:14Z</time>
   </trkpt>
   <trkpt lat="25.0261690" lon="121.4296040">
    <ele>14.2</ele>
    <time>2025-08-25T03:09:15Z</time>
   </trkpt>
   <trkpt lat="25.0261700" lon="121.4296020">
    <ele>14.2</ele>
    <time>2025-08-25T03:09:16Z</time>
   </trkpt>
   <trkpt lat="25.0261710" lon="121.4296010">
    <ele>14.2</ele>
    <time>2025-08-25T03:09:17Z</time>
   </trkpt>
   <trkpt lat="25.0261730" lon="121.4295930">
    <ele>14.2</ele>
    <time>2025-08-25T03:09:18Z</time>
   </trkpt>
   <trkpt lat="25.0261750" lon="121.4295860">
    <ele>14.2</ele>
    <time>2025-08-25T03:09:19Z</time>
   </trkpt>
   <trkpt lat="25.0261740" lon="121.4295800">
    <ele>14.2</ele>
    <time>2025-08-25T03:09:20Z</time>
   </trkpt>
   <trkpt lat="25.0261720" lon="121.4295790">
    <ele>14.2</ele>
    <time>2025-08-25T03:09:21Z</time>
   </trkpt>
   <trkpt lat="25.0261640" lon="121.4295940">
    <ele>14.2</ele>
    <time>2025-08-25T03:09:22Z</time>
   </trkpt>
   <trkpt lat="25.0261610" lon="121.4295930">
    <ele>14.2</ele>
    <time>2025-08-25T03:09:24Z</time>
   </trkpt>
   <trkpt lat="25.0261580" lon="121.4295940">
    <ele>14.2</ele>
    <time>2025-08-25T03:09:25Z</time>
   </trkpt>
   <trkpt lat="25.0261550" lon="121.4295970">
    <ele>14.2</ele>
    <time>2025-08-25T03:09:26Z</time>
   </trkpt>
   <trkpt lat="25.0261580" lon="121.4296260">
    <ele>14.3</ele>
    <time>2025-08-25T03:09:27Z</time>
   </trkpt>
   <trkpt lat="25.0261590" lon="121.4296300">
    <ele>14.3</ele>
    <time>2025-08-25T03:09:28Z</time>
   </trkpt>
   <trkpt lat="25.0261500" lon="121.4296400">
    <ele>14.3</ele>
    <time>2025-08-25T03:09:29Z</time>
   </trkpt>
   <trkpt lat="25.0261410" lon="121.4296490">
    <ele>14.3</ele>
    <time>2025-08-25T03:09:30Z</time>
   </trkpt>
   <trkpt lat="25.0261310" lon="121.4296570">
    <ele>14.3</ele>
    <time>2025-08-25T03:09:31Z</time>
   </trkpt>
   <trkpt lat="25.0261220" lon="121.4296660">
    <ele>14.3</ele>
    <time>2025-08-25T03:09:32Z</time>
   </trkpt>
   <trkpt lat="25.0261130" lon="121.4296740">
    <ele>14.3</ele>
    <time>2025-08-25T03:09:33Z</time>
   </trkpt>
   <trkpt lat="25.0261040" lon="121.4296830">
    <ele>14.3</ele>
    <time>2025-08-25T03:09:34Z</time>
   </trkpt>
   <trkpt lat="25.0260940" lon="121.4296910">
    <ele>14.3</ele>
    <time>2025-08-25T03:09:35Z</time>
   </trkpt>
   <trkpt lat="25.0260850" lon="121.4297000">
    <ele>14.3</ele>
    <time>2025-08-25T03:09:36Z</time>
   </trkpt>
   <trkpt lat="25.0260760" lon="121.4297080">
    <ele>14.3</ele>
    <time>2025-08-25T03:09:37Z</time>
   </trkpt>
   <trkpt lat="25.0260670" lon="121.4297160">
    <ele>14.3</ele>
    <time>2025-08-25T03:09:39Z</time>
   </trkpt>
   <trkpt lat="25.0260570" lon="121.4297250">
    <ele>14.3</ele>
    <time>2025-08-25T03:09:41Z</time>
   </trkpt>
   <trkpt lat="25.0260480" lon="121.4297330">
    <ele>14.3</ele>
    <time>2025-08-25T03:09:42Z</time>
   </trkpt>
   <trkpt lat="25.0260390" lon="121.4297420">
    <ele>14.3</ele>
    <time>2025-08-25T03:09:43Z</time>
   </trkpt>
   <trkpt lat="25.0260300" lon="121.4297500">
    <ele>14.3</ele>
    <time>2025-08-25T03:09:44Z</time>
   </trkpt>
   <trkpt lat="25.0260200" lon="121.4297590">
    <ele>14.3</ele>
    <time>2025-08-25T03:09:45Z</time>
   </trkpt>
   <trkpt lat="25.0260110" lon="121.4297670">
    <ele>14.3</ele>
    <time>2025-08-25T03:09:46Z</time>
   </trkpt>
   <trkpt lat="25.0259970" lon="121.4297810">
    <ele>14.3</ele>
    <time>2025-08-25T03:09:47Z</time>
   </trkpt>
   <trkpt lat="25.0259910" lon="121.4297940">
    <ele>14.3</ele>
    <time>2025-08-25T03:09:48Z</time>
   </trkpt>
   <trkpt lat="25.0259870" lon="121.4298040">
    <ele>14.3</ele>
    <time>2025-08-25T03:09:49Z</time>
   </trkpt>
   <trkpt lat="25.0259840" lon="121.4298110">
    <ele>14.3</ele>
    <time>2025-08-25T03:09:50Z</time>
   </trkpt>
   <trkpt lat="25.0259830" lon="121.4298150">
    <ele>14.3</ele>
    <time>2025-08-25T03:09:51Z</time>
   </trkpt>
   <trkpt lat="25.0259820" lon="121.4298180">
    <ele>14.3</ele>
    <time>2025-08-25T03:09:52Z</time>
   </trkpt>
   <trkpt lat="25.0259830" lon="121.4298170">
    <ele>14.3</ele>
    <time>2025-08-25T03:09:53Z</time>
   </trkpt>
   <trkpt lat="25.0259850" lon="121.4298170">
    <ele>14.3</ele>
    <time>2025-08-25T03:09:54Z</time>
   </trkpt>
   <trkpt lat="25.0259820" lon="121.4298160">
    <ele>14.3</ele>
    <time>2025-08-25T03:09:55Z</time>
   </trkpt>
   <trkpt lat="25.0259780" lon="121.4298170">
    <ele>14.3</ele>
    <time>2025-08-25T03:09:56Z</time>
   </trkpt>
   <trkpt lat="25.0259760" lon="121.4298180">
    <ele>14.3</ele>
    <time>2025-08-25T03:09:57Z</time>
   </trkpt>
   <trkpt lat="25.0259740" lon="121.4298180">
    <ele>14.3</ele>
    <time>2025-08-25T03:09:58Z</time>
   </trkpt>
   <trkpt lat="25.0259760" lon="121.4298160">
    <ele>14.3</ele>
    <time>2025-08-25T03:09:59Z</time>
   </trkpt>
   <trkpt lat="25.0259790" lon="121.4298150">
    <ele>14.3</ele>
    <time>2025-08-25T03:10:00Z</time>
   </trkpt>
   <trkpt lat="25.0259810" lon="121.4298140">
    <ele>14.3</ele>
    <time>2025-08-25T03:10:01Z</time>
   </trkpt>
   <trkpt lat="25.0259840" lon="121.4298120">
    <ele>14.3</ele>
    <time>2025-08-25T03:10:02Z</time>
   </trkpt>
   <trkpt lat="25.0259860" lon="121.4298110">
    <ele>14.3</ele>
    <time>2025-08-25T03:10:03Z</time>
   </trkpt>
   <trkpt lat="25.0259890" lon="121.4298100">
    <ele>14.3</ele>
    <time>2025-08-25T03:10:04Z</time>
   </trkpt>
   <trkpt lat="25.0259910" lon="121.4298080">
    <ele>14.3</ele>
    <time>2025-08-25T03:10:05Z</time>
   </trkpt>
   <trkpt lat="25.0259940" lon="121.4298070">
    <ele>14.3</ele>
    <time>2025-08-25T03:10:06Z</time>
   </trkpt>
   <trkpt lat="25.0259960" lon="121.4298060">
    <ele>14.3</ele>
    <time>2025-08-25T03:10:07Z</time>
   </trkpt>
   <trkpt lat="25.0259990" lon="121.4298040">
    <ele>14.3</ele>
    <time>2025-08-25T03:10:08Z</time>
   </trkpt>
   <trkpt lat="25.0260020" lon="121.4298030">
    <ele>14.3</ele>
    <time>2025-08-25T03:10:09Z</time>
   </trkpt>
   <trkpt lat="25.0260040" lon="121.4298020">
    <ele>14.3</ele>
    <time>2025-08-25T03:10:10Z</time>
   </trkpt>
   <trkpt lat="25.0260070" lon="121.4298000">
    <ele>14.3</ele>
    <time>2025-08-25T03:10:11Z</time>
   </trkpt>
   <trkpt lat="25.0260090" lon="121.4297990">
    <ele>14.3</ele>
    <time>2025-08-25T03:10:12Z</time>
   </trkpt>
   <trkpt lat="25.0260120" lon="121.4297980">
    <ele>14.3</ele>
    <time>2025-08-25T03:10:13Z</time>
   </trkpt>
   <trkpt lat="25.0260140" lon="121.4297960">
    <ele>14.3</ele>
    <time>2025-08-25T03:10:14Z</time>
   </trkpt>
   <trkpt lat="25.0260170" lon="121.4297950">
    <ele>14.3</ele>
    <time>2025-08-25T03:10:15Z</time>
   </trkpt>
   <trkpt lat="25.0260190" lon="121.4297940">
    <ele>14.3</ele>
    <time>2025-08-25T03:10:16Z</time>
   </trkpt>
   <trkpt lat="25.0260220" lon="121.4297920">
    <ele>14.3</ele>
    <time>2025-08-25T03:10:17Z</time>
   </trkpt>
   <trkpt lat="25.0260250" lon="121.4297910">
    <ele>14.3</ele>
    <time>2025-08-25T03:10:18Z</time>
   </trkpt>
   <trkpt lat="25.0260270" lon="121.4297900">
    <ele>14.3</ele>
    <time>2025-08-25T03:10:19Z</time>
   </trkpt>
   <trkpt lat="25.0260300" lon="121.4297880">
    <ele>14.3</ele>
    <time>2025-08-25T03:10:20Z</time>
   </trkpt>
   <trkpt lat="25.0260320" lon="121.4297870">
    <ele>14.3</ele>
    <time>2025-08-25T03:10:21Z</time>
   </trkpt>
   <trkpt lat="25.0260350" lon="121.4297860">
    <ele>14.3</ele>
    <time>2025-08-25T03:10:22Z</time>
   </trkpt>
   <trkpt lat="25.0260370" lon="121.4297840">
    <ele>14.3</ele>
    <time>2025-08-25T03:10:23Z</time>
   </trkpt>
   <trkpt lat="25.0260400" lon="121.4297830">
    <ele>14.3</ele>
    <time>2025-08-25T03:10:24Z</time>
   </trkpt>
   <trkpt lat="25.0260420" lon="121.4297820">
    <ele>14.3</ele>
    <time>2025-08-25T03:10:25Z</time>
   </trkpt>
   <trkpt lat="25.0260450" lon="121.4297800">
    <ele>14.3</ele>
    <time>2025-08-25T03:10:26Z</time>
   </trkpt>
   <trkpt lat="25.0260470" lon="121.4297790">
    <ele>14.3</ele>
    <time>2025-08-25T03:10:27Z</time>
   </trkpt>
   <trkpt lat="25.0260500" lon="121.4297780">
    <ele>14.3</ele>
    <time>2025-08-25T03:10:28Z</time>
   </trkpt>
   <trkpt lat="25.0260530" lon="121.4297760">
    <ele>14.3</ele>
    <time>2025-08-25T03:10:29Z</time>
   </trkpt>
   <trkpt lat="25.0260550" lon="121.4297750">
    <ele>14.3</ele>
    <time>2025-08-25T03:10:30Z</time>
   </trkpt>
   <trkpt lat="25.0260580" lon="121.4297740">
    <ele>14.3</ele>
    <time>2025-08-25T03:10:31Z</time>
   </trkpt>
   <trkpt lat="25.0260600" lon="121.4297720">
    <ele>14.3</ele>
    <time>2025-08-25T03:10:32Z</time>
   </trkpt>
   <trkpt lat="25.0260630" lon="121.4297710">
    <ele>14.3</ele>
    <time>2025-08-25T03:10:33Z</time>
   </trkpt>
   <trkpt lat="25.0260650" lon="121.4297700">
    <ele>14.3</ele>
    <time>2025-08-25T03:10:34Z</time>
   </trkpt>
   <trkpt lat="25.0260680" lon="121.4297680">
    <ele>14.3</ele>
    <time>2025-08-25T03:10:35Z</time>
   </trkpt>
   <trkpt lat="25.0260700" lon="121.4297670">
    <ele>14.3</ele>
    <time>2025-08-25T03:10:36Z</time>
   </trkpt>
   <trkpt lat="25.0260730" lon="121.4297660">
    <ele>14.3</ele>
    <time>2025-08-25T03:10:37Z</time>
   </trkpt>
   <trkpt lat="25.0260750" lon="121.4297640">
    <ele>14.3</ele>
    <time>2025-08-25T03:10:38Z</time>
   </trkpt>
   <trkpt lat="25.0260780" lon="121.4297630">
    <ele>14.3</ele>
    <time>2025-08-25T03:10:39Z</time>
   </trkpt>
   <trkpt lat="25.0261600" lon="121.4296800">
    <ele>14.3</ele>
    <time>2025-08-25T03:10:40Z</time>
   </trkpt>
   <trkpt lat="25.0261640" lon="121.4296770">
    <ele>14.3</ele>
    <time>2025-08-25T03:10:42Z</time>
   </trkpt>
   <trkpt lat="25.0261640" lon="121.4296780">
    <ele>14.3</ele>
    <time>2025-08-25T03:10:43Z</time>
   </trkpt>
   <trkpt lat="25.0261640" lon="121.4296780">
    <ele>14.3</ele>
    <time>2025-08-25T03:10:44Z</time>
   </trkpt>
   <trkpt lat="25.0261670" lon="121.4296800">
    <ele>14.3</ele>
    <time>2025-08-25T03:10:45Z</time>
   </trkpt>
   <trkpt lat="25.0261670" lon="121.4296800">
    <ele>14.3</ele>
    <time>2025-08-25T03:10:46Z</time>
   </trkpt>
   <trkpt lat="25.0261650" lon="121.4296810">
    <ele>14.3</ele>
    <time>2025-08-25T03:10:47Z</time>
   </trkpt>
   <trkpt lat="25.0261630" lon="121.4296810">
    <ele>14.3</ele>
    <time>2025-08-25T03:10:48Z</time>
   </trkpt>
   <trkpt lat="25.0261620" lon="121.4296810">
    <ele>14.3</ele>
    <time>2025-08-25T03:10:49Z</time>
   </trkpt>
   <trkpt lat="25.0261560" lon="121.4296830">
    <ele>14.3</ele>
    <time>2025-08-25T03:10:51Z</time>
   </trkpt>
   <trkpt lat="25.0261580" lon="121.4296880">
    <ele>14.3</ele>
    <time>2025-08-25T03:10:52Z</time>
   </trkpt>
   <trkpt lat="25.0261580" lon="121.4296880">
    <ele>14.3</ele>
    <time>2025-08-25T03:10:54Z</time>
   </trkpt>
   <trkpt lat="25.0261590" lon="121.4296870">
    <ele>14.3</ele>
    <time>2025-08-25T03:10:55Z</time>
   </trkpt>
   <trkpt lat="25.0261590" lon="121.4296860">
    <ele>14.3</ele>
    <time>2025-08-25T03:10:56Z</time>
   </trkpt>
   <trkpt lat="25.0261580" lon="121.4296850">
    <ele>14.3</ele>
    <time>2025-08-25T03:10:57Z</time>
   </trkpt>
   <trkpt lat="25.0261540" lon="121.4296870">
    <ele>14.3</ele>
    <time>2025-08-25T03:10:58Z</time>
   </trkpt>
   <trkpt lat="25.0261590" lon="121.4296870">
    <ele>14.3</ele>
    <time>2025-08-25T03:10:59Z</time>
   </trkpt>
   <trkpt lat="25.0261610" lon="121.4296870">
    <ele>14.3</ele>
    <time>2025-08-25T03:11:01Z</time>
   </trkpt>
   <trkpt lat="25.0261610" lon="121.4296870">
    <ele>14.3</ele>
    <time>2025-08-25T03:11:02Z</time>
   </trkpt>
   <trkpt lat="25.0261560" lon="121.4296890">
    <ele>14.3</ele>
    <time>2025-08-25T03:11:03Z</time>
   </trkpt>
   <trkpt lat="25.0261500" lon="121.4296910">
    <ele>14.3</ele>
    <time>2025-08-25T03:11:04Z</time>
   </trkpt>
   <trkpt lat="25.0261470" lon="121.4296930">
    <ele>14.3</ele>
    <time>2025-08-25T03:11:05Z</time>
   </trkpt>
   <trkpt lat="25.0261560" lon="121.4296930">
    <ele>14.3</ele>
    <time>2025-08-25T03:11:06Z</time>
   </trkpt>
   <trkpt lat="25.0261570" lon="121.4296930">
    <ele>14.3</ele>
    <time>2025-08-25T03:11:07Z</time>
   </trkpt>
   <trkpt lat="25.0261580" lon="121.4296950">
    <ele>14.3</ele>
    <time>2025-08-25T03:11:08Z</time>
   </trkpt>
   <trkpt lat="25.0261580" lon="121.4296940">
    <ele>14.3</ele>
    <time>2025-08-25T03:11:09Z</time>
   </trkpt>
   <trkpt lat="25.0261580" lon="121.4296920">
    <ele>14.3</ele>
    <time>2025-08-25T03:11:10Z</time>
   </trkpt>
   <trkpt lat="25.0261680" lon="121.4296890">
    <ele>14.3</ele>
    <time>2025-08-25T03:11:11Z</time>
   </trkpt>
   <trkpt lat="25.0261660" lon="121.4296910">
    <ele>14.3</ele>
    <time>2025-08-25T03:11:12Z</time>
   </trkpt>
   <trkpt lat="25.0261620" lon="121.4296930">
    <ele>14.3</ele>
    <time>2025-08-25T03:11:13Z</time>
   </trkpt>
   <trkpt lat="25.0261580" lon="121.4296960">
    <ele>14.3</ele>
    <time>2025-08-25T03:11:14Z</time>
   </trkpt>
   <trkpt lat="25.0261520" lon="121.4296990">
    <ele>14.3</ele>
    <time>2025-08-25T03:11:15Z</time>
   </trkpt>
   <trkpt lat="25.0261430" lon="121.4297020">
    <ele>14.3</ele>
    <time>2025-08-25T03:11:16Z</time>
   </trkpt>
   <trkpt lat="25.0261320" lon="121.4297040">
    <ele>14.3</ele>
    <time>2025-08-25T03:11:17Z</time>
   </trkpt>
   <trkpt lat="25.0261230" lon="121.4297040">
    <ele>14.3</ele>
    <time>2025-08-25T03:11:18Z</time>
   </trkpt>
   <trkpt lat="25.0261270" lon="121.4297040">
    <ele>14.3</ele>
    <time>2025-08-25T03:11:19Z</time>
   </trkpt>
   <trkpt lat="25.0261320" lon="121.4297050">
    <ele>14.3</ele>
    <time>2025-08-25T03:11:20Z</time>
   </trkpt>
   <trkpt lat="25.0261280" lon="121.4297060">
    <ele>14.3</ele>
    <time>2025-08-25T03:11:22Z</time>
   </trkpt>
   <trkpt lat="25.0261310" lon="121.4296870">
    <ele>14.3</ele>
    <time>2025-08-25T03:11:23Z</time>
   </trkpt>
   <trkpt lat="25.0261320" lon="121.4296850">
    <ele>14.3</ele>
    <time>2025-08-25T03:11:24Z</time>
   </trkpt>
   <trkpt lat="25.0261330" lon="121.4296860">
    <ele>14.3</ele>
    <time>2025-08-25T03:11:25Z</time>
   </trkpt>
   <trkpt lat="25.0261330" lon="121.4296860">
    <ele>14.3</ele>
    <time>2025-08-25T03:11:26Z</time>
   </trkpt>
   <trkpt lat="25.0261320" lon="121.4296870">
    <ele>14.3</ele>
    <time>2025-08-25T03:11:27Z</time>
   </trkpt>
   <trkpt lat="25.0261370" lon="121.4296770">
    <ele>14.3</ele>
    <time>2025-08-25T03:11:28Z</time>
   </trkpt>
   <trkpt lat="25.0261360" lon="121.4296760">
    <ele>14.3</ele>
    <time>2025-08-25T03:11:29Z</time>
   </trkpt>
   <trkpt lat="25.0261350" lon="121.4296760">
    <ele>14.3</ele>
    <time>2025-08-25T03:11:30Z</time>
   </trkpt>
   <trkpt lat="25.0261330" lon="121.4296770">
    <ele>14.3</ele>
    <time>2025-08-25T03:11:31Z</time>
   </trkpt>
   <trkpt lat="25.0261340" lon="121.4296770">
    <ele>14.3</ele>
    <time>2025-08-25T03:11:32Z</time>
   </trkpt>
   <trkpt lat="25.0261340" lon="121.4296680">
    <ele>14.3</ele>
    <time>2025-08-25T03:11:33Z</time>
   </trkpt>
   <trkpt lat="25.0261330" lon="121.4296660">
    <ele>14.3</ele>
    <time>2025-08-25T03:11:34Z</time>
   </trkpt>
   <trkpt lat="25.0261320" lon="121.4296640">
    <ele>14.3</ele>
    <time>2025-08-25T03:11:35Z</time>
   </trkpt>
   <trkpt lat="25.0261270" lon="121.4296600">
    <ele>14.3</ele>
    <time>2025-08-25T03:11:36Z</time>
   </trkpt>
   <trkpt lat="25.0261050" lon="121.4296480">
    <ele>14.3</ele>
    <time>2025-08-25T03:11:37Z</time>
   </trkpt>
   <trkpt lat="25.0261000" lon="121.4296340">
    <ele>14.3</ele>
    <time>2025-08-25T03:11:38Z</time>
   </trkpt>
   <trkpt lat="25.0261010" lon="121.4296210">
    <ele>14.3</ele>
    <time>2025-08-25T03:11:39Z</time>
   </trkpt>
   <trkpt lat="25.0260900" lon="121.4296200">
    <ele>14.3</ele>
    <time>2025-08-25T03:11:40Z</time>
   </trkpt>
   <trkpt lat="25.0260850" lon="121.4296060">
    <ele>14.3</ele>
    <time>2025-08-25T03:11:41Z</time>
   </trkpt>
   <trkpt lat="25.0260930" lon="121.4295920">
    <ele>14.2</ele>
    <time>2025-08-25T03:11:42Z</time>
   </trkpt>
   <trkpt lat="25.0261010" lon="121.4295790">
    <ele>14.2</ele>
    <time>2025-08-25T03:11:43Z</time>
   </trkpt>
   <trkpt lat="25.0261000" lon="121.4295700">
    <ele>14.2</ele>
    <time>2025-08-25T03:11:44Z</time>
   </trkpt>
   <trkpt lat="25.0260990" lon="121.4295600">
    <ele>14.2</ele>
    <time>2025-08-25T03:11:45Z</time>
   </trkpt>
   <trkpt lat="25.0261010" lon="121.4295660">
    <ele>14.2</ele>
    <time>2025-08-25T03:11:46Z</time>
   </trkpt>
   <trkpt lat="25.0261010" lon="121.4295630">
    <ele>14.2</ele>
    <time>2025-08-25T03:11:47Z</time>
   </trkpt>
   <trkpt lat="25.0261160" lon="121.4295640">
    <ele>14.2</ele>
    <time>2025-08-25T03:11:48Z</time>
   </trkpt>
   <trkpt lat="25.0261160" lon="121.4295650">
    <ele>14.2</ele>
    <time>2025-08-25T03:11:49Z</time>
   </trkpt>
   <trkpt lat="25.0261140" lon="121.4295710">
    <ele>14.2</ele>
    <time>2025-08-25T03:11:50Z</time>
   </trkpt>
   <trkpt lat="25.0261140" lon="121.4295710">
    <ele>14.2</ele>
    <time>2025-08-25T03:11:52Z</time>
   </trkpt>
   <trkpt lat="25.0261210" lon="121.4295690">
    <ele>14.2</ele>
    <time>2025-08-25T03:11:53Z</time>
   </trkpt>
   <trkpt lat="25.0261200" lon="121.4295680">
    <ele>14.2</ele>
    <time>2025-08-25T03:11:54Z</time>
   </trkpt>
   <trkpt lat="25.0261200" lon="121.4295670">
    <ele>14.2</ele>
    <time>2025-08-25T03:11:56Z</time>
   </trkpt>
   <trkpt lat="25.0261190" lon="121.4295660">
    <ele>14.2</ele>
    <time>2025-08-25T03:11:57Z</time>
   </trkpt>
   <trkpt lat="25.0261210" lon="121.4295600">
    <ele>14.2</ele>
    <time>2025-08-25T03:11:58Z</time>
   </trkpt>
   <trkpt lat="25.0261200" lon="121.4295590">
    <ele>14.2</ele>
    <time>2025-08-25T03:11:59Z</time>
   </trkpt>
   <trkpt lat="25.0261200" lon="121.4295580">
    <ele>14.2</ele>
    <time>2025-08-25T03:12:00Z</time>
   </trkpt>
   <trkpt lat="25.0261200" lon="121.4295580">
    <ele>14.2</ele>
    <time>2025-08-25T03:12:01Z</time>
   </trkpt>
   <trkpt lat="25.0261190" lon="121.4295580">
    <ele>14.2</ele>
    <time>2025-08-25T03:12:02Z</time>
   </trkpt>
   <trkpt lat="25.0261220" lon="121.4295540">
    <ele>14.2</ele>
    <time>2025-08-25T03:12:03Z</time>
   </trkpt>
   <trkpt lat="25.0261230" lon="121.4295550">
    <ele>14.2</ele>
    <time>2025-08-25T03:12:04Z</time>
   </trkpt>
   <trkpt lat="25.0261230" lon="121.4295560">
    <ele>14.2</ele>
    <time>2025-08-25T03:12:05Z</time>
   </trkpt>
   <trkpt lat="25.0261230" lon="121.4295560">
    <ele>14.2</ele>
    <time>2025-08-25T03:12:06Z</time>
   </trkpt>
   <trkpt lat="25.0261230" lon="121.4295560">
    <ele>14.2</ele>
    <time>2025-08-25T03:12:07Z</time>
   </trkpt>
   <trkpt lat="25.0261300" lon="121.4295490">
    <ele>14.2</ele>
    <time>2025-08-25T03:12:08Z</time>
   </trkpt>
   <trkpt lat="25.0261140" lon="121.4295360">
    <ele>14.2</ele>
    <time>2025-08-25T03:12:09Z</time>
   </trkpt>
   <trkpt lat="25.0261010" lon="121.4295250">
    <ele>14.2</ele>
    <time>2025-08-25T03:12:10Z</time>
   </trkpt>
   <trkpt lat="25.0260950" lon="121.4295160">
    <ele>14.2</ele>
    <time>2025-08-25T03:12:11Z</time>
   </trkpt>
   <trkpt lat="25.0260960" lon="121.4295060">
    <ele>14.2</ele>
    <time>2025-08-25T03:12:12Z</time>
   </trkpt>
   <trkpt lat="25.0261020" lon="121.4294960">
    <ele>14.2</ele>
    <time>2025-08-25T03:12:13Z</time>
   </trkpt>
   <trkpt lat="25.0261070" lon="121.4294920">
    <ele>14.2</ele>
    <time>2025-08-25T03:12:14Z</time>
   </trkpt>
   <trkpt lat="25.0261140" lon="121.4294930">
    <ele>14.1</ele>
    <time>2025-08-25T03:12:15Z</time>
   </trkpt>
   <trkpt lat="25.0261150" lon="121.4294940">
    <ele>14.1</ele>
    <time>2025-08-25T03:12:16Z</time>
   </trkpt>
   <trkpt lat="25.0261170" lon="121.4294960">
    <ele>14.1</ele>
    <time>2025-08-25T03:12:17Z</time>
   </trkpt>
   <trkpt lat="25.0261180" lon="121.4294980">
    <ele>14.1</ele>
    <time>2025-08-25T03:12:18Z</time>
   </trkpt>
   <trkpt lat="25.0261200" lon="121.4294990">
    <ele>14.1</ele>
    <time>2025-08-25T03:12:19Z</time>
   </trkpt>
   <trkpt lat="25.0261220" lon="121.4295010">
    <ele>14.1</ele>
    <time>2025-08-25T03:12:20Z</time>
   </trkpt>
   <trkpt lat="25.0261230" lon="121.4295030">
    <ele>14.1</ele>
    <time>2025-08-25T03:12:21Z</time>
   </trkpt>
   <trkpt lat="25.0261250" lon="121.4295040">
    <ele>14.1</ele>
    <time>2025-08-25T03:12:22Z</time>
   </trkpt>
   <trkpt lat="25.0261260" lon="121.4295060">
    <ele>14.1</ele>
    <time>2025-08-25T03:12:23Z</time>
   </trkpt>
   <trkpt lat="25.0261280" lon="121.4295080">
    <ele>14.1</ele>
    <time>2025-08-25T03:12:24Z</time>
   </trkpt>
   <trkpt lat="25.0261300" lon="121.4295090">
    <ele>14.1</ele>
    <time>2025-08-25T03:12:25Z</time>
   </trkpt>
   <trkpt lat="25.0261310" lon="121.4295110">
    <ele>14.1</ele>
    <time>2025-08-25T03:12:26Z</time>
   </trkpt>
   <trkpt lat="25.0261330" lon="121.4295120">
    <ele>14.1</ele>
    <time>2025-08-25T03:12:27Z</time>
   </trkpt>
   <trkpt lat="25.0261350" lon="121.4295140">
    <ele>14.1</ele>
    <time>2025-08-25T03:12:28Z</time>
   </trkpt>
   <trkpt lat="25.0261360" lon="121.4295160">
    <ele>14.1</ele>
    <time>2025-08-25T03:12:29Z</time>
   </trkpt>
   <trkpt lat="25.0261380" lon="121.4295170">
    <ele>14.1</ele>
    <time>2025-08-25T03:12:30Z</time>
   </trkpt>
   <trkpt lat="25.0261390" lon="121.4295190">
    <ele>14.1</ele>
    <time>2025-08-25T03:12:31Z</time>
   </trkpt>
   <trkpt lat="25.0261410" lon="121.4295210">
    <ele>14.1</ele>
    <time>2025-08-25T03:12:32Z</time>
   </trkpt>
   <trkpt lat="25.0261430" lon="121.4295220">
    <ele>14.1</ele>
    <time>2025-08-25T03:12:33Z</time>
   </trkpt>
   <trkpt lat="25.0261440" lon="121.4295240">
    <ele>14.1</ele>
    <time>2025-08-25T03:12:34Z</time>
   </trkpt>
   <trkpt lat="25.0261460" lon="121.4295260">
    <ele>14.1</ele>
    <time>2025-08-25T03:12:35Z</time>
   </trkpt>
   <trkpt lat="25.0261470" lon="121.4295270">
    <ele>14.1</ele>
    <time>2025-08-25T03:12:36Z</time>
   </trkpt>
   <trkpt lat="25.0261490" lon="121.4295290">
    <ele>14.1</ele>
    <time>2025-08-25T03:12:37Z</time>
   </trkpt>
   <trkpt lat="25.0261540" lon="121.4295320">
    <ele>14.1</ele>
    <time>2025-08-25T03:12:38Z</time>
   </trkpt>
   <trkpt lat="25.0261580" lon="121.4295310">
    <ele>14.1</ele>
    <time>2025-08-25T03:12:40Z</time>
   </trkpt>
   <trkpt lat="25.0261590" lon="121.4295310">
    <ele>14.1</ele>
    <time>2025-08-25T03:12:41Z</time>
   </trkpt>
   <trkpt lat="25.0261600" lon="121.4295300">
    <ele>14.1</ele>
    <time>2025-08-25T03:12:43Z</time>
   </trkpt>
   <trkpt lat="25.0261560" lon="121.4295300">
    <ele>14.1</ele>
    <time>2025-08-25T03:12:44Z</time>
   </trkpt>
   <trkpt lat="25.0261550" lon="121.4295310">
    <ele>14.1</ele>
    <time>2025-08-25T03:12:45Z</time>
   </trkpt>
   <trkpt lat="25.0261540" lon="121.4295310">
    <ele>14.1</ele>
    <time>2025-08-25T03:12:46Z</time>
   </trkpt>
   <trkpt lat="25.0261540" lon="121.4295320">
    <ele>14.1</ele>
    <time>2025-08-25T03:12:47Z</time>
   </trkpt>
   <trkpt lat="25.0261530" lon="121.4295320">
    <ele>14.1</ele>
    <time>2025-08-25T03:12:48Z</time>
   </trkpt>
   <trkpt lat="25.0261530" lon="121.4295310">
    <ele>14.1</ele>
    <time>2025-08-25T03:12:49Z</time>
   </trkpt>
   <trkpt lat="25.0261540" lon="121.4295310">
    <ele>14.1</ele>
    <time>2025-08-25T03:12:50Z</time>
   </trkpt>
   <trkpt lat="25.0261530" lon="121.4295310">
    <ele>14.1</ele>
    <time>2025-08-25T03:12:51Z</time>
   </trkpt>
   <trkpt lat="25.0261530" lon="121.4295320">
    <ele>14.1</ele>
    <time>2025-08-25T03:12:52Z</time>
   </trkpt>
   <trkpt lat="25.0261540" lon="121.4295310">
    <ele>14.1</ele>
    <time>2025-08-25T03:12:53Z</time>
   </trkpt>
   <trkpt lat="25.0261540" lon="121.4295310">
    <ele>14.1</ele>
    <time>2025-08-25T03:12:54Z</time>
   </trkpt>
   <trkpt lat="25.0261550" lon="121.4295300">
    <ele>14.1</ele>
    <time>2025-08-25T03:12:55Z</time>
   </trkpt>
   <trkpt lat="25.0261550" lon="121.4295300">
    <ele>14.1</ele>
    <time>2025-08-25T03:12:56Z</time>
   </trkpt>
   <trkpt lat="25.0261540" lon="121.4295300">
    <ele>14.1</ele>
    <time>2025-08-25T03:12:57Z</time>
   </trkpt>
   <trkpt lat="25.0261540" lon="121.4295290">
    <ele>14.1</ele>
    <time>2025-08-25T03:12:58Z</time>
   </trkpt>
   <trkpt lat="25.0261550" lon="121.4295280">
    <ele>14.1</ele>
    <time>2025-08-25T03:13:00Z</time>
   </trkpt>
   <trkpt lat="25.0261550" lon="121.4295320">
    <ele>14.1</ele>
    <time>2025-08-25T03:13:01Z</time>
   </trkpt>
   <trkpt lat="25.0261550" lon="121.4295310">
    <ele>14.1</ele>
    <time>2025-08-25T03:13:02Z</time>
   </trkpt>
   <trkpt lat="25.0261540" lon="121.4295300">
    <ele>14.1</ele>
    <time>2025-08-25T03:13:03Z</time>
   </trkpt>
   <trkpt lat="25.0261540" lon="121.4295300">
    <ele>14.1</ele>
    <time>2025-08-25T03:13:04Z</time>
   </trkpt>
   <trkpt lat="25.0261530" lon="121.4295300">
    <ele>14.1</ele>
    <time>2025-08-25T03:13:05Z</time>
   </trkpt>
   <trkpt lat="25.0261550" lon="121.4295300">
    <ele>14.1</ele>
    <time>2025-08-25T03:13:07Z</time>
   </trkpt>
   <trkpt lat="25.0261550" lon="121.4295300">
    <ele>14.1</ele>
    <time>2025-08-25T03:13:08Z</time>
   </trkpt>
   <trkpt lat="25.0261530" lon="121.4295300">
    <ele>14.1</ele>
    <time>2025-08-25T03:13:09Z</time>
   </trkpt>
   <trkpt lat="25.0261530" lon="121.4295300">
    <ele>14.1</ele>
    <time>2025-08-25T03:13:10Z</time>
   </trkpt>
   <trkpt lat="25.0261540" lon="121.4295250">
    <ele>14.1</ele>
    <time>2025-08-25T03:13:11Z</time>
   </trkpt>
   <trkpt lat="25.0261540" lon="121.4295240">
    <ele>14.1</ele>
    <time>2025-08-25T03:13:12Z</time>
   </trkpt>
   <trkpt lat="25.0261530" lon="121.4295240">
    <ele>14.1</ele>
    <time>2025-08-25T03:13:13Z</time>
   </trkpt>
   <trkpt lat="25.0261540" lon="121.4295230">
    <ele>14.1</ele>
    <time>2025-08-25T03:13:15Z</time>
   </trkpt>
   <trkpt lat="25.0261570" lon="121.4295240">
    <ele>14.1</ele>
    <time>2025-08-25T03:13:17Z</time>
   </trkpt>
   <trkpt lat="25.0261570" lon="121.4295240">
    <ele>14.1</ele>
    <time>2025-08-25T03:13:18Z</time>
   </trkpt>
   <trkpt lat="25.0261570" lon="121.4295230">
    <ele>14.1</ele>
    <time>2025-08-25T03:13:19Z</time>
   </trkpt>
   <trkpt lat="25.0261560" lon="121.4295240">
    <ele>14.1</ele>
    <time>2025-08-25T03:13:20Z</time>
   </trkpt>
   <trkpt lat="25.0261550" lon="121.4295240">
    <ele>14.1</ele>
    <time>2025-08-25T03:13:21Z</time>
   </trkpt>
   <trkpt lat="25.0261540" lon="121.4295250">
    <ele>14.1</ele>
    <time>2025-08-25T03:13:22Z</time>
   </trkpt>
   <trkpt lat="25.0261500" lon="121.4295260">
    <ele>14.1</ele>
    <time>2025-08-25T03:13:23Z</time>
   </trkpt>
   <trkpt lat="25.0261460" lon="121.4295230">
    <ele>14.1</ele>
    <time>2025-08-25T03:13:24Z</time>
   </trkpt>
   <trkpt lat="25.0261430" lon="121.4295230">
    <ele>14.1</ele>
    <time>2025-08-25T03:13:25Z</time>
   </trkpt>
   <trkpt lat="25.0261400" lon="121.4295240">
    <ele>14.1</ele>
    <time>2025-08-25T03:13:26Z</time>
   </trkpt>
   <trkpt lat="25.0261380" lon="121.4295230">
    <ele>14.1</ele>
    <time>2025-08-25T03:13:27Z</time>
   </trkpt>
   <trkpt lat="25.0261380" lon="121.4295230">
    <ele>14.1</ele>
    <time>2025-08-25T03:13:28Z</time>
   </trkpt>
   <trkpt lat="25.0261380" lon="121.4295230">
    <ele>14.1</ele>
    <time>2025-08-25T03:13:29Z</time>
   </trkpt>
   <trkpt lat="25.0261380" lon="121.4295230">
    <ele>14.1</ele>
    <time>2025-08-25T03:13:30Z</time>
   </trkpt>
   <trkpt lat="25.0261360" lon="121.4295230">
    <ele>14.1</ele>
    <time>2025-08-25T03:13:31Z</time>
   </trkpt>
   <trkpt lat="25.0261300" lon="121.4295230">
    <ele>14.1</ele>
    <time>2025-08-25T03:13:32Z</time>
   </trkpt>
   <trkpt lat="25.0261330" lon="121.4295170">
    <ele>14.1</ele>
    <time>2025-08-25T03:13:33Z</time>
   </trkpt>
   <trkpt lat="25.0260650" lon="121.4294910">
    <ele>14.1</ele>
    <time>2025-08-25T03:13:35Z</time>
   </trkpt>
   <trkpt lat="25.0259880" lon="121.4294710">
    <ele>15.1</ele>
    <time>2025-08-25T03:13:36Z</time>
   </trkpt>
   <trkpt lat="25.0259280" lon="121.4294610">
    <ele>15.3</ele>
    <time>2025-08-25T03:13:37Z</time>
   </trkpt>
   <trkpt lat="25.0258790" lon="121.4294190">
    <ele>15.4</ele>
    <time>2025-08-25T03:13:38Z</time>
   </trkpt>
   <trkpt lat="25.0258730" lon="121.4293840">
    <ele>15.5</ele>
    <time>2025-08-25T03:13:39Z</time>
   </trkpt>
   <trkpt lat="25.0258740" lon="121.4293770">
    <ele>15.5</ele>
    <time>2025-08-25T03:13:40Z</time>
   </trkpt>
   <trkpt lat="25.0258780" lon="121.4293700">
    <ele>15.5</ele>
    <time>2025-08-25T03:13:41Z</time>
   </trkpt>
   <trkpt lat="25.0258820" lon="121.4293670">
    <ele>15.5</ele>
    <time>2025-08-25T03:13:42Z</time>
   </trkpt>
   <trkpt lat="25.0258860" lon="121.4293670">
    <ele>15.5</ele>
    <time>2025-08-25T03:13:43Z</time>
   </trkpt>
   <trkpt lat="25.0258990" lon="121.4293860">
    <ele>15.6</ele>
    <time>2025-08-25T03:13:44Z</time>
   </trkpt>
   <trkpt lat="25.0259030" lon="121.4293890">
    <ele>15.6</ele>
    <time>2025-08-25T03:13:45Z</time>
   </trkpt>
   <trkpt lat="25.0259060" lon="121.4293910">
    <ele>15.6</ele>
    <time>2025-08-25T03:13:46Z</time>
   </trkpt>
   <trkpt lat="25.0259090" lon="121.4293920">
    <ele>15.6</ele>
    <time>2025-08-25T03:13:47Z</time>
   </trkpt>
   <trkpt lat="25.0259100" lon="121.4293930">
    <ele>15.6</ele>
    <time>2025-08-25T03:13:48Z</time>
   </trkpt>
   <trkpt lat="25.0259110" lon="121.4293940">
    <ele>15.6</ele>
    <time>2025-08-25T03:13:49Z</time>
   </trkpt>
   <trkpt lat="25.0259110" lon="121.4293950">
    <ele>15.6</ele>
    <time>2025-08-25T03:13:50Z</time>
   </trkpt>
   <trkpt lat="25.0259120" lon="121.4293950">
    <ele>15.6</ele>
    <time>2025-08-25T03:13:51Z</time>
   </trkpt>
   <trkpt lat="25.0259120" lon="121.4293950">
    <ele>15.6</ele>
    <time>2025-08-25T03:13:52Z</time>
   </trkpt>
   <trkpt lat="25.0259130" lon="121.4293950">
    <ele>15.6</ele>
    <time>2025-08-25T03:13:53Z</time>
   </trkpt>
   <trkpt lat="25.0259140" lon="121.4293950">
    <ele>15.6</ele>
    <time>2025-08-25T03:13:54Z</time>
   </trkpt>
   <trkpt lat="25.0259170" lon="121.4293960">
    <ele>15.6</ele>
    <time>2025-08-25T03:13:55Z</time>
   </trkpt>
   <trkpt lat="25.0259190" lon="121.4293970">
    <ele>15.7</ele>
    <time>2025-08-25T03:13:56Z</time>
   </trkpt>
   <trkpt lat="25.0259210" lon="121.4293990">
    <ele>15.7</ele>
    <time>2025-08-25T03:13:57Z</time>
   </trkpt>
   <trkpt lat="25.0259220" lon="121.4293990">
    <ele>15.7</ele>
    <time>2025-08-25T03:13:58Z</time>
   </trkpt>
   <trkpt lat="25.0259230" lon="121.4294000">
    <ele>15.7</ele>
    <time>2025-08-25T03:13:59Z</time>
   </trkpt>
   <trkpt lat="25.0259230" lon="121.4294000">
    <ele>15.7</ele>
    <time>2025-08-25T03:14:00Z</time>
   </trkpt>
   <trkpt lat="25.0259240" lon="121.4294010">
    <ele>15.7</ele>
    <time>2025-08-25T03:14:01Z</time>
   </trkpt>
   <trkpt lat="25.0259270" lon="121.4294030">
    <ele>15.7</ele>
    <time>2025-08-25T03:14:02Z</time>
   </trkpt>
   <trkpt lat="25.0259290" lon="121.4294050">
    <ele>15.7</ele>
    <time>2025-08-25T03:14:03Z</time>
   </trkpt>
   <trkpt lat="25.0259310" lon="121.4294070">
    <ele>15.7</ele>
    <time>2025-08-25T03:14:04Z</time>
   </trkpt>
   <trkpt lat="25.0259320" lon="121.4294080">
    <ele>15.7</ele>
    <time>2025-08-25T03:14:05Z</time>
   </trkpt>
   <trkpt lat="25.0259320" lon="121.4294080">
    <ele>15.7</ele>
    <time>2025-08-25T03:14:06Z</time>
   </trkpt>
   <trkpt lat="25.0259330" lon="121.4294090">
    <ele>15.7</ele>
    <time>2025-08-25T03:14:07Z</time>
   </trkpt>
   <trkpt lat="25.0259330" lon="121.4294090">
    <ele>15.7</ele>
    <time>2025-08-25T03:14:08Z</time>
   </trkpt>
   <trkpt lat="25.0259330" lon="121.4294090">
    <ele>15.7</ele>
    <time>2025-08-25T03:14:09Z</time>
   </trkpt>
   <trkpt lat="25.0259330" lon="121.4294090">
    <ele>15.7</ele>
    <time>2025-08-25T03:14:10Z</time>
   </trkpt>
   <trkpt lat="25.0259340" lon="121.4294100">
    <ele>15.7</ele>
    <time>2025-08-25T03:14:11Z</time>
   </trkpt>
   <trkpt lat="25.0259360" lon="121.4294140">
    <ele>15.7</ele>
    <time>2025-08-25T03:14:12Z</time>
   </trkpt>
   <trkpt lat="25.0259380" lon="121.4294170">
    <ele>15.7</ele>
    <time>2025-08-25T03:14:13Z</time>
   </trkpt>
   <trkpt lat="25.0259400" lon="121.4294190">
    <ele>15.7</ele>
    <time>2025-08-25T03:14:14Z</time>
   </trkpt>
   <trkpt lat="25.0259410" lon="121.4294210">
    <ele>15.7</ele>
    <time>2025-08-25T03:14:15Z</time>
   </trkpt>
   <trkpt lat="25.0259410" lon="121.4294210">
    <ele>15.7</ele>
    <time>2025-08-25T03:14:16Z</time>
   </trkpt>
   <trkpt lat="25.0259410" lon="121.4294220">
    <ele>15.7</ele>
    <time>2025-08-25T03:14:17Z</time>
   </trkpt>
   <trkpt lat="25.0259410" lon="121.4294220">
    <ele>15.7</ele>
    <time>2025-08-25T03:14:18Z</time>
   </trkpt>
   <trkpt lat="25.0259410" lon="121.4294220">
    <ele>15.7</ele>
    <time>2025-08-25T03:14:19Z</time>
   </trkpt>
   <trkpt lat="25.0259410" lon="121.4294220">
    <ele>15.7</ele>
    <time>2025-08-25T03:14:20Z</time>
   </trkpt>
   <trkpt lat="25.0259410" lon="121.4294220">
    <ele>15.7</ele>
    <time>2025-08-25T03:14:21Z</time>
   </trkpt>
   <trkpt lat="25.0259410" lon="121.4294220">
    <ele>15.7</ele>
    <time>2025-08-25T03:14:22Z</time>
   </trkpt>
   <trkpt lat="25.0259410" lon="121.4294220">
    <ele>15.7</ele>
    <time>2025-08-25T03:14:23Z</time>
   </trkpt>
   <trkpt lat="25.0259410" lon="121.4294220">
    <ele>15.7</ele>
    <time>2025-08-25T03:14:24Z</time>
   </trkpt>
   <trkpt lat="25.0259410" lon="121.4294220">
    <ele>15.7</ele>
    <time>2025-08-25T03:14:25Z</time>
   </trkpt>
   <trkpt lat="25.0259410" lon="121.4294220">
    <ele>15.7</ele>
    <time>2025-08-25T03:14:26Z</time>
   </trkpt>
   <trkpt lat="25.0259410" lon="121.4294220">
    <ele>15.7</ele>
    <time>2025-08-25T03:14:27Z</time>
   </trkpt>
   <trkpt lat="25.0259410" lon="121.4294220">
    <ele>15.7</ele>
    <time>2025-08-25T03:14:28Z</time>
   </trkpt>
   <trkpt lat="25.0259410" lon="121.4294220">
    <ele>15.7</ele>
    <time>2025-08-25T03:14:29Z</time>
   </trkpt>
   <trkpt lat="25.0259410" lon="121.4294220">
    <ele>15.7</ele>
    <time>2025-08-25T03:14:30Z</time>
   </trkpt>
   <trkpt lat="25.0259410" lon="121.4294220">
    <ele>15.7</ele>
    <time>2025-08-25T03:14:31Z</time>
   </trkpt>
   <trkpt lat="25.0259410" lon="121.4294220">
    <ele>15.7</ele>
    <time>2025-08-25T03:14:32Z</time>
   </trkpt>
   <trkpt lat="25.0259410" lon="121.4294220">
    <ele>15.7</ele>
    <time>2025-08-25T03:14:33Z</time>
   </trkpt>
   <trkpt lat="25.0259410" lon="121.4294220">
    <ele>15.7</ele>
    <time>2025-08-25T03:14:34Z</time>
   </trkpt>
   <trkpt lat="25.0259410" lon="121.4294220">
    <ele>15.7</ele>
    <time>2025-08-25T03:14:35Z</time>
   </trkpt>
   <trkpt lat="25.0259410" lon="121.4294240">
    <ele>15.7</ele>
    <time>2025-08-25T03:14:36Z</time>
   </trkpt>
   <trkpt lat="25.0259420" lon="121.4294260">
    <ele>15.7</ele>
    <time>2025-08-25T03:14:37Z</time>
   </trkpt>
   <trkpt lat="25.0259420" lon="121.4294270">
    <ele>15.7</ele>
    <time>2025-08-25T03:14:38Z</time>
   </trkpt>
   <trkpt lat="25.0259420" lon="121.4294280">
    <ele>15.7</ele>
    <time>2025-08-25T03:14:39Z</time>
   </trkpt>
   <trkpt lat="25.0259420" lon="121.4294280">
    <ele>15.7</ele>
    <time>2025-08-25T03:14:40Z</time>
   </trkpt>
   <trkpt lat="25.0259430" lon="121.4294300">
    <ele>15.7</ele>
    <time>2025-08-25T03:14:41Z</time>
   </trkpt>
   <trkpt lat="25.0259430" lon="121.4294330">
    <ele>15.8</ele>
    <time>2025-08-25T03:14:42Z</time>
   </trkpt>
   <trkpt lat="25.0259440" lon="121.4294410">
    <ele>15.8</ele>
    <time>2025-08-25T03:14:43Z</time>
   </trkpt>
   <trkpt lat="25.0259450" lon="121.4294450">
    <ele>15.8</ele>
    <time>2025-08-25T03:14:44Z</time>
   </trkpt>
   <trkpt lat="25.0259450" lon="121.4294460">
    <ele>15.8</ele>
    <time>2025-08-25T03:14:45Z</time>
   </trkpt>
   <trkpt lat="25.0259450" lon="121.4294470">
    <ele>15.8</ele>
    <time>2025-08-25T03:14:46Z</time>
   </trkpt>
   <trkpt lat="25.0259450" lon="121.4294470">
    <ele>15.8</ele>
    <time>2025-08-25T03:14:47Z</time>
   </trkpt>
   <trkpt lat="25.0259450" lon="121.4294470">
    <ele>15.8</ele>
    <time>2025-08-25T03:14:48Z</time>
   </trkpt>
   <trkpt lat="25.0259450" lon="121.4294460">
    <ele>15.8</ele>
    <time>2025-08-25T03:14:49Z</time>
   </trkpt>
   <trkpt lat="25.0259440" lon="121.4294420">
    <ele>15.8</ele>
    <time>2025-08-25T03:14:50Z</time>
   </trkpt>
   <trkpt lat="25.0259540" lon="121.4294330">
    <ele>15.7</ele>
    <time>2025-08-25T03:14:51Z</time>
   </trkpt>
   <trkpt lat="25.0259670" lon="121.4294230">
    <ele>15.7</ele>
    <time>2025-08-25T03:14:52Z</time>
   </trkpt>
   <trkpt lat="25.0259740" lon="121.4294180">
    <ele>15.7</ele>
    <time>2025-08-25T03:14:53Z</time>
   </trkpt>
   <trkpt lat="25.0259770" lon="121.4294160">
    <ele>15.7</ele>
    <time>2025-08-25T03:14:54Z</time>
   </trkpt>
   <trkpt lat="25.0259780" lon="121.4294160">
    <ele>15.7</ele>
    <time>2025-08-25T03:14:55Z</time>
   </trkpt>
   <trkpt lat="25.0259780" lon="121.4294160">
    <ele>15.7</ele>
    <time>2025-08-25T03:14:56Z</time>
   </trkpt>
   <trkpt lat="25.0259780" lon="121.4294160">
    <ele>15.7</ele>
    <time>2025-08-25T03:14:57Z</time>
   </trkpt>
   <trkpt lat="25.0259780" lon="121.4294180">
    <ele>15.7</ele>
    <time>2025-08-25T03:14:58Z</time>
   </trkpt>
   <trkpt lat="25.0259870" lon="121.4294120">
    <ele>15.7</ele>
    <time>2025-08-25T03:14:59Z</time>
   </trkpt>
   <trkpt lat="25.0259980" lon="121.4294050">
    <ele>15.6</ele>
    <time>2025-08-25T03:15:00Z</time>
   </trkpt>
   <trkpt lat="25.0260050" lon="121.4293990">
    <ele>15.6</ele>
    <time>2025-08-25T03:15:01Z</time>
   </trkpt>
   <trkpt lat="25.0260090" lon="121.4293960">
    <ele>15.6</ele>
    <time>2025-08-25T03:15:02Z</time>
   </trkpt>
   <trkpt lat="25.0260110" lon="121.4293940">
    <ele>15.6</ele>
    <time>2025-08-25T03:15:03Z</time>
   </trkpt>
   <trkpt lat="25.0260110" lon="121.4293940">
    <ele>15.6</ele>
    <time>2025-08-25T03:15:04Z</time>
   </trkpt>
   <trkpt lat="25.0260120" lon="121.4293930">
    <ele>15.6</ele>
    <time>2025-08-25T03:15:05Z</time>
   </trkpt>
   <trkpt lat="25.0260100" lon="121.4294010">
    <ele>15.6</ele>
    <time>2025-08-25T03:15:06Z</time>
   </trkpt>
   <trkpt lat="25.0260120" lon="121.4294040">
    <ele>15.6</ele>
    <time>2025-08-25T03:15:07Z</time>
   </trkpt>
   <trkpt lat="25.0260350" lon="121.4294010">
    <ele>15.5</ele>
    <time>2025-08-25T03:15:08Z</time>
   </trkpt>
   <trkpt lat="25.0260630" lon="121.4293960">
    <ele>15.5</ele>
    <time>2025-08-25T03:15:09Z</time>
   </trkpt>
   <trkpt lat="25.0260840" lon="121.4293920">
    <ele>15.4</ele>
    <time>2025-08-25T03:15:10Z</time>
   </trkpt>
   <trkpt lat="25.0260910" lon="121.4293910">
    <ele>15.4</ele>
    <time>2025-08-25T03:15:11Z</time>
   </trkpt>
   <trkpt lat="25.0260940" lon="121.4293960">
    <ele>15.4</ele>
    <time>2025-08-25T03:15:12Z</time>
   </trkpt>
   <trkpt lat="25.0260890" lon="121.4294070">
    <ele>15.4</ele>
    <time>2025-08-25T03:15:13Z</time>
   </trkpt>
   <trkpt lat="25.0260850" lon="121.4294150">
    <ele>15.4</ele>
    <time>2025-08-25T03:15:14Z</time>
   </trkpt>
   <trkpt lat="25.0260840" lon="121.4294180">
    <ele>15.4</ele>
    <time>2025-08-25T03:15:15Z</time>
   </trkpt>
   <trkpt lat="25.0260860" lon="121.4294190">
    <ele>15.4</ele>
    <time>2025-08-25T03:15:16Z</time>
   </trkpt>
   <trkpt lat="25.0260890" lon="121.4294180">
    <ele>15.4</ele>
    <time>2025-08-25T03:15:17Z</time>
   </trkpt>
   <trkpt lat="25.0260910" lon="121.4294160">
    <ele>15.4</ele>
    <time>2025-08-25T03:15:18Z</time>
   </trkpt>
   <trkpt lat="25.0260900" lon="121.4294160">
    <ele>15.4</ele>
    <time>2025-08-25T03:15:19Z</time>
   </trkpt>
   <trkpt lat="25.0260830" lon="121.4294220">
    <ele>15.3</ele>
    <time>2025-08-25T03:15:20Z</time>
   </trkpt>
   <trkpt lat="25.0260770" lon="121.4294240">
    <ele>15.3</ele>
    <time>2025-08-25T03:15:21Z</time>
   </trkpt>
   <trkpt lat="25.0260700" lon="121.4294260">
    <ele>15.3</ele>
    <time>2025-08-25T03:15:22Z</time>
   </trkpt>
   <trkpt lat="25.0260650" lon="121.4294290">
    <ele>15.3</ele>
    <time>2025-08-25T03:15:23Z</time>
   </trkpt>
   <trkpt lat="25.0260630" lon="121.4294300">
    <ele>15.3</ele>
    <time>2025-08-25T03:15:24Z</time>
   </trkpt>
   <trkpt lat="25.0260620" lon="121.4294320">
    <ele>15.3</ele>
    <time>2025-08-25T03:15:25Z</time>
   </trkpt>
   <trkpt lat="25.0260610" lon="121.4294320">
    <ele>15.3</ele>
    <time>2025-08-25T03:15:26Z</time>
   </trkpt>
   <trkpt lat="25.0260590" lon="121.4294350">
    <ele>15.3</ele>
    <time>2025-08-25T03:15:27Z</time>
   </trkpt>
   <trkpt lat="25.0260570" lon="121.4294370">
    <ele>15.3</ele>
    <time>2025-08-25T03:15:28Z</time>
   </trkpt>
   <trkpt lat="25.0260440" lon="121.4294510">
    <ele>15.2</ele>
    <time>2025-08-25T03:15:29Z</time>
   </trkpt>
   <trkpt lat="25.0260370" lon="121.4294580">
    <ele>15.2</ele>
    <time>2025-08-25T03:15:30Z</time>
   </trkpt>
   <trkpt lat="25.0260290" lon="121.4294650">
    <ele>15.2</ele>
    <time>2025-08-25T03:15:31Z</time>
   </trkpt>
   <trkpt lat="25.0260150" lon="121.4294760">
    <ele>15.2</ele>
    <time>2025-08-25T03:15:32Z</time>
   </trkpt>
   <trkpt lat="25.0260030" lon="121.4294830">
    <ele>15.1</ele>
    <time>2025-08-25T03:15:33Z</time>
   </trkpt>
   <trkpt lat="25.0259880" lon="121.4294800">
    <ele>15.1</ele>
    <time>2025-08-25T03:15:34Z</time>
   </trkpt>
   <trkpt lat="25.0259820" lon="121.4294750">
    <ele>15.1</ele>
    <time>2025-08-25T03:15:35Z</time>
   </trkpt>
   <trkpt lat="25.0259760" lon="121.4294700">
    <ele>15.1</ele>
    <time>2025-08-25T03:15:36Z</time>
   </trkpt>
   <trkpt lat="25.0259700" lon="121.4294650">
    <ele>15.1</ele>
    <time>2025-08-25T03:15:37Z</time>
   </trkpt>
   <trkpt lat="25.0259670" lon="121.4294510">
    <ele>15.0</ele>
    <time>2025-08-25T03:15:38Z</time>
   </trkpt>
   <trkpt lat="25.0259620" lon="121.4294410">
    <ele>15.0</ele>
    <time>2025-08-25T03:15:39Z</time>
   </trkpt>
   <trkpt lat="25.0259540" lon="121.4294300">
    <ele>15.0</ele>
    <time>2025-08-25T03:15:40Z</time>
   </trkpt>
   <trkpt lat="25.0259460" lon="121.4294160">
    <ele>15.0</ele>
    <time>2025-08-25T03:15:41Z</time>
   </trkpt>
   <trkpt lat="25.0259390" lon="121.4294050">
    <ele>14.9</ele>
    <time>2025-08-25T03:15:42Z</time>
   </trkpt>
   <trkpt lat="25.0259720" lon="121.4293660">
    <ele>14.9</ele>
    <time>2025-08-25T03:15:43Z</time>
   </trkpt>
   <trkpt lat="25.0260110" lon="121.4293390">
    <ele>14.8</ele>
    <time>2025-08-25T03:15:44Z</time>
   </trkpt>
   <trkpt lat="25.0260270" lon="121.4293180">
    <ele>14.7</ele>
    <time>2025-08-25T03:15:45Z</time>
   </trkpt>
   <trkpt lat="25.0260220" lon="121.4293100">
    <ele>14.7</ele>
    <time>2025-08-25T03:15:46Z</time>
   </trkpt>
   <trkpt lat="25.0260370" lon="121.4292660">
    <ele>14.6</ele>
    <time>2025-08-25T03:15:47Z</time>
   </trkpt>
   <trkpt lat="25.0260200" lon="121.4292650">
    <ele>14.6</ele>
    <time>2025-08-25T03:15:48Z</time>
   </trkpt>
   <trkpt lat="25.0260100" lon="121.4292680">
    <ele>14.6</ele>
    <time>2025-08-25T03:15:49Z</time>
   </trkpt>
   <trkpt lat="25.0260010" lon="121.4292720">
    <ele>14.5</ele>
    <time>2025-08-25T03:15:50Z</time>
   </trkpt>
   <trkpt lat="25.0259970" lon="121.4292800">
    <ele>14.5</ele>
    <time>2025-08-25T03:15:51Z</time>
   </trkpt>
   <trkpt lat="25.0259990" lon="121.4292770">
    <ele>14.5</ele>
    <time>2025-08-25T03:15:52Z</time>
   </trkpt>
   <trkpt lat="25.0260010" lon="121.4292730">
    <ele>14.5</ele>
    <time>2025-08-25T03:15:53Z</time>
   </trkpt>
   <trkpt lat="25.0260030" lon="121.4292700">
    <ele>14.5</ele>
    <time>2025-08-25T03:15:54Z</time>
   </trkpt>
   <trkpt lat="25.0260040" lon="121.4292660">
    <ele>14.5</ele>
    <time>2025-08-25T03:15:55Z</time>
   </trkpt>
   <trkpt lat="25.0260060" lon="121.4292620">
    <ele>14.5</ele>
    <time>2025-08-25T03:15:56Z</time>
   </trkpt>
   <trkpt lat="25.0260080" lon="121.4292590">
    <ele>14.5</ele>
    <time>2025-08-25T03:15:58Z</time>
   </trkpt>
   <trkpt lat="25.0260100" lon="121.4292550">
    <ele>14.5</ele>
    <time>2025-08-25T03:15:59Z</time>
   </trkpt>
   <trkpt lat="25.0260120" lon="121.4292510">
    <ele>14.5</ele>
    <time>2025-08-25T03:16:01Z</time>
   </trkpt>
   <trkpt lat="25.0260140" lon="121.4292480">
    <ele>14.5</ele>
    <time>2025-08-25T03:16:02Z</time>
   </trkpt>
   <trkpt lat="25.0260160" lon="121.4292440">
    <ele>14.5</ele>
    <time>2025-08-25T03:16:03Z</time>
   </trkpt>
   <trkpt lat="25.0260180" lon="121.4292410">
    <ele>14.4</ele>
    <time>2025-08-25T03:16:05Z</time>
   </trkpt>
   <trkpt lat="25.0260190" lon="121.4292370">
    <ele>14.4</ele>
    <time>2025-08-25T03:16:06Z</time>
   </trkpt>
   <trkpt lat="25.0260210" lon="121.4292330">
    <ele>14.4</ele>
    <time>2025-08-25T03:16:07Z</time>
   </trkpt>
   <trkpt lat="25.0260230" lon="121.4292300">
    <ele>14.4</ele>
    <time>2025-08-25T03:16:08Z</time>
   </trkpt>
   <trkpt lat="25.0260250" lon="121.4292260">
    <ele>14.4</ele>
    <time>2025-08-25T03:16:09Z</time>
   </trkpt>
   <trkpt lat="25.0260270" lon="121.4292240">
    <ele>14.4</ele>
    <time>2025-08-25T03:16:10Z</time>
   </trkpt>
   <trkpt lat="25.0260270" lon="121.4292220">
    <ele>14.4</ele>
    <time>2025-08-25T03:16:11Z</time>
   </trkpt>
   <trkpt lat="25.0260270" lon="121.4292220">
    <ele>14.4</ele>
    <time>2025-08-25T03:16:12Z</time>
   </trkpt>
   <trkpt lat="25.0260290" lon="121.4292170">
    <ele>14.4</ele>
    <time>2025-08-25T03:16:13Z</time>
   </trkpt>
   <trkpt lat="25.0260300" lon="121.4292130">
    <ele>14.4</ele>
    <time>2025-08-25T03:16:14Z</time>
   </trkpt>
   <trkpt lat="25.0260310" lon="121.4292110">
    <ele>14.4</ele>
    <time>2025-08-25T03:16:15Z</time>
   </trkpt>
   <trkpt lat="25.0260310" lon="121.4292130">
    <ele>14.4</ele>
    <time>2025-08-25T03:16:16Z</time>
   </trkpt>
   <trkpt lat="25.0260310" lon="121.4292150">
    <ele>14.4</ele>
    <time>2025-08-25T03:16:17Z</time>
   </trkpt>
   <trkpt lat="25.0260310" lon="121.4292160">
    <ele>14.4</ele>
    <time>2025-08-25T03:16:18Z</time>
   </trkpt>
   <trkpt lat="25.0260310" lon="121.4292160">
    <ele>14.4</ele>
    <time>2025-08-25T03:16:19Z</time>
   </trkpt>
   <trkpt lat="25.0260310" lon="121.4292160">
    <ele>14.4</ele>
    <time>2025-08-25T03:16:20Z</time>
   </trkpt>
   <trkpt lat="25.0260290" lon="121.4292190">
    <ele>14.4</ele>
    <time>2025-08-25T03:16:21Z</time>
   </trkpt>
   <trkpt lat="25.0260290" lon="121.4292200">
    <ele>14.4</ele>
    <time>2025-08-25T03:16:22Z</time>
   </trkpt>
   <trkpt lat="25.0260300" lon="121.4292210">
    <ele>14.4</ele>
    <time>2025-08-25T03:16:23Z</time>
   </trkpt>
   <trkpt lat="25.0260310" lon="121.4292200">
    <ele>14.4</ele>
    <time>2025-08-25T03:16:24Z</time>
   </trkpt>
   <trkpt lat="25.0260320" lon="121.4292200">
    <ele>14.4</ele>
    <time>2025-08-25T03:16:25Z</time>
   </trkpt>
   <trkpt lat="25.0260330" lon="121.4292200">
    <ele>14.4</ele>
    <time>2025-08-25T03:16:26Z</time>
   </trkpt>
   <trkpt lat="25.0260330" lon="121.4292200">
    <ele>14.4</ele>
    <time>2025-08-25T03:16:27Z</time>
   </trkpt>
   <trkpt lat="25.0260330" lon="121.4292250">
    <ele>14.4</ele>
    <time>2025-08-25T03:16:28Z</time>
   </trkpt>
   <trkpt lat="25.0260350" lon="121.4292270">
    <ele>14.3</ele>
    <time>2025-08-25T03:16:29Z</time>
   </trkpt>
   <trkpt lat="25.0260370" lon="121.4292270">
    <ele>14.3</ele>
    <time>2025-08-25T03:16:30Z</time>
   </trkpt>
   <trkpt lat="25.0260390" lon="121.4292280">
    <ele>14.3</ele>
    <time>2025-08-25T03:16:31Z</time>
   </trkpt>
   <trkpt lat="25.0260400" lon="121.4292280">
    <ele>14.3</ele>
    <time>2025-08-25T03:16:32Z</time>
   </trkpt>
   <trkpt lat="25.0260400" lon="121.4292280">
    <ele>14.3</ele>
    <time>2025-08-25T03:16:33Z</time>
   </trkpt>
   <trkpt lat="25.0260430" lon="121.4292370">
    <ele>14.3</ele>
    <time>2025-08-25T03:16:34Z</time>
   </trkpt>
   <trkpt lat="25.0260450" lon="121.4292420">
    <ele>14.3</ele>
    <time>2025-08-25T03:16:35Z</time>
   </trkpt>
   <trkpt lat="25.0260460" lon="121.4292450">
    <ele>14.3</ele>
    <time>2025-08-25T03:16:36Z</time>
   </trkpt>
   <trkpt lat="25.0260460" lon="121.4292460">
    <ele>14.3</ele>
    <time>2025-08-25T03:16:37Z</time>
   </trkpt>
   <trkpt lat="25.0260460" lon="121.4292470">
    <ele>14.3</ele>
    <time>2025-08-25T03:16:38Z</time>
   </trkpt>
   <trkpt lat="25.0260460" lon="121.4292470">
    <ele>14.3</ele>
    <time>2025-08-25T03:16:39Z</time>
   </trkpt>
   <trkpt lat="25.0260470" lon="121.4292460">
    <ele>14.3</ele>
    <time>2025-08-25T03:16:40Z</time>
   </trkpt>
   <trkpt lat="25.0260490" lon="121.4292370">
    <ele>14.3</ele>
    <time>2025-08-25T03:16:41Z</time>
   </trkpt>
   <trkpt lat="25.0260520" lon="121.4292330">
    <ele>14.3</ele>
    <time>2025-08-25T03:16:42Z</time>
   </trkpt>
   <trkpt lat="25.0260530" lon="121.4292300">
    <ele>14.3</ele>
    <time>2025-08-25T03:16:43Z</time>
   </trkpt>
   <trkpt lat="25.0260540" lon="121.4292290">
    <ele>14.3</ele>
    <time>2025-08-25T03:16:44Z</time>
   </trkpt>
   <trkpt lat="25.0260540" lon="121.4292280">
    <ele>14.3</ele>
    <time>2025-08-25T03:16:45Z</time>
   </trkpt>
   <trkpt lat="25.0260540" lon="121.4292280">
    <ele>14.3</ele>
    <time>2025-08-25T03:16:46Z</time>
   </trkpt>
   <trkpt lat="25.0260520" lon="121.4292330">
    <ele>14.3</ele>
    <time>2025-08-25T03:16:47Z</time>
   </trkpt>
   <trkpt lat="25.0260500" lon="121.4292350">
    <ele>14.2</ele>
    <time>2025-08-25T03:16:48Z</time>
   </trkpt>
   <trkpt lat="25.0260490" lon="121.4292370">
    <ele>14.2</ele>
    <time>2025-08-25T03:16:50Z</time>
   </trkpt>
   <trkpt lat="25.0260490" lon="121.4292370">
    <ele>14.2</ele>
    <time>2025-08-25T03:16:51Z</time>
   </trkpt>
   <trkpt lat="25.0260520" lon="121.4292320">
    <ele>14.2</ele>
    <time>2025-08-25T03:16:52Z</time>
   </trkpt>
   <trkpt lat="25.0260520" lon="121.4292310">
    <ele>14.2</ele>
    <time>2025-08-25T03:16:53Z</time>
   </trkpt>
   <trkpt lat="25.0260520" lon="121.4292310">
    <ele>14.2</ele>
    <time>2025-08-25T03:16:54Z</time>
   </trkpt>
   <trkpt lat="25.0260520" lon="121.4292320">
    <ele>14.2</ele>
    <time>2025-08-25T03:16:55Z</time>
   </trkpt>
   <trkpt lat="25.0260510" lon="121.4292310">
    <ele>14.2</ele>
    <time>2025-08-25T03:16:56Z</time>
   </trkpt>
   <trkpt lat="25.0260510" lon="121.4292310">
    <ele>14.2</ele>
    <time>2025-08-25T03:16:57Z</time>
   </trkpt>
   <trkpt lat="25.0260520" lon="121.4292300">
    <ele>14.2</ele>
    <time>2025-08-25T03:16:58Z</time>
   </trkpt>
   <trkpt lat="25.0260540" lon="121.4292290">
    <ele>14.2</ele>
    <time>2025-08-25T03:16:59Z</time>
   </trkpt>
   <trkpt lat="25.0260540" lon="121.4292290">
    <ele>14.2</ele>
    <time>2025-08-25T03:17:00Z</time>
   </trkpt>
   <trkpt lat="25.0260530" lon="121.4292290">
    <ele>14.2</ele>
    <time>2025-08-25T03:17:01Z</time>
   </trkpt>
   <trkpt lat="25.0260520" lon="121.4292280">
    <ele>14.2</ele>
    <time>2025-08-25T03:17:03Z</time>
   </trkpt>
   <trkpt lat="25.0260520" lon="121.4292230">
    <ele>14.2</ele>
    <time>2025-08-25T03:17:04Z</time>
   </trkpt>
   <trkpt lat="25.0260520" lon="121.4292230">
    <ele>14.2</ele>
    <time>2025-08-25T03:17:05Z</time>
   </trkpt>
   <trkpt lat="25.0260520" lon="121.4292240">
    <ele>14.2</ele>
    <time>2025-08-25T03:17:06Z</time>
   </trkpt>
   <trkpt lat="25.0260510" lon="121.4292240">
    <ele>14.2</ele>
    <time>2025-08-25T03:17:07Z</time>
   </trkpt>
   <trkpt lat="25.0260510" lon="121.4292240">
    <ele>14.2</ele>
    <time>2025-08-25T03:17:09Z</time>
   </trkpt>
   <trkpt lat="25.0260530" lon="121.4292260">
    <ele>14.2</ele>
    <time>2025-08-25T03:17:10Z</time>
   </trkpt>
   <trkpt lat="25.0260550" lon="121.4292260">
    <ele>14.2</ele>
    <time>2025-08-25T03:17:11Z</time>
   </trkpt>
   <trkpt lat="25.0260550" lon="121.4292270">
    <ele>14.2</ele>
    <time>2025-08-25T03:17:12Z</time>
   </trkpt>
   <trkpt lat="25.0260550" lon="121.4292270">
    <ele>14.2</ele>
    <time>2025-08-25T03:17:13Z</time>
   </trkpt>
   <trkpt lat="25.0260540" lon="121.4292270">
    <ele>14.2</ele>
    <time>2025-08-25T03:17:14Z</time>
   </trkpt>
   <trkpt lat="25.0260520" lon="121.4292260">
    <ele>14.2</ele>
    <time>2025-08-25T03:17:15Z</time>
   </trkpt>
   <trkpt lat="25.0260520" lon="121.4292260">
    <ele>14.2</ele>
    <time>2025-08-25T03:17:16Z</time>
   </trkpt>
   <trkpt lat="25.0260520" lon="121.4292190">
    <ele>14.2</ele>
    <time>2025-08-25T03:17:17Z</time>
   </trkpt>
   <trkpt lat="25.0260520" lon="121.4292190">
    <ele>14.2</ele>
    <time>2025-08-25T03:17:18Z</time>
   </trkpt>
   <trkpt lat="25.0260530" lon="121.4292200">
    <ele>14.2</ele>
    <time>2025-08-25T03:17:19Z</time>
   </trkpt>
   <trkpt lat="25.0260530" lon="121.4292210">
    <ele>14.2</ele>
    <time>2025-08-25T03:17:20Z</time>
   </trkpt>
   <trkpt lat="25.0260520" lon="121.4292220">
    <ele>14.2</ele>
    <time>2025-08-25T03:17:21Z</time>
   </trkpt>
   <trkpt lat="25.0260510" lon="121.4292230">
    <ele>14.2</ele>
    <time>2025-08-25T03:17:22Z</time>
   </trkpt>
   <trkpt lat="25.0260510" lon="121.4292230">
    <ele>14.2</ele>
    <time>2025-08-25T03:17:23Z</time>
   </trkpt>
   <trkpt lat="25.0260550" lon="121.4292250">
    <ele>14.2</ele>
    <time>2025-08-25T03:17:24Z</time>
   </trkpt>
   <trkpt lat="25.0260550" lon="121.4292230">
    <ele>14.2</ele>
    <time>2025-08-25T03:17:25Z</time>
   </trkpt>
   <trkpt lat="25.0260550" lon="121.4292230">
    <ele>14.2</ele>
    <time>2025-08-25T03:17:26Z</time>
   </trkpt>
   <trkpt lat="25.0260540" lon="121.4292220">
    <ele>14.2</ele>
    <time>2025-08-25T03:17:27Z</time>
   </trkpt>
   <trkpt lat="25.0260540" lon="121.4292210">
    <ele>14.1</ele>
    <time>2025-08-25T03:17:28Z</time>
   </trkpt>
   <trkpt lat="25.0260540" lon="121.4292210">
    <ele>14.1</ele>
    <time>2025-08-25T03:17:29Z</time>
   </trkpt>
   <trkpt lat="25.0260550" lon="121.4292220">
    <ele>14.1</ele>
    <time>2025-08-25T03:17:30Z</time>
   </trkpt>
   <trkpt lat="25.0260600" lon="121.4292220">
    <ele>14.1</ele>
    <time>2025-08-25T03:17:31Z</time>
   </trkpt>
   <trkpt lat="25.0260600" lon="121.4292220">
    <ele>14.1</ele>
    <time>2025-08-25T03:17:33Z</time>
   </trkpt>
   <trkpt lat="25.0260600" lon="121.4292220">
    <ele>14.1</ele>
    <time>2025-08-25T03:17:34Z</time>
   </trkpt>
   <trkpt lat="25.0260590" lon="121.4292220">
    <ele>14.1</ele>
    <time>2025-08-25T03:17:35Z</time>
   </trkpt>
   <trkpt lat="25.0260580" lon="121.4292230">
    <ele>14.1</ele>
    <time>2025-08-25T03:17:37Z</time>
   </trkpt>
   <trkpt lat="25.0260580" lon="121.4292220">
    <ele>14.1</ele>
    <time>2025-08-25T03:17:38Z</time>
   </trkpt>
   <trkpt lat="25.0260590" lon="121.4292250">
    <ele>14.1</ele>
    <time>2025-08-25T03:17:39Z</time>
   </trkpt>
   <trkpt lat="25.0260600" lon="121.4292250">
    <ele>14.1</ele>
    <time>2025-08-25T03:17:40Z</time>
   </trkpt>
   <trkpt lat="25.0260600" lon="121.4292260">
    <ele>14.1</ele>
    <time>2025-08-25T03:17:41Z</time>
   </trkpt>
   <trkpt lat="25.0260600" lon="121.4292260">
    <ele>14.1</ele>
    <time>2025-08-25T03:17:42Z</time>
   </trkpt>
   <trkpt lat="25.0260600" lon="121.4292250">
    <ele>14.1</ele>
    <time>2025-08-25T03:17:43Z</time>
   </trkpt>
   <trkpt lat="25.0260630" lon="121.4292270">
    <ele>14.1</ele>
    <time>2025-08-25T03:17:44Z</time>
   </trkpt>
   <trkpt lat="25.0260620" lon="121.4292270">
    <ele>14.1</ele>
    <time>2025-08-25T03:17:45Z</time>
   </trkpt>
   <trkpt lat="25.0260620" lon="121.4292270">
    <ele>14.1</ele>
    <time>2025-08-25T03:17:46Z</time>
   </trkpt>
   <trkpt lat="25.0260610" lon="121.4292280">
    <ele>14.1</ele>
    <time>2025-08-25T03:17:47Z</time>
   </trkpt>
   <trkpt lat="25.0260550" lon="121.4292300">
    <ele>14.1</ele>
    <time>2025-08-25T03:17:48Z</time>
   </trkpt>
   <trkpt lat="25.0260410" lon="121.4292530">
    <ele>14.2</ele>
    <time>2025-08-25T03:17:49Z</time>
   </trkpt>
   <trkpt lat="25.0260540" lon="121.4292430">
    <ele>14.2</ele>
    <time>2025-08-25T03:17:50Z</time>
   </trkpt>
   <trkpt lat="25.0260570" lon="121.4292410">
    <ele>14.2</ele>
    <time>2025-08-25T03:17:51Z</time>
   </trkpt>
   <trkpt lat="25.0260560" lon="121.4292410">
    <ele>14.2</ele>
    <time>2025-08-25T03:17:52Z</time>
   </trkpt>
   <trkpt lat="25.0260550" lon="121.4292420">
    <ele>14.2</ele>
    <time>2025-08-25T03:17:53Z</time>
   </trkpt>
   <trkpt lat="25.0260550" lon="121.4292420">
    <ele>14.2</ele>
    <time>2025-08-25T03:17:54Z</time>
   </trkpt>
   <trkpt lat="25.0260560" lon="121.4292340">
    <ele>14.2</ele>
    <time>2025-08-25T03:17:55Z</time>
   </trkpt>
   <trkpt lat="25.0260540" lon="121.4292340">
    <ele>14.2</ele>
    <time>2025-08-25T03:17:57Z</time>
   </trkpt>
   <trkpt lat="25.0260540" lon="121.4292350">
    <ele>14.2</ele>
    <time>2025-08-25T03:17:58Z</time>
   </trkpt>
   <trkpt lat="25.0260530" lon="121.4292360">
    <ele>14.2</ele>
    <time>2025-08-25T03:17:59Z</time>
   </trkpt>
   <trkpt lat="25.0260550" lon="121.4292320">
    <ele>14.2</ele>
    <time>2025-08-25T03:18:00Z</time>
   </trkpt>
   <trkpt lat="25.0260540" lon="121.4292330">
    <ele>14.2</ele>
    <time>2025-08-25T03:18:01Z</time>
   </trkpt>
   <trkpt lat="25.0260550" lon="121.4292320">
    <ele>14.2</ele>
    <time>2025-08-25T03:18:02Z</time>
   </trkpt>
   <trkpt lat="25.0260540" lon="121.4292330">
    <ele>14.3</ele>
    <time>2025-08-25T03:18:03Z</time>
   </trkpt>
   <trkpt lat="25.0260520" lon="121.4292330">
    <ele>14.3</ele>
    <time>2025-08-25T03:18:04Z</time>
   </trkpt>
   <trkpt lat="25.0260510" lon="121.4292310">
    <ele>14.3</ele>
    <time>2025-08-25T03:18:05Z</time>
   </trkpt>
   <trkpt lat="25.0260510" lon="121.4292310">
    <ele>14.3</ele>
    <time>2025-08-25T03:18:06Z</time>
   </trkpt>
   <trkpt lat="25.0260500" lon="121.4292300">
    <ele>14.3</ele>
    <time>2025-08-25T03:18:07Z</time>
   </trkpt>
   <trkpt lat="25.0260480" lon="121.4292310">
    <ele>14.3</ele>
    <time>2025-08-25T03:18:08Z</time>
   </trkpt>
   <trkpt lat="25.0260470" lon="121.4292310">
    <ele>14.3</ele>
    <time>2025-08-25T03:18:09Z</time>
   </trkpt>
   <trkpt lat="25.0260480" lon="121.4292300">
    <ele>14.3</ele>
    <time>2025-08-25T03:18:10Z</time>
   </trkpt>
   <trkpt lat="25.0260460" lon="121.4292300">
    <ele>14.3</ele>
    <time>2025-08-25T03:18:12Z</time>
   </trkpt>
   <trkpt lat="25.0260460" lon="121.4292300">
    <ele>14.3</ele>
    <time>2025-08-25T03:18:13Z</time>
   </trkpt>
   <trkpt lat="25.0260460" lon="121.4292290">
    <ele>14.3</ele>
    <time>2025-08-25T03:18:14Z</time>
   </trkpt>
   <trkpt lat="25.0260470" lon="121.4292120">
    <ele>14.3</ele>
    <time>2025-08-25T03:18:15Z</time>
   </trkpt>
   <trkpt lat="25.0260500" lon="121.4291900">
    <ele>14.4</ele>
    <time>2025-08-25T03:18:16Z</time>
   </trkpt>
   <trkpt lat="25.0260520" lon="121.4291810">
    <ele>14.4</ele>
    <time>2025-08-25T03:18:18Z</time>
   </trkpt>
   <trkpt lat="25.0260540" lon="121.4291710">
    <ele>14.4</ele>
    <time>2025-08-25T03:18:19Z</time>
   </trkpt>
   <trkpt lat="25.0260600" lon="121.4291580">
    <ele>14.4</ele>
    <time>2025-08-25T03:18:20Z</time>
   </trkpt>
   <trkpt lat="25.0260750" lon="121.4291210">
    <ele>14.6</ele>
    <time>2025-08-25T03:18:22Z</time>
   </trkpt>
   <trkpt lat="25.0260800" lon="121.4291090">
    <ele>14.6</ele>
    <time>2025-08-25T03:18:23Z</time>
   </trkpt>
   <trkpt lat="25.0260830" lon="121.4290970">
    <ele>14.6</ele>
    <time>2025-08-25T03:18:24Z</time>
   </trkpt>
   <trkpt lat="25.0260840" lon="121.4290860">
    <ele>14.6</ele>
    <time>2025-08-25T03:18:25Z</time>
   </trkpt>
   <trkpt lat="25.0260820" lon="121.4290760">
    <ele>14.7</ele>
    <time>2025-08-25T03:18:26Z</time>
   </trkpt>
  </trkseg>
 </trk>
</gpx>
