<?xml version="1.0" encoding="UTF-8"?>
<gpx xmlns:xsi="http://www.w3.org/2001/XMLSchema-instance" xsi:schemaLocation="http://www.topografix.com/GPX/1/1 http://www.topografix.com/GPX/1/1/gpx.xsd" creator="StravaGPX" version="1.1" xmlns="http://www.topografix.com/GPX/1/1">
 <metadata>
  <time>2025-08-31T04:24:47Z</time>
 </metadata>
 <trk>
  <name>午後騎乘</name>
  <type>cycling</type>
  <trkseg>
   <trkpt lat="25.0224690" lon="121.4254980">
    <ele>13.6</ele>
    <time>2025-08-31T04:24:47Z</time>
   </trkpt>
   <trkpt lat="25.0224670" lon="121.4254930">
    <ele>13.6</ele>
    <time>2025-08-31T04:24:48Z</time>
   </trkpt>
   <trkpt lat="25.0224660" lon="121.4254890">
    <ele>13.6</ele>
    <time>2025-08-31T04:24:49Z</time>
   </trkpt>
   <trkpt lat="25.0224640" lon="121.4254840">
    <ele>13.6</ele>
    <time>2025-08-31T04:24:50Z</time>
   </trkpt>
   <trkpt lat="25.0224620" lon="121.4254800">
    <ele>13.6</ele>
    <time>2025-08-31T04:24:51Z</time>
   </trkpt>
   <trkpt lat="25.0224610" lon="121.4254750">
    <ele>13.6</ele>
    <time>2025-08-31T04:24:52Z</time>
   </trkpt>
   <trkpt lat="25.0224590" lon="121.4254710">
    <ele>13.6</ele>
    <time>2025-08-31T04:24:53Z</time>
   </trkpt>
   <trkpt lat="25.0224550" lon="121.4254620">
    <ele>13.6</ele>
    <time>2025-08-31T04:24:54Z</time>
   </trkpt>
   <trkpt lat="25.0224610" lon="121.4254470">
    <ele>13.6</ele>
    <time>2025-08-31T04:24:55Z</time>
   </trkpt>
   <trkpt lat="25.0224680" lon="121.4254510">
    <ele>13.6</ele>
    <time>2025-08-31T04:24:56Z</time>
   </trkpt>
   <trkpt lat="25.0224680" lon="121.4254510">
    <ele>13.6</ele>
    <time>2025-08-31T04:24:57Z</time>
   </trkpt>
   <trkpt lat="25.0224700" lon="121.4254460">
    <ele>13.6</ele>
    <time>2025-08-31T04:24:58Z</time>
   </trkpt>
   <trkpt lat="25.0224740" lon="121.4254520">
    <ele>13.6</ele>
    <time>2025-08-31T04:24:59Z</time>
   </trkpt>
   <trkpt lat="25.0224730" lon="121.4254450">
    <ele>13.6</ele>
    <time>2025-08-31T04:25:00Z</time>
   </trkpt>
   <trkpt lat="25.0224630" lon="121.4254420">
    <ele>13.6</ele>
    <time>2025-08-31T04:25:01Z</time>
   </trkpt>
   <trkpt lat="25.0224570" lon="121.4254460">
    <ele>13.6</ele>
    <time>2025-08-31T04:25:02Z</time>
   </trkpt>
   <trkpt lat="25.0224500" lon="121.4254510">
    <ele>13.6</ele>
    <time>2025-08-31T04:25:03Z</time>
   </trkpt>
   <trkpt lat="25.0224440" lon="121.4254550">
    <ele>13.6</ele>
    <time>2025-08-31T04:25:04Z</time>
   </trkpt>
   <trkpt lat="25.0224380" lon="121.4254590">
    <ele>13.6</ele>
    <time>2025-08-31T04:25:05Z</time>
   </trkpt>
   <trkpt lat="25.0224230" lon="121.4254700">
    <ele>13.5</ele>
    <time>2025-08-31T04:25:06Z</time>
   </trkpt>
   <trkpt lat="25.0224100" lon="121.4254800">
    <ele>13.5</ele>
    <time>2025-08-31T04:25:07Z</time>
   </trkpt>
   <trkpt lat="25.0223980" lon="121.4254850">
    <ele>13.5</ele>
    <time>2025-08-31T04:25:08Z</time>
   </trkpt>
   <trkpt lat="25.0223980" lon="121.4254890">
    <ele>13.5</ele>
    <time>2025-08-31T04:25:09Z</time>
   </trkpt>
   <trkpt lat="25.0223970" lon="121.4254940">
    <ele>13.5</ele>
    <time>2025-08-31T04:25:10Z</time>
   </trkpt>
   <trkpt lat="25.0223970" lon="121.4254990">
    <ele>13.5</ele>
    <time>2025-08-31T04:25:11Z</time>
   </trkpt>
   <trkpt lat="25.0223970" lon="121.4255030">
    <ele>13.5</ele>
    <time>2025-08-31T04:25:12Z</time>
   </trkpt>
   <trkpt lat="25.0223970" lon="121.4255080">
    <ele>13.5</ele>
    <time>2025-08-31T04:25:14Z</time>
   </trkpt>
   <trkpt lat="25.0223960" lon="121.4255130">
    <ele>13.5</ele>
    <time>2025-08-31T04:25:15Z</time>
   </trkpt>
   <trkpt lat="25.0223960" lon="121.4255170">
    <ele>13.5</ele>
    <time>2025-08-31T04:25:16Z</time>
   </trkpt>
   <trkpt lat="25.0223960" lon="121.4255220">
    <ele>13.5</ele>
    <time>2025-08-31T04:25:17Z</time>
   </trkpt>
   <trkpt lat="25.0223960" lon="121.4255270">
    <ele>13.5</ele>
    <time>2025-08-31T04:25:18Z</time>
   </trkpt>
   <trkpt lat="25.0223950" lon="121.4255310">
    <ele>13.5</ele>
    <time>2025-08-31T04:25:19Z</time>
   </trkpt>
   <trkpt lat="25.0223950" lon="121.4255360">
    <ele>13.5</ele>
    <time>2025-08-31T04:25:20Z</time>
   </trkpt>
   <trkpt lat="25.0223950" lon="121.4255360">
    <ele>13.5</ele>
    <time>2025-08-31T04:25:21Z</time>
   </trkpt>
   <trkpt lat="25.0223940" lon="121.4255360">
    <ele>13.5</ele>
    <time>2025-08-31T04:25:30Z</time>
   </trkpt>
   <trkpt lat="25.0224040" lon="121.4255580">
    <ele>13.5</ele>
    <time>2025-08-31T04:25:31Z</time>
   </trkpt>
   <trkpt lat="25.0224000" lon="121.4255560">
    <ele>13.5</ele>
    <time>2025-08-31T04:25:32Z</time>
   </trkpt>
   <trkpt lat="25.0223910" lon="121.4255480">
    <ele>13.5</ele>
    <time>2025-08-31T04:25:33Z</time>
   </trkpt>
   <trkpt lat="25.0223900" lon="121.4255480">
    <ele>13.5</ele>
    <time>2025-08-31T04:25:34Z</time>
   </trkpt>
   <trkpt lat="25.0223870" lon="121.4255420">
    <ele>13.5</ele>
    <time>2025-08-31T04:25:35Z</time>
   </trkpt>
   <trkpt lat="25.0223730" lon="121.4255310">
    <ele>13.5</ele>
    <time>2025-08-31T04:25:36Z</time>
   </trkpt>
   <trkpt lat="25.0223700" lon="121.4255420">
    <ele>13.5</ele>
    <time>2025-08-31T04:25:37Z</time>
   </trkpt>
   <trkpt lat="25.0223640" lon="121.4255350">
    <ele>13.5</ele>
    <time>2025-08-31T04:25:38Z</time>
   </trkpt>
   <trkpt lat="25.0223710" lon="121.4255250">
    <ele>13.5</ele>
    <time>2025-08-31T04:25:39Z</time>
   </trkpt>
   <trkpt lat="25.0223800" lon="121.4255120">
    <ele>13.5</ele>
    <time>2025-08-31T04:25:40Z</time>
   </trkpt>
   <trkpt lat="25.0223890" lon="121.4255000">
    <ele>13.5</ele>
    <time>2025-08-31T04:25:41Z</time>
   </trkpt>
   <trkpt lat="25.0223980" lon="121.4254870">
    <ele>13.5</ele>
    <time>2025-08-31T04:25:42Z</time>
   </trkpt>
   <trkpt lat="25.0224100" lon="121.4254630">
    <ele>13.5</ele>
    <time>2025-08-31T04:25:43Z</time>
   </trkpt>
   <trkpt lat="25.0224070" lon="121.4254710">
    <ele>13.5</ele>
    <time>2025-08-31T04:25:44Z</time>
   </trkpt>
   <trkpt lat="25.0224010" lon="121.4255000">
    <ele>13.5</ele>
    <time>2025-08-31T04:25:45Z</time>
   </trkpt>
   <trkpt lat="25.0224140" lon="121.4255000">
    <ele>13.5</ele>
    <time>2025-08-31T04:25:46Z</time>
   </trkpt>
   <trkpt lat="25.0224140" lon="121.4255000">
    <ele>13.5</ele>
    <time>2025-08-31T04:25:47Z</time>
   </trkpt>
   <trkpt lat="25.0223990" lon="121.4255170">
    <ele>13.5</ele>
    <time>2025-08-31T04:25:48Z</time>
   </trkpt>
   <trkpt lat="25.0223870" lon="121.4255320">
    <ele>13.5</ele>
    <time>2025-08-31T04:25:49Z</time>
   </trkpt>
   <trkpt lat="25.0223850" lon="121.4255420">
    <ele>13.5</ele>
    <time>2025-08-31T04:25:50Z</time>
   </trkpt>
   <trkpt lat="25.0223830" lon="121.4255510">
    <ele>13.4</ele>
    <time>2025-08-31T04:25:51Z</time>
   </trkpt>
   <trkpt lat="25.0223800" lon="121.4255610">
    <ele>13.4</ele>
    <time>2025-08-31T04:25:52Z</time>
   </trkpt>
   <trkpt lat="25.0223780" lon="121.4255700">
    <ele>13.4</ele>
    <time>2025-08-31T04:25:59Z</time>
   </trkpt>
   <trkpt lat="25.0223760" lon="121.4255800">
    <ele>13.4</ele>
    <time>2025-08-31T04:26:00Z</time>
   </trkpt>
   <trkpt lat="25.0223740" lon="121.4255890">
    <ele>13.4</ele>
    <time>2025-08-31T04:26:01Z</time>
   </trkpt>
   <trkpt lat="25.0223710" lon="121.4255990">
    <ele>13.4</ele>
    <time>2025-08-31T04:26:02Z</time>
   </trkpt>
   <trkpt lat="25.0223500" lon="121.4255910">
    <ele>13.4</ele>
    <time>2025-08-31T04:26:03Z</time>
   </trkpt>
   <trkpt lat="25.0223520" lon="121.4255810">
    <ele>13.4</ele>
    <time>2025-08-31T04:26:04Z</time>
   </trkpt>
   <trkpt lat="25.0223490" lon="121.4255630">
    <ele>13.4</ele>
    <time>2025-08-31T04:26:05Z</time>
   </trkpt>
   <trkpt lat="25.0223520" lon="121.4254850">
    <ele>13.4</ele>
    <time>2025-08-31T04:26:06Z</time>
   </trkpt>
   <trkpt lat="25.0223490" lon="121.4255230">
    <ele>13.4</ele>
    <time>2025-08-31T04:26:07Z</time>
   </trkpt>
   <trkpt lat="25.0223400" lon="121.4255360">
    <ele>13.4</ele>
    <time>2025-08-31T04:26:08Z</time>
   </trkpt>
   <trkpt lat="25.0223270" lon="121.4255420">
    <ele>13.4</ele>
    <time>2025-08-31T04:26:09Z</time>
   </trkpt>
   <trkpt lat="25.0223210" lon="121.4255540">
    <ele>13.4</ele>
    <time>2025-08-31T04:26:10Z</time>
   </trkpt>
   <trkpt lat="25.0223150" lon="121.4255610">
    <ele>13.4</ele>
    <time>2025-08-31T04:26:11Z</time>
   </trkpt>
   <trkpt lat="25.0223100" lon="121.4255680">
    <ele>13.4</ele>
    <time>2025-08-31T04:26:12Z</time>
   </trkpt>
   <trkpt lat="25.0223040" lon="121.4255750">
    <ele>13.4</ele>
    <time>2025-08-31T04:26:13Z</time>
   </trkpt>
   <trkpt lat="25.0223020" lon="121.4255900">
    <ele>13.4</ele>
    <time>2025-08-31T04:26:14Z</time>
   </trkpt>
   <trkpt lat="25.0223150" lon="121.4256130">
    <ele>13.4</ele>
    <time>2025-08-31T04:26:15Z</time>
   </trkpt>
   <trkpt lat="25.0223040" lon="121.4256110">
    <ele>13.4</ele>
    <time>2025-08-31T04:26:16Z</time>
   </trkpt>
   <trkpt lat="25.0222960" lon="121.4255980">
    <ele>13.4</ele>
    <time>2025-08-31T04:26:17Z</time>
   </trkpt>
   <trkpt lat="25.0222910" lon="121.4255910">
    <ele>13.4</ele>
    <time>2025-08-31T04:26:18Z</time>
   </trkpt>
   <trkpt lat="25.0223020" lon="121.4256060">
    <ele>13.4</ele>
    <time>2025-08-31T04:26:19Z</time>
   </trkpt>
   <trkpt lat="25.0223040" lon="121.4256010">
    <ele>13.3</ele>
    <time>2025-08-31T04:26:20Z</time>
   </trkpt>
   <trkpt lat="25.0223040" lon="121.4255980">
    <ele>13.3</ele>
    <time>2025-08-31T04:26:21Z</time>
   </trkpt>
   <trkpt lat="25.0223060" lon="121.4256000">
    <ele>13.3</ele>
    <time>2025-08-31T04:26:22Z</time>
   </trkpt>
   <trkpt lat="25.0223240" lon="121.4256210">
    <ele>13.3</ele>
    <time>2025-08-31T04:27:00Z</time>
   </trkpt>
   <trkpt lat="25.0223230" lon="121.4256400">
    <ele>13.3</ele>
    <time>2025-08-31T04:27:01Z</time>
   </trkpt>
   <trkpt lat="25.0223220" lon="121.4256470">
    <ele>13.3</ele>
    <time>2025-08-31T04:27:02Z</time>
   </trkpt>
   <trkpt lat="25.0223180" lon="121.4256530">
    <ele>13.3</ele>
    <time>2025-08-31T04:27:03Z</time>
   </trkpt>
   <trkpt lat="25.0223300" lon="121.4256580">
    <ele>13.3</ele>
    <time>2025-08-31T04:27:04Z</time>
   </trkpt>
   <trkpt lat="25.0223260" lon="121.4256580">
    <ele>13.3</ele>
    <time>2025-08-31T04:27:05Z</time>
   </trkpt>
   <trkpt lat="25.0223340" lon="121.4256700">
    <ele>13.3</ele>
    <time>2025-08-31T04:27:06Z</time>
   </trkpt>
   <trkpt lat="25.0223210" lon="121.4256890">
    <ele>13.3</ele>
    <time>2025-08-31T04:27:07Z</time>
   </trkpt>
   <trkpt lat="25.0223250" lon="121.4257040">
    <ele>13.3</ele>
    <time>2025-08-31T04:27:08Z</time>
   </trkpt>
   <trkpt lat="25.0223080" lon="121.4256970">
    <ele>13.3</ele>
    <time>2025-08-31T04:27:09Z</time>
   </trkpt>
   <trkpt lat="25.0223100" lon="121.4257080">
    <ele>13.3</ele>
    <time>2025-08-31T04:27:10Z</time>
   </trkpt>
   <trkpt lat="25.0223160" lon="121.4257140">
    <ele>13.3</ele>
    <time>2025-08-31T04:27:11Z</time>
   </trkpt>
   <trkpt lat="25.0223260" lon="121.4257270">
    <ele>13.3</ele>
    <time>2025-08-31T04:27:12Z</time>
   </trkpt>
   <trkpt lat="25.0223410" lon="121.4257370">
    <ele>13.3</ele>
    <time>2025-08-31T04:27:13Z</time>
   </trkpt>
   <trkpt lat="25.0223460" lon="121.4257470">
    <ele>13.3</ele>
    <time>2025-08-31T04:27:14Z</time>
   </trkpt>
   <trkpt lat="25.0223280" lon="121.4257270">
    <ele>13.3</ele>
    <time>2025-08-31T04:27:15Z</time>
   </trkpt>
   <trkpt lat="25.0223280" lon="121.4257260">
    <ele>13.3</ele>
    <time>2025-08-31T04:27:16Z</time>
   </trkpt>
   <trkpt lat="25.0223260" lon="121.4257240">
    <ele>13.3</ele>
    <time>2025-08-31T04:27:17Z</time>
   </trkpt>
   <trkpt lat="25.0223160" lon="121.4257200">
    <ele>13.3</ele>
    <time>2025-08-31T04:27:18Z</time>
   </trkpt>
   <trkpt lat="25.0223070" lon="121.4257150">
    <ele>13.3</ele>
    <time>2025-08-31T04:27:19Z</time>
   </trkpt>
   <trkpt lat="25.0222980" lon="121.4257100">
    <ele>13.3</ele>
    <time>2025-08-31T04:27:20Z</time>
   </trkpt>
   <trkpt lat="25.0222890" lon="121.4257050">
    <ele>13.3</ele>
    <time>2025-08-31T04:27:21Z</time>
   </trkpt>
   <trkpt lat="25.0222860" lon="121.4256700">
    <ele>13.3</ele>
    <time>2025-08-31T04:27:22Z</time>
   </trkpt>
   <trkpt lat="25.0222810" lon="121.4256330">
    <ele>13.3</ele>
    <time>2025-08-31T04:27:23Z</time>
   </trkpt>
   <trkpt lat="25.0223260" lon="121.4257780">
    <ele>13.3</ele>
    <time>2025-08-31T04:27:24Z</time>
   </trkpt>
   <trkpt lat="25.0222980" lon="121.4258060">
    <ele>13.3</ele>
    <time>2025-08-31T04:27:25Z</time>
   </trkpt>
   <trkpt lat="25.0222580" lon="121.4257670">
    <ele>13.3</ele>
    <time>2025-08-31T04:27:26Z</time>
   </trkpt>
   <trkpt lat="25.0222550" lon="121.4257360">
    <ele>13.3</ele>
    <time>2025-08-31T04:27:27Z</time>
   </trkpt>
   <trkpt lat="25.0222590" lon="121.4257040">
    <ele>13.3</ele>
    <time>2025-08-31T04:27:28Z</time>
   </trkpt>
   <trkpt lat="25.0222540" lon="121.4257100">
    <ele>13.3</ele>
    <time>2025-08-31T04:27:29Z</time>
   </trkpt>
   <trkpt lat="25.0222480" lon="121.4257160">
    <ele>13.3</ele>
    <time>2025-08-31T04:27:30Z</time>
   </trkpt>
   <trkpt lat="25.0222430" lon="121.4257220">
    <ele>13.3</ele>
    <time>2025-08-31T04:27:31Z</time>
   </trkpt>
   <trkpt lat="25.0222380" lon="121.4257280">
    <ele>13.3</ele>
    <time>2025-08-31T04:27:32Z</time>
   </trkpt>
   <trkpt lat="25.0222320" lon="121.4257330">
    <ele>13.3</ele>
    <time>2025-08-31T04:27:33Z</time>
   </trkpt>
   <trkpt lat="25.0222270" lon="121.4257390">
    <ele>13.3</ele>
    <time>2025-08-31T04:27:34Z</time>
   </trkpt>
   <trkpt lat="25.0222210" lon="121.4257450">
    <ele>13.3</ele>
    <time>2025-08-31T04:27:35Z</time>
   </trkpt>
   <trkpt lat="25.0222160" lon="121.4257510">
    <ele>13.3</ele>
    <time>2025-08-31T04:27:36Z</time>
   </trkpt>
   <trkpt lat="25.0222230" lon="121.4257600">
    <ele>13.3</ele>
    <time>2025-08-31T04:27:57Z</time>
   </trkpt>
   <trkpt lat="25.0222350" lon="121.4257250">
    <ele>13.3</ele>
    <time>2025-08-31T04:27:58Z</time>
   </trkpt>
   <trkpt lat="25.0222280" lon="121.4257480">
    <ele>13.3</ele>
    <time>2025-08-31T04:27:59Z</time>
   </trkpt>
   <trkpt lat="25.0222150" lon="121.4257640">
    <ele>13.3</ele>
    <time>2025-08-31T04:28:00Z</time>
   </trkpt>
   <trkpt lat="25.0221790" lon="121.4257520">
    <ele>13.3</ele>
    <time>2025-08-31T04:28:01Z</time>
   </trkpt>
   <trkpt lat="25.0221640" lon="121.4257500">
    <ele>13.3</ele>
    <time>2025-08-31T04:28:02Z</time>
   </trkpt>
   <trkpt lat="25.0221500" lon="121.4257650">
    <ele>13.3</ele>
    <time>2025-08-31T04:28:03Z</time>
   </trkpt>
   <trkpt lat="25.0221390" lon="121.4257860">
    <ele>13.3</ele>
    <time>2025-08-31T04:28:04Z</time>
   </trkpt>
   <trkpt lat="25.0221290" lon="121.4257880">
    <ele>13.3</ele>
    <time>2025-08-31T04:28:05Z</time>
   </trkpt>
   <trkpt lat="25.0221200" lon="121.4257900">
    <ele>13.3</ele>
    <time>2025-08-31T04:28:06Z</time>
   </trkpt>
   <trkpt lat="25.0221080" lon="121.4257990">
    <ele>13.3</ele>
    <time>2025-08-31T04:28:07Z</time>
   </trkpt>
   <trkpt lat="25.0221030" lon="121.4258050">
    <ele>13.3</ele>
    <time>2025-08-31T04:28:08Z</time>
   </trkpt>
   <trkpt lat="25.0220990" lon="121.4258070">
    <ele>13.3</ele>
    <time>2025-08-31T04:28:09Z</time>
   </trkpt>
   <trkpt lat="25.0220880" lon="121.4258070">
    <ele>13.3</ele>
    <time>2025-08-31T04:28:10Z</time>
   </trkpt>
   <trkpt lat="25.0220690" lon="121.4258170">
    <ele>13.3</ele>
    <time>2025-08-31T04:28:11Z</time>
   </trkpt>
   <trkpt lat="25.0220590" lon="121.4258250">
    <ele>13.3</ele>
    <time>2025-08-31T04:28:12Z</time>
   </trkpt>
   <trkpt lat="25.0220490" lon="121.4258350">
    <ele>13.3</ele>
    <time>2025-08-31T04:28:13Z</time>
   </trkpt>
   <trkpt lat="25.0220450" lon="121.4258430">
    <ele>13.3</ele>
    <time>2025-08-31T04:28:14Z</time>
   </trkpt>
   <trkpt lat="25.0220340" lon="121.4258490">
    <ele>13.3</ele>
    <time>2025-08-31T04:28:15Z</time>
   </trkpt>
   <trkpt lat="25.0220240" lon="121.4258560">
    <ele>13.3</ele>
    <time>2025-08-31T04:28:16Z</time>
   </trkpt>
   <trkpt lat="25.0220340" lon="121.4258690">
    <ele>13.3</ele>
    <time>2025-08-31T04:28:17Z</time>
   </trkpt>
   <trkpt lat="25.0220370" lon="121.4258690">
    <ele>13.3</ele>
    <time>2025-08-31T04:28:18Z</time>
   </trkpt>
   <trkpt lat="25.0220410" lon="121.4258660">
    <ele>13.3</ele>
    <time>2025-08-31T04:28:19Z</time>
   </trkpt>
   <trkpt lat="25.0220500" lon="121.4258740">
    <ele>13.3</ele>
    <time>2025-08-31T04:28:20Z</time>
   </trkpt>
   <trkpt lat="25.0220510" lon="121.4258820">
    <ele>13.3</ele>
    <time>2025-08-31T04:28:21Z</time>
   </trkpt>
   <trkpt lat="25.0220460" lon="121.4258850">
    <ele>13.3</ele>
    <time>2025-08-31T04:28:22Z</time>
   </trkpt>
   <trkpt lat="25.0220420" lon="121.4258890">
    <ele>13.3</ele>
    <time>2025-08-31T04:28:23Z</time>
   </trkpt>
   <trkpt lat="25.0220370" lon="121.4258920">
    <ele>13.3</ele>
    <time>2025-08-31T04:28:24Z</time>
   </trkpt>
   <trkpt lat="25.0220320" lon="121.4258950">
    <ele>13.3</ele>
    <time>2025-08-31T04:28:25Z</time>
   </trkpt>
   <trkpt lat="25.0220270" lon="121.4258980">
    <ele>13.3</ele>
    <time>2025-08-31T04:28:26Z</time>
   </trkpt>
   <trkpt lat="25.0220230" lon="121.4259020">
    <ele>13.3</ele>
    <time>2025-08-31T04:28:38Z</time>
   </trkpt>
   <trkpt lat="25.0220180" lon="121.4259050">
    <ele>13.3</ele>
    <time>2025-08-31T04:28:39Z</time>
   </trkpt>
   <trkpt lat="25.0220130" lon="121.4259080">
    <ele>13.3</ele>
    <time>2025-08-31T04:28:40Z</time>
   </trkpt>
   <trkpt lat="25.0220080" lon="121.4259110">
    <ele>13.3</ele>
    <time>2025-08-31T04:28:41Z</time>
   </trkpt>
   <trkpt lat="25.0220040" lon="121.4259150">
    <ele>13.3</ele>
    <time>2025-08-31T04:28:42Z</time>
   </trkpt>
   <trkpt lat="25.0219990" lon="121.4259180">
    <ele>13.3</ele>
    <time>2025-08-31T04:28:43Z</time>
   </trkpt>
   <trkpt lat="25.0219940" lon="121.4259210">
    <ele>13.3</ele>
    <time>2025-08-31T04:28:44Z</time>
   </trkpt>
   <trkpt lat="25.0219750" lon="121.4259270">
    <ele>13.3</ele>
    <time>2025-08-31T04:28:45Z</time>
   </trkpt>
   <trkpt lat="25.0219640" lon="121.4259260">
    <ele>13.3</ele>
    <time>2025-08-31T04:28:46Z</time>
   </trkpt>
   <trkpt lat="25.0219550" lon="121.4259330">
    <ele>13.3</ele>
    <time>2025-08-31T04:28:47Z</time>
   </trkpt>
   <trkpt lat="25.0219470" lon="121.4259430">
    <ele>13.3</ele>
    <time>2025-08-31T04:28:48Z</time>
   </trkpt>
   <trkpt lat="25.0219480" lon="121.4259430">
    <ele>13.3</ele>
    <time>2025-08-31T04:28:49Z</time>
   </trkpt>
   <trkpt lat="25.0219550" lon="121.4259360">
    <ele>13.3</ele>
    <time>2025-08-31T04:28:50Z</time>
   </trkpt>
   <trkpt lat="25.0219590" lon="121.4259340">
    <ele>13.3</ele>
    <time>2025-08-31T04:28:51Z</time>
   </trkpt>
   <trkpt lat="25.0219570" lon="121.4259310">
    <ele>13.3</ele>
    <time>2025-08-31T04:28:52Z</time>
   </trkpt>
   <trkpt lat="25.0219590" lon="121.4259310">
    <ele>13.3</ele>
    <time>2025-08-31T04:28:53Z</time>
   </trkpt>
   <trkpt lat="25.0219590" lon="121.4259290">
    <ele>13.3</ele>
    <time>2025-08-31T04:28:54Z</time>
   </trkpt>
   <trkpt lat="25.0219590" lon="121.4259290">
    <ele>13.3</ele>
    <time>2025-08-31T04:28:55Z</time>
   </trkpt>
   <trkpt lat="25.0219590" lon="121.4259290">
    <ele>13.3</ele>
    <time>2025-08-31T04:28:56Z</time>
   </trkpt>
   <trkpt lat="25.0219600" lon="121.4259260">
    <ele>13.3</ele>
    <time>2025-08-31T04:28:57Z</time>
   </trkpt>
   <trkpt lat="25.0219640" lon="121.4259230">
    <ele>13.3</ele>
    <time>2025-08-31T04:28:58Z</time>
   </trkpt>
   <trkpt lat="25.0219510" lon="121.4259170">
    <ele>13.3</ele>
    <time>2025-08-31T04:29:16Z</time>
   </trkpt>
   <trkpt lat="25.0219400" lon="121.4259130">
    <ele>13.3</ele>
    <time>2025-08-31T04:29:17Z</time>
   </trkpt>
   <trkpt lat="25.0219320" lon="121.4259070">
    <ele>13.3</ele>
    <time>2025-08-31T04:29:18Z</time>
   </trkpt>
   <trkpt lat="25.0219100" lon="121.4259010">
    <ele>13.3</ele>
    <time>2025-08-31T04:29:19Z</time>
   </trkpt>
   <trkpt lat="25.0219020" lon="121.4258990">
    <ele>13.3</ele>
    <time>2025-08-31T04:29:20Z</time>
   </trkpt>
   <trkpt lat="25.0218940" lon="121.4258960">
    <ele>13.3</ele>
    <time>2025-08-31T04:29:21Z</time>
   </trkpt>
   <trkpt lat="25.0218780" lon="121.4258930">
    <ele>13.3</ele>
    <time>2025-08-31T04:29:22Z</time>
   </trkpt>
   <trkpt lat="25.0218730" lon="121.4258880">
    <ele>13.3</ele>
    <time>2025-08-31T04:29:23Z</time>
   </trkpt>
   <trkpt lat="25.0218610" lon="121.4258800">
    <ele>13.3</ele>
    <time>2025-08-31T04:29:24Z</time>
   </trkpt>
   <trkpt lat="25.0218400" lon="121.4258740">
    <ele>13.3</ele>
    <time>2025-08-31T04:29:25Z</time>
   </trkpt>
   <trkpt lat="25.0218310" lon="121.4258760">
    <ele>13.3</ele>
    <time>2025-08-31T04:29:26Z</time>
   </trkpt>
   <trkpt lat="25.0218430" lon="121.4258790">
    <ele>13.3</ele>
    <time>2025-08-31T04:29:27Z</time>
   </trkpt>
   <trkpt lat="25.0218430" lon="121.4258670">
    <ele>13.3</ele>
    <time>2025-08-31T04:29:28Z</time>
   </trkpt>
   <trkpt lat="25.0218410" lon="121.4258630">
    <ele>13.3</ele>
    <time>2025-08-31T04:29:29Z</time>
   </trkpt>
   <trkpt lat="25.0218390" lon="121.4258640">
    <ele>13.3</ele>
    <time>2025-08-31T04:29:30Z</time>
   </trkpt>
   <trkpt lat="25.0218390" lon="121.4258650">
    <ele>13.3</ele>
    <time>2025-08-31T04:29:31Z</time>
   </trkpt>
   <trkpt lat="25.0218390" lon="121.4258650">
    <ele>13.3</ele>
    <time>2025-08-31T04:29:32Z</time>
   </trkpt>
   <trkpt lat="25.0218390" lon="121.4258650">
    <ele>13.3</ele>
    <time>2025-08-31T04:29:33Z</time>
   </trkpt>
   <trkpt lat="25.0218390" lon="121.4258650">
    <ele>13.3</ele>
    <time>2025-08-31T04:29:34Z</time>
   </trkpt>
   <trkpt lat="25.0218480" lon="121.4258480">
    <ele>13.3</ele>
    <time>2025-08-31T04:29:35Z</time>
   </trkpt>
   <trkpt lat="25.0218470" lon="121.4258460">
    <ele>13.3</ele>
    <time>2025-08-31T04:29:36Z</time>
   </trkpt>
   <trkpt lat="25.0218160" lon="121.4258510">
    <ele>13.3</ele>
    <time>2025-08-31T04:30:02Z</time>
   </trkpt>
   <trkpt lat="25.0218000" lon="121.4258470">
    <ele>13.3</ele>
    <time>2025-08-31T04:30:03Z</time>
   </trkpt>
   <trkpt lat="25.0217860" lon="121.4258430">
    <ele>13.3</ele>
    <time>2025-08-31T04:30:04Z</time>
   </trkpt>
   <trkpt lat="25.0217750" lon="121.4258420">
    <ele>13.3</ele>
    <time>2025-08-31T04:30:05Z</time>
   </trkpt>
   <trkpt lat="25.0217640" lon="121.4258360">
    <ele>13.3</ele>
    <time>2025-08-31T04:30:06Z</time>
   </trkpt>
   <trkpt lat="25.0217680" lon="121.4258160">
    <ele>13.3</ele>
    <time>2025-08-31T04:30:07Z</time>
   </trkpt>
   <trkpt lat="25.0217570" lon="121.4258160">
    <ele>13.3</ele>
    <time>2025-08-31T04:30:08Z</time>
   </trkpt>
   <trkpt lat="25.0217480" lon="121.4258080">
    <ele>13.3</ele>
    <time>2025-08-31T04:30:09Z</time>
   </trkpt>
   <trkpt lat="25.0217370" lon="121.4258010">
    <ele>13.3</ele>
    <time>2025-08-31T04:30:10Z</time>
   </trkpt>
   <trkpt lat="25.0217290" lon="121.4257950">
    <ele>13.3</ele>
    <time>2025-08-31T04:30:11Z</time>
   </trkpt>
   <trkpt lat="25.0217190" lon="121.4257900">
    <ele>13.3</ele>
    <time>2025-08-31T04:30:12Z</time>
   </trkpt>
   <trkpt lat="25.0217100" lon="121.4257960">
    <ele>13.3</ele>
    <time>2025-08-31T04:30:13Z</time>
   </trkpt>
   <trkpt lat="25.0217130" lon="121.4257960">
    <ele>13.3</ele>
    <time>2025-08-31T04:30:14Z</time>
   </trkpt>
   <trkpt lat="25.0217220" lon="121.4257930">
    <ele>13.3</ele>
    <time>2025-08-31T04:30:15Z</time>
   </trkpt>
   <trkpt lat="25.0217250" lon="121.4257890">
    <ele>13.3</ele>
    <time>2025-08-31T04:30:16Z</time>
   </trkpt>
   <trkpt lat="25.0217240" lon="121.4257820">
    <ele>13.3</ele>
    <time>2025-08-31T04:30:17Z</time>
   </trkpt>
   <trkpt lat="25.0217280" lon="121.4257890">
    <ele>13.3</ele>
    <time>2025-08-31T04:30:18Z</time>
   </trkpt>
   <trkpt lat="25.0217300" lon="121.4257910">
    <ele>13.3</ele>
    <time>2025-08-31T04:30:19Z</time>
   </trkpt>
   <trkpt lat="25.0217320" lon="121.4258010">
    <ele>13.3</ele>
    <time>2025-08-31T04:30:20Z</time>
   </trkpt>
   <trkpt lat="25.0217340" lon="121.4258010">
    <ele>13.3</ele>
    <time>2025-08-31T04:30:21Z</time>
   </trkpt>
   <trkpt lat="25.0217380" lon="121.4258020">
    <ele>13.3</ele>
    <time>2025-08-31T04:30:22Z</time>
   </trkpt>
   <trkpt lat="25.0217320" lon="121.4257680">
    <ele>13.3</ele>
    <time>2025-08-31T04:30:33Z</time>
   </trkpt>
   <trkpt lat="25.0217320" lon="121.4258030">
    <ele>13.3</ele>
    <time>2025-08-31T04:30:34Z</time>
   </trkpt>
   <trkpt lat="25.0217120" lon="121.4258280">
    <ele>13.3</ele>
    <time>2025-08-31T04:30:35Z</time>
   </trkpt>
   <trkpt lat="25.0217020" lon="121.4258390">
    <ele>13.3</ele>
    <time>2025-08-31T04:30:36Z</time>
   </trkpt>
   <trkpt lat="25.0217240" lon="121.4258140">
    <ele>13.3</ele>
    <time>2025-08-31T04:30:37Z</time>
   </trkpt>
   <trkpt lat="25.0217150" lon="121.4257950">
    <ele>13.3</ele>
    <time>2025-08-31T04:30:38Z</time>
   </trkpt>
   <trkpt lat="25.0217050" lon="121.4257860">
    <ele>13.3</ele>
    <time>2025-08-31T04:30:39Z</time>
   </trkpt>
   <trkpt lat="25.0216710" lon="121.4257740">
    <ele>13.3</ele>
    <time>2025-08-31T04:30:40Z</time>
   </trkpt>
   <trkpt lat="25.0216600" lon="121.4257720">
    <ele>13.3</ele>
    <time>2025-08-31T04:30:41Z</time>
   </trkpt>
   <trkpt lat="25.0216430" lon="121.4257650">
    <ele>13.3</ele>
    <time>2025-08-31T04:30:42Z</time>
   </trkpt>
   <trkpt lat="25.0216360" lon="121.4257530">
    <ele>13.3</ele>
    <time>2025-08-31T04:30:43Z</time>
   </trkpt>
   <trkpt lat="25.0216240" lon="121.4257390">
    <ele>13.4</ele>
    <time>2025-08-31T04:30:44Z</time>
   </trkpt>
   <trkpt lat="25.0216190" lon="121.4257270">
    <ele>13.4</ele>
    <time>2025-08-31T04:30:45Z</time>
   </trkpt>
   <trkpt lat="25.0216130" lon="121.4257290">
    <ele>13.4</ele>
    <time>2025-08-31T04:30:46Z</time>
   </trkpt>
   <trkpt lat="25.0216130" lon="121.4257380">
    <ele>13.4</ele>
    <time>2025-08-31T04:30:47Z</time>
   </trkpt>
   <trkpt lat="25.0216110" lon="121.4257420">
    <ele>13.4</ele>
    <time>2025-08-31T04:30:48Z</time>
   </trkpt>
   <trkpt lat="25.0216080" lon="121.4257410">
    <ele>13.4</ele>
    <time>2025-08-31T04:30:49Z</time>
   </trkpt>
   <trkpt lat="25.0216010" lon="121.4257460">
    <ele>13.4</ele>
    <time>2025-08-31T04:30:50Z</time>
   </trkpt>
   <trkpt lat="25.0215990" lon="121.4257490">
    <ele>13.4</ele>
    <time>2025-08-31T04:30:51Z</time>
   </trkpt>
   <trkpt lat="25.0216060" lon="121.4257440">
    <ele>13.4</ele>
    <time>2025-08-31T04:30:52Z</time>
   </trkpt>
   <trkpt lat="25.0216040" lon="121.4257340">
    <ele>13.4</ele>
    <time>2025-08-31T04:30:53Z</time>
   </trkpt>
   <trkpt lat="25.0215950" lon="121.4257380">
    <ele>13.4</ele>
    <time>2025-08-31T04:30:54Z</time>
   </trkpt>
   <trkpt lat="25.0215950" lon="121.4257380">
    <ele>13.4</ele>
    <time>2025-08-31T04:30:55Z</time>
   </trkpt>
   <trkpt lat="25.0215430" lon="121.4257040">
    <ele>13.4</ele>
    <time>2025-08-31T04:31:04Z</time>
   </trkpt>
   <trkpt lat="25.0215120" lon="121.4257110">
    <ele>13.4</ele>
    <time>2025-08-31T04:31:05Z</time>
   </trkpt>
   <trkpt lat="25.0214830" lon="121.4257230">
    <ele>13.4</ele>
    <time>2025-08-31T04:31:06Z</time>
   </trkpt>
   <trkpt lat="25.0214700" lon="121.4257280">
    <ele>13.4</ele>
    <time>2025-08-31T04:31:07Z</time>
   </trkpt>
   <trkpt lat="25.0214730" lon="121.4257150">
    <ele>13.4</ele>
    <time>2025-08-31T04:31:08Z</time>
   </trkpt>
   <trkpt lat="25.0214620" lon="121.4257060">
    <ele>13.4</ele>
    <time>2025-08-31T04:31:09Z</time>
   </trkpt>
   <trkpt lat="25.0214710" lon="121.4256980">
    <ele>13.4</ele>
    <time>2025-08-31T04:31:10Z</time>
   </trkpt>
   <trkpt lat="25.0214690" lon="121.4256970">
    <ele>13.4</ele>
    <time>2025-08-31T04:31:11Z</time>
   </trkpt>
   <trkpt lat="25.0214880" lon="121.4256730">
    <ele>13.4</ele>
    <time>2025-08-31T04:31:12Z</time>
   </trkpt>
   <trkpt lat="25.0215160" lon="121.4256770">
    <ele>13.4</ele>
    <time>2025-08-31T04:31:13Z</time>
   </trkpt>
   <trkpt lat="25.0215250" lon="121.4256790">
    <ele>13.4</ele>
    <time>2025-08-31T04:31:14Z</time>
   </trkpt>
   <trkpt lat="25.0215130" lon="121.4256980">
    <ele>13.4</ele>
    <time>2025-08-31T04:31:15Z</time>
   </trkpt>
   <trkpt lat="25.0215130" lon="121.4257040">
    <ele>13.4</ele>
    <time>2025-08-31T04:31:16Z</time>
   </trkpt>
   <trkpt lat="25.0215130" lon="121.4256970">
    <ele>13.4</ele>
    <time>2025-08-31T04:31:17Z</time>
   </trkpt>
   <trkpt lat="25.0215050" lon="121.4256860">
    <ele>13.4</ele>
    <time>2025-08-31T04:31:18Z</time>
   </trkpt>
   <trkpt lat="25.0215070" lon="121.4256890">
    <ele>13.4</ele>
    <time>2025-08-31T04:31:19Z</time>
   </trkpt>
   <trkpt lat="25.0214990" lon="121.4256880">
    <ele>13.4</ele>
    <time>2025-08-31T04:31:20Z</time>
   </trkpt>
   <trkpt lat="25.0215020" lon="121.4256910">
    <ele>13.4</ele>
    <time>2025-08-31T04:31:21Z</time>
   </trkpt>
   <trkpt lat="25.0215170" lon="121.4256890">
    <ele>13.5</ele>
    <time>2025-08-31T04:31:22Z</time>
   </trkpt>
   <trkpt lat="25.0215190" lon="121.4256830">
    <ele>13.5</ele>
    <time>2025-08-31T04:31:23Z</time>
   </trkpt>
   <trkpt lat="25.0215320" lon="121.4256730">
    <ele>13.5</ele>
    <time>2025-08-31T04:31:24Z</time>
   </trkpt>
   <trkpt lat="25.0215340" lon="121.4256750">
    <ele>13.5</ele>
    <time>2025-08-31T04:31:25Z</time>
   </trkpt>
   <trkpt lat="25.0215370" lon="121.4256680">
    <ele>13.5</ele>
    <time>2025-08-31T04:31:26Z</time>
   </trkpt>
   <trkpt lat="25.0215360" lon="121.4256780">
    <ele>13.5</ele>
    <time>2025-08-31T04:31:27Z</time>
   </trkpt>
   <trkpt lat="25.0215380" lon="121.4256680">
    <ele>13.5</ele>
    <time>2025-08-31T04:31:28Z</time>
   </trkpt>
   <trkpt lat="25.0215430" lon="121.4256600">
    <ele>13.5</ele>
    <time>2025-08-31T04:31:29Z</time>
   </trkpt>
   <trkpt lat="25.0214280" lon="121.4255670">
    <ele>13.5</ele>
    <time>2025-08-31T04:32:40Z</time>
   </trkpt>
   <trkpt lat="25.0214320" lon="121.4255500">
    <ele>13.5</ele>
    <time>2025-08-31T04:32:41Z</time>
   </trkpt>
   <trkpt lat="25.0214500" lon="121.4255700">
    <ele>13.5</ele>
    <time>2025-08-31T04:32:42Z</time>
   </trkpt>
   <trkpt lat="25.0214550" lon="121.4255600">
    <ele>13.5</ele>
    <time>2025-08-31T04:32:43Z</time>
   </trkpt>
   <trkpt lat="25.0214580" lon="121.4255450">
    <ele>13.5</ele>
    <time>2025-08-31T04:32:44Z</time>
   </trkpt>
   <trkpt lat="25.0214520" lon="121.4255420">
    <ele>13.5</ele>
    <time>2025-08-31T04:32:45Z</time>
   </trkpt>
   <trkpt lat="25.0214470" lon="121.4255400">
    <ele>13.5</ele>
    <time>2025-08-31T04:32:46Z</time>
   </trkpt>
   <trkpt lat="25.0214410" lon="121.4255380">
    <ele>13.5</ele>
    <time>2025-08-31T04:32:47Z</time>
   </trkpt>
   <trkpt lat="25.0214360" lon="121.4255350">
    <ele>13.5</ele>
    <time>2025-08-31T04:32:48Z</time>
   </trkpt>
   <trkpt lat="25.0214300" lon="121.4255330">
    <ele>13.5</ele>
    <time>2025-08-31T04:32:49Z</time>
   </trkpt>
   <trkpt lat="25.0214250" lon="121.4255310">
    <ele>13.5</ele>
    <time>2025-08-31T04:32:50Z</time>
   </trkpt>
   <trkpt lat="25.0214190" lon="121.4255280">
    <ele>13.5</ele>
    <time>2025-08-31T04:32:51Z</time>
   </trkpt>
   <trkpt lat="25.0214140" lon="121.4255260">
    <ele>13.5</ele>
    <time>2025-08-31T04:32:52Z</time>
   </trkpt>
   <trkpt lat="25.0214080" lon="121.4255240">
    <ele>13.5</ele>
    <time>2025-08-31T04:32:53Z</time>
   </trkpt>
   <trkpt lat="25.0214030" lon="121.4255220">
    <ele>13.5</ele>
    <time>2025-08-31T04:32:54Z</time>
   </trkpt>
   <trkpt lat="25.0213970" lon="121.4255190">
    <ele>13.5</ele>
    <time>2025-08-31T04:32:55Z</time>
   </trkpt>
   <trkpt lat="25.0213920" lon="121.4255170">
    <ele>13.5</ele>
    <time>2025-08-31T04:32:56Z</time>
   </trkpt>
   <trkpt lat="25.0213860" lon="121.4255150">
    <ele>13.5</ele>
    <time>2025-08-31T04:33:25Z</time>
   </trkpt>
   <trkpt lat="25.0213810" lon="121.4255120">
    <ele>13.5</ele>
    <time>2025-08-31T04:33:26Z</time>
   </trkpt>
   <trkpt lat="25.0213750" lon="121.4255100">
    <ele>13.5</ele>
    <time>2025-08-31T04:33:27Z</time>
   </trkpt>
   <trkpt lat="25.0213650" lon="121.4255130">
    <ele>13.5</ele>
    <time>2025-08-31T04:33:28Z</time>
   </trkpt>
   <trkpt lat="25.0213610" lon="121.4255110">
    <ele>13.5</ele>
    <time>2025-08-31T04:33:29Z</time>
   </trkpt>
   <trkpt lat="25.0213510" lon="121.4255100">
    <ele>13.5</ele>
    <time>2025-08-31T04:33:30Z</time>
   </trkpt>
   <trkpt lat="25.0213460" lon="121.4255120">
    <ele>13.5</ele>
    <time>2025-08-31T04:33:31Z</time>
   </trkpt>
   <trkpt lat="25.0213410" lon="121.4255160">
    <ele>13.5</ele>
    <time>2025-08-31T04:33:32Z</time>
   </trkpt>
   <trkpt lat="25.0213450" lon="121.4255120">
    <ele>13.5</ele>
    <time>2025-08-31T04:33:33Z</time>
   </trkpt>
   <trkpt lat="25.0213490" lon="121.4255090">
    <ele>13.5</ele>
    <time>2025-08-31T04:33:34Z</time>
   </trkpt>
   <trkpt lat="25.0213420" lon="121.4255260">
    <ele>13.5</ele>
    <time>2025-08-31T04:33:35Z</time>
   </trkpt>
   <trkpt lat="25.0213420" lon="121.4255260">
    <ele>13.5</ele>
    <time>2025-08-31T04:33:36Z</time>
   </trkpt>
   <trkpt lat="25.0213520" lon="121.4255140">
    <ele>13.5</ele>
    <time>2025-08-31T04:33:37Z</time>
   </trkpt>
   <trkpt lat="25.0213520" lon="121.4255140">
    <ele>13.5</ele>
    <time>2025-08-31T04:33:38Z</time>
   </trkpt>
   <trkpt lat="25.0213630" lon="121.4255120">
    <ele>13.5</ele>
    <time>2025-08-31T04:33:39Z</time>
   </trkpt>
   <trkpt lat="25.0213610" lon="121.4255080">
    <ele>13.5</ele>
    <time>2025-08-31T04:33:40Z</time>
   </trkpt>
   <trkpt lat="25.0213560" lon="121.4254990">
    <ele>13.5</ele>
    <time>2025-08-31T04:33:41Z</time>
   </trkpt>
   <trkpt lat="25.0213590" lon="121.4254960">
    <ele>13.5</ele>
    <time>2025-08-31T04:33:42Z</time>
   </trkpt>
   <trkpt lat="25.0212850" lon="121.4255040">
    <ele>13.5</ele>
    <time>2025-08-31T04:33:59Z</time>
   </trkpt>
   <trkpt lat="25.0212800" lon="121.4254960">
    <ele>13.5</ele>
    <time>2025-08-31T04:34:00Z</time>
   </trkpt>
   <trkpt lat="25.0212910" lon="121.4254930">
    <ele>13.5</ele>
    <time>2025-08-31T04:34:01Z</time>
   </trkpt>
   <trkpt lat="25.0212930" lon="121.4255020">
    <ele>13.5</ele>
    <time>2025-08-31T04:34:02Z</time>
   </trkpt>
   <trkpt lat="25.0212930" lon="121.4254970">
    <ele>13.5</ele>
    <time>2025-08-31T04:34:03Z</time>
   </trkpt>
   <trkpt lat="25.0212860" lon="121.4255050">
    <ele>13.5</ele>
    <time>2025-08-31T04:34:04Z</time>
   </trkpt>
   <trkpt lat="25.0212810" lon="121.4255080">
    <ele>13.5</ele>
    <time>2025-08-31T04:34:05Z</time>
   </trkpt>
   <trkpt lat="25.0212720" lon="121.4255280">
    <ele>13.5</ele>
    <time>2025-08-31T04:34:06Z</time>
   </trkpt>
   <trkpt lat="25.0212780" lon="121.4255190">
    <ele>13.5</ele>
    <time>2025-08-31T04:34:07Z</time>
   </trkpt>
   <trkpt lat="25.0212780" lon="121.4255190">
    <ele>13.5</ele>
    <time>2025-08-31T04:34:08Z</time>
   </trkpt>
   <trkpt lat="25.0212810" lon="121.4255150">
    <ele>13.5</ele>
    <time>2025-08-31T04:34:09Z</time>
   </trkpt>
   <trkpt lat="25.0212830" lon="121.4255130">
    <ele>13.5</ele>
    <time>2025-08-31T04:34:10Z</time>
   </trkpt>
   <trkpt lat="25.0212780" lon="121.4255170">
    <ele>13.5</ele>
    <time>2025-08-31T04:34:11Z</time>
   </trkpt>
   <trkpt lat="25.0212760" lon="121.4255170">
    <ele>13.5</ele>
    <time>2025-08-31T04:34:12Z</time>
   </trkpt>
   <trkpt lat="25.0212790" lon="121.4255190">
    <ele>13.5</ele>
    <time>2025-08-31T04:34:13Z</time>
   </trkpt>
   <trkpt lat="25.0212790" lon="121.4255190">
    <ele>13.5</ele>
    <time>2025-08-31T04:34:14Z</time>
   </trkpt>
   <trkpt lat="25.0212820" lon="121.4255220">
    <ele>13.5</ele>
    <time>2025-08-31T04:34:15Z</time>
   </trkpt>
   <trkpt lat="25.0212820" lon="121.4255220">
    <ele>13.5</ele>
    <time>2025-08-31T04:34:16Z</time>
   </trkpt>
   <trkpt lat="25.0212820" lon="121.4255220">
    <ele>13.5</ele>
    <time>2025-08-31T04:34:17Z</time>
   </trkpt>
   <trkpt lat="25.0212690" lon="121.4254140">
    <ele>13.6</ele>
    <time>2025-08-31T04:34:59Z</time>
   </trkpt>
   <trkpt lat="25.0212630" lon="121.4254300">
    <ele>13.6</ele>
    <time>2025-08-31T04:35:00Z</time>
   </trkpt>
   <trkpt lat="25.0212830" lon="121.4254480">
    <ele>13.6</ele>
    <time>2025-08-31T04:35:01Z</time>
   </trkpt>
   <trkpt lat="25.0212840" lon="121.4254800">
    <ele>13.6</ele>
    <time>2025-08-31T04:35:02Z</time>
   </trkpt>
   <trkpt lat="25.0213150" lon="121.4254780">
    <ele>13.6</ele>
    <time>2025-08-31T04:35:03Z</time>
   </trkpt>
   <trkpt lat="25.0213150" lon="121.4254780">
    <ele>13.6</ele>
    <time>2025-08-31T04:35:04Z</time>
   </trkpt>
   <trkpt lat="25.0213150" lon="121.4254780">
    <ele>13.6</ele>
    <time>2025-08-31T04:35:05Z</time>
   </trkpt>
   <trkpt lat="25.0213340" lon="121.4254760">
    <ele>13.6</ele>
    <time>2025-08-31T04:35:06Z</time>
   </trkpt>
   <trkpt lat="25.0213350" lon="121.4254720">
    <ele>13.6</ele>
    <time>2025-08-31T04:35:07Z</time>
   </trkpt>
   <trkpt lat="25.0213370" lon="121.4254670">
    <ele>13.6</ele>
    <time>2025-08-31T04:35:08Z</time>
   </trkpt>
   <trkpt lat="25.0213360" lon="121.4254600">
    <ele>13.6</ele>
    <time>2025-08-31T04:35:09Z</time>
   </trkpt>
   <trkpt lat="25.0213450" lon="121.4254720">
    <ele>13.6</ele>
    <time>2025-08-31T04:35:10Z</time>
   </trkpt>
   <trkpt lat="25.0213270" lon="121.4254620">
    <ele>13.6</ele>
    <time>2025-08-31T04:35:11Z</time>
   </trkpt>
   <trkpt lat="25.0213110" lon="121.4254560">
    <ele>13.6</ele>
    <time>2025-08-31T04:35:12Z</time>
   </trkpt>
   <trkpt lat="25.0212960" lon="121.4254500">
    <ele>13.6</ele>
    <time>2025-08-31T04:35:25Z</time>
   </trkpt>
   <trkpt lat="25.0212800" lon="121.4254440">
    <ele>13.6</ele>
    <time>2025-08-31T04:35:26Z</time>
   </trkpt>
   <trkpt lat="25.0212640" lon="121.4254380">
    <ele>13.6</ele>
    <time>2025-08-31T04:35:27Z</time>
   </trkpt>
   <trkpt lat="25.0212480" lon="121.4254320">
    <ele>13.6</ele>
    <time>2025-08-31T04:35:28Z</time>
   </trkpt>
   <trkpt lat="25.0212400" lon="121.4254170">
    <ele>13.6</ele>
    <time>2025-08-31T04:35:29Z</time>
   </trkpt>
   <trkpt lat="25.0212160" lon="121.4254120">
    <ele>13.7</ele>
    <time>2025-08-31T04:35:30Z</time>
   </trkpt>
   <trkpt lat="25.0212230" lon="121.4253940">
    <ele>13.7</ele>
    <time>2025-08-31T04:35:31Z</time>
   </trkpt>
   <trkpt lat="25.0212220" lon="121.4253970">
    <ele>13.7</ele>
    <time>2025-08-31T04:35:32Z</time>
   </trkpt>
   <trkpt lat="25.0212150" lon="121.4254110">
    <ele>13.7</ele>
    <time>2025-08-31T04:35:33Z</time>
   </trkpt>
   <trkpt lat="25.0212100" lon="121.4254040">
    <ele>13.7</ele>
    <time>2025-08-31T04:35:34Z</time>
   </trkpt>
   <trkpt lat="25.0212060" lon="121.4253990">
    <ele>13.7</ele>
    <time>2025-08-31T04:35:35Z</time>
   </trkpt>
   <trkpt lat="25.0212020" lon="121.4253910">
    <ele>13.7</ele>
    <time>2025-08-31T04:35:36Z</time>
   </trkpt>
   <trkpt lat="25.0212120" lon="121.4253930">
    <ele>13.7</ele>
    <time>2025-08-31T04:35:37Z</time>
   </trkpt>
   <trkpt lat="25.0212210" lon="121.4253890">
    <ele>13.7</ele>
    <time>2025-08-31T04:35:38Z</time>
   </trkpt>
   <trkpt lat="25.0212280" lon="121.4253860">
    <ele>13.7</ele>
    <time>2025-08-31T04:35:39Z</time>
   </trkpt>
   <trkpt lat="25.0212260" lon="121.4253830">
    <ele>13.7</ele>
    <time>2025-08-31T04:35:40Z</time>
   </trkpt>
   <trkpt lat="25.0212270" lon="121.4253910">
    <ele>13.7</ele>
    <time>2025-08-31T04:35:41Z</time>
   </trkpt>
   <trkpt lat="25.0212280" lon="121.4253920">
    <ele>13.7</ele>
    <time>2025-08-31T04:35:42Z</time>
   </trkpt>
   <trkpt lat="25.0212280" lon="121.4253920">
    <ele>13.7</ele>
    <time>2025-08-31T04:35:43Z</time>
   </trkpt>
   <trkpt lat="25.0212280" lon="121.4253920">
    <ele>13.7</ele>
    <time>2025-08-31T04:35:44Z</time>
   </trkpt>
   <trkpt lat="25.0212240" lon="121.4253900">
    <ele>13.7</ele>
    <time>2025-08-31T04:35:45Z</time>
   </trkpt>
   <trkpt lat="25.0212210" lon="121.4253900">
    <ele>13.7</ele>
    <time>2025-08-31T04:35:46Z</time>
   </trkpt>
   <trkpt lat="25.0212210" lon="121.4253950">
    <ele>13.7</ele>
    <time>2025-08-31T04:35:47Z</time>
   </trkpt>
   <trkpt lat="25.0211570" lon="121.4253400">
    <ele>13.7</ele>
    <time>2025-08-31T04:36:03Z</time>
   </trkpt>
   <trkpt lat="25.0211480" lon="121.4253390">
    <ele>13.7</ele>
    <time>2025-08-31T04:36:04Z</time>
   </trkpt>
   <trkpt lat="25.0211370" lon="121.4253490">
    <ele>13.7</ele>
    <time>2025-08-31T04:36:05Z</time>
   </trkpt>
   <trkpt lat="25.0211220" lon="121.4253480">
    <ele>13.7</ele>
    <time>2025-08-31T04:36:06Z</time>
   </trkpt>
   <trkpt lat="25.0211140" lon="121.4253510">
    <ele>13.7</ele>
    <time>2025-08-31T04:36:07Z</time>
   </trkpt>
   <trkpt lat="25.0211090" lon="121.4253500">
    <ele>13.7</ele>
    <time>2025-08-31T04:36:08Z</time>
   </trkpt>
   <trkpt lat="25.0210990" lon="121.4253570">
    <ele>13.8</ele>
    <time>2025-08-31T04:36:09Z</time>
   </trkpt>
   <trkpt lat="25.0211020" lon="121.4253580">
    <ele>13.8</ele>
    <time>2025-08-31T04:36:10Z</time>
   </trkpt>
   <trkpt lat="25.0211020" lon="121.4253560">
    <ele>13.8</ele>
    <time>2025-08-31T04:36:11Z</time>
   </trkpt>
   <trkpt lat="25.0211040" lon="121.4253650">
    <ele>13.8</ele>
    <time>2025-08-31T04:36:12Z</time>
   </trkpt>
   <trkpt lat="25.0211030" lon="121.4253710">
    <ele>13.8</ele>
    <time>2025-08-31T04:36:13Z</time>
   </trkpt>
   <trkpt lat="25.0211020" lon="121.4253700">
    <ele>13.8</ele>
    <time>2025-08-31T04:36:14Z</time>
   </trkpt>
   <trkpt lat="25.0210980" lon="121.4253740">
    <ele>13.8</ele>
    <time>2025-08-31T04:36:15Z</time>
   </trkpt>
   <trkpt lat="25.0211060" lon="121.4253690">
    <ele>13.8</ele>
    <time>2025-08-31T04:36:16Z</time>
   </trkpt>
   <trkpt lat="25.0211070" lon="121.4253640">
    <ele>13.8</ele>
    <time>2025-08-31T04:36:17Z</time>
   </trkpt>
   <trkpt lat="25.0211160" lon="121.4253610">
    <ele>13.8</ele>
    <time>2025-08-31T04:36:18Z</time>
   </trkpt>
   <trkpt lat="25.0211160" lon="121.4253580">
    <ele>13.8</ele>
    <time>2025-08-31T04:36:19Z</time>
   </trkpt>
   <trkpt lat="25.0211180" lon="121.4253550">
    <ele>13.8</ele>
    <time>2025-08-31T04:36:20Z</time>
   </trkpt>
   <trkpt lat="25.0211060" lon="121.4254160">
    <ele>13.8</ele>
    <time>2025-08-31T04:36:47Z</time>
   </trkpt>
   <trkpt lat="25.0210980" lon="121.4254130">
    <ele>13.8</ele>
    <time>2025-08-31T04:36:48Z</time>
   </trkpt>
   <trkpt lat="25.0211040" lon="121.4254050">
    <ele>13.8</ele>
    <time>2025-08-31T04:36:49Z</time>
   </trkpt>
   <trkpt lat="25.0211070" lon="121.4254030">
    <ele>13.8</ele>
    <time>2025-08-31T04:36:50Z</time>
   </trkpt>
   <trkpt lat="25.0211070" lon="121.4254030">
    <ele>13.8</ele>
    <time>2025-08-31T04:36:51Z</time>
   </trkpt>
   <trkpt lat="25.0211220" lon="121.4253950">
    <ele>13.8</ele>
    <time>2025-08-31T04:36:52Z</time>
   </trkpt>
   <trkpt lat="25.0211220" lon="121.4253950">
    <ele>13.8</ele>
    <time>2025-08-31T04:36:53Z</time>
   </trkpt>
   <trkpt lat="25.0211200" lon="121.4253930">
    <ele>13.8</ele>
    <time>2025-08-31T04:36:54Z</time>
   </trkpt>
   <trkpt lat="25.0211260" lon="121.4253980">
    <ele>13.8</ele>
    <time>2025-08-31T04:36:55Z</time>
   </trkpt>
   <trkpt lat="25.0211290" lon="121.4253980">
    <ele>13.8</ele>
    <time>2025-08-31T04:36:56Z</time>
   </trkpt>
   <trkpt lat="25.0211080" lon="121.4254000">
    <ele>13.8</ele>
    <time>2025-08-31T04:36:57Z</time>
   </trkpt>
   <trkpt lat="25.0210920" lon="121.4253950">
    <ele>13.8</ele>
    <time>2025-08-31T04:36:58Z</time>
   </trkpt>
   <trkpt lat="25.0210750" lon="121.4253890">
    <ele>13.8</ele>
    <time>2025-08-31T04:36:59Z</time>
   </trkpt>
   <trkpt lat="25.0210580" lon="121.4253840">
    <ele>13.8</ele>
    <time>2025-08-31T04:37:19Z</time>
   </trkpt>
   <trkpt lat="25.0210420" lon="121.4253780">
    <ele>13.8</ele>
    <time>2025-08-31T04:37:20Z</time>
   </trkpt>
   <trkpt lat="25.0210250" lon="121.4253730">
    <ele>13.9</ele>
    <time>2025-08-31T04:37:21Z</time>
   </trkpt>
   <trkpt lat="25.0210210" lon="121.4253690">
    <ele>13.9</ele>
    <time>2025-08-31T04:37:22Z</time>
   </trkpt>
   <trkpt lat="25.0210090" lon="121.4253510">
    <ele>13.9</ele>
    <time>2025-08-31T04:37:23Z</time>
   </trkpt>
   <trkpt lat="25.0210030" lon="121.4253510">
    <ele>13.9</ele>
    <time>2025-08-31T04:37:24Z</time>
   </trkpt>
   <trkpt lat="25.0210120" lon="121.4253220">
    <ele>13.9</ele>
    <time>2025-08-31T04:37:25Z</time>
   </trkpt>
   <trkpt lat="25.0210120" lon="121.4253060">
    <ele>13.9</ele>
    <time>2025-08-31T04:37:26Z</time>
   </trkpt>
   <trkpt lat="25.0210310" lon="121.4253320">
    <ele>13.9</ele>
    <time>2025-08-31T04:37:27Z</time>
   </trkpt>
   <trkpt lat="25.0210290" lon="121.4252940">
    <ele>13.9</ele>
    <time>2025-08-31T04:37:28Z</time>
   </trkpt>
   <trkpt lat="25.0210310" lon="121.4252820">
    <ele>13.9</ele>
    <time>2025-08-31T04:37:29Z</time>
   </trkpt>
   <trkpt lat="25.0210190" lon="121.4252730">
    <ele>13.9</ele>
    <time>2025-08-31T04:37:30Z</time>
   </trkpt>
   <trkpt lat="25.0210160" lon="121.4252640">
    <ele>13.9</ele>
    <time>2025-08-31T04:37:31Z</time>
   </trkpt>
   <trkpt lat="25.0210130" lon="121.4252570">
    <ele>13.9</ele>
    <time>2025-08-31T04:37:32Z</time>
   </trkpt>
   <trkpt lat="25.0210080" lon="121.4252490">
    <ele>13.9</ele>
    <time>2025-08-31T04:37:33Z</time>
   </trkpt>
   <trkpt lat="25.0210000" lon="121.4252450">
    <ele>13.9</ele>
    <time>2025-08-31T04:37:34Z</time>
   </trkpt>
   <trkpt lat="25.0209960" lon="121.4252480">
    <ele>13.9</ele>
    <time>2025-08-31T04:37:35Z</time>
   </trkpt>
   <trkpt lat="25.0209910" lon="121.4252500">
    <ele>13.9</ele>
    <time>2025-08-31T04:37:36Z</time>
   </trkpt>
   <trkpt lat="25.0209860" lon="121.4252530">
    <ele>13.9</ele>
    <time>2025-08-31T04:37:37Z</time>
   </trkpt>
   <trkpt lat="25.0209800" lon="121.4252450">
    <ele>14.0</ele>
    <time>2025-08-31T04:37:38Z</time>
   </trkpt>
   <trkpt lat="25.0209690" lon="121.4252240">
    <ele>14.0</ele>
    <time>2025-08-31T04:37:39Z</time>
   </trkpt>
   <trkpt lat="25.0209680" lon="121.4252340">
    <ele>14.0</ele>
    <time>2025-08-31T04:37:40Z</time>
   </trkpt>
   <trkpt lat="25.0209680" lon="121.4252490">
    <ele>14.0</ele>
    <time>2025-08-31T04:37:41Z</time>
   </trkpt>
   <trkpt lat="25.0209580" lon="121.4252620">
    <ele>14.0</ele>
    <time>2025-08-31T04:37:42Z</time>
   </trkpt>
   <trkpt lat="25.0209480" lon="121.4252610">
    <ele>14.0</ele>
    <time>2025-08-31T04:37:43Z</time>
   </trkpt>
   <trkpt lat="25.0209430" lon="121.4252580">
    <ele>14.0</ele>
    <time>2025-08-31T04:37:44Z</time>
   </trkpt>
   <trkpt lat="25.0209370" lon="121.4252550">
    <ele>14.0</ele>
    <time>2025-08-31T04:37:45Z</time>
   </trkpt>
   <trkpt lat="25.0209310" lon="121.4252520">
    <ele>14.0</ele>
    <time>2025-08-31T04:37:46Z</time>
   </trkpt>
   <trkpt lat="25.0209260" lon="121.4252490">
    <ele>14.0</ele>
    <time>2025-08-31T04:37:47Z</time>
   </trkpt>
   <trkpt lat="25.0209200" lon="121.4252460">
    <ele>14.0</ele>
    <time>2025-08-31T04:37:48Z</time>
   </trkpt>
   <trkpt lat="25.0209150" lon="121.4252420">
    <ele>14.1</ele>
    <time>2025-08-31T04:37:49Z</time>
   </trkpt>
   <trkpt lat="25.0209090" lon="121.4252390">
    <ele>14.1</ele>
    <time>2025-08-31T04:37:50Z</time>
   </trkpt>
   <trkpt lat="25.0209030" lon="121.4252360">
    <ele>14.1</ele>
    <time>2025-08-31T04:37:56Z</time>
   </trkpt>
   <trkpt lat="25.0208980" lon="121.4252330">
    <ele>14.1</ele>
    <time>2025-08-31T04:37:57Z</time>
   </trkpt>
   <trkpt lat="25.0208920" lon="121.4252300">
    <ele>14.1</ele>
    <time>2025-08-31T04:37:58Z</time>
   </trkpt>
   <trkpt lat="25.0208860" lon="121.4252270">
    <ele>14.1</ele>
    <time>2025-08-31T04:37:59Z</time>
   </trkpt>
   <trkpt lat="25.0208810" lon="121.4252240">
    <ele>14.1</ele>
    <time>2025-08-31T04:38:00Z</time>
   </trkpt>
   <trkpt lat="25.0208750" lon="121.4252210">
    <ele>14.1</ele>
    <time>2025-08-31T04:38:01Z</time>
   </trkpt>
   <trkpt lat="25.0208460" lon="121.4252290">
    <ele>14.1</ele>
    <time>2025-08-31T04:38:02Z</time>
   </trkpt>
   <trkpt lat="25.0208310" lon="121.4252230">
    <ele>14.0</ele>
    <time>2025-08-31T04:38:03Z</time>
   </trkpt>
   <trkpt lat="25.0208180" lon="121.4252330">
    <ele>14.0</ele>
    <time>2025-08-31T04:38:04Z</time>
   </trkpt>
   <trkpt lat="25.0208040" lon="121.4252260">
    <ele>14.0</ele>
    <time>2025-08-31T04:38:05Z</time>
   </trkpt>
   <trkpt lat="25.0208030" lon="121.4252290">
    <ele>14.0</ele>
    <time>2025-08-31T04:38:06Z</time>
   </trkpt>
   <trkpt lat="25.0207910" lon="121.4252280">
    <ele>14.0</ele>
    <time>2025-08-31T04:38:07Z</time>
   </trkpt>
   <trkpt lat="25.0207710" lon="121.4252090">
    <ele>14.0</ele>
    <time>2025-08-31T04:38:08Z</time>
   </trkpt>
   <trkpt lat="25.0207640" lon="121.4252030">
    <ele>14.0</ele>
    <time>2025-08-31T04:38:09Z</time>
   </trkpt>
   <trkpt lat="25.0207560" lon="121.4251980">
    <ele>14.0</ele>
    <time>2025-08-31T04:38:10Z</time>
   </trkpt>
   <trkpt lat="25.0207550" lon="121.4251990">
    <ele>14.0</ele>
    <time>2025-08-31T04:38:11Z</time>
   </trkpt>
   <trkpt lat="25.0207520" lon="121.4251880">
    <ele>14.0</ele>
    <time>2025-08-31T04:38:12Z</time>
   </trkpt>
   <trkpt lat="25.0207440" lon="121.4251680">
    <ele>14.0</ele>
    <time>2025-08-31T04:38:13Z</time>
   </trkpt>
   <trkpt lat="25.0207420" lon="121.4251520">
    <ele>14.0</ele>
    <time>2025-08-31T04:38:14Z</time>
   </trkpt>
   <trkpt lat="25.0207470" lon="121.4251440">
    <ele>14.0</ele>
    <time>2025-08-31T04:38:15Z</time>
   </trkpt>
   <trkpt lat="25.0207510" lon="121.4251370">
    <ele>14.0</ele>
    <time>2025-08-31T04:38:16Z</time>
   </trkpt>
   <trkpt lat="25.0207560" lon="121.4251290">
    <ele>14.0</ele>
    <time>2025-08-31T04:38:17Z</time>
   </trkpt>
   <trkpt lat="25.0207580" lon="121.4251170">
    <ele>14.0</ele>
    <time>2025-08-31T04:38:18Z</time>
   </trkpt>
   <trkpt lat="25.0207580" lon="121.4251130">
    <ele>14.0</ele>
    <time>2025-08-31T04:38:19Z</time>
   </trkpt>
   <trkpt lat="25.0207580" lon="121.4251140">
    <ele>14.0</ele>
    <time>2025-08-31T04:38:20Z</time>
   </trkpt>
   <trkpt lat="25.0207560" lon="121.4251170">
    <ele>14.0</ele>
    <time>2025-08-31T04:38:21Z</time>
   </trkpt>
   <trkpt lat="25.0207350" lon="121.4250860">
    <ele>14.0</ele>
    <time>2025-08-31T04:38:47Z</time>
   </trkpt>
   <trkpt lat="25.0207270" lon="121.4250760">
    <ele>14.0</ele>
    <time>2025-08-31T04:38:48Z</time>
   </trkpt>
   <trkpt lat="25.0207090" lon="121.4250760">
    <ele>14.0</ele>
    <time>2025-08-31T04:38:49Z</time>
   </trkpt>
   <trkpt lat="25.0207100" lon="121.4250570">
    <ele>14.0</ele>
    <time>2025-08-31T04:38:50Z</time>
   </trkpt>
   <trkpt lat="25.0207120" lon="121.4250370">
    <ele>14.0</ele>
    <time>2025-08-31T04:38:51Z</time>
   </trkpt>
   <trkpt lat="25.0207150" lon="121.4250140">
    <ele>14.0</ele>
    <time>2025-08-31T04:38:52Z</time>
   </trkpt>
   <trkpt lat="25.0207130" lon="121.4250160">
    <ele>14.0</ele>
    <time>2025-08-31T04:38:53Z</time>
   </trkpt>
   <trkpt lat="25.0207130" lon="121.4250160">
    <ele>14.0</ele>
    <time>2025-08-31T04:38:54Z</time>
   </trkpt>
   <trkpt lat="25.0207130" lon="121.4250160">
    <ele>14.0</ele>
    <time>2025-08-31T04:38:55Z</time>
   </trkpt>
   <trkpt lat="25.0207130" lon="121.4250160">
    <ele>14.0</ele>
    <time>2025-08-31T04:38:56Z</time>
   </trkpt>
   <trkpt lat="25.0207130" lon="121.4250160">
    <ele>14.0</ele>
    <time>2025-08-31T04:38:57Z</time>
   </trkpt>
   <trkpt lat="25.0206940" lon="121.4250050">
    <ele>14.0</ele>
    <time>2025-08-31T04:38:58Z</time>
   </trkpt>
   <trkpt lat="25.0206890" lon="121.4249990">
    <ele>14.0</ele>
    <time>2025-08-31T04:38:59Z</time>
   </trkpt>
   <trkpt lat="25.0206890" lon="121.4249990">
    <ele>14.0</ele>
    <time>2025-08-31T04:39:00Z</time>
   </trkpt>
   <trkpt lat="25.0206890" lon="121.4249990">
    <ele>14.0</ele>
    <time>2025-08-31T04:39:01Z</time>
   </trkpt>
   <trkpt lat="25.0206760" lon="121.4250040">
    <ele>14.0</ele>
    <time>2025-08-31T04:39:02Z</time>
   </trkpt>
   <trkpt lat="25.0206260" lon="121.4249790">
    <ele>14.0</ele>
    <time>2025-08-31T04:39:25Z</time>
   </trkpt>
   <trkpt lat="25.0206180" lon="121.4249540">
    <ele>14.0</ele>
    <time>2025-08-31T04:39:26Z</time>
   </trkpt>
   <trkpt lat="25.0206020" lon="121.4249560">
    <ele>14.0</ele>
    <time>2025-08-31T04:39:27Z</time>
   </trkpt>
   <trkpt lat="25.0205990" lon="121.4249650">
    <ele>14.0</ele>
    <time>2025-08-31T04:39:28Z</time>
   </trkpt>
   <trkpt lat="25.0206000" lon="121.4249620">
    <ele>14.0</ele>
    <time>2025-08-31T04:39:29Z</time>
   </trkpt>
   <trkpt lat="25.0205970" lon="121.4249760">
    <ele>13.9</ele>
    <time>2025-08-31T04:39:30Z</time>
   </trkpt>
   <trkpt lat="25.0205960" lon="121.4249790">
    <ele>13.9</ele>
    <time>2025-08-31T04:39:31Z</time>
   </trkpt>
   <trkpt lat="25.0205940" lon="121.4249940">
    <ele>13.9</ele>
    <time>2025-08-31T04:39:32Z</time>
   </trkpt>
   <trkpt lat="25.0205940" lon="121.4250060">
    <ele>13.9</ele>
    <time>2025-08-31T04:39:33Z</time>
   </trkpt>
   <trkpt lat="25.0205840" lon="121.4249890">
    <ele>13.9</ele>
    <time>2025-08-31T04:39:34Z</time>
   </trkpt>
   <trkpt lat="25.0205840" lon="121.4249900">
    <ele>13.9</ele>
    <time>2025-08-31T04:39:35Z</time>
   </trkpt>
   <trkpt lat="25.0205900" lon="121.4249950">
    <ele>13.9</ele>
    <time>2025-08-31T04:39:36Z</time>
   </trkpt>
   <trkpt lat="25.0205910" lon="121.4249850">
    <ele>13.9</ele>
    <time>2025-08-31T04:39:37Z</time>
   </trkpt>
   <trkpt lat="25.0205940" lon="121.4249820">
    <ele>13.9</ele>
    <time>2025-08-31T04:39:38Z</time>
   </trkpt>
   <trkpt lat="25.0205910" lon="121.4249600">
    <ele>13.9</ele>
    <time>2025-08-31T04:39:39Z</time>
   </trkpt>
   <trkpt lat="25.0205810" lon="121.4249480">
    <ele>13.9</ele>
    <time>2025-08-31T04:39:40Z</time>
   </trkpt>
   <trkpt lat="25.0205750" lon="121.4249520">
    <ele>13.9</ele>
    <time>2025-08-31T04:39:41Z</time>
   </trkpt>
   <trkpt lat="25.0205700" lon="121.4249560">
    <ele>13.9</ele>
    <time>2025-08-31T04:39:42Z</time>
   </trkpt>
   <trkpt lat="25.0205650" lon="121.4249600">
    <ele>13.9</ele>
    <time>2025-08-31T04:39:43Z</time>
   </trkpt>
   <trkpt lat="25.0205600" lon="121.4249640">
    <ele>13.9</ele>
    <time>2025-08-31T04:39:44Z</time>
   </trkpt>
   <trkpt lat="25.0205540" lon="121.4249670">
    <ele>13.9</ele>
    <time>2025-08-31T04:39:45Z</time>
   </trkpt>
   <trkpt lat="25.0205490" lon="121.4249710">
    <ele>13.9</ele>
    <time>2025-08-31T04:39:54Z</time>
   </trkpt>
   <trkpt lat="25.0205440" lon="121.4249750">
    <ele>13.9</ele>
    <time>2025-08-31T04:39:55Z</time>
   </trkpt>
   <trkpt lat="25.0205390" lon="121.4249790">
    <ele>13.9</ele>
    <time>2025-08-31T04:39:56Z</time>
   </trkpt>
   <trkpt lat="25.0205330" lon="121.4249830">
    <ele>13.9</ele>
    <time>2025-08-31T04:39:57Z</time>
   </trkpt>
   <trkpt lat="25.0205280" lon="121.4249870">
    <ele>13.9</ele>
    <time>2025-08-31T04:39:58Z</time>
   </trkpt>
   <trkpt lat="25.0205350" lon="121.4249730">
    <ele>13.9</ele>
    <time>2025-08-31T04:39:59Z</time>
   </trkpt>
   <trkpt lat="25.0205480" lon="121.4249730">
    <ele>13.9</ele>
    <time>2025-08-31T04:40:00Z</time>
   </trkpt>
   <trkpt lat="25.0205340" lon="121.4249880">
    <ele>13.9</ele>
    <time>2025-08-31T04:40:01Z</time>
   </trkpt>
   <trkpt lat="25.0205390" lon="121.4249930">
    <ele>13.9</ele>
    <time>2025-08-31T04:40:02Z</time>
   </trkpt>
   <trkpt lat="25.0205460" lon="121.4249930">
    <ele>13.9</ele>
    <time>2025-08-31T04:40:03Z</time>
   </trkpt>
   <trkpt lat="25.0205430" lon="121.4249980">
    <ele>13.9</ele>
    <time>2025-08-31T04:40:04Z</time>
   </trkpt>
   <trkpt lat="25.0205420" lon="121.4249980">
    <ele>13.9</ele>
    <time>2025-08-31T04:40:05Z</time>
   </trkpt>
   <trkpt lat="25.0205340" lon="121.4249990">
    <ele>13.9</ele>
    <time>2025-08-31T04:40:06Z</time>
   </trkpt>
   <trkpt lat="25.0205350" lon="121.4249990">
    <ele>13.9</ele>
    <time>2025-08-31T04:40:07Z</time>
   </trkpt>
   <trkpt lat="25.0205280" lon="121.4250070">
    <ele>13.9</ele>
    <time>2025-08-31T04:40:08Z</time>
   </trkpt>
   <trkpt lat="25.0205130" lon="121.4250160">
    <ele>13.9</ele>
    <time>2025-08-31T04:40:09Z</time>
   </trkpt>
   <trkpt lat="25.0205150" lon="121.4250180">
    <ele>13.9</ele>
    <time>2025-08-31T04:40:10Z</time>
   </trkpt>
   <trkpt lat="25.0205150" lon="121.4250180">
    <ele>13.9</ele>
    <time>2025-08-31T04:40:11Z</time>
   </trkpt>
   <trkpt lat="25.0205150" lon="121.4250180">
    <ele>13.9</ele>
    <time>2025-08-31T04:40:12Z</time>
   </trkpt>
   <trkpt lat="25.0205260" lon="121.4250210">
    <ele>13.9</ele>
    <time>2025-08-31T04:40:13Z</time>
   </trkpt>
   <trkpt lat="25.0205220" lon="121.4250210">
    <ele>13.9</ele>
    <time>2025-08-31T04:40:14Z</time>
   </trkpt>
   <trkpt lat="25.0205200" lon="121.4250240">
    <ele>13.9</ele>
    <time>2025-08-31T04:40:15Z</time>
   </trkpt>
   <trkpt lat="25.0205210" lon="121.4250230">
    <ele>13.9</ele>
    <time>2025-08-31T04:40:16Z</time>
   </trkpt>
   <trkpt lat="25.0205180" lon="121.4250250">
    <ele>13.9</ele>
    <time>2025-08-31T04:40:17Z</time>
   </trkpt>
   <trkpt lat="25.0205210" lon="121.4250220">
    <ele>13.9</ele>
    <time>2025-08-31T04:40:18Z</time>
   </trkpt>
   <trkpt lat="25.0205230" lon="121.4250240">
    <ele>13.9</ele>
    <time>2025-08-31T04:40:19Z</time>
   </trkpt>
   <trkpt lat="25.0205140" lon="121.4250260">
    <ele>13.9</ele>
    <time>2025-08-31T04:40:20Z</time>
   </trkpt>
   <trkpt lat="25.0204630" lon="121.4250690">
    <ele>13.9</ele>
    <time>2025-08-31T04:40:23Z</time>
   </trkpt>
   <trkpt lat="25.0204770" lon="121.4250840">
    <ele>13.9</ele>
    <time>2025-08-31T04:40:24Z</time>
   </trkpt>
   <trkpt lat="25.0204930" lon="121.4250630">
    <ele>13.9</ele>
    <time>2025-08-31T04:40:25Z</time>
   </trkpt>
   <trkpt lat="25.0204810" lon="121.4250470">
    <ele>13.9</ele>
    <time>2025-08-31T04:40:26Z</time>
   </trkpt>
   <trkpt lat="25.0204960" lon="121.4250290">
    <ele>13.9</ele>
    <time>2025-08-31T04:40:27Z</time>
   </trkpt>
   <trkpt lat="25.0204930" lon="121.4250200">
    <ele>13.9</ele>
    <time>2025-08-31T04:40:28Z</time>
   </trkpt>
   <trkpt lat="25.0204890" lon="121.4250110">
    <ele>13.9</ele>
    <time>2025-08-31T04:40:29Z</time>
   </trkpt>
   <trkpt lat="25.0204850" lon="121.4250020">
    <ele>13.9</ele>
    <time>2025-08-31T04:40:30Z</time>
   </trkpt>
   <trkpt lat="25.0204730" lon="121.4249840">
    <ele>13.9</ele>
    <time>2025-08-31T04:40:32Z</time>
   </trkpt>
   <trkpt lat="25.0204620" lon="121.4249780">
    <ele>13.9</ele>
    <time>2025-08-31T04:40:33Z</time>
   </trkpt>
   <trkpt lat="25.0204500" lon="121.4249710">
    <ele>13.9</ele>
    <time>2025-08-31T04:40:34Z</time>
   </trkpt>
   <trkpt lat="25.0204390" lon="121.4249800">
    <ele>13.9</ele>
    <time>2025-08-31T04:40:35Z</time>
   </trkpt>
   <trkpt lat="25.0204360" lon="121.4249850">
    <ele>13.9</ele>
    <time>2025-08-31T04:40:36Z</time>
   </trkpt>
   <trkpt lat="25.0204340" lon="121.4249910">
    <ele>13.9</ele>
    <time>2025-08-31T04:40:37Z</time>
   </trkpt>
   <trkpt lat="25.0204310" lon="121.4249970">
    <ele>13.9</ele>
    <time>2025-08-31T04:40:38Z</time>
   </trkpt>
   <trkpt lat="25.0204290" lon="121.4250030">
    <ele>13.9</ele>
    <time>2025-08-31T04:40:39Z</time>
   </trkpt>
   <trkpt lat="25.0204260" lon="121.4250080">
    <ele>13.9</ele>
    <time>2025-08-31T04:40:40Z</time>
   </trkpt>
   <trkpt lat="25.0204240" lon="121.4250140">
    <ele>13.9</ele>
    <time>2025-08-31T04:40:41Z</time>
   </trkpt>
   <trkpt lat="25.0204100" lon="121.4250110">
    <ele>13.9</ele>
    <time>2025-08-31T04:40:42Z</time>
   </trkpt>
   <trkpt lat="25.0203900" lon="121.4250210">
    <ele>13.9</ele>
    <time>2025-08-31T04:40:43Z</time>
   </trkpt>
   <trkpt lat="25.0204000" lon="121.4250160">
    <ele>13.9</ele>
    <time>2025-08-31T04:40:44Z</time>
   </trkpt>
   <trkpt lat="25.0204000" lon="121.4250160">
    <ele>13.9</ele>
    <time>2025-08-31T04:40:45Z</time>
   </trkpt>
   <trkpt lat="25.0204000" lon="121.4250160">
    <ele>13.9</ele>
    <time>2025-08-31T04:40:46Z</time>
   </trkpt>
   <trkpt lat="25.0204040" lon="121.4250140">
    <ele>13.9</ele>
    <time>2025-08-31T04:40:47Z</time>
   </trkpt>
   <trkpt lat="25.0204050" lon="121.4250150">
    <ele>13.9</ele>
    <time>2025-08-31T04:40:48Z</time>
   </trkpt>
   <trkpt lat="25.0204050" lon="121.4250150">
    <ele>13.9</ele>
    <time>2025-08-31T04:40:49Z</time>
   </trkpt>
   <trkpt lat="25.0204150" lon="121.4250170">
    <ele>13.9</ele>
    <time>2025-08-31T04:40:50Z</time>
   </trkpt>
   <trkpt lat="25.0204030" lon="121.4250120">
    <ele>13.9</ele>
    <time>2025-08-31T04:40:51Z</time>
   </trkpt>
   <trkpt lat="25.0204060" lon="121.4250120">
    <ele>13.9</ele>
    <time>2025-08-31T04:40:52Z</time>
   </trkpt>
   <trkpt lat="25.0204200" lon="121.4250120">
    <ele>13.9</ele>
    <time>2025-08-31T04:40:53Z</time>
   </trkpt>
   <trkpt lat="25.0204210" lon="121.4250110">
    <ele>13.9</ele>
    <time>2025-08-31T04:40:54Z</time>
   </trkpt>
   <trkpt lat="25.0204230" lon="121.4250080">
    <ele>13.9</ele>
    <time>2025-08-31T04:40:55Z</time>
   </trkpt>
   <trkpt lat="25.0204300" lon="121.4250090">
    <ele>13.9</ele>
    <time>2025-08-31T04:40:56Z</time>
   </trkpt>
   <trkpt lat="25.0204160" lon="121.4250170">
    <ele>13.9</ele>
    <time>2025-08-31T04:40:57Z</time>
   </trkpt>
   <trkpt lat="25.0204050" lon="121.4250140">
    <ele>13.9</ele>
    <time>2025-08-31T04:40:58Z</time>
   </trkpt>
   <trkpt lat="25.0203940" lon="121.4250090">
    <ele>13.9</ele>
    <time>2025-08-31T04:40:59Z</time>
   </trkpt>
   <trkpt lat="25.0203930" lon="121.4249960">
    <ele>13.9</ele>
    <time>2025-08-31T04:41:00Z</time>
   </trkpt>
   <trkpt lat="25.0204120" lon="121.4250070">
    <ele>13.9</ele>
    <time>2025-08-31T04:41:01Z</time>
   </trkpt>
   <trkpt lat="25.0204410" lon="121.4250100">
    <ele>13.9</ele>
    <time>2025-08-31T04:41:02Z</time>
   </trkpt>
   <trkpt lat="25.0204270" lon="121.4249910">
    <ele>13.9</ele>
    <time>2025-08-31T04:41:03Z</time>
   </trkpt>
   <trkpt lat="25.0204120" lon="121.4249830">
    <ele>13.9</ele>
    <time>2025-08-31T04:41:04Z</time>
   </trkpt>
   <trkpt lat="25.0203960" lon="121.4249740">
    <ele>13.9</ele>
    <time>2025-08-31T04:41:05Z</time>
   </trkpt>
   <trkpt lat="25.0203780" lon="121.4249690">
    <ele>13.9</ele>
    <time>2025-08-31T04:41:06Z</time>
   </trkpt>
   <trkpt lat="25.0203700" lon="121.4249670">
    <ele>13.9</ele>
    <time>2025-08-31T04:41:07Z</time>
   </trkpt>
   <trkpt lat="25.0203620" lon="121.4249620">
    <ele>13.9</ele>
    <time>2025-08-31T04:41:08Z</time>
   </trkpt>
   <trkpt lat="25.0203550" lon="121.4249600">
    <ele>13.9</ele>
    <time>2025-08-31T04:41:09Z</time>
   </trkpt>
   <trkpt lat="25.0203470" lon="121.4249580">
    <ele>13.9</ele>
    <time>2025-08-31T04:41:10Z</time>
   </trkpt>
   <trkpt lat="25.0203400" lon="121.4249560">
    <ele>13.9</ele>
    <time>2025-08-31T04:41:11Z</time>
   </trkpt>
   <trkpt lat="25.0203320" lon="121.4249540">
    <ele>13.9</ele>
    <time>2025-08-31T04:41:12Z</time>
   </trkpt>
   <trkpt lat="25.0203060" lon="121.4249420">
    <ele>13.9</ele>
    <time>2025-08-31T04:41:13Z</time>
   </trkpt>
   <trkpt lat="25.0202790" lon="121.4249350">
    <ele>13.9</ele>
    <time>2025-08-31T04:41:14Z</time>
   </trkpt>
   <trkpt lat="25.0202690" lon="121.4249330">
    <ele>13.9</ele>
    <time>2025-08-31T04:41:15Z</time>
   </trkpt>
   <trkpt lat="25.0202410" lon="121.4249380">
    <ele>13.9</ele>
    <time>2025-08-31T04:41:16Z</time>
   </trkpt>
   <trkpt lat="25.0202330" lon="121.4249410">
    <ele>13.9</ele>
    <time>2025-08-31T04:41:17Z</time>
   </trkpt>
   <trkpt lat="25.0202180" lon="121.4249420">
    <ele>13.9</ele>
    <time>2025-08-31T04:41:18Z</time>
   </trkpt>
   <trkpt lat="25.0202050" lon="121.4249450">
    <ele>13.9</ele>
    <time>2025-08-31T04:41:19Z</time>
   </trkpt>
   <trkpt lat="25.0201860" lon="121.4249390">
    <ele>13.9</ele>
    <time>2025-08-31T04:41:20Z</time>
   </trkpt>
   <trkpt lat="25.0201770" lon="121.4249340">
    <ele>13.9</ele>
    <time>2025-08-31T04:41:21Z</time>
   </trkpt>
   <trkpt lat="25.0201670" lon="121.4249300">
    <ele>13.9</ele>
    <time>2025-08-31T04:41:22Z</time>
   </trkpt>
   <trkpt lat="25.0201560" lon="121.4249190">
    <ele>13.9</ele>
    <time>2025-08-31T04:41:23Z</time>
   </trkpt>
   <trkpt lat="25.0201440" lon="121.4249120">
    <ele>13.9</ele>
    <time>2025-08-31T04:41:24Z</time>
   </trkpt>
   <trkpt lat="25.0201400" lon="121.4249120">
    <ele>13.9</ele>
    <time>2025-08-31T04:41:25Z</time>
   </trkpt>
   <trkpt lat="25.0201470" lon="121.4249100">
    <ele>13.9</ele>
    <time>2025-08-31T04:41:26Z</time>
   </trkpt>
   <trkpt lat="25.0201530" lon="121.4249070">
    <ele>13.9</ele>
    <time>2025-08-31T04:41:27Z</time>
   </trkpt>
   <trkpt lat="25.0201600" lon="121.4249050">
    <ele>13.9</ele>
    <time>2025-08-31T04:41:28Z</time>
   </trkpt>
   <trkpt lat="25.0201660" lon="121.4249030">
    <ele>13.9</ele>
    <time>2025-08-31T04:41:29Z</time>
   </trkpt>
   <trkpt lat="25.0201730" lon="121.4249010">
    <ele>13.9</ele>
    <time>2025-08-31T04:41:30Z</time>
   </trkpt>
   <trkpt lat="25.0201790" lon="121.4248990">
    <ele>13.9</ele>
    <time>2025-08-31T04:41:31Z</time>
   </trkpt>
   <trkpt lat="25.0201860" lon="121.4248970">
    <ele>13.9</ele>
    <time>2025-08-31T04:41:32Z</time>
   </trkpt>
   <trkpt lat="25.0201920" lon="121.4248940">
    <ele>13.9</ele>
    <time>2025-08-31T04:41:33Z</time>
   </trkpt>
   <trkpt lat="25.0201990" lon="121.4248920">
    <ele>13.9</ele>
    <time>2025-08-31T04:41:34Z</time>
   </trkpt>
   <trkpt lat="25.0202050" lon="121.4248900">
    <ele>13.9</ele>
    <time>2025-08-31T04:41:35Z</time>
   </trkpt>
   <trkpt lat="25.0202120" lon="121.4248880">
    <ele>13.9</ele>
    <time>2025-08-31T04:41:36Z</time>
   </trkpt>
   <trkpt lat="25.0202180" lon="121.4248860">
    <ele>13.9</ele>
    <time>2025-08-31T04:41:37Z</time>
   </trkpt>
   <trkpt lat="25.0202250" lon="121.4248840">
    <ele>13.9</ele>
    <time>2025-08-31T04:41:48Z</time>
   </trkpt>
   <trkpt lat="25.0202310" lon="121.4248810">
    <ele>13.9</ele>
    <time>2025-08-31T04:41:49Z</time>
   </trkpt>
   <trkpt lat="25.0202380" lon="121.4248790">
    <ele>13.9</ele>
    <time>2025-08-31T04:41:50Z</time>
   </trkpt>
   <trkpt lat="25.0202440" lon="121.4248770">
    <ele>13.9</ele>
    <time>2025-08-31T04:41:51Z</time>
   </trkpt>
   <trkpt lat="25.0202600" lon="121.4249020">
    <ele>13.9</ele>
    <time>2025-08-31T04:41:52Z</time>
   </trkpt>
   <trkpt lat="25.0202690" lon="121.4249110">
    <ele>13.9</ele>
    <time>2025-08-31T04:41:53Z</time>
   </trkpt>
   <trkpt lat="25.0202650" lon="121.4248950">
    <ele>13.9</ele>
    <time>2025-08-31T04:41:54Z</time>
   </trkpt>
   <trkpt lat="25.0202730" lon="121.4248970">
    <ele>13.9</ele>
    <time>2025-08-31T04:41:55Z</time>
   </trkpt>
   <trkpt lat="25.0202800" lon="121.4249000">
    <ele>13.9</ele>
    <time>2025-08-31T04:41:56Z</time>
   </trkpt>
   <trkpt lat="25.0202900" lon="121.4249090">
    <ele>13.9</ele>
    <time>2025-08-31T04:41:57Z</time>
   </trkpt>
   <trkpt lat="25.0202890" lon="121.4248940">
    <ele>13.9</ele>
    <time>2025-08-31T04:41:58Z</time>
   </trkpt>
   <trkpt lat="25.0202890" lon="121.4248780">
    <ele>13.9</ele>
    <time>2025-08-31T04:41:59Z</time>
   </trkpt>
   <trkpt lat="25.0202900" lon="121.4248630">
    <ele>13.9</ele>
    <time>2025-08-31T04:42:00Z</time>
   </trkpt>
   <trkpt lat="25.0202900" lon="121.4248480">
    <ele>13.9</ele>
    <time>2025-08-31T04:42:06Z</time>
   </trkpt>
   <trkpt lat="25.0202910" lon="121.4248330">
    <ele>13.9</ele>
    <time>2025-08-31T04:42:07Z</time>
   </trkpt>
   <trkpt lat="25.0202910" lon="121.4248170">
    <ele>13.9</ele>
    <time>2025-08-31T04:42:08Z</time>
   </trkpt>
   <trkpt lat="25.0202920" lon="121.4248020">
    <ele>13.9</ele>
    <time>2025-08-31T04:42:09Z</time>
   </trkpt>
   <trkpt lat="25.0203130" lon="121.4248130">
    <ele>13.9</ele>
    <time>2025-08-31T04:42:10Z</time>
   </trkpt>
   <trkpt lat="25.0203160" lon="121.4248180">
    <ele>13.9</ele>
    <time>2025-08-31T04:42:11Z</time>
   </trkpt>
   <trkpt lat="25.0203170" lon="121.4248260">
    <ele>13.9</ele>
    <time>2025-08-31T04:42:12Z</time>
   </trkpt>
   <trkpt lat="25.0203160" lon="121.4248300">
    <ele>13.9</ele>
    <time>2025-08-31T04:42:13Z</time>
   </trkpt>
   <trkpt lat="25.0203270" lon="121.4248350">
    <ele>13.9</ele>
    <time>2025-08-31T04:42:14Z</time>
   </trkpt>
   <trkpt lat="25.0203270" lon="121.4248350">
    <ele>13.9</ele>
    <time>2025-08-31T04:42:15Z</time>
   </trkpt>
   <trkpt lat="25.0203270" lon="121.4248350">
    <ele>13.9</ele>
    <time>2025-08-31T04:42:16Z</time>
   </trkpt>
   <trkpt lat="25.0202010" lon="121.4246780">
    <ele>13.9</ele>
    <time>2025-08-31T04:43:11Z</time>
   </trkpt>
   <trkpt lat="25.0201800" lon="121.4246900">
    <ele>13.9</ele>
    <time>2025-08-31T04:43:12Z</time>
   </trkpt>
   <trkpt lat="25.0201750" lon="121.4246910">
    <ele>13.9</ele>
    <time>2025-08-31T04:43:13Z</time>
   </trkpt>
   <trkpt lat="25.0201460" lon="121.4246730">
    <ele>13.9</ele>
    <time>2025-08-31T04:43:14Z</time>
   </trkpt>
   <trkpt lat="25.0201310" lon="121.4247430">
    <ele>13.9</ele>
    <time>2025-08-31T04:43:15Z</time>
   </trkpt>
   <trkpt lat="25.0200970" lon="121.4247060">
    <ele>13.9</ele>
    <time>2025-08-31T04:43:16Z</time>
   </trkpt>
   <trkpt lat="25.0200870" lon="121.4246860">
    <ele>13.9</ele>
    <time>2025-08-31T04:43:17Z</time>
   </trkpt>
   <trkpt lat="25.0200750" lon="121.4246880">
    <ele>13.9</ele>
    <time>2025-08-31T04:43:18Z</time>
   </trkpt>
   <trkpt lat="25.0200620" lon="121.4246900">
    <ele>13.9</ele>
    <time>2025-08-31T04:43:19Z</time>
   </trkpt>
   <trkpt lat="25.0200590" lon="121.4246840">
    <ele>13.9</ele>
    <time>2025-08-31T04:43:20Z</time>
   </trkpt>
   <trkpt lat="25.0200500" lon="121.4246640">
    <ele>13.9</ele>
    <time>2025-08-31T04:43:21Z</time>
   </trkpt>
   <trkpt lat="25.0200400" lon="121.4246600">
    <ele>13.9</ele>
    <time>2025-08-31T04:43:22Z</time>
   </trkpt>
   <trkpt lat="25.0200040" lon="121.4246750">
    <ele>14.0</ele>
    <time>2025-08-31T04:43:23Z</time>
   </trkpt>
   <trkpt lat="25.0199900" lon="121.4246800">
    <ele>14.0</ele>
    <time>2025-08-31T04:43:24Z</time>
   </trkpt>
   <trkpt lat="25.0199880" lon="121.4247110">
    <ele>14.0</ele>
    <time>2025-08-31T04:43:25Z</time>
   </trkpt>
   <trkpt lat="25.0199800" lon="121.4247190">
    <ele>14.0</ele>
    <time>2025-08-31T04:43:26Z</time>
   </trkpt>
   <trkpt lat="25.0199720" lon="121.4247170">
    <ele>14.0</ele>
    <time>2025-08-31T04:43:27Z</time>
   </trkpt>
   <trkpt lat="25.0199630" lon="121.4247120">
    <ele>14.0</ele>
    <time>2025-08-31T04:43:28Z</time>
   </trkpt>
   <trkpt lat="25.0199550" lon="121.4247110">
    <ele>14.0</ele>
    <time>2025-08-31T04:43:29Z</time>
   </trkpt>
   <trkpt lat="25.0199470" lon="121.4247170">
    <ele>14.0</ele>
    <time>2025-08-31T04:43:30Z</time>
   </trkpt>
   <trkpt lat="25.0199470" lon="121.4247260">
    <ele>14.0</ele>
    <time>2025-08-31T04:43:31Z</time>
   </trkpt>
   <trkpt lat="25.0199470" lon="121.4247280">
    <ele>14.0</ele>
    <time>2025-08-31T04:43:32Z</time>
   </trkpt>
   <trkpt lat="25.0199490" lon="121.4247270">
    <ele>14.0</ele>
    <time>2025-08-31T04:43:33Z</time>
   </trkpt>
   <trkpt lat="25.0199460" lon="121.4247280">
    <ele>14.0</ele>
    <time>2025-08-31T04:43:34Z</time>
   </trkpt>
   <trkpt lat="25.0199410" lon="121.4247310">
    <ele>14.0</ele>
    <time>2025-08-31T04:43:35Z</time>
   </trkpt>
   <trkpt lat="25.0199460" lon="121.4247370">
    <ele>14.0</ele>
    <time>2025-08-31T04:43:36Z</time>
   </trkpt>
   <trkpt lat="25.0199460" lon="121.4247420">
    <ele>14.0</ele>
    <time>2025-08-31T04:43:37Z</time>
   </trkpt>
   <trkpt lat="25.0199480" lon="121.4247470">
    <ele>14.0</ele>
    <time>2025-08-31T04:43:38Z</time>
   </trkpt>
   <trkpt lat="25.0199490" lon="121.4247470">
    <ele>14.0</ele>
    <time>2025-08-31T04:43:39Z</time>
   </trkpt>
   <trkpt lat="25.0199530" lon="121.4247470">
    <ele>14.0</ele>
    <time>2025-08-31T04:43:40Z</time>
   </trkpt>
   <trkpt lat="25.0199520" lon="121.4247450">
    <ele>14.0</ele>
    <time>2025-08-31T04:43:41Z</time>
   </trkpt>
   <trkpt lat="25.0198750" lon="121.4247810">
    <ele>14.1</ele>
    <time>2025-08-31T04:44:10Z</time>
   </trkpt>
   <trkpt lat="25.0198730" lon="121.4247610">
    <ele>14.1</ele>
    <time>2025-08-31T04:44:11Z</time>
   </trkpt>
   <trkpt lat="25.0198530" lon="121.4247790">
    <ele>14.1</ele>
    <time>2025-08-31T04:44:12Z</time>
   </trkpt>
   <trkpt lat="25.0198410" lon="121.4247850">
    <ele>14.1</ele>
    <time>2025-08-31T04:44:13Z</time>
   </trkpt>
   <trkpt lat="25.0199400" lon="121.4248480">
    <ele>14.1</ele>
    <time>2025-08-31T04:44:14Z</time>
   </trkpt>
   <trkpt lat="25.0199430" lon="121.4248590">
    <ele>14.1</ele>
    <time>2025-08-31T04:44:15Z</time>
   </trkpt>
   <trkpt lat="25.0199520" lon="121.4248690">
    <ele>14.1</ele>
    <time>2025-08-31T04:44:16Z</time>
   </trkpt>
   <trkpt lat="25.0199650" lon="121.4248720">
    <ele>14.2</ele>
    <time>2025-08-31T04:44:17Z</time>
   </trkpt>
   <trkpt lat="25.0199790" lon="121.4248760">
    <ele>14.2</ele>
    <time>2025-08-31T04:44:18Z</time>
   </trkpt>
   <trkpt lat="25.0199880" lon="121.4248520">
    <ele>14.2</ele>
    <time>2025-08-31T04:44:19Z</time>
   </trkpt>
   <trkpt lat="25.0199920" lon="121.4248370">
    <ele>14.2</ele>
    <time>2025-08-31T04:44:20Z</time>
   </trkpt>
   <trkpt lat="25.0199450" lon="121.4248040">
    <ele>14.2</ele>
    <time>2025-08-31T04:44:21Z</time>
   </trkpt>
   <trkpt lat="25.0199720" lon="121.4247840">
    <ele>14.2</ele>
    <time>2025-08-31T04:44:22Z</time>
   </trkpt>
   <trkpt lat="25.0199930" lon="121.4247820">
    <ele>14.2</ele>
    <time>2025-08-31T04:44:23Z</time>
   </trkpt>
   <trkpt lat="25.0200340" lon="121.4248160">
    <ele>14.3</ele>
    <time>2025-08-31T04:44:24Z</time>
   </trkpt>
   <trkpt lat="25.0200230" lon="121.4248150">
    <ele>14.3</ele>
    <time>2025-08-31T04:44:25Z</time>
   </trkpt>
   <trkpt lat="25.0199950" lon="121.4247930">
    <ele>14.3</ele>
    <time>2025-08-31T04:44:27Z</time>
   </trkpt>
   <trkpt lat="25.0199800" lon="121.4247770">
    <ele>14.3</ele>
    <time>2025-08-31T04:44:28Z</time>
   </trkpt>
   <trkpt lat="25.0199720" lon="121.4247640">
    <ele>14.3</ele>
    <time>2025-08-31T04:44:29Z</time>
   </trkpt>
   <trkpt lat="25.0199610" lon="121.4247600">
    <ele>14.3</ele>
    <time>2025-08-31T04:44:30Z</time>
   </trkpt>
   <trkpt lat="25.0199490" lon="121.4247530">
    <ele>14.3</ele>
    <time>2025-08-31T04:44:31Z</time>
   </trkpt>
   <trkpt lat="25.0199420" lon="121.4247500">
    <ele>14.3</ele>
    <time>2025-08-31T04:44:32Z</time>
   </trkpt>
   <trkpt lat="25.0199260" lon="121.4247350">
    <ele>14.3</ele>
    <time>2025-08-31T04:44:33Z</time>
   </trkpt>
   <trkpt lat="25.0199170" lon="121.4247270">
    <ele>14.3</ele>
    <time>2025-08-31T04:44:34Z</time>
   </trkpt>
   <trkpt lat="25.0198940" lon="121.4247280">
    <ele>14.3</ele>
    <time>2025-08-31T04:44:35Z</time>
   </trkpt>
   <trkpt lat="25.0198820" lon="121.4247230">
    <ele>14.3</ele>
    <time>2025-08-31T04:44:36Z</time>
   </trkpt>
   <trkpt lat="25.0198730" lon="121.4247090">
    <ele>14.3</ele>
    <time>2025-08-31T04:44:37Z</time>
   </trkpt>
   <trkpt lat="25.0198720" lon="121.4247050">
    <ele>14.3</ele>
    <time>2025-08-31T04:44:38Z</time>
   </trkpt>
   <trkpt lat="25.0198710" lon="121.4247000">
    <ele>14.3</ele>
    <time>2025-08-31T04:44:39Z</time>
   </trkpt>
   <trkpt lat="25.0198700" lon="121.4246960">
    <ele>14.3</ele>
    <time>2025-08-31T04:44:40Z</time>
   </trkpt>
   <trkpt lat="25.0198700" lon="121.4246910">
    <ele>14.3</ele>
    <time>2025-08-31T04:44:41Z</time>
   </trkpt>
   <trkpt lat="25.0198690" lon="121.4246860">
    <ele>14.3</ele>
    <time>2025-08-31T04:44:42Z</time>
   </trkpt>
   <trkpt lat="25.0198680" lon="121.4246820">
    <ele>14.3</ele>
    <time>2025-08-31T04:44:43Z</time>
   </trkpt>
   <trkpt lat="25.0198670" lon="121.4246770">
    <ele>14.3</ele>
    <time>2025-08-31T04:44:44Z</time>
   </trkpt>
   <trkpt lat="25.0198660" lon="121.4246730">
    <ele>14.3</ele>
    <time>2025-08-31T04:44:45Z</time>
   </trkpt>
   <trkpt lat="25.0198650" lon="121.4246680">
    <ele>14.3</ele>
    <time>2025-08-31T04:44:46Z</time>
   </trkpt>
   <trkpt lat="25.0198460" lon="121.4246510">
    <ele>14.3</ele>
    <time>2025-08-31T04:44:47Z</time>
   </trkpt>
   <trkpt lat="25.0198260" lon="121.4246340">
    <ele>14.3</ele>
    <time>2025-08-31T04:44:48Z</time>
   </trkpt>
   <trkpt lat="25.0198050" lon="121.4246180">
    <ele>14.3</ele>
    <time>2025-08-31T04:45:58Z</time>
   </trkpt>
   <trkpt lat="25.0197850" lon="121.4246010">
    <ele>14.3</ele>
    <time>2025-08-31T04:45:59Z</time>
   </trkpt>
   <trkpt lat="25.0197640" lon="121.4245850">
    <ele>14.3</ele>
    <time>2025-08-31T04:46:00Z</time>
   </trkpt>
   <trkpt lat="25.0197440" lon="121.4245680">
    <ele>14.3</ele>
    <time>2025-08-31T04:46:01Z</time>
   </trkpt>
   <trkpt lat="25.0197230" lon="121.4245520">
    <ele>14.3</ele>
    <time>2025-08-31T04:46:02Z</time>
   </trkpt>
   <trkpt lat="25.0197140" lon="121.4244850">
    <ele>14.3</ele>
    <time>2025-08-31T04:46:03Z</time>
   </trkpt>
   <trkpt lat="25.0197130" lon="121.4245110">
    <ele>14.2</ele>
    <time>2025-08-31T04:46:04Z</time>
   </trkpt>
   <trkpt lat="25.0197200" lon="121.4245380">
    <ele>14.2</ele>
    <time>2025-08-31T04:46:05Z</time>
   </trkpt>
   <trkpt lat="25.0197150" lon="121.4245860">
    <ele>14.1</ele>
    <time>2025-08-31T04:46:06Z</time>
   </trkpt>
   <trkpt lat="25.0197200" lon="121.4246170">
    <ele>14.1</ele>
    <time>2025-08-31T04:46:07Z</time>
   </trkpt>
   <trkpt lat="25.0197160" lon="121.4246320">
    <ele>14.0</ele>
    <time>2025-08-31T04:46:08Z</time>
   </trkpt>
   <trkpt lat="25.0197050" lon="121.4246400">
    <ele>14.0</ele>
    <time>2025-08-31T04:46:09Z</time>
   </trkpt>
   <trkpt lat="25.0197140" lon="121.4246310">
    <ele>14.0</ele>
    <time>2025-08-31T04:46:10Z</time>
   </trkpt>
   <trkpt lat="25.0197160" lon="121.4246190">
    <ele>14.0</ele>
    <time>2025-08-31T04:46:11Z</time>
   </trkpt>
   <trkpt lat="25.0197200" lon="121.4246010">
    <ele>14.0</ele>
    <time>2025-08-31T04:46:12Z</time>
   </trkpt>
   <trkpt lat="25.0197210" lon="121.4245940">
    <ele>13.9</ele>
    <time>2025-08-31T04:46:13Z</time>
   </trkpt>
   <trkpt lat="25.0197320" lon="121.4245980">
    <ele>13.9</ele>
    <time>2025-08-31T04:46:14Z</time>
   </trkpt>
   <trkpt lat="25.0197340" lon="121.4246090">
    <ele>13.9</ele>
    <time>2025-08-31T04:46:15Z</time>
   </trkpt>
   <trkpt lat="25.0197350" lon="121.4246080">
    <ele>13.9</ele>
    <time>2025-08-31T04:46:16Z</time>
   </trkpt>
   <trkpt lat="25.0197360" lon="121.4246130">
    <ele>13.9</ele>
    <time>2025-08-31T04:46:17Z</time>
   </trkpt>
   <trkpt lat="25.0197340" lon="121.4246080">
    <ele>13.9</ele>
    <time>2025-08-31T04:46:18Z</time>
   </trkpt>
   <trkpt lat="25.0197360" lon="121.4246060">
    <ele>13.9</ele>
    <time>2025-08-31T04:46:19Z</time>
   </trkpt>
   <trkpt lat="25.0197080" lon="121.4246620">
    <ele>13.8</ele>
    <time>2025-08-31T04:46:24Z</time>
   </trkpt>
   <trkpt lat="25.0197030" lon="121.4246620">
    <ele>13.8</ele>
    <time>2025-08-31T04:46:25Z</time>
   </trkpt>
   <trkpt lat="25.0197000" lon="121.4246690">
    <ele>13.8</ele>
    <time>2025-08-31T04:46:26Z</time>
   </trkpt>
   <trkpt lat="25.0196980" lon="121.4246870">
    <ele>13.8</ele>
    <time>2025-08-31T04:46:27Z</time>
   </trkpt>
   <trkpt lat="25.0196950" lon="121.4246960">
    <ele>13.7</ele>
    <time>2025-08-31T04:46:28Z</time>
   </trkpt>
   <trkpt lat="25.0196940" lon="121.4247010">
    <ele>13.7</ele>
    <time>2025-08-31T04:46:29Z</time>
   </trkpt>
   <trkpt lat="25.0196900" lon="121.4247160">
    <ele>13.7</ele>
    <time>2025-08-31T04:46:30Z</time>
   </trkpt>
   <trkpt lat="25.0196900" lon="121.4247040">
    <ele>13.7</ele>
    <time>2025-08-31T04:46:31Z</time>
   </trkpt>
   <trkpt lat="25.0196910" lon="121.4247080">
    <ele>13.7</ele>
    <time>2025-08-31T04:46:32Z</time>
   </trkpt>
   <trkpt lat="25.0196930" lon="121.4247030">
    <ele>13.7</ele>
    <time>2025-08-31T04:46:33Z</time>
   </trkpt>
   <trkpt lat="25.0196890" lon="121.4246970">
    <ele>13.7</ele>
    <time>2025-08-31T04:46:34Z</time>
   </trkpt>
   <trkpt lat="25.0196950" lon="121.4246910">
    <ele>13.7</ele>
    <time>2025-08-31T04:46:35Z</time>
   </trkpt>
   <trkpt lat="25.0196920" lon="121.4246960">
    <ele>13.6</ele>
    <time>2025-08-31T04:46:36Z</time>
   </trkpt>
   <trkpt lat="25.0196920" lon="121.4246940">
    <ele>13.6</ele>
    <time>2025-08-31T04:46:37Z</time>
   </trkpt>
   <trkpt lat="25.0196910" lon="121.4246950">
    <ele>13.6</ele>
    <time>2025-08-31T04:46:39Z</time>
   </trkpt>
   <trkpt lat="25.0196910" lon="121.4246950">
    <ele>13.6</ele>
    <time>2025-08-31T04:46:40Z</time>
   </trkpt>
   <trkpt lat="25.0196890" lon="121.4246930">
    <ele>13.6</ele>
    <time>2025-08-31T04:46:41Z</time>
   </trkpt>
   <trkpt lat="25.0196650" lon="121.4247480">
    <ele>13.5</ele>
    <time>2025-08-31T04:46:56Z</time>
   </trkpt>
   <trkpt lat="25.0196800" lon="121.4247770">
    <ele>13.5</ele>
    <time>2025-08-31T04:46:57Z</time>
   </trkpt>
   <trkpt lat="25.0196840" lon="121.4247930">
    <ele>13.5</ele>
    <time>2025-08-31T04:46:58Z</time>
   </trkpt>
   <trkpt lat="25.0196810" lon="121.4248080">
    <ele>13.4</ele>
    <time>2025-08-31T04:46:59Z</time>
   </trkpt>
   <trkpt lat="25.0196710" lon="121.4248170">
    <ele>13.4</ele>
    <time>2025-08-31T04:47:00Z</time>
   </trkpt>
   <trkpt lat="25.0196670" lon="121.4248200">
    <ele>13.4</ele>
    <time>2025-08-31T04:47:01Z</time>
   </trkpt>
   <trkpt lat="25.0196640" lon="121.4248230">
    <ele>13.4</ele>
    <time>2025-08-31T04:47:02Z</time>
   </trkpt>
   <trkpt lat="25.0196600" lon="121.4248260">
    <ele>13.4</ele>
    <time>2025-08-31T04:47:03Z</time>
   </trkpt>
   <trkpt lat="25.0196570" lon="121.4248280">
    <ele>13.4</ele>
    <time>2025-08-31T04:47:04Z</time>
   </trkpt>
   <trkpt lat="25.0196530" lon="121.4248310">
    <ele>13.4</ele>
    <time>2025-08-31T04:47:05Z</time>
   </trkpt>
   <trkpt lat="25.0196500" lon="121.4248340">
    <ele>13.4</ele>
    <time>2025-08-31T04:47:06Z</time>
   </trkpt>
   <trkpt lat="25.0196460" lon="121.4248370">
    <ele>13.4</ele>
    <time>2025-08-31T04:47:07Z</time>
   </trkpt>
   <trkpt lat="25.0196350" lon="121.4248660">
    <ele>13.3</ele>
    <time>2025-08-31T04:47:08Z</time>
   </trkpt>
   <trkpt lat="25.0196270" lon="121.4248840">
    <ele>13.3</ele>
    <time>2025-08-31T04:47:09Z</time>
   </trkpt>
   <trkpt lat="25.0196600" lon="121.4248890">
    <ele>13.3</ele>
    <time>2025-08-31T04:47:10Z</time>
   </trkpt>
   <trkpt lat="25.0196300" lon="121.4248620">
    <ele>13.4</ele>
    <time>2025-08-31T04:47:11Z</time>
   </trkpt>
   <trkpt lat="25.0196190" lon="121.4248360">
    <ele>13.4</ele>
    <time>2025-08-31T04:47:12Z</time>
   </trkpt>
   <trkpt lat="25.0196240" lon="121.4248190">
    <ele>13.4</ele>
    <time>2025-08-31T04:47:13Z</time>
   </trkpt>
   <trkpt lat="25.0196260" lon="121.4247860">
    <ele>13.5</ele>
    <time>2025-08-31T04:47:14Z</time>
   </trkpt>
   <trkpt lat="25.0196470" lon="121.4247540">
    <ele>13.5</ele>
    <time>2025-08-31T04:47:15Z</time>
   </trkpt>
   <trkpt lat="25.0196800" lon="121.4247210">
    <ele>13.6</ele>
    <time>2025-08-31T04:47:16Z</time>
   </trkpt>
   <trkpt lat="25.0196600" lon="121.4246900">
    <ele>13.7</ele>
    <time>2025-08-31T04:47:17Z</time>
   </trkpt>
   <trkpt lat="25.0196760" lon="121.4246980">
    <ele>13.7</ele>
    <time>2025-08-31T04:47:18Z</time>
   </trkpt>
   <trkpt lat="25.0196920" lon="121.4247150">
    <ele>13.7</ele>
    <time>2025-08-31T04:47:19Z</time>
   </trkpt>
   <trkpt lat="25.0197020" lon="121.4247680">
    <ele>13.8</ele>
    <time>2025-08-31T04:47:20Z</time>
   </trkpt>
   <trkpt lat="25.0196830" lon="121.4247810">
    <ele>13.9</ele>
    <time>2025-08-31T04:47:21Z</time>
   </trkpt>
   <trkpt lat="25.0196890" lon="121.4247350">
    <ele>13.9</ele>
    <time>2025-08-31T04:47:22Z</time>
   </trkpt>
   <trkpt lat="25.0196590" lon="121.4247360">
    <ele>14.0</ele>
    <time>2025-08-31T04:47:23Z</time>
   </trkpt>
   <trkpt lat="25.0196880" lon="121.4247110">
    <ele>14.1</ele>
    <time>2025-08-31T04:47:24Z</time>
   </trkpt>
   <trkpt lat="25.0197150" lon="121.4246940">
    <ele>14.1</ele>
    <time>2025-08-31T04:47:25Z</time>
   </trkpt>
   <trkpt lat="25.0197280" lon="121.4246650">
    <ele>14.2</ele>
    <time>2025-08-31T04:47:26Z</time>
   </trkpt>
   <trkpt lat="25.0197230" lon="121.4246370">
    <ele>14.2</ele>
    <time>2025-08-31T04:47:27Z</time>
   </trkpt>
   <trkpt lat="25.0197230" lon="121.4246240">
    <ele>14.3</ele>
    <time>2025-08-31T04:47:28Z</time>
   </trkpt>
   <trkpt lat="25.0197130" lon="121.4246230">
    <ele>14.3</ele>
    <time>2025-08-31T04:47:29Z</time>
   </trkpt>
   <trkpt lat="25.0197050" lon="121.4246270">
    <ele>14.3</ele>
    <time>2025-08-31T04:47:30Z</time>
   </trkpt>
   <trkpt lat="25.0196970" lon="121.4246320">
    <ele>14.3</ele>
    <time>2025-08-31T04:47:31Z</time>
   </trkpt>
   <trkpt lat="25.0196890" lon="121.4246360">
    <ele>14.3</ele>
    <time>2025-08-31T04:48:09Z</time>
   </trkpt>
   <trkpt lat="25.0196810" lon="121.4246410">
    <ele>14.3</ele>
    <time>2025-08-31T04:48:10Z</time>
   </trkpt>
   <trkpt lat="25.0196460" lon="121.4245880">
    <ele>14.3</ele>
    <time>2025-08-31T04:48:11Z</time>
   </trkpt>
   <trkpt lat="25.0196250" lon="121.4245560">
    <ele>14.3</ele>
    <time>2025-08-31T04:48:12Z</time>
   </trkpt>
   <trkpt lat="25.0195820" lon="121.4245430">
    <ele>14.3</ele>
    <time>2025-08-31T04:48:13Z</time>
   </trkpt>
   <trkpt lat="25.0195750" lon="121.4245670">
    <ele>14.3</ele>
    <time>2025-08-31T04:48:14Z</time>
   </trkpt>
   <trkpt lat="25.0196100" lon="121.4245220">
    <ele>14.3</ele>
    <time>2025-08-31T04:48:15Z</time>
   </trkpt>
   <trkpt lat="25.0196140" lon="121.4245060">
    <ele>14.3</ele>
    <time>2025-08-31T04:48:16Z</time>
   </trkpt>
   <trkpt lat="25.0196160" lon="121.4244850">
    <ele>14.3</ele>
    <time>2025-08-31T04:48:17Z</time>
   </trkpt>
   <trkpt lat="25.0195890" lon="121.4244810">
    <ele>14.3</ele>
    <time>2025-08-31T04:48:18Z</time>
   </trkpt>
   <trkpt lat="25.0195830" lon="121.4244870">
    <ele>14.3</ele>
    <time>2025-08-31T04:48:19Z</time>
   </trkpt>
   <trkpt lat="25.0195780" lon="121.4244930">
    <ele>14.3</ele>
    <time>2025-08-31T04:48:20Z</time>
   </trkpt>
   <trkpt lat="25.0195720" lon="121.4244990">
    <ele>14.3</ele>
    <time>2025-08-31T04:48:21Z</time>
   </trkpt>
   <trkpt lat="25.0195670" lon="121.4245040">
    <ele>14.3</ele>
    <time>2025-08-31T04:48:22Z</time>
   </trkpt>
   <trkpt lat="25.0195610" lon="121.4245100">
    <ele>14.3</ele>
    <time>2025-08-31T04:48:23Z</time>
   </trkpt>
   <trkpt lat="25.0195560" lon="121.4245160">
    <ele>14.3</ele>
    <time>2025-08-31T04:48:24Z</time>
   </trkpt>
   <trkpt lat="25.0195500" lon="121.4245220">
    <ele>14.3</ele>
    <time>2025-08-31T04:48:25Z</time>
   </trkpt>
   <trkpt lat="25.0195600" lon="121.4245150">
    <ele>14.4</ele>
    <time>2025-08-31T04:48:26Z</time>
   </trkpt>
   <trkpt lat="25.0195610" lon="121.4245450">
    <ele>14.4</ele>
    <time>2025-08-31T04:48:27Z</time>
   </trkpt>
   <trkpt lat="25.0195530" lon="121.4245490">
    <ele>14.4</ele>
    <time>2025-08-31T04:48:28Z</time>
   </trkpt>
   <trkpt lat="25.0195380" lon="121.4245010">
    <ele>14.4</ele>
    <time>2025-08-31T04:48:29Z</time>
   </trkpt>
   <trkpt lat="25.0195270" lon="121.4244920">
    <ele>14.4</ele>
    <time>2025-08-31T04:48:30Z</time>
   </trkpt>
   <trkpt lat="25.0195250" lon="121.4244820">
    <ele>14.4</ele>
    <time>2025-08-31T04:48:31Z</time>
   </trkpt>
   <trkpt lat="25.0195190" lon="121.4244850">
    <ele>14.4</ele>
    <time>2025-08-31T04:48:32Z</time>
   </trkpt>
   <trkpt lat="25.0195030" lon="121.4244940">
    <ele>14.4</ele>
    <time>2025-08-31T04:48:33Z</time>
   </trkpt>
   <trkpt lat="25.0194950" lon="121.4244830">
    <ele>14.4</ele>
    <time>2025-08-31T04:48:34Z</time>
   </trkpt>
   <trkpt lat="25.0194900" lon="121.4244710">
    <ele>14.4</ele>
    <time>2025-08-31T04:48:35Z</time>
   </trkpt>
   <trkpt lat="25.0195000" lon="121.4244710">
    <ele>14.4</ele>
    <time>2025-08-31T04:48:36Z</time>
   </trkpt>
   <trkpt lat="25.0194940" lon="121.4244790">
    <ele>14.4</ele>
    <time>2025-08-31T04:48:37Z</time>
   </trkpt>
   <trkpt lat="25.0194920" lon="121.4244840">
    <ele>14.4</ele>
    <time>2025-08-31T04:48:38Z</time>
   </trkpt>
   <trkpt lat="25.0194860" lon="121.4244750">
    <ele>14.4</ele>
    <time>2025-08-31T04:48:40Z</time>
   </trkpt>
   <trkpt lat="25.0194810" lon="121.4244750">
    <ele>14.4</ele>
    <time>2025-08-31T04:48:41Z</time>
   </trkpt>
   <trkpt lat="25.0194810" lon="121.4244760">
    <ele>14.4</ele>
    <time>2025-08-31T04:48:42Z</time>
   </trkpt>
   <trkpt lat="25.0194750" lon="121.4244810">
    <ele>14.4</ele>
    <time>2025-08-31T04:48:43Z</time>
   </trkpt>
   <trkpt lat="25.0194720" lon="121.4244820">
    <ele>14.4</ele>
    <time>2025-08-31T04:48:44Z</time>
   </trkpt>
   <trkpt lat="25.0194700" lon="121.4244850">
    <ele>14.4</ele>
    <time>2025-08-31T04:48:45Z</time>
   </trkpt>
   <trkpt lat="25.0194730" lon="121.4244920">
    <ele>14.4</ele>
    <time>2025-08-31T04:48:46Z</time>
   </trkpt>
   <trkpt lat="25.0194800" lon="121.4244950">
    <ele>14.4</ele>
    <time>2025-08-31T04:48:47Z</time>
   </trkpt>
   <trkpt lat="25.0194710" lon="121.4244910">
    <ele>14.4</ele>
    <time>2025-08-31T04:48:48Z</time>
   </trkpt>
   <trkpt lat="25.0194310" lon="121.4244970">
    <ele>14.5</ele>
    <time>2025-08-31T04:48:59Z</time>
   </trkpt>
   <trkpt lat="25.0194210" lon="121.4245090">
    <ele>14.5</ele>
    <time>2025-08-31T04:49:00Z</time>
   </trkpt>
   <trkpt lat="25.0194140" lon="121.4245010">
    <ele>14.5</ele>
    <time>2025-08-31T04:49:01Z</time>
   </trkpt>
   <trkpt lat="25.0194040" lon="121.4244910">
    <ele>14.5</ele>
    <time>2025-08-31T04:49:02Z</time>
   </trkpt>
   <trkpt lat="25.0193950" lon="121.4244900">
    <ele>14.5</ele>
    <time>2025-08-31T04:49:03Z</time>
   </trkpt>
   <trkpt lat="25.0193880" lon="121.4244900">
    <ele>14.5</ele>
    <time>2025-08-31T04:49:04Z</time>
   </trkpt>
   <trkpt lat="25.0193760" lon="121.4244920">
    <ele>14.5</ele>
    <time>2025-08-31T04:49:05Z</time>
   </trkpt>
   <trkpt lat="25.0193520" lon="121.4245280">
    <ele>14.5</ele>
    <time>2025-08-31T04:49:06Z</time>
   </trkpt>
   <trkpt lat="25.0193530" lon="121.4245240">
    <ele>14.5</ele>
    <time>2025-08-31T04:49:07Z</time>
   </trkpt>
   <trkpt lat="25.0193600" lon="121.4244970">
    <ele>14.5</ele>
    <time>2025-08-31T04:49:08Z</time>
   </trkpt>
   <trkpt lat="25.0193430" lon="121.4245120">
    <ele>14.5</ele>
    <time>2025-08-31T04:49:09Z</time>
   </trkpt>
   <trkpt lat="25.0193620" lon="121.4244610">
    <ele>14.5</ele>
    <time>2025-08-31T04:49:10Z</time>
   </trkpt>
   <trkpt lat="25.0193540" lon="121.4244710">
    <ele>14.6</ele>
    <time>2025-08-31T04:49:11Z</time>
   </trkpt>
   <trkpt lat="25.0193390" lon="121.4244740">
    <ele>14.6</ele>
    <time>2025-08-31T04:49:12Z</time>
   </trkpt>
   <trkpt lat="25.0193330" lon="121.4244730">
    <ele>14.6</ele>
    <time>2025-08-31T04:49:13Z</time>
   </trkpt>
   <trkpt lat="25.0193310" lon="121.4244690">
    <ele>14.6</ele>
    <time>2025-08-31T04:49:14Z</time>
   </trkpt>
   <trkpt lat="25.0193310" lon="121.4244710">
    <ele>14.6</ele>
    <time>2025-08-31T04:49:15Z</time>
   </trkpt>
   <trkpt lat="25.0193320" lon="121.4244740">
    <ele>14.6</ele>
    <time>2025-08-31T04:49:16Z</time>
   </trkpt>
   <trkpt lat="25.0193320" lon="121.4244760">
    <ele>14.6</ele>
    <time>2025-08-31T04:49:17Z</time>
   </trkpt>
   <trkpt lat="25.0193320" lon="121.4244790">
    <ele>14.6</ele>
    <time>2025-08-31T04:49:18Z</time>
   </trkpt>
   <trkpt lat="25.0193320" lon="121.4244810">
    <ele>14.6</ele>
    <time>2025-08-31T04:49:19Z</time>
   </trkpt>
   <trkpt lat="25.0193320" lon="121.4244840">
    <ele>14.6</ele>
    <time>2025-08-31T04:49:20Z</time>
   </trkpt>
   <trkpt lat="25.0193330" lon="121.4244860">
    <ele>14.6</ele>
    <time>2025-08-31T04:49:21Z</time>
   </trkpt>
   <trkpt lat="25.0193330" lon="121.4244890">
    <ele>14.6</ele>
    <time>2025-08-31T04:49:22Z</time>
   </trkpt>
   <trkpt lat="25.0193330" lon="121.4244920">
    <ele>14.6</ele>
    <time>2025-08-31T04:49:23Z</time>
   </trkpt>
   <trkpt lat="25.0193330" lon="121.4244940">
    <ele>14.6</ele>
    <time>2025-08-31T04:49:24Z</time>
   </trkpt>
   <trkpt lat="25.0193330" lon="121.4244970">
    <ele>14.6</ele>
    <time>2025-08-31T04:49:25Z</time>
   </trkpt>
   <trkpt lat="25.0193330" lon="121.4244990">
    <ele>14.6</ele>
    <time>2025-08-31T04:49:43Z</time>
   </trkpt>
   <trkpt lat="25.0193340" lon="121.4245020">
    <ele>14.6</ele>
    <time>2025-08-31T04:49:44Z</time>
   </trkpt>
   <trkpt lat="25.0193340" lon="121.4245040">
    <ele>14.6</ele>
    <time>2025-08-31T04:49:45Z</time>
   </trkpt>
   <trkpt lat="25.0193340" lon="121.4245070">
    <ele>14.6</ele>
    <time>2025-08-31T04:49:46Z</time>
   </trkpt>
   <trkpt lat="25.0193350" lon="121.4245090">
    <ele>14.6</ele>
    <time>2025-08-31T04:49:47Z</time>
   </trkpt>
   <trkpt lat="25.0193210" lon="121.4245110">
    <ele>14.6</ele>
    <time>2025-08-31T04:49:48Z</time>
   </trkpt>
   <trkpt lat="25.0193140" lon="121.4245140">
    <ele>14.6</ele>
    <time>2025-08-31T04:49:49Z</time>
   </trkpt>
   <trkpt lat="25.0193110" lon="121.4245140">
    <ele>14.6</ele>
    <time>2025-08-31T04:49:50Z</time>
   </trkpt>
   <trkpt lat="25.0193130" lon="121.4245130">
    <ele>14.6</ele>
    <time>2025-08-31T04:49:51Z</time>
   </trkpt>
   <trkpt lat="25.0193240" lon="121.4245040">
    <ele>14.6</ele>
    <time>2025-08-31T04:49:52Z</time>
   </trkpt>
   <trkpt lat="25.0193200" lon="121.4245060">
    <ele>14.6</ele>
    <time>2025-08-31T04:49:53Z</time>
   </trkpt>
   <trkpt lat="25.0193140" lon="121.4245140">
    <ele>14.6</ele>
    <time>2025-08-31T04:49:54Z</time>
   </trkpt>
   <trkpt lat="25.0193030" lon="121.4245200">
    <ele>14.6</ele>
    <time>2025-08-31T04:49:55Z</time>
   </trkpt>
   <trkpt lat="25.0192920" lon="121.4245260">
    <ele>14.6</ele>
    <time>2025-08-31T04:49:56Z</time>
   </trkpt>
   <trkpt lat="25.0192810" lon="121.4245400">
    <ele>14.6</ele>
    <time>2025-08-31T04:49:57Z</time>
   </trkpt>
   <trkpt lat="25.0193000" lon="121.4245310">
    <ele>14.6</ele>
    <time>2025-08-31T04:49:58Z</time>
   </trkpt>
   <trkpt lat="25.0193030" lon="121.4245280">
    <ele>14.6</ele>
    <time>2025-08-31T04:49:59Z</time>
   </trkpt>
   <trkpt lat="25.0193060" lon="121.4245240">
    <ele>14.6</ele>
    <time>2025-08-31T04:50:00Z</time>
   </trkpt>
   <trkpt lat="25.0193090" lon="121.4245210">
    <ele>14.6</ele>
    <time>2025-08-31T04:50:01Z</time>
   </trkpt>
   <trkpt lat="25.0193120" lon="121.4245170">
    <ele>14.6</ele>
    <time>2025-08-31T04:50:02Z</time>
   </trkpt>
   <trkpt lat="25.0193020" lon="121.4245200">
    <ele>14.6</ele>
    <time>2025-08-31T04:50:03Z</time>
   </trkpt>
   <trkpt lat="25.0192910" lon="121.4245240">
    <ele>14.6</ele>
    <time>2025-08-31T04:50:04Z</time>
   </trkpt>
   <trkpt lat="25.0192850" lon="121.4245280">
    <ele>14.6</ele>
    <time>2025-08-31T04:50:05Z</time>
   </trkpt>
   <trkpt lat="25.0192850" lon="121.4245280">
    <ele>14.6</ele>
    <time>2025-08-31T04:50:06Z</time>
   </trkpt>
   <trkpt lat="25.0192820" lon="121.4245300">
    <ele>14.6</ele>
    <time>2025-08-31T04:50:07Z</time>
   </trkpt>
   <trkpt lat="25.0192740" lon="121.4245350">
    <ele>14.7</ele>
    <time>2025-08-31T04:50:08Z</time>
   </trkpt>
   <trkpt lat="25.0192940" lon="121.4245270">
    <ele>14.6</ele>
    <time>2025-08-31T04:50:09Z</time>
   </trkpt>
   <trkpt lat="25.0192850" lon="121.4245310">
    <ele>14.6</ele>
    <time>2025-08-31T04:50:10Z</time>
   </trkpt>
   <trkpt lat="25.0192790" lon="121.4245350">
    <ele>14.6</ele>
    <time>2025-08-31T04:50:11Z</time>
   </trkpt>
   <trkpt lat="25.0192810" lon="121.4245420">
    <ele>14.6</ele>
    <time>2025-08-31T04:50:12Z</time>
   </trkpt>
   <trkpt lat="25.0192870" lon="121.4245400">
    <ele>14.6</ele>
    <time>2025-08-31T04:50:13Z</time>
   </trkpt>
   <trkpt lat="25.0192940" lon="121.4245390">
    <ele>14.6</ele>
    <time>2025-08-31T04:50:14Z</time>
   </trkpt>
   <trkpt lat="25.0193210" lon="121.4245230">
    <ele>14.6</ele>
    <time>2025-08-31T04:50:15Z</time>
   </trkpt>
   <trkpt lat="25.0193000" lon="121.4245280">
    <ele>14.6</ele>
    <time>2025-08-31T04:50:16Z</time>
   </trkpt>
   <trkpt lat="25.0192780" lon="121.4245380">
    <ele>14.6</ele>
    <time>2025-08-31T04:50:17Z</time>
   </trkpt>
   <trkpt lat="25.0192920" lon="121.4245370">
    <ele>14.6</ele>
    <time>2025-08-31T04:50:18Z</time>
   </trkpt>
   <trkpt lat="25.0193030" lon="121.4245360">
    <ele>14.6</ele>
    <time>2025-08-31T04:50:19Z</time>
   </trkpt>
   <trkpt lat="25.0193140" lon="121.4245360">
    <ele>14.6</ele>
    <time>2025-08-31T04:50:20Z</time>
   </trkpt>
   <trkpt lat="25.0193150" lon="121.4245360">
    <ele>14.6</ele>
    <time>2025-08-31T04:50:21Z</time>
   </trkpt>
   <trkpt lat="25.0193100" lon="121.4245380">
    <ele>14.6</ele>
    <time>2025-08-31T04:50:22Z</time>
   </trkpt>
   <trkpt lat="25.0193100" lon="121.4245380">
    <ele>14.6</ele>
    <time>2025-08-31T04:50:23Z</time>
   </trkpt>
   <trkpt lat="25.0193100" lon="121.4245380">
    <ele>14.6</ele>
    <time>2025-08-31T04:50:24Z</time>
   </trkpt>
   <trkpt lat="25.0193110" lon="121.4245380">
    <ele>14.6</ele>
    <time>2025-08-31T04:50:25Z</time>
   </trkpt>
   <trkpt lat="25.0193110" lon="121.4245380">
    <ele>14.6</ele>
    <time>2025-08-31T04:50:26Z</time>
   </trkpt>
   <trkpt lat="25.0193300" lon="121.4245290">
    <ele>14.6</ele>
    <time>2025-08-31T04:50:27Z</time>
   </trkpt>
   <trkpt lat="25.0193270" lon="121.4245260">
    <ele>14.6</ele>
    <time>2025-08-31T04:50:28Z</time>
   </trkpt>
   <trkpt lat="25.0193610" lon="121.4243300">
    <ele>14.5</ele>
    <time>2025-08-31T04:53:13Z</time>
   </trkpt>
   <trkpt lat="25.0193390" lon="121.4243330">
    <ele>14.5</ele>
    <time>2025-08-31T04:53:14Z</time>
   </trkpt>
   <trkpt lat="25.0193250" lon="121.4243260">
    <ele>14.5</ele>
    <time>2025-08-31T04:53:15Z</time>
   </trkpt>
   <trkpt lat="25.0193120" lon="121.4243360">
    <ele>14.5</ele>
    <time>2025-08-31T04:53:16Z</time>
   </trkpt>
   <trkpt lat="25.0193080" lon="121.4243370">
    <ele>14.5</ele>
    <time>2025-08-31T04:53:17Z</time>
   </trkpt>
   <trkpt lat="25.0192930" lon="121.4243370">
    <ele>14.5</ele>
    <time>2025-08-31T04:53:18Z</time>
   </trkpt>
   <trkpt lat="25.0192610" lon="121.4243430">
    <ele>14.5</ele>
    <time>2025-08-31T04:53:19Z</time>
   </trkpt>
   <trkpt lat="25.0192490" lon="121.4243410">
    <ele>14.5</ele>
    <time>2025-08-31T04:53:20Z</time>
   </trkpt>
   <trkpt lat="25.0192160" lon="121.4243240">
    <ele>14.5</ele>
    <time>2025-08-31T04:53:21Z</time>
   </trkpt>
   <trkpt lat="25.0192060" lon="121.4243210">
    <ele>14.5</ele>
    <time>2025-08-31T04:53:22Z</time>
   </trkpt>
   <trkpt lat="25.0191890" lon="121.4243170">
    <ele>14.5</ele>
    <time>2025-08-31T04:53:23Z</time>
   </trkpt>
   <trkpt lat="25.0191760" lon="121.4243080">
    <ele>14.5</ele>
    <time>2025-08-31T04:53:24Z</time>
   </trkpt>
   <trkpt lat="25.0191660" lon="121.4243080">
    <ele>14.5</ele>
    <time>2025-08-31T04:53:25Z</time>
   </trkpt>
   <trkpt lat="25.0191570" lon="121.4243060">
    <ele>14.5</ele>
    <time>2025-08-31T04:53:26Z</time>
   </trkpt>
   <trkpt lat="25.0191460" lon="121.4242980">
    <ele>14.5</ele>
    <time>2025-08-31T04:53:27Z</time>
   </trkpt>
   <trkpt lat="25.0191410" lon="121.4242900">
    <ele>14.5</ele>
    <time>2025-08-31T04:53:28Z</time>
   </trkpt>
   <trkpt lat="25.0191330" lon="121.4242830">
    <ele>14.5</ele>
    <time>2025-08-31T04:53:29Z</time>
   </trkpt>
   <trkpt lat="25.0191220" lon="121.4242750">
    <ele>14.5</ele>
    <time>2025-08-31T04:53:30Z</time>
   </trkpt>
   <trkpt lat="25.0191140" lon="121.4242660">
    <ele>14.5</ele>
    <time>2025-08-31T04:53:31Z</time>
   </trkpt>
   <trkpt lat="25.0191020" lon="121.4242580">
    <ele>14.5</ele>
    <time>2025-08-31T04:53:32Z</time>
   </trkpt>
   <trkpt lat="25.0190920" lon="121.4242540">
    <ele>14.5</ele>
    <time>2025-08-31T04:53:33Z</time>
   </trkpt>
   <trkpt lat="25.0190680" lon="121.4242510">
    <ele>14.5</ele>
    <time>2025-08-31T04:53:34Z</time>
   </trkpt>
   <trkpt lat="25.0190620" lon="121.4242490">
    <ele>14.5</ele>
    <time>2025-08-31T04:53:35Z</time>
   </trkpt>
   <trkpt lat="25.0190550" lon="121.4242460">
    <ele>14.5</ele>
    <time>2025-08-31T04:53:36Z</time>
   </trkpt>
   <trkpt lat="25.0190470" lon="121.4242430">
    <ele>14.5</ele>
    <time>2025-08-31T04:53:37Z</time>
   </trkpt>
   <trkpt lat="25.0190360" lon="121.4242230">
    <ele>14.5</ele>
    <time>2025-08-31T04:53:38Z</time>
   </trkpt>
   <trkpt lat="25.0190220" lon="121.4242090">
    <ele>14.5</ele>
    <time>2025-08-31T04:53:39Z</time>
   </trkpt>
   <trkpt lat="25.0190170" lon="121.4242000">
    <ele>14.5</ele>
    <time>2025-08-31T04:53:40Z</time>
   </trkpt>
   <trkpt lat="25.0190130" lon="121.4241920">
    <ele>14.5</ele>
    <time>2025-08-31T04:53:41Z</time>
   </trkpt>
   <trkpt lat="25.0190080" lon="121.4241840">
    <ele>14.5</ele>
    <time>2025-08-31T04:53:42Z</time>
   </trkpt>
   <trkpt lat="25.0189940" lon="121.4241710">
    <ele>14.5</ele>
    <time>2025-08-31T04:53:43Z</time>
   </trkpt>
   <trkpt lat="25.0189850" lon="121.4241650">
    <ele>14.5</ele>
    <time>2025-08-31T04:53:44Z</time>
   </trkpt>
   <trkpt lat="25.0189700" lon="121.4241450">
    <ele>14.5</ele>
    <time>2025-08-31T04:53:45Z</time>
   </trkpt>
   <trkpt lat="25.0189640" lon="121.4241370">
    <ele>14.5</ele>
    <time>2025-08-31T04:53:46Z</time>
   </trkpt>
   <trkpt lat="25.0189570" lon="121.4241290">
    <ele>14.5</ele>
    <time>2025-08-31T04:53:47Z</time>
   </trkpt>
   <trkpt lat="25.0189540" lon="121.4241040">
    <ele>14.5</ele>
    <time>2025-08-31T04:53:48Z</time>
   </trkpt>
   <trkpt lat="25.0189520" lon="121.4240940">
    <ele>14.5</ele>
    <time>2025-08-31T04:53:49Z</time>
   </trkpt>
   <trkpt lat="25.0189490" lon="121.4240830">
    <ele>14.5</ele>
    <time>2025-08-31T04:53:50Z</time>
   </trkpt>
   <trkpt lat="25.0189420" lon="121.4240790">
    <ele>14.5</ele>
    <time>2025-08-31T04:53:51Z</time>
   </trkpt>
   <trkpt lat="25.0189380" lon="121.4240720">
    <ele>14.5</ele>
    <time>2025-08-31T04:53:52Z</time>
   </trkpt>
   <trkpt lat="25.0189350" lon="121.4240840">
    <ele>14.5</ele>
    <time>2025-08-31T04:53:53Z</time>
   </trkpt>
   <trkpt lat="25.0189220" lon="121.4240880">
    <ele>14.5</ele>
    <time>2025-08-31T04:53:54Z</time>
   </trkpt>
   <trkpt lat="25.0189250" lon="121.4240960">
    <ele>14.5</ele>
    <time>2025-08-31T04:53:55Z</time>
   </trkpt>
   <trkpt lat="25.0189220" lon="121.4240700">
    <ele>14.5</ele>
    <time>2025-08-31T04:53:56Z</time>
   </trkpt>
   <trkpt lat="25.0189240" lon="121.4240590">
    <ele>14.5</ele>
    <time>2025-08-31T04:53:57Z</time>
   </trkpt>
   <trkpt lat="25.0189260" lon="121.4240610">
    <ele>14.5</ele>
    <time>2025-08-31T04:53:58Z</time>
   </trkpt>
   <trkpt lat="25.0189280" lon="121.4240650">
    <ele>14.5</ele>
    <time>2025-08-31T04:53:59Z</time>
   </trkpt>
   <trkpt lat="25.0189280" lon="121.4240590">
    <ele>14.5</ele>
    <time>2025-08-31T04:54:00Z</time>
   </trkpt>
   <trkpt lat="25.0189300" lon="121.4240470">
    <ele>14.5</ele>
    <time>2025-08-31T04:54:01Z</time>
   </trkpt>
   <trkpt lat="25.0189320" lon="121.4240250">
    <ele>14.5</ele>
    <time>2025-08-31T04:54:02Z</time>
   </trkpt>
   <trkpt lat="25.0189450" lon="121.4239870">
    <ele>14.5</ele>
    <time>2025-08-31T04:54:03Z</time>
   </trkpt>
   <trkpt lat="25.0189470" lon="121.4239640">
    <ele>14.5</ele>
    <time>2025-08-31T04:54:04Z</time>
   </trkpt>
   <trkpt lat="25.0189520" lon="121.4239490">
    <ele>14.5</ele>
    <time>2025-08-31T04:54:05Z</time>
   </trkpt>
   <trkpt lat="25.0189630" lon="121.4239180">
    <ele>14.5</ele>
    <time>2025-08-31T04:54:06Z</time>
   </trkpt>
   <trkpt lat="25.0189670" lon="121.4239090">
    <ele>14.5</ele>
    <time>2025-08-31T04:54:07Z</time>
   </trkpt>
   <trkpt lat="25.0189690" lon="121.4238770">
    <ele>14.5</ele>
    <time>2025-08-31T04:54:08Z</time>
   </trkpt>
   <trkpt lat="25.0189720" lon="121.4238660">
    <ele>14.5</ele>
    <time>2025-08-31T04:54:09Z</time>
   </trkpt>
   <trkpt lat="25.0189770" lon="121.4238640">
    <ele>14.5</ele>
    <time>2025-08-31T04:54:10Z</time>
   </trkpt>
   <trkpt lat="25.0189770" lon="121.4238640">
    <ele>14.5</ele>
    <time>2025-08-31T04:54:11Z</time>
   </trkpt>
   <trkpt lat="25.0189770" lon="121.4238430">
    <ele>14.5</ele>
    <time>2025-08-31T04:54:12Z</time>
   </trkpt>
   <trkpt lat="25.0189750" lon="121.4238420">
    <ele>14.5</ele>
    <time>2025-08-31T04:54:13Z</time>
   </trkpt>
   <trkpt lat="25.0189640" lon="121.4238520">
    <ele>14.5</ele>
    <time>2025-08-31T04:54:14Z</time>
   </trkpt>
   <trkpt lat="25.0189500" lon="121.4238510">
    <ele>14.5</ele>
    <time>2025-08-31T04:54:15Z</time>
   </trkpt>
   <trkpt lat="25.0189460" lon="121.4238450">
    <ele>14.5</ele>
    <time>2025-08-31T04:54:16Z</time>
   </trkpt>
   <trkpt lat="25.0189490" lon="121.4238400">
    <ele>14.5</ele>
    <time>2025-08-31T04:54:17Z</time>
   </trkpt>
   <trkpt lat="25.0189530" lon="121.4238390">
    <ele>14.5</ele>
    <time>2025-08-31T04:54:18Z</time>
   </trkpt>
   <trkpt lat="25.0189620" lon="121.4238400">
    <ele>14.5</ele>
    <time>2025-08-31T04:54:19Z</time>
   </trkpt>
   <trkpt lat="25.0189490" lon="121.4239460">
    <ele>14.6</ele>
    <time>2025-08-31T04:56:20Z</time>
   </trkpt>
   <trkpt lat="25.0189330" lon="121.4239400">
    <ele>14.6</ele>
    <time>2025-08-31T04:56:21Z</time>
   </trkpt>
   <trkpt lat="25.0189270" lon="121.4239420">
    <ele>14.6</ele>
    <time>2025-08-31T04:56:22Z</time>
   </trkpt>
   <trkpt lat="25.0189270" lon="121.4239420">
    <ele>14.6</ele>
    <time>2025-08-31T04:56:23Z</time>
   </trkpt>
   <trkpt lat="25.0189270" lon="121.4239420">
    <ele>14.6</ele>
    <time>2025-08-31T04:56:24Z</time>
   </trkpt>
   <trkpt lat="25.0189450" lon="121.4239400">
    <ele>14.6</ele>
    <time>2025-08-31T04:56:25Z</time>
   </trkpt>
   <trkpt lat="25.0189410" lon="121.4239310">
    <ele>14.6</ele>
    <time>2025-08-31T04:56:26Z</time>
   </trkpt>
   <trkpt lat="25.0189430" lon="121.4239260">
    <ele>14.6</ele>
    <time>2025-08-31T04:56:27Z</time>
   </trkpt>
   <trkpt lat="25.0189430" lon="121.4239260">
    <ele>14.6</ele>
    <time>2025-08-31T04:56:28Z</time>
   </trkpt>
   <trkpt lat="25.0189430" lon="121.4239260">
    <ele>14.6</ele>
    <time>2025-08-31T04:56:29Z</time>
   </trkpt>
   <trkpt lat="25.0189300" lon="121.4239170">
    <ele>14.6</ele>
    <time>2025-08-31T04:56:30Z</time>
   </trkpt>
   <trkpt lat="25.0189580" lon="121.4238610">
    <ele>14.6</ele>
    <time>2025-08-31T04:56:38Z</time>
   </trkpt>
   <trkpt lat="25.0189480" lon="121.4238710">
    <ele>14.6</ele>
    <time>2025-08-31T04:56:39Z</time>
   </trkpt>
   <trkpt lat="25.0189390" lon="121.4238840">
    <ele>14.6</ele>
    <time>2025-08-31T04:56:40Z</time>
   </trkpt>
   <trkpt lat="25.0189490" lon="121.4238860">
    <ele>14.6</ele>
    <time>2025-08-31T04:56:41Z</time>
   </trkpt>
   <trkpt lat="25.0189590" lon="121.4238770">
    <ele>14.6</ele>
    <time>2025-08-31T04:56:42Z</time>
   </trkpt>
   <trkpt lat="25.0189680" lon="121.4238690">
    <ele>14.6</ele>
    <time>2025-08-31T04:56:43Z</time>
   </trkpt>
   <trkpt lat="25.0189780" lon="121.4238600">
    <ele>14.6</ele>
    <time>2025-08-31T04:56:44Z</time>
   </trkpt>
   <trkpt lat="25.0189880" lon="121.4238510">
    <ele>14.6</ele>
    <time>2025-08-31T04:56:45Z</time>
   </trkpt>
   <trkpt lat="25.0189680" lon="121.4238470">
    <ele>14.6</ele>
    <time>2025-08-31T04:56:46Z</time>
   </trkpt>
   <trkpt lat="25.0189640" lon="121.4238390">
    <ele>14.6</ele>
    <time>2025-08-31T04:56:47Z</time>
   </trkpt>
   <trkpt lat="25.0189680" lon="121.4238390">
    <ele>14.6</ele>
    <time>2025-08-31T04:56:48Z</time>
   </trkpt>
   <trkpt lat="25.0189700" lon="121.4238470">
    <ele>14.6</ele>
    <time>2025-08-31T04:56:49Z</time>
   </trkpt>
   <trkpt lat="25.0189690" lon="121.4238510">
    <ele>14.6</ele>
    <time>2025-08-31T04:56:50Z</time>
   </trkpt>
   <trkpt lat="25.0189680" lon="121.4238420">
    <ele>14.6</ele>
    <time>2025-08-31T04:56:51Z</time>
   </trkpt>
   <trkpt lat="25.0189570" lon="121.4238390">
    <ele>14.6</ele>
    <time>2025-08-31T04:56:52Z</time>
   </trkpt>
   <trkpt lat="25.0189590" lon="121.4238210">
    <ele>14.6</ele>
    <time>2025-08-31T04:56:53Z</time>
   </trkpt>
   <trkpt lat="25.0189650" lon="121.4238170">
    <ele>14.6</ele>
    <time>2025-08-31T04:56:54Z</time>
   </trkpt>
   <trkpt lat="25.0189700" lon="121.4238130">
    <ele>14.6</ele>
    <time>2025-08-31T04:56:55Z</time>
   </trkpt>
   <trkpt lat="25.0189760" lon="121.4238090">
    <ele>14.6</ele>
    <time>2025-08-31T04:56:56Z</time>
   </trkpt>
   <trkpt lat="25.0189810" lon="121.4238050">
    <ele>14.6</ele>
    <time>2025-08-31T04:56:57Z</time>
   </trkpt>
   <trkpt lat="25.0189860" lon="121.4238010">
    <ele>14.6</ele>
    <time>2025-08-31T04:56:58Z</time>
   </trkpt>
   <trkpt lat="25.0189920" lon="121.4237970">
    <ele>14.6</ele>
    <time>2025-08-31T04:56:59Z</time>
   </trkpt>
   <trkpt lat="25.0189970" lon="121.4237930">
    <ele>14.6</ele>
    <time>2025-08-31T04:57:00Z</time>
   </trkpt>
   <trkpt lat="25.0190030" lon="121.4237880">
    <ele>14.6</ele>
    <time>2025-08-31T04:57:01Z</time>
   </trkpt>
   <trkpt lat="25.0190080" lon="121.4237840">
    <ele>14.6</ele>
    <time>2025-08-31T04:57:02Z</time>
   </trkpt>
   <trkpt lat="25.0190140" lon="121.4237800">
    <ele>14.6</ele>
    <time>2025-08-31T04:57:03Z</time>
   </trkpt>
   <trkpt lat="25.0190190" lon="121.4237760">
    <ele>14.6</ele>
    <time>2025-08-31T04:57:04Z</time>
   </trkpt>
   <trkpt lat="25.0190240" lon="121.4237720">
    <ele>14.6</ele>
    <time>2025-08-31T04:57:16Z</time>
   </trkpt>
   <trkpt lat="25.0190300" lon="121.4237680">
    <ele>14.6</ele>
    <time>2025-08-31T04:57:17Z</time>
   </trkpt>
   <trkpt lat="25.0190350" lon="121.4237640">
    <ele>14.6</ele>
    <time>2025-08-31T04:57:18Z</time>
   </trkpt>
   <trkpt lat="25.0190410" lon="121.4237600">
    <ele>14.6</ele>
    <time>2025-08-31T04:57:19Z</time>
   </trkpt>
   <trkpt lat="25.0190460" lon="121.4237560">
    <ele>14.6</ele>
    <time>2025-08-31T04:57:20Z</time>
   </trkpt>
   <trkpt lat="25.0190880" lon="121.4237860">
    <ele>14.6</ele>
    <time>2025-08-31T04:57:21Z</time>
   </trkpt>
   <trkpt lat="25.0191220" lon="121.4238360">
    <ele>14.6</ele>
    <time>2025-08-31T04:57:22Z</time>
   </trkpt>
   <trkpt lat="25.0191550" lon="121.4238870">
    <ele>14.6</ele>
    <time>2025-08-31T04:57:23Z</time>
   </trkpt>
   <trkpt lat="25.0191890" lon="121.4239370">
    <ele>14.6</ele>
    <time>2025-08-31T04:57:24Z</time>
   </trkpt>
   <trkpt lat="25.0191980" lon="121.4239730">
    <ele>14.6</ele>
    <time>2025-08-31T04:57:25Z</time>
   </trkpt>
   <trkpt lat="25.0189620" lon="121.4238650">
    <ele>14.6</ele>
    <time>2025-08-31T04:57:26Z</time>
   </trkpt>
   <trkpt lat="25.0189680" lon="121.4238640">
    <ele>14.6</ele>
    <time>2025-08-31T04:57:27Z</time>
   </trkpt>
   <trkpt lat="25.0189590" lon="121.4238360">
    <ele>14.6</ele>
    <time>2025-08-31T04:57:28Z</time>
   </trkpt>
   <trkpt lat="25.0189670" lon="121.4238240">
    <ele>14.6</ele>
    <time>2025-08-31T04:57:29Z</time>
   </trkpt>
   <trkpt lat="25.0190070" lon="121.4238390">
    <ele>14.6</ele>
    <time>2025-08-31T04:57:30Z</time>
   </trkpt>
   <trkpt lat="25.0189960" lon="121.4238080">
    <ele>14.6</ele>
    <time>2025-08-31T04:57:31Z</time>
   </trkpt>
   <trkpt lat="25.0189670" lon="121.4237800">
    <ele>14.6</ele>
    <time>2025-08-31T04:57:32Z</time>
   </trkpt>
   <trkpt lat="25.0189890" lon="121.4237750">
    <ele>14.5</ele>
    <time>2025-08-31T04:57:33Z</time>
   </trkpt>
   <trkpt lat="25.0189970" lon="121.4237720">
    <ele>14.5</ele>
    <time>2025-08-31T04:57:34Z</time>
   </trkpt>
   <trkpt lat="25.0190050" lon="121.4237680">
    <ele>14.5</ele>
    <time>2025-08-31T04:57:35Z</time>
   </trkpt>
   <trkpt lat="25.0190040" lon="121.4237720">
    <ele>14.5</ele>
    <time>2025-08-31T04:57:36Z</time>
   </trkpt>
   <trkpt lat="25.0189890" lon="121.4237910">
    <ele>14.5</ele>
    <time>2025-08-31T04:57:37Z</time>
   </trkpt>
   <trkpt lat="25.0189750" lon="121.4238100">
    <ele>14.5</ele>
    <time>2025-08-31T04:57:38Z</time>
   </trkpt>
   <trkpt lat="25.0189720" lon="121.4238320">
    <ele>14.5</ele>
    <time>2025-08-31T04:57:39Z</time>
   </trkpt>
   <trkpt lat="25.0189720" lon="121.4238400">
    <ele>14.5</ele>
    <time>2025-08-31T04:57:40Z</time>
   </trkpt>
   <trkpt lat="25.0189710" lon="121.4238490">
    <ele>14.5</ele>
    <time>2025-08-31T04:57:41Z</time>
   </trkpt>
   <trkpt lat="25.0189700" lon="121.4238570">
    <ele>14.5</ele>
    <time>2025-08-31T04:57:42Z</time>
   </trkpt>
   <trkpt lat="25.0189730" lon="121.4238970">
    <ele>14.5</ele>
    <time>2025-08-31T04:57:43Z</time>
   </trkpt>
   <trkpt lat="25.0189310" lon="121.4239380">
    <ele>14.5</ele>
    <time>2025-08-31T04:57:44Z</time>
   </trkpt>
   <trkpt lat="25.0189570" lon="121.4239820">
    <ele>14.5</ele>
    <time>2025-08-31T04:57:45Z</time>
   </trkpt>
   <trkpt lat="25.0189650" lon="121.4240270">
    <ele>14.5</ele>
    <time>2025-08-31T04:57:46Z</time>
   </trkpt>
   <trkpt lat="25.0189670" lon="121.4240350">
    <ele>14.5</ele>
    <time>2025-08-31T04:57:47Z</time>
   </trkpt>
   <trkpt lat="25.0189520" lon="121.4240450">
    <ele>14.5</ele>
    <time>2025-08-31T04:57:48Z</time>
   </trkpt>
   <trkpt lat="25.0189460" lon="121.4240560">
    <ele>14.5</ele>
    <time>2025-08-31T04:57:49Z</time>
   </trkpt>
   <trkpt lat="25.0189100" lon="121.4240540">
    <ele>14.5</ele>
    <time>2025-08-31T04:57:50Z</time>
   </trkpt>
   <trkpt lat="25.0188720" lon="121.4240390">
    <ele>14.5</ele>
    <time>2025-08-31T04:57:51Z</time>
   </trkpt>
   <trkpt lat="25.0188650" lon="121.4240520">
    <ele>14.5</ele>
    <time>2025-08-31T04:57:52Z</time>
   </trkpt>
   <trkpt lat="25.0188620" lon="121.4240710">
    <ele>14.5</ele>
    <time>2025-08-31T04:57:53Z</time>
   </trkpt>
   <trkpt lat="25.0188550" lon="121.4240700">
    <ele>14.5</ele>
    <time>2025-08-31T04:57:54Z</time>
   </trkpt>
   <trkpt lat="25.0188390" lon="121.4240620">
    <ele>14.4</ele>
    <time>2025-08-31T04:57:55Z</time>
   </trkpt>
   <trkpt lat="25.0188340" lon="121.4240630">
    <ele>14.4</ele>
    <time>2025-08-31T04:57:56Z</time>
   </trkpt>
   <trkpt lat="25.0188210" lon="121.4240730">
    <ele>14.4</ele>
    <time>2025-08-31T04:57:57Z</time>
   </trkpt>
   <trkpt lat="25.0188180" lon="121.4240800">
    <ele>14.4</ele>
    <time>2025-08-31T04:57:58Z</time>
   </trkpt>
   <trkpt lat="25.0188140" lon="121.4240870">
    <ele>14.4</ele>
    <time>2025-08-31T04:57:59Z</time>
   </trkpt>
   <trkpt lat="25.0188110" lon="121.4240940">
    <ele>14.4</ele>
    <time>2025-08-31T04:58:00Z</time>
   </trkpt>
   <trkpt lat="25.0188070" lon="121.4241010">
    <ele>14.4</ele>
    <time>2025-08-31T04:58:01Z</time>
   </trkpt>
   <trkpt lat="25.0187900" lon="121.4241270">
    <ele>14.4</ele>
    <time>2025-08-31T04:58:02Z</time>
   </trkpt>
   <trkpt lat="25.0187810" lon="121.4241310">
    <ele>14.4</ele>
    <time>2025-08-31T04:58:03Z</time>
   </trkpt>
   <trkpt lat="25.0187720" lon="121.4241350">
    <ele>14.4</ele>
    <time>2025-08-31T04:58:04Z</time>
   </trkpt>
   <trkpt lat="25.0187640" lon="121.4241390">
    <ele>14.4</ele>
    <time>2025-08-31T04:58:05Z</time>
   </trkpt>
   <trkpt lat="25.0187640" lon="121.4241460">
    <ele>14.4</ele>
    <time>2025-08-31T04:58:06Z</time>
   </trkpt>
   <trkpt lat="25.0187690" lon="121.4241610">
    <ele>14.4</ele>
    <time>2025-08-31T04:58:07Z</time>
   </trkpt>
   <trkpt lat="25.0187690" lon="121.4242050">
    <ele>14.4</ele>
    <time>2025-08-31T04:58:08Z</time>
   </trkpt>
   <trkpt lat="25.0187680" lon="121.4242200">
    <ele>14.4</ele>
    <time>2025-08-31T04:58:09Z</time>
   </trkpt>
   <trkpt lat="25.0187670" lon="121.4242370">
    <ele>14.4</ele>
    <time>2025-08-31T04:58:10Z</time>
   </trkpt>
   <trkpt lat="25.0187660" lon="121.4242560">
    <ele>14.4</ele>
    <time>2025-08-31T04:58:11Z</time>
   </trkpt>
   <trkpt lat="25.0187460" lon="121.4242650">
    <ele>14.4</ele>
    <time>2025-08-31T04:58:12Z</time>
   </trkpt>
   <trkpt lat="25.0187390" lon="121.4242710">
    <ele>14.4</ele>
    <time>2025-08-31T04:58:13Z</time>
   </trkpt>
   <trkpt lat="25.0187310" lon="121.4242760">
    <ele>14.4</ele>
    <time>2025-08-31T04:58:14Z</time>
   </trkpt>
   <trkpt lat="25.0187040" lon="121.4242830">
    <ele>14.4</ele>
    <time>2025-08-31T04:58:15Z</time>
   </trkpt>
   <trkpt lat="25.0186840" lon="121.4242830">
    <ele>14.4</ele>
    <time>2025-08-31T04:58:16Z</time>
   </trkpt>
   <trkpt lat="25.0186620" lon="121.4242920">
    <ele>14.3</ele>
    <time>2025-08-31T04:58:17Z</time>
   </trkpt>
   <trkpt lat="25.0186460" lon="121.4242850">
    <ele>14.3</ele>
    <time>2025-08-31T04:58:18Z</time>
   </trkpt>
   <trkpt lat="25.0186390" lon="121.4242780">
    <ele>14.3</ele>
    <time>2025-08-31T04:58:19Z</time>
   </trkpt>
   <trkpt lat="25.0186320" lon="121.4242800">
    <ele>14.3</ele>
    <time>2025-08-31T04:58:20Z</time>
   </trkpt>
   <trkpt lat="25.0186300" lon="121.4242900">
    <ele>14.3</ele>
    <time>2025-08-31T04:58:21Z</time>
   </trkpt>
   <trkpt lat="25.0186390" lon="121.4242730">
    <ele>14.3</ele>
    <time>2025-08-31T04:58:22Z</time>
   </trkpt>
   <trkpt lat="25.0186390" lon="121.4242730">
    <ele>14.3</ele>
    <time>2025-08-31T04:58:23Z</time>
   </trkpt>
   <trkpt lat="25.0186400" lon="121.4242670">
    <ele>14.3</ele>
    <time>2025-08-31T04:58:24Z</time>
   </trkpt>
   <trkpt lat="25.0186440" lon="121.4242580">
    <ele>14.3</ele>
    <time>2025-08-31T04:58:25Z</time>
   </trkpt>
   <trkpt lat="25.0186490" lon="121.4242550">
    <ele>14.3</ele>
    <time>2025-08-31T04:58:26Z</time>
   </trkpt>
   <trkpt lat="25.0186500" lon="121.4242570">
    <ele>14.3</ele>
    <time>2025-08-31T04:58:27Z</time>
   </trkpt>
   <trkpt lat="25.0186520" lon="121.4242590">
    <ele>14.3</ele>
    <time>2025-08-31T04:58:28Z</time>
   </trkpt>
   <trkpt lat="25.0186550" lon="121.4242610">
    <ele>14.3</ele>
    <time>2025-08-31T04:58:29Z</time>
   </trkpt>
   <trkpt lat="25.0186510" lon="121.4242600">
    <ele>14.3</ele>
    <time>2025-08-31T04:58:30Z</time>
   </trkpt>
   <trkpt lat="25.0186580" lon="121.4242630">
    <ele>14.3</ele>
    <time>2025-08-31T04:58:31Z</time>
   </trkpt>
   <trkpt lat="25.0186480" lon="121.4242910">
    <ele>14.3</ele>
    <time>2025-08-31T04:58:32Z</time>
   </trkpt>
   <trkpt lat="25.0186180" lon="121.4243060">
    <ele>14.3</ele>
    <time>2025-08-31T04:58:33Z</time>
   </trkpt>
   <trkpt lat="25.0185930" lon="121.4243220">
    <ele>14.3</ele>
    <time>2025-08-31T04:58:34Z</time>
   </trkpt>
   <trkpt lat="25.0185390" lon="121.4243520">
    <ele>14.3</ele>
    <time>2025-08-31T04:58:35Z</time>
   </trkpt>
   <trkpt lat="25.0185110" lon="121.4243720">
    <ele>14.3</ele>
    <time>2025-08-31T04:58:36Z</time>
   </trkpt>
   <trkpt lat="25.0184800" lon="121.4243870">
    <ele>14.3</ele>
    <time>2025-08-31T04:58:37Z</time>
   </trkpt>
   <trkpt lat="25.0185760" lon="121.4243110">
    <ele>14.3</ele>
    <time>2025-08-31T04:58:38Z</time>
   </trkpt>
   <trkpt lat="25.0185520" lon="121.4243020">
    <ele>14.3</ele>
    <time>2025-08-31T04:58:39Z</time>
   </trkpt>
   <trkpt lat="25.0185880" lon="121.4243440">
    <ele>14.3</ele>
    <time>2025-08-31T04:58:40Z</time>
   </trkpt>
   <trkpt lat="25.0187240" lon="121.4244300">
    <ele>14.0</ele>
    <time>2025-08-31T04:58:41Z</time>
   </trkpt>
   <trkpt lat="25.0186750" lon="121.4243970">
    <ele>14.1</ele>
    <time>2025-08-31T04:58:42Z</time>
   </trkpt>
   <trkpt lat="25.0186810" lon="121.4243630">
    <ele>14.2</ele>
    <time>2025-08-31T04:58:43Z</time>
   </trkpt>
   <trkpt lat="25.0186260" lon="121.4243420">
    <ele>14.3</ele>
    <time>2025-08-31T04:58:44Z</time>
   </trkpt>
   <trkpt lat="25.0186170" lon="121.4243590">
    <ele>14.3</ele>
    <time>2025-08-31T04:58:45Z</time>
   </trkpt>
   <trkpt lat="25.0186230" lon="121.4243740">
    <ele>14.3</ele>
    <time>2025-08-31T04:58:46Z</time>
   </trkpt>
   <trkpt lat="25.0186280" lon="121.4243900">
    <ele>14.3</ele>
    <time>2025-08-31T04:58:47Z</time>
   </trkpt>
   <trkpt lat="25.0186330" lon="121.4244060">
    <ele>14.3</ele>
    <time>2025-08-31T04:58:48Z</time>
   </trkpt>
   <trkpt lat="25.0186060" lon="121.4244160">
    <ele>14.3</ele>
    <time>2025-08-31T04:58:49Z</time>
   </trkpt>
   <trkpt lat="25.0185900" lon="121.4244160">
    <ele>14.3</ele>
    <time>2025-08-31T04:58:50Z</time>
   </trkpt>
   <trkpt lat="25.0185990" lon="121.4244260">
    <ele>14.3</ele>
    <time>2025-08-31T04:58:51Z</time>
   </trkpt>
   <trkpt lat="25.0185930" lon="121.4244370">
    <ele>14.3</ele>
    <time>2025-08-31T04:58:52Z</time>
   </trkpt>
   <trkpt lat="25.0185880" lon="121.4244500">
    <ele>14.3</ele>
    <time>2025-08-31T04:58:53Z</time>
   </trkpt>
   <trkpt lat="25.0185840" lon="121.4244620">
    <ele>14.3</ele>
    <time>2025-08-31T04:58:54Z</time>
   </trkpt>
   <trkpt lat="25.0185820" lon="121.4244690">
    <ele>14.3</ele>
    <time>2025-08-31T04:58:55Z</time>
   </trkpt>
   <trkpt lat="25.0185760" lon="121.4244780">
    <ele>14.3</ele>
    <time>2025-08-31T04:58:56Z</time>
   </trkpt>
   <trkpt lat="25.0185740" lon="121.4245060">
    <ele>14.3</ele>
    <time>2025-08-31T04:58:57Z</time>
   </trkpt>
   <trkpt lat="25.0185750" lon="121.4245200">
    <ele>14.3</ele>
    <time>2025-08-31T04:58:58Z</time>
   </trkpt>
   <trkpt lat="25.0185690" lon="121.4245350">
    <ele>14.3</ele>
    <time>2025-08-31T04:58:59Z</time>
   </trkpt>
   <trkpt lat="25.0185600" lon="121.4245370">
    <ele>14.3</ele>
    <time>2025-08-31T04:59:00Z</time>
   </trkpt>
   <trkpt lat="25.0185570" lon="121.4245420">
    <ele>14.3</ele>
    <time>2025-08-31T04:59:01Z</time>
   </trkpt>
   <trkpt lat="25.0185510" lon="121.4245550">
    <ele>14.3</ele>
    <time>2025-08-31T04:59:02Z</time>
   </trkpt>
   <trkpt lat="25.0185440" lon="121.4245680">
    <ele>14.3</ele>
    <time>2025-08-31T04:59:03Z</time>
   </trkpt>
   <trkpt lat="25.0185380" lon="121.4245760">
    <ele>14.3</ele>
    <time>2025-08-31T04:59:04Z</time>
   </trkpt>
   <trkpt lat="25.0185340" lon="121.4245830">
    <ele>14.3</ele>
    <time>2025-08-31T04:59:05Z</time>
   </trkpt>
   <trkpt lat="25.0185350" lon="121.4246100">
    <ele>14.3</ele>
    <time>2025-08-31T04:59:06Z</time>
   </trkpt>
   <trkpt lat="25.0185370" lon="121.4246350">
    <ele>14.3</ele>
    <time>2025-08-31T04:59:07Z</time>
   </trkpt>
   <trkpt lat="25.0185320" lon="121.4246500">
    <ele>14.3</ele>
    <time>2025-08-31T04:59:08Z</time>
   </trkpt>
   <trkpt lat="25.0185290" lon="121.4246620">
    <ele>14.3</ele>
    <time>2025-08-31T04:59:09Z</time>
   </trkpt>
   <trkpt lat="25.0185250" lon="121.4246710">
    <ele>14.3</ele>
    <time>2025-08-31T04:59:10Z</time>
   </trkpt>
   <trkpt lat="25.0185210" lon="121.4246830">
    <ele>14.3</ele>
    <time>2025-08-31T04:59:11Z</time>
   </trkpt>
   <trkpt lat="25.0185160" lon="121.4246920">
    <ele>14.3</ele>
    <time>2025-08-31T04:59:12Z</time>
   </trkpt>
   <trkpt lat="25.0185090" lon="121.4247000">
    <ele>14.3</ele>
    <time>2025-08-31T04:59:13Z</time>
   </trkpt>
   <trkpt lat="25.0185070" lon="121.4247100">
    <ele>14.3</ele>
    <time>2025-08-31T04:59:14Z</time>
   </trkpt>
   <trkpt lat="25.0185050" lon="121.4247220">
    <ele>14.3</ele>
    <time>2025-08-31T04:59:15Z</time>
   </trkpt>
   <trkpt lat="25.0184980" lon="121.4247410">
    <ele>14.3</ele>
    <time>2025-08-31T04:59:16Z</time>
   </trkpt>
   <trkpt lat="25.0184880" lon="121.4247590">
    <ele>14.3</ele>
    <time>2025-08-31T04:59:17Z</time>
   </trkpt>
   <trkpt lat="25.0184800" lon="121.4247680">
    <ele>14.3</ele>
    <time>2025-08-31T04:59:18Z</time>
   </trkpt>
   <trkpt lat="25.0184680" lon="121.4247840">
    <ele>14.3</ele>
    <time>2025-08-31T04:59:19Z</time>
   </trkpt>
   <trkpt lat="25.0184610" lon="121.4247920">
    <ele>14.3</ele>
    <time>2025-08-31T04:59:20Z</time>
   </trkpt>
   <trkpt lat="25.0184540" lon="121.4247990">
    <ele>14.3</ele>
    <time>2025-08-31T04:59:21Z</time>
   </trkpt>
   <trkpt lat="25.0184530" lon="121.4248110">
    <ele>14.3</ele>
    <time>2025-08-31T04:59:22Z</time>
   </trkpt>
   <trkpt lat="25.0184410" lon="121.4248190">
    <ele>14.2</ele>
    <time>2025-08-31T04:59:23Z</time>
   </trkpt>
   <trkpt lat="25.0184370" lon="121.4248240">
    <ele>14.2</ele>
    <time>2025-08-31T04:59:24Z</time>
   </trkpt>
   <trkpt lat="25.0184270" lon="121.4248450">
    <ele>14.2</ele>
    <time>2025-08-31T04:59:25Z</time>
   </trkpt>
   <trkpt lat="25.0184220" lon="121.4248600">
    <ele>14.2</ele>
    <time>2025-08-31T04:59:26Z</time>
   </trkpt>
   <trkpt lat="25.0184170" lon="121.4248760">
    <ele>14.2</ele>
    <time>2025-08-31T04:59:27Z</time>
   </trkpt>
   <trkpt lat="25.0184090" lon="121.4248860">
    <ele>14.2</ele>
    <time>2025-08-31T04:59:28Z</time>
   </trkpt>
   <trkpt lat="25.0184000" lon="121.4248990">
    <ele>14.2</ele>
    <time>2025-08-31T04:59:29Z</time>
   </trkpt>
   <trkpt lat="25.0183910" lon="121.4249050">
    <ele>14.2</ele>
    <time>2025-08-31T04:59:30Z</time>
   </trkpt>
   <trkpt lat="25.0183870" lon="121.4249200">
    <ele>14.2</ele>
    <time>2025-08-31T04:59:31Z</time>
   </trkpt>
   <trkpt lat="25.0183840" lon="121.4249400">
    <ele>14.2</ele>
    <time>2025-08-31T04:59:32Z</time>
   </trkpt>
   <trkpt lat="25.0183780" lon="121.4249750">
    <ele>14.2</ele>
    <time>2025-08-31T04:59:33Z</time>
   </trkpt>
   <trkpt lat="25.0183740" lon="121.4249860">
    <ele>14.1</ele>
    <time>2025-08-31T04:59:34Z</time>
   </trkpt>
   <trkpt lat="25.0183650" lon="121.4250020">
    <ele>14.1</ele>
    <time>2025-08-31T04:59:35Z</time>
   </trkpt>
   <trkpt lat="25.0183590" lon="121.4250060">
    <ele>14.1</ele>
    <time>2025-08-31T04:59:36Z</time>
   </trkpt>
   <trkpt lat="25.0183530" lon="121.4250110">
    <ele>14.1</ele>
    <time>2025-08-31T04:59:37Z</time>
   </trkpt>
   <trkpt lat="25.0183470" lon="121.4250150">
    <ele>14.1</ele>
    <time>2025-08-31T04:59:38Z</time>
   </trkpt>
   <trkpt lat="25.0183410" lon="121.4250190">
    <ele>14.1</ele>
    <time>2025-08-31T04:59:39Z</time>
   </trkpt>
   <trkpt lat="25.0183420" lon="121.4250520">
    <ele>14.1</ele>
    <time>2025-08-31T04:59:40Z</time>
   </trkpt>
   <trkpt lat="25.0183390" lon="121.4250610">
    <ele>14.1</ele>
    <time>2025-08-31T04:59:41Z</time>
   </trkpt>
   <trkpt lat="25.0183330" lon="121.4250720">
    <ele>14.1</ele>
    <time>2025-08-31T04:59:42Z</time>
   </trkpt>
   <trkpt lat="25.0183370" lon="121.4250920">
    <ele>14.1</ele>
    <time>2025-08-31T04:59:43Z</time>
   </trkpt>
   <trkpt lat="25.0183320" lon="121.4251270">
    <ele>14.0</ele>
    <time>2025-08-31T04:59:44Z</time>
   </trkpt>
   <trkpt lat="25.0183290" lon="121.4251380">
    <ele>14.0</ele>
    <time>2025-08-31T04:59:45Z</time>
   </trkpt>
   <trkpt lat="25.0183230" lon="121.4251510">
    <ele>14.0</ele>
    <time>2025-08-31T04:59:46Z</time>
   </trkpt>
   <trkpt lat="25.0183130" lon="121.4251630">
    <ele>14.0</ele>
    <time>2025-08-31T04:59:47Z</time>
   </trkpt>
   <trkpt lat="25.0183310" lon="121.4251900">
    <ele>14.0</ele>
    <time>2025-08-31T04:59:48Z</time>
   </trkpt>
   <trkpt lat="25.0183260" lon="121.4251990">
    <ele>14.0</ele>
    <time>2025-08-31T04:59:49Z</time>
   </trkpt>
   <trkpt lat="25.0183500" lon="121.4252160">
    <ele>13.9</ele>
    <time>2025-08-31T04:59:50Z</time>
   </trkpt>
   <trkpt lat="25.0183510" lon="121.4252160">
    <ele>13.9</ele>
    <time>2025-08-31T04:59:51Z</time>
   </trkpt>
   <trkpt lat="25.0183580" lon="121.4252280">
    <ele>13.9</ele>
    <time>2025-08-31T04:59:52Z</time>
   </trkpt>
   <trkpt lat="25.0183520" lon="121.4252410">
    <ele>13.9</ele>
    <time>2025-08-31T04:59:53Z</time>
   </trkpt>
   <trkpt lat="25.0183430" lon="121.4252400">
    <ele>13.9</ele>
    <time>2025-08-31T04:59:54Z</time>
   </trkpt>
   <trkpt lat="25.0183420" lon="121.4252460">
    <ele>13.9</ele>
    <time>2025-08-31T04:59:55Z</time>
   </trkpt>
   <trkpt lat="25.0183300" lon="121.4252570">
    <ele>13.9</ele>
    <time>2025-08-31T04:59:56Z</time>
   </trkpt>
   <trkpt lat="25.0183290" lon="121.4252740">
    <ele>13.9</ele>
    <time>2025-08-31T04:59:57Z</time>
   </trkpt>
   <trkpt lat="25.0183380" lon="121.4252920">
    <ele>13.9</ele>
    <time>2025-08-31T04:59:58Z</time>
   </trkpt>
   <trkpt lat="25.0183510" lon="121.4252970">
    <ele>13.9</ele>
    <time>2025-08-31T04:59:59Z</time>
   </trkpt>
   <trkpt lat="25.0183530" lon="121.4253040">
    <ele>13.9</ele>
    <time>2025-08-31T05:00:00Z</time>
   </trkpt>
   <trkpt lat="25.0183560" lon="121.4253110">
    <ele>13.9</ele>
    <time>2025-08-31T05:00:01Z</time>
   </trkpt>
   <trkpt lat="25.0183580" lon="121.4253180">
    <ele>13.8</ele>
    <time>2025-08-31T05:00:02Z</time>
   </trkpt>
   <trkpt lat="25.0183600" lon="121.4253240">
    <ele>13.8</ele>
    <time>2025-08-31T05:00:03Z</time>
   </trkpt>
   <trkpt lat="25.0183620" lon="121.4253310">
    <ele>13.8</ele>
    <time>2025-08-31T05:00:04Z</time>
   </trkpt>
   <trkpt lat="25.0183650" lon="121.4253380">
    <ele>13.8</ele>
    <time>2025-08-31T05:00:05Z</time>
   </trkpt>
   <trkpt lat="25.0183670" lon="121.4253450">
    <ele>13.8</ele>
    <time>2025-08-31T05:00:06Z</time>
   </trkpt>
   <trkpt lat="25.0183670" lon="121.4253110">
    <ele>13.8</ele>
    <time>2025-08-31T05:00:07Z</time>
   </trkpt>
   <trkpt lat="25.0183750" lon="121.4253030">
    <ele>13.8</ele>
    <time>2025-08-31T05:00:08Z</time>
   </trkpt>
   <trkpt lat="25.0183830" lon="121.4252960">
    <ele>13.8</ele>
    <time>2025-08-31T05:00:09Z</time>
   </trkpt>
   <trkpt lat="25.0183870" lon="121.4252960">
    <ele>13.8</ele>
    <time>2025-08-31T05:00:10Z</time>
   </trkpt>
   <trkpt lat="25.0183850" lon="121.4253040">
    <ele>13.8</ele>
    <time>2025-08-31T05:00:11Z</time>
   </trkpt>
   <trkpt lat="25.0183820" lon="121.4253110">
    <ele>13.8</ele>
    <time>2025-08-31T05:00:12Z</time>
   </trkpt>
   <trkpt lat="25.0183790" lon="121.4253180">
    <ele>13.8</ele>
    <time>2025-08-31T05:00:13Z</time>
   </trkpt>
   <trkpt lat="25.0183760" lon="121.4253260">
    <ele>13.8</ele>
    <time>2025-08-31T05:00:14Z</time>
   </trkpt>
   <trkpt lat="25.0183740" lon="121.4253330">
    <ele>13.8</ele>
    <time>2025-08-31T05:00:15Z</time>
   </trkpt>
   <trkpt lat="25.0183710" lon="121.4253400">
    <ele>13.8</ele>
    <time>2025-08-31T05:00:16Z</time>
   </trkpt>
   <trkpt lat="25.0183680" lon="121.4253480">
    <ele>13.8</ele>
    <time>2025-08-31T05:00:17Z</time>
   </trkpt>
   <trkpt lat="25.0183650" lon="121.4253550">
    <ele>13.8</ele>
    <time>2025-08-31T05:00:18Z</time>
   </trkpt>
   <trkpt lat="25.0183630" lon="121.4253620">
    <ele>13.8</ele>
    <time>2025-08-31T05:00:19Z</time>
   </trkpt>
   <trkpt lat="25.0183600" lon="121.4253700">
    <ele>13.8</ele>
    <time>2025-08-31T05:00:20Z</time>
   </trkpt>
   <trkpt lat="25.0183570" lon="121.4253770">
    <ele>13.8</ele>
    <time>2025-08-31T05:00:21Z</time>
   </trkpt>
   <trkpt lat="25.0183540" lon="121.4253850">
    <ele>13.8</ele>
    <time>2025-08-31T05:00:22Z</time>
   </trkpt>
   <trkpt lat="25.0183520" lon="121.4253920">
    <ele>13.8</ele>
    <time>2025-08-31T05:00:23Z</time>
   </trkpt>
   <trkpt lat="25.0183490" lon="121.4253990">
    <ele>13.8</ele>
    <time>2025-08-31T05:00:24Z</time>
   </trkpt>
   <trkpt lat="25.0183460" lon="121.4254070">
    <ele>13.7</ele>
    <time>2025-08-31T05:00:25Z</time>
   </trkpt>
   <trkpt lat="25.0183430" lon="121.4254140">
    <ele>13.7</ele>
    <time>2025-08-31T05:00:26Z</time>
   </trkpt>
   <trkpt lat="25.0183410" lon="121.4254210">
    <ele>13.7</ele>
    <time>2025-08-31T05:00:27Z</time>
   </trkpt>
   <trkpt lat="25.0183380" lon="121.4254290">
    <ele>13.7</ele>
    <time>2025-08-31T05:00:28Z</time>
   </trkpt>
   <trkpt lat="25.0183350" lon="121.4254360">
    <ele>13.7</ele>
    <time>2025-08-31T05:00:29Z</time>
   </trkpt>
   <trkpt lat="25.0183320" lon="121.4254430">
    <ele>13.7</ele>
    <time>2025-08-31T05:00:30Z</time>
   </trkpt>
   <trkpt lat="25.0183300" lon="121.4254510">
    <ele>13.7</ele>
    <time>2025-08-31T05:00:31Z</time>
   </trkpt>
   <trkpt lat="25.0183270" lon="121.4254580">
    <ele>13.7</ele>
    <time>2025-08-31T05:00:32Z</time>
   </trkpt>
   <trkpt lat="25.0183010" lon="121.4254090">
    <ele>13.7</ele>
    <time>2025-08-31T05:00:33Z</time>
   </trkpt>
   <trkpt lat="25.0182800" lon="121.4253670">
    <ele>13.7</ele>
    <time>2025-08-31T05:00:34Z</time>
   </trkpt>
   <trkpt lat="25.0182860" lon="121.4253690">
    <ele>13.7</ele>
    <time>2025-08-31T05:00:35Z</time>
   </trkpt>
   <trkpt lat="25.0182890" lon="121.4253730">
    <ele>13.7</ele>
    <time>2025-08-31T05:00:36Z</time>
   </trkpt>
   <trkpt lat="25.0182860" lon="121.4253550">
    <ele>13.7</ele>
    <time>2025-08-31T05:00:37Z</time>
   </trkpt>
   <trkpt lat="25.0182850" lon="121.4253530">
    <ele>13.7</ele>
    <time>2025-08-31T05:00:38Z</time>
   </trkpt>
   <trkpt lat="25.0182840" lon="121.4253520">
    <ele>13.7</ele>
    <time>2025-08-31T05:00:39Z</time>
   </trkpt>
   <trkpt lat="25.0182840" lon="121.4253530">
    <ele>13.7</ele>
    <time>2025-08-31T05:00:40Z</time>
   </trkpt>
   <trkpt lat="25.0182840" lon="121.4253530">
    <ele>13.7</ele>
    <time>2025-08-31T05:00:41Z</time>
   </trkpt>
   <trkpt lat="25.0182870" lon="121.4253530">
    <ele>13.7</ele>
    <time>2025-08-31T05:00:42Z</time>
   </trkpt>
   <trkpt lat="25.0182600" lon="121.4253850">
    <ele>13.7</ele>
    <time>2025-08-31T05:01:13Z</time>
   </trkpt>
   <trkpt lat="25.0182740" lon="121.4253510">
    <ele>13.7</ele>
    <time>2025-08-31T05:01:14Z</time>
   </trkpt>
   <trkpt lat="25.0182580" lon="121.4253690">
    <ele>13.6</ele>
    <time>2025-08-31T05:01:15Z</time>
   </trkpt>
   <trkpt lat="25.0182510" lon="121.4253940">
    <ele>13.6</ele>
    <time>2025-08-31T05:01:16Z</time>
   </trkpt>
   <trkpt lat="25.0182400" lon="121.4254290">
    <ele>13.6</ele>
    <time>2025-08-31T05:01:17Z</time>
   </trkpt>
   <trkpt lat="25.0182320" lon="121.4254470">
    <ele>13.6</ele>
    <time>2025-08-31T05:01:18Z</time>
   </trkpt>
   <trkpt lat="25.0182170" lon="121.4254820">
    <ele>13.6</ele>
    <time>2025-08-31T05:01:19Z</time>
   </trkpt>
   <trkpt lat="25.0181960" lon="121.4255300">
    <ele>13.6</ele>
    <time>2025-08-31T05:01:20Z</time>
   </trkpt>
   <trkpt lat="25.0181780" lon="121.4255820">
    <ele>13.6</ele>
    <time>2025-08-31T05:01:21Z</time>
   </trkpt>
   <trkpt lat="25.0181640" lon="121.4256190">
    <ele>13.6</ele>
    <time>2025-08-31T05:01:22Z</time>
   </trkpt>
   <trkpt lat="25.0181400" lon="121.4256540">
    <ele>13.5</ele>
    <time>2025-08-31T05:01:23Z</time>
   </trkpt>
   <trkpt lat="25.0181210" lon="121.4256660">
    <ele>13.5</ele>
    <time>2025-08-31T05:01:24Z</time>
   </trkpt>
   <trkpt lat="25.0181180" lon="121.4256670">
    <ele>13.5</ele>
    <time>2025-08-31T05:01:25Z</time>
   </trkpt>
   <trkpt lat="25.0181180" lon="121.4256550">
    <ele>13.5</ele>
    <time>2025-08-31T05:01:26Z</time>
   </trkpt>
   <trkpt lat="25.0181180" lon="121.4256430">
    <ele>13.5</ele>
    <time>2025-08-31T05:01:27Z</time>
   </trkpt>
   <trkpt lat="25.0181160" lon="121.4256320">
    <ele>13.5</ele>
    <time>2025-08-31T05:01:28Z</time>
   </trkpt>
   <trkpt lat="25.0181100" lon="121.4256250">
    <ele>13.5</ele>
    <time>2025-08-31T05:01:29Z</time>
   </trkpt>
   <trkpt lat="25.0181150" lon="121.4256010">
    <ele>13.5</ele>
    <time>2025-08-31T05:01:30Z</time>
   </trkpt>
   <trkpt lat="25.0181330" lon="121.4256210">
    <ele>13.5</ele>
    <time>2025-08-31T05:01:31Z</time>
   </trkpt>
   <trkpt lat="25.0181500" lon="121.4256410">
    <ele>13.5</ele>
    <time>2025-08-31T05:01:32Z</time>
   </trkpt>
   <trkpt lat="25.0181510" lon="121.4256600">
    <ele>13.5</ele>
    <time>2025-08-31T05:01:33Z</time>
   </trkpt>
   <trkpt lat="25.0181460" lon="121.4256710">
    <ele>13.5</ele>
    <time>2025-08-31T05:01:34Z</time>
   </trkpt>
   <trkpt lat="25.0181390" lon="121.4256770">
    <ele>13.5</ele>
    <time>2025-08-31T05:01:35Z</time>
   </trkpt>
   <trkpt lat="25.0181240" lon="121.4256860">
    <ele>13.5</ele>
    <time>2025-08-31T05:01:36Z</time>
   </trkpt>
   <trkpt lat="25.0181110" lon="121.4257010">
    <ele>13.5</ele>
    <time>2025-08-31T05:01:37Z</time>
   </trkpt>
   <trkpt lat="25.0181070" lon="121.4257060">
    <ele>13.5</ele>
    <time>2025-08-31T05:01:38Z</time>
   </trkpt>
   <trkpt lat="25.0181070" lon="121.4257090">
    <ele>13.5</ele>
    <time>2025-08-31T05:01:39Z</time>
   </trkpt>
   <trkpt lat="25.0181090" lon="121.4257110">
    <ele>13.5</ele>
    <time>2025-08-31T05:01:40Z</time>
   </trkpt>
   <trkpt lat="25.0181190" lon="121.4256990">
    <ele>13.5</ele>
    <time>2025-08-31T05:01:41Z</time>
   </trkpt>
   <trkpt lat="25.0181200" lon="121.4256990">
    <ele>13.5</ele>
    <time>2025-08-31T05:01:42Z</time>
   </trkpt>
   <trkpt lat="25.0181230" lon="121.4257010">
    <ele>13.5</ele>
    <time>2025-08-31T05:01:43Z</time>
   </trkpt>
   <trkpt lat="25.0181220" lon="121.4257010">
    <ele>13.5</ele>
    <time>2025-08-31T05:01:44Z</time>
   </trkpt>
   <trkpt lat="25.0181370" lon="121.4257190">
    <ele>13.5</ele>
    <time>2025-08-31T05:01:45Z</time>
   </trkpt>
   <trkpt lat="25.0181610" lon="121.4257290">
    <ele>13.5</ele>
    <time>2025-08-31T05:01:46Z</time>
   </trkpt>
   <trkpt lat="25.0181790" lon="121.4257370">
    <ele>13.5</ele>
    <time>2025-08-31T05:01:47Z</time>
   </trkpt>
   <trkpt lat="25.0181980" lon="121.4257440">
    <ele>13.5</ele>
    <time>2025-08-31T05:01:48Z</time>
   </trkpt>
   <trkpt lat="25.0182170" lon="121.4257510">
    <ele>13.5</ele>
    <time>2025-08-31T05:01:49Z</time>
   </trkpt>
   <trkpt lat="25.0182360" lon="121.4257580">
    <ele>13.5</ele>
    <time>2025-08-31T05:01:50Z</time>
   </trkpt>
   <trkpt lat="25.0182540" lon="121.4257660">
    <ele>13.5</ele>
    <time>2025-08-31T05:01:51Z</time>
   </trkpt>
   <trkpt lat="25.0182730" lon="121.4257730">
    <ele>13.5</ele>
    <time>2025-08-31T05:01:52Z</time>
   </trkpt>
   <trkpt lat="25.0182750" lon="121.4257750">
    <ele>13.5</ele>
    <time>2025-08-31T05:01:53Z</time>
   </trkpt>
   <trkpt lat="25.0182530" lon="121.4257840">
    <ele>13.5</ele>
    <time>2025-08-31T05:01:55Z</time>
   </trkpt>
   <trkpt lat="25.0182510" lon="121.4258100">
    <ele>13.5</ele>
    <time>2025-08-31T05:01:56Z</time>
   </trkpt>
   <trkpt lat="25.0181250" lon="121.4259460">
    <ele>13.5</ele>
    <time>2025-08-31T05:02:03Z</time>
   </trkpt>
   <trkpt lat="25.0181140" lon="121.4259410">
    <ele>13.5</ele>
    <time>2025-08-31T05:02:04Z</time>
   </trkpt>
   <trkpt lat="25.0181080" lon="121.4259540">
    <ele>13.5</ele>
    <time>2025-08-31T05:02:05Z</time>
   </trkpt>
   <trkpt lat="25.0181030" lon="121.4259710">
    <ele>13.5</ele>
    <time>2025-08-31T05:02:06Z</time>
   </trkpt>
   <trkpt lat="25.0180730" lon="121.4259940">
    <ele>13.5</ele>
    <time>2025-08-31T05:02:07Z</time>
   </trkpt>
   <trkpt lat="25.0180720" lon="121.4260240">
    <ele>13.5</ele>
    <time>2025-08-31T05:02:08Z</time>
   </trkpt>
   <trkpt lat="25.0180730" lon="121.4260360">
    <ele>13.5</ele>
    <time>2025-08-31T05:02:09Z</time>
   </trkpt>
   <trkpt lat="25.0180870" lon="121.4261050">
    <ele>13.5</ele>
    <time>2025-08-31T05:02:10Z</time>
   </trkpt>
   <trkpt lat="25.0180750" lon="121.4261250">
    <ele>13.5</ele>
    <time>2025-08-31T05:02:11Z</time>
   </trkpt>
   <trkpt lat="25.0180640" lon="121.4261240">
    <ele>13.5</ele>
    <time>2025-08-31T05:02:12Z</time>
   </trkpt>
   <trkpt lat="25.0180540" lon="121.4261230">
    <ele>13.5</ele>
    <time>2025-08-31T05:02:13Z</time>
   </trkpt>
   <trkpt lat="25.0180430" lon="121.4261220">
    <ele>13.5</ele>
    <time>2025-08-31T05:02:14Z</time>
   </trkpt>
   <trkpt lat="25.0180330" lon="121.4261210">
    <ele>13.5</ele>
    <time>2025-08-31T05:02:15Z</time>
   </trkpt>
   <trkpt lat="25.0180220" lon="121.4261200">
    <ele>13.5</ele>
    <time>2025-08-31T05:02:16Z</time>
   </trkpt>
   <trkpt lat="25.0180090" lon="121.4261200">
    <ele>13.5</ele>
    <time>2025-08-31T05:02:17Z</time>
   </trkpt>
   <trkpt lat="25.0179960" lon="121.4261210">
    <ele>13.5</ele>
    <time>2025-08-31T05:02:18Z</time>
   </trkpt>
   <trkpt lat="25.0179830" lon="121.4261210">
    <ele>13.5</ele>
    <time>2025-08-31T05:02:19Z</time>
   </trkpt>
   <trkpt lat="25.0179710" lon="121.4261300">
    <ele>13.5</ele>
    <time>2025-08-31T05:02:20Z</time>
   </trkpt>
   <trkpt lat="25.0179610" lon="121.4261350">
    <ele>13.5</ele>
    <time>2025-08-31T05:02:21Z</time>
   </trkpt>
   <trkpt lat="25.0179520" lon="121.4261410">
    <ele>13.5</ele>
    <time>2025-08-31T05:02:48Z</time>
   </trkpt>
   <trkpt lat="25.0179420" lon="121.4261460">
    <ele>13.5</ele>
    <time>2025-08-31T05:02:49Z</time>
   </trkpt>
   <trkpt lat="25.0179320" lon="121.4261510">
    <ele>13.5</ele>
    <time>2025-08-31T05:02:50Z</time>
   </trkpt>
   <trkpt lat="25.0178990" lon="121.4261840">
    <ele>13.5</ele>
    <time>2025-08-31T05:02:51Z</time>
   </trkpt>
   <trkpt lat="25.0178780" lon="121.4262090">
    <ele>13.5</ele>
    <time>2025-08-31T05:02:52Z</time>
   </trkpt>
   <trkpt lat="25.0178630" lon="121.4262180">
    <ele>13.5</ele>
    <time>2025-08-31T05:02:53Z</time>
   </trkpt>
   <trkpt lat="25.0178530" lon="121.4262230">
    <ele>13.5</ele>
    <time>2025-08-31T05:02:54Z</time>
   </trkpt>
   <trkpt lat="25.0178460" lon="121.4262230">
    <ele>13.5</ele>
    <time>2025-08-31T05:02:55Z</time>
   </trkpt>
   <trkpt lat="25.0178400" lon="121.4262250">
    <ele>13.5</ele>
    <time>2025-08-31T05:02:56Z</time>
   </trkpt>
   <trkpt lat="25.0178370" lon="121.4262210">
    <ele>13.5</ele>
    <time>2025-08-31T05:02:57Z</time>
   </trkpt>
   <trkpt lat="25.0178360" lon="121.4262160">
    <ele>13.5</ele>
    <time>2025-08-31T05:02:58Z</time>
   </trkpt>
   <trkpt lat="25.0178470" lon="121.4262170">
    <ele>13.5</ele>
    <time>2025-08-31T05:02:59Z</time>
   </trkpt>
   <trkpt lat="25.0178560" lon="121.4262160">
    <ele>13.5</ele>
    <time>2025-08-31T05:03:00Z</time>
   </trkpt>
   <trkpt lat="25.0178550" lon="121.4262160">
    <ele>13.5</ele>
    <time>2025-08-31T05:03:01Z</time>
   </trkpt>
   <trkpt lat="25.0178600" lon="121.4262080">
    <ele>13.5</ele>
    <time>2025-08-31T05:03:02Z</time>
   </trkpt>
   <trkpt lat="25.0178630" lon="121.4262030">
    <ele>13.5</ele>
    <time>2025-08-31T05:03:03Z</time>
   </trkpt>
   <trkpt lat="25.0178650" lon="121.4261990">
    <ele>13.5</ele>
    <time>2025-08-31T05:03:04Z</time>
   </trkpt>
   <trkpt lat="25.0178650" lon="121.4262220">
    <ele>13.5</ele>
    <time>2025-08-31T05:03:32Z</time>
   </trkpt>
   <trkpt lat="25.0178700" lon="121.4262290">
    <ele>13.5</ele>
    <time>2025-08-31T05:03:33Z</time>
   </trkpt>
   <trkpt lat="25.0178870" lon="121.4262520">
    <ele>13.5</ele>
    <time>2025-08-31T05:03:34Z</time>
   </trkpt>
   <trkpt lat="25.0180590" lon="121.4263720">
    <ele>13.5</ele>
    <time>2025-08-31T05:03:35Z</time>
   </trkpt>
   <trkpt lat="25.0180980" lon="121.4263660">
    <ele>13.5</ele>
    <time>2025-08-31T05:03:36Z</time>
   </trkpt>
   <trkpt lat="25.0180930" lon="121.4263060">
    <ele>13.5</ele>
    <time>2025-08-31T05:03:37Z</time>
   </trkpt>
   <trkpt lat="25.0181010" lon="121.4263090">
    <ele>13.5</ele>
    <time>2025-08-31T05:03:38Z</time>
   </trkpt>
   <trkpt lat="25.0180930" lon="121.4263030">
    <ele>13.5</ele>
    <time>2025-08-31T05:03:39Z</time>
   </trkpt>
   <trkpt lat="25.0180800" lon="121.4263000">
    <ele>13.5</ele>
    <time>2025-08-31T05:03:40Z</time>
   </trkpt>
   <trkpt lat="25.0180640" lon="121.4263230">
    <ele>13.5</ele>
    <time>2025-08-31T05:03:41Z</time>
   </trkpt>
   <trkpt lat="25.0180360" lon="121.4263230">
    <ele>13.5</ele>
    <time>2025-08-31T05:03:42Z</time>
   </trkpt>
   <trkpt lat="25.0180370" lon="121.4263350">
    <ele>13.5</ele>
    <time>2025-08-31T05:03:43Z</time>
   </trkpt>
   <trkpt lat="25.0180300" lon="121.4263220">
    <ele>13.5</ele>
    <time>2025-08-31T05:03:44Z</time>
   </trkpt>
   <trkpt lat="25.0180330" lon="121.4263200">
    <ele>13.5</ele>
    <time>2025-08-31T05:03:45Z</time>
   </trkpt>
   <trkpt lat="25.0180290" lon="121.4263310">
    <ele>13.5</ele>
    <time>2025-08-31T05:03:46Z</time>
   </trkpt>
   <trkpt lat="25.0180140" lon="121.4263310">
    <ele>13.5</ele>
    <time>2025-08-31T05:03:47Z</time>
   </trkpt>
   <trkpt lat="25.0180170" lon="121.4263300">
    <ele>13.5</ele>
    <time>2025-08-31T05:03:49Z</time>
   </trkpt>
   <trkpt lat="25.0180180" lon="121.4263350">
    <ele>13.5</ele>
    <time>2025-08-31T05:03:50Z</time>
   </trkpt>
   <trkpt lat="25.0180190" lon="121.4263290">
    <ele>13.5</ele>
    <time>2025-08-31T05:03:51Z</time>
   </trkpt>
   <trkpt lat="25.0180190" lon="121.4263290">
    <ele>13.5</ele>
    <time>2025-08-31T05:03:52Z</time>
   </trkpt>
   <trkpt lat="25.0180130" lon="121.4263180">
    <ele>13.5</ele>
    <time>2025-08-31T05:03:53Z</time>
   </trkpt>
   <trkpt lat="25.0179360" lon="121.4262210">
    <ele>13.5</ele>
    <time>2025-08-31T05:04:18Z</time>
   </trkpt>
   <trkpt lat="25.0179160" lon="121.4262110">
    <ele>13.5</ele>
    <time>2025-08-31T05:04:19Z</time>
   </trkpt>
   <trkpt lat="25.0179040" lon="121.4262130">
    <ele>13.5</ele>
    <time>2025-08-31T05:04:20Z</time>
   </trkpt>
   <trkpt lat="25.0179210" lon="121.4260530">
    <ele>13.6</ele>
    <time>2025-08-31T05:04:21Z</time>
   </trkpt>
   <trkpt lat="25.0179140" lon="121.4260200">
    <ele>13.6</ele>
    <time>2025-08-31T05:04:22Z</time>
   </trkpt>
   <trkpt lat="25.0178490" lon="121.4259670">
    <ele>13.6</ele>
    <time>2025-08-31T05:04:23Z</time>
   </trkpt>
   <trkpt lat="25.0178440" lon="121.4261260">
    <ele>13.7</ele>
    <time>2025-08-31T05:04:24Z</time>
   </trkpt>
   <trkpt lat="25.0177460" lon="121.4260490">
    <ele>13.7</ele>
    <time>2025-08-31T05:04:25Z</time>
   </trkpt>
   <trkpt lat="25.0176860" lon="121.4260710">
    <ele>13.7</ele>
    <time>2025-08-31T05:04:26Z</time>
   </trkpt>
   <trkpt lat="25.0176640" lon="121.4260960">
    <ele>13.8</ele>
    <time>2025-08-31T05:04:27Z</time>
   </trkpt>
   <trkpt lat="25.0176410" lon="121.4260710">
    <ele>13.8</ele>
    <time>2025-08-31T05:04:28Z</time>
   </trkpt>
   <trkpt lat="25.0176700" lon="121.4261170">
    <ele>13.8</ele>
    <time>2025-08-31T05:04:29Z</time>
   </trkpt>
   <trkpt lat="25.0176910" lon="121.4261630">
    <ele>13.8</ele>
    <time>2025-08-31T05:04:30Z</time>
   </trkpt>
   <trkpt lat="25.0177130" lon="121.4262100">
    <ele>13.8</ele>
    <time>2025-08-31T05:04:31Z</time>
   </trkpt>
   <trkpt lat="25.0177450" lon="121.4262230">
    <ele>13.8</ele>
    <time>2025-08-31T05:04:32Z</time>
   </trkpt>
   <trkpt lat="25.0177470" lon="121.4262470">
    <ele>13.8</ele>
    <time>2025-08-31T05:04:33Z</time>
   </trkpt>
   <trkpt lat="25.0177470" lon="121.4262490">
    <ele>13.8</ele>
    <time>2025-08-31T05:04:34Z</time>
   </trkpt>
   <trkpt lat="25.0177470" lon="121.4262490">
    <ele>13.8</ele>
    <time>2025-08-31T05:04:35Z</time>
   </trkpt>
   <trkpt lat="25.0177470" lon="121.4262490">
    <ele>13.8</ele>
    <time>2025-08-31T05:04:36Z</time>
   </trkpt>
   <trkpt lat="25.0177470" lon="121.4262490">
    <ele>13.8</ele>
    <time>2025-08-31T05:04:37Z</time>
   </trkpt>
   <trkpt lat="25.0177470" lon="121.4262490">
    <ele>13.8</ele>
    <time>2025-08-31T05:04:38Z</time>
   </trkpt>
   <trkpt lat="25.0177830" lon="121.4264590">
    <ele>13.9</ele>
    <time>2025-08-31T05:05:02Z</time>
   </trkpt>
   <trkpt lat="25.0177630" lon="121.4264560">
    <ele>13.9</ele>
    <time>2025-08-31T05:05:03Z</time>
   </trkpt>
   <trkpt lat="25.0177550" lon="121.4264570">
    <ele>13.9</ele>
    <time>2025-08-31T05:05:04Z</time>
   </trkpt>
   <trkpt lat="25.0177490" lon="121.4264610">
    <ele>13.9</ele>
    <time>2025-08-31T05:05:05Z</time>
   </trkpt>
   <trkpt lat="25.0177770" lon="121.4264730">
    <ele>13.9</ele>
    <time>2025-08-31T05:05:06Z</time>
   </trkpt>
   <trkpt lat="25.0177610" lon="121.4264910">
    <ele>13.9</ele>
    <time>2025-08-31T05:05:07Z</time>
   </trkpt>
   <trkpt lat="25.0177480" lon="121.4265020">
    <ele>13.9</ele>
    <time>2025-08-31T05:05:08Z</time>
   </trkpt>
   <trkpt lat="25.0177340" lon="121.4265130">
    <ele>13.9</ele>
    <time>2025-08-31T05:05:09Z</time>
   </trkpt>
   <trkpt lat="25.0177610" lon="121.4265220">
    <ele>13.9</ele>
    <time>2025-08-31T05:05:10Z</time>
   </trkpt>
   <trkpt lat="25.0178020" lon="121.4265250">
    <ele>13.9</ele>
    <time>2025-08-31T05:05:11Z</time>
   </trkpt>
   <trkpt lat="25.0178440" lon="121.4265290">
    <ele>13.9</ele>
    <time>2025-08-31T05:05:12Z</time>
   </trkpt>
   <trkpt lat="25.0178850" lon="121.4265320">
    <ele>13.9</ele>
    <time>2025-08-31T05:05:13Z</time>
   </trkpt>
   <trkpt lat="25.0178790" lon="121.4265190">
    <ele>13.9</ele>
    <time>2025-08-31T05:05:14Z</time>
   </trkpt>
   <trkpt lat="25.0178730" lon="121.4265100">
    <ele>13.9</ele>
    <time>2025-08-31T05:05:15Z</time>
   </trkpt>
   <trkpt lat="25.0178670" lon="121.4265020">
    <ele>13.9</ele>
    <time>2025-08-31T05:05:16Z</time>
   </trkpt>
   <trkpt lat="25.0178610" lon="121.4264930">
    <ele>13.9</ele>
    <time>2025-08-31T05:05:17Z</time>
   </trkpt>
   <trkpt lat="25.0179970" lon="121.4265030">
    <ele>13.8</ele>
    <time>2025-08-31T05:05:18Z</time>
   </trkpt>
   <trkpt lat="25.0179910" lon="121.4264970">
    <ele>13.8</ele>
    <time>2025-08-31T05:05:19Z</time>
   </trkpt>
   <trkpt lat="25.0179820" lon="121.4264980">
    <ele>13.8</ele>
    <time>2025-08-31T05:05:20Z</time>
   </trkpt>
   <trkpt lat="25.0179760" lon="121.4265110">
    <ele>13.8</ele>
    <time>2025-08-31T05:05:21Z</time>
   </trkpt>
   <trkpt lat="25.0179710" lon="121.4265230">
    <ele>13.8</ele>
    <time>2025-08-31T05:05:22Z</time>
   </trkpt>
   <trkpt lat="25.0179650" lon="121.4265360">
    <ele>13.8</ele>
    <time>2025-08-31T05:05:23Z</time>
   </trkpt>
   <trkpt lat="25.0179590" lon="121.4265490">
    <ele>13.8</ele>
    <time>2025-08-31T05:05:24Z</time>
   </trkpt>
   <trkpt lat="25.0179020" lon="121.4264880">
    <ele>13.8</ele>
    <time>2025-08-31T05:05:25Z</time>
   </trkpt>
   <trkpt lat="25.0179100" lon="121.4264950">
    <ele>13.7</ele>
    <time>2025-08-31T05:05:26Z</time>
   </trkpt>
   <trkpt lat="25.0179180" lon="121.4265030">
    <ele>13.7</ele>
    <time>2025-08-31T05:05:27Z</time>
   </trkpt>
   <trkpt lat="25.0179250" lon="121.4265100">
    <ele>13.7</ele>
    <time>2025-08-31T05:05:28Z</time>
   </trkpt>
   <trkpt lat="25.0179320" lon="121.4265180">
    <ele>13.7</ele>
    <time>2025-08-31T05:05:29Z</time>
   </trkpt>
   <trkpt lat="25.0180210" lon="121.4265300">
    <ele>13.7</ele>
    <time>2025-08-31T05:05:48Z</time>
   </trkpt>
   <trkpt lat="25.0180210" lon="121.4265130">
    <ele>13.7</ele>
    <time>2025-08-31T05:05:49Z</time>
   </trkpt>
   <trkpt lat="25.0180220" lon="121.4264970">
    <ele>13.7</ele>
    <time>2025-08-31T05:05:50Z</time>
   </trkpt>
   <trkpt lat="25.0180220" lon="121.4264780">
    <ele>13.7</ele>
    <time>2025-08-31T05:05:51Z</time>
   </trkpt>
   <trkpt lat="25.0180260" lon="121.4264620">
    <ele>13.7</ele>
    <time>2025-08-31T05:05:52Z</time>
   </trkpt>
   <trkpt lat="25.0180420" lon="121.4264670">
    <ele>13.7</ele>
    <time>2025-08-31T05:05:53Z</time>
   </trkpt>
   <trkpt lat="25.0180560" lon="121.4264630">
    <ele>13.6</ele>
    <time>2025-08-31T05:05:54Z</time>
   </trkpt>
   <trkpt lat="25.0180740" lon="121.4264620">
    <ele>13.6</ele>
    <time>2025-08-31T05:05:55Z</time>
   </trkpt>
   <trkpt lat="25.0180770" lon="121.4264540">
    <ele>13.6</ele>
    <time>2025-08-31T05:05:56Z</time>
   </trkpt>
   <trkpt lat="25.0180870" lon="121.4264480">
    <ele>13.6</ele>
    <time>2025-08-31T05:05:57Z</time>
   </trkpt>
   <trkpt lat="25.0181030" lon="121.4264510">
    <ele>13.6</ele>
    <time>2025-08-31T05:05:58Z</time>
   </trkpt>
   <trkpt lat="25.0181160" lon="121.4264630">
    <ele>13.6</ele>
    <time>2025-08-31T05:05:59Z</time>
   </trkpt>
   <trkpt lat="25.0181250" lon="121.4264710">
    <ele>13.6</ele>
    <time>2025-08-31T05:06:00Z</time>
   </trkpt>
   <trkpt lat="25.0181390" lon="121.4264810">
    <ele>13.6</ele>
    <time>2025-08-31T05:06:01Z</time>
   </trkpt>
   <trkpt lat="25.0181560" lon="121.4264830">
    <ele>13.6</ele>
    <time>2025-08-31T05:06:02Z</time>
   </trkpt>
   <trkpt lat="25.0181720" lon="121.4264850">
    <ele>13.6</ele>
    <time>2025-08-31T05:06:03Z</time>
   </trkpt>
   <trkpt lat="25.0181910" lon="121.4265020">
    <ele>13.6</ele>
    <time>2025-08-31T05:06:04Z</time>
   </trkpt>
   <trkpt lat="25.0181990" lon="121.4265170">
    <ele>13.6</ele>
    <time>2025-08-31T05:06:05Z</time>
   </trkpt>
   <trkpt lat="25.0182110" lon="121.4265580">
    <ele>13.6</ele>
    <time>2025-08-31T05:06:06Z</time>
   </trkpt>
   <trkpt lat="25.0182180" lon="121.4265720">
    <ele>13.6</ele>
    <time>2025-08-31T05:06:07Z</time>
   </trkpt>
   <trkpt lat="25.0182240" lon="121.4265850">
    <ele>13.5</ele>
    <time>2025-08-31T05:06:08Z</time>
   </trkpt>
   <trkpt lat="25.0182300" lon="121.4265990">
    <ele>13.5</ele>
    <time>2025-08-31T05:06:09Z</time>
   </trkpt>
   <trkpt lat="25.0182370" lon="121.4266130">
    <ele>13.5</ele>
    <time>2025-08-31T05:06:10Z</time>
   </trkpt>
   <trkpt lat="25.0182430" lon="121.4266270">
    <ele>13.5</ele>
    <time>2025-08-31T05:06:11Z</time>
   </trkpt>
   <trkpt lat="25.0182710" lon="121.4266440">
    <ele>13.5</ele>
    <time>2025-08-31T05:06:12Z</time>
   </trkpt>
   <trkpt lat="25.0183070" lon="121.4266700">
    <ele>13.5</ele>
    <time>2025-08-31T05:06:13Z</time>
   </trkpt>
   <trkpt lat="25.0183390" lon="121.4266910">
    <ele>13.5</ele>
    <time>2025-08-31T05:06:14Z</time>
   </trkpt>
   <trkpt lat="25.0183700" lon="121.4267100">
    <ele>13.5</ele>
    <time>2025-08-31T05:06:15Z</time>
   </trkpt>
   <trkpt lat="25.0184010" lon="121.4267260">
    <ele>13.5</ele>
    <time>2025-08-31T05:06:16Z</time>
   </trkpt>
   <trkpt lat="25.0184300" lon="121.4267470">
    <ele>13.5</ele>
    <time>2025-08-31T05:06:17Z</time>
   </trkpt>
   <trkpt lat="25.0184670" lon="121.4267630">
    <ele>13.5</ele>
    <time>2025-08-31T05:06:18Z</time>
   </trkpt>
   <trkpt lat="25.0184800" lon="121.4267720">
    <ele>13.5</ele>
    <time>2025-08-31T05:06:19Z</time>
   </trkpt>
   <trkpt lat="25.0185080" lon="121.4267660">
    <ele>13.5</ele>
    <time>2025-08-31T05:06:20Z</time>
   </trkpt>
   <trkpt lat="25.0185220" lon="121.4267570">
    <ele>13.5</ele>
    <time>2025-08-31T05:06:21Z</time>
   </trkpt>
   <trkpt lat="25.0185300" lon="121.4267490">
    <ele>13.5</ele>
    <time>2025-08-31T05:06:22Z</time>
   </trkpt>
   <trkpt lat="25.0185340" lon="121.4267370">
    <ele>13.5</ele>
    <time>2025-08-31T05:06:24Z</time>
   </trkpt>
   <trkpt lat="25.0185490" lon="121.4267350">
    <ele>13.5</ele>
    <time>2025-08-31T05:06:25Z</time>
   </trkpt>
   <trkpt lat="25.0185640" lon="121.4267280">
    <ele>13.5</ele>
    <time>2025-08-31T05:06:26Z</time>
   </trkpt>
   <trkpt lat="25.0185760" lon="121.4267250">
    <ele>13.5</ele>
    <time>2025-08-31T05:06:27Z</time>
   </trkpt>
   <trkpt lat="25.0185880" lon="121.4267330">
    <ele>13.5</ele>
    <time>2025-08-31T05:06:28Z</time>
   </trkpt>
   <trkpt lat="25.0186050" lon="121.4267460">
    <ele>13.5</ele>
    <time>2025-08-31T05:06:29Z</time>
   </trkpt>
   <trkpt lat="25.0186130" lon="121.4267520">
    <ele>13.5</ele>
    <time>2025-08-31T05:06:30Z</time>
   </trkpt>
   <trkpt lat="25.0186220" lon="121.4267530">
    <ele>13.5</ele>
    <time>2025-08-31T05:06:31Z</time>
   </trkpt>
   <trkpt lat="25.0186180" lon="121.4267790">
    <ele>13.5</ele>
    <time>2025-08-31T05:06:32Z</time>
   </trkpt>
   <trkpt lat="25.0186070" lon="121.4268050">
    <ele>13.5</ele>
    <time>2025-08-31T05:06:33Z</time>
   </trkpt>
   <trkpt lat="25.0185950" lon="121.4268300">
    <ele>13.5</ele>
    <time>2025-08-31T05:06:34Z</time>
   </trkpt>
   <trkpt lat="25.0185830" lon="121.4268560">
    <ele>13.5</ele>
    <time>2025-08-31T05:06:35Z</time>
   </trkpt>
   <trkpt lat="25.0185930" lon="121.4268530">
    <ele>13.5</ele>
    <time>2025-08-31T05:06:36Z</time>
   </trkpt>
   <trkpt lat="25.0186040" lon="121.4268550">
    <ele>13.5</ele>
    <time>2025-08-31T05:06:38Z</time>
   </trkpt>
   <trkpt lat="25.0186190" lon="121.4268530">
    <ele>13.5</ele>
    <time>2025-08-31T05:06:39Z</time>
   </trkpt>
   <trkpt lat="25.0186260" lon="121.4268480">
    <ele>13.5</ele>
    <time>2025-08-31T05:06:40Z</time>
   </trkpt>
   <trkpt lat="25.0186320" lon="121.4268410">
    <ele>13.5</ele>
    <time>2025-08-31T05:06:41Z</time>
   </trkpt>
   <trkpt lat="25.0186360" lon="121.4268430">
    <ele>13.5</ele>
    <time>2025-08-31T05:06:42Z</time>
   </trkpt>
   <trkpt lat="25.0186420" lon="121.4268490">
    <ele>13.5</ele>
    <time>2025-08-31T05:06:43Z</time>
   </trkpt>
   <trkpt lat="25.0186500" lon="121.4268450">
    <ele>13.5</ele>
    <time>2025-08-31T05:06:44Z</time>
   </trkpt>
   <trkpt lat="25.0186470" lon="121.4268490">
    <ele>13.5</ele>
    <time>2025-08-31T05:06:45Z</time>
   </trkpt>
   <trkpt lat="25.0186510" lon="121.4268510">
    <ele>13.5</ele>
    <time>2025-08-31T05:06:46Z</time>
   </trkpt>
   <trkpt lat="25.0186540" lon="121.4268500">
    <ele>13.5</ele>
    <time>2025-08-31T05:06:47Z</time>
   </trkpt>
   <trkpt lat="25.0186590" lon="121.4268640">
    <ele>13.5</ele>
    <time>2025-08-31T05:06:48Z</time>
   </trkpt>
   <trkpt lat="25.0186580" lon="121.4268610">
    <ele>13.5</ele>
    <time>2025-08-31T05:06:49Z</time>
   </trkpt>
   <trkpt lat="25.0186660" lon="121.4268320">
    <ele>13.5</ele>
    <time>2025-08-31T05:06:50Z</time>
   </trkpt>
   <trkpt lat="25.0186590" lon="121.4268560">
    <ele>13.5</ele>
    <time>2025-08-31T05:06:51Z</time>
   </trkpt>
   <trkpt lat="25.0186550" lon="121.4268510">
    <ele>13.5</ele>
    <time>2025-08-31T05:06:52Z</time>
   </trkpt>
   <trkpt lat="25.0186530" lon="121.4268450">
    <ele>13.5</ele>
    <time>2025-08-31T05:06:53Z</time>
   </trkpt>
   <trkpt lat="25.0186530" lon="121.4268490">
    <ele>13.5</ele>
    <time>2025-08-31T05:06:54Z</time>
   </trkpt>
   <trkpt lat="25.0186490" lon="121.4268400">
    <ele>13.5</ele>
    <time>2025-08-31T05:06:55Z</time>
   </trkpt>
   <trkpt lat="25.0186480" lon="121.4268410">
    <ele>13.5</ele>
    <time>2025-08-31T05:06:56Z</time>
   </trkpt>
   <trkpt lat="25.0186390" lon="121.4268330">
    <ele>13.5</ele>
    <time>2025-08-31T05:06:57Z</time>
   </trkpt>
   <trkpt lat="25.0186340" lon="121.4268280">
    <ele>13.5</ele>
    <time>2025-08-31T05:06:58Z</time>
   </trkpt>
   <trkpt lat="25.0186300" lon="121.4268260">
    <ele>13.5</ele>
    <time>2025-08-31T05:06:59Z</time>
   </trkpt>
   <trkpt lat="25.0186740" lon="121.4269370">
    <ele>13.4</ele>
    <time>2025-08-31T05:07:00Z</time>
   </trkpt>
   <trkpt lat="25.0187070" lon="121.4270320">
    <ele>13.4</ele>
    <time>2025-08-31T05:07:43Z</time>
   </trkpt>
   <trkpt lat="25.0187410" lon="121.4271280">
    <ele>13.4</ele>
    <time>2025-08-31T05:07:44Z</time>
   </trkpt>
   <trkpt lat="25.0187630" lon="121.4271640">
    <ele>13.4</ele>
    <time>2025-08-31T05:07:45Z</time>
   </trkpt>
   <trkpt lat="25.0187950" lon="121.4271300">
    <ele>13.4</ele>
    <time>2025-08-31T05:07:46Z</time>
   </trkpt>
   <trkpt lat="25.0188240" lon="121.4271380">
    <ele>13.4</ele>
    <time>2025-08-31T05:07:47Z</time>
   </trkpt>
   <trkpt lat="25.0188560" lon="121.4271330">
    <ele>13.4</ele>
    <time>2025-08-31T05:07:48Z</time>
   </trkpt>
   <trkpt lat="25.0188810" lon="121.4271170">
    <ele>13.4</ele>
    <time>2025-08-31T05:07:49Z</time>
   </trkpt>
   <trkpt lat="25.0188900" lon="121.4271040">
    <ele>13.4</ele>
    <time>2025-08-31T05:07:50Z</time>
   </trkpt>
   <trkpt lat="25.0189010" lon="121.4270620">
    <ele>13.4</ele>
    <time>2025-08-31T05:07:51Z</time>
   </trkpt>
   <trkpt lat="25.0189190" lon="121.4270040">
    <ele>13.4</ele>
    <time>2025-08-31T05:07:52Z</time>
   </trkpt>
   <trkpt lat="25.0189310" lon="121.4269580">
    <ele>13.4</ele>
    <time>2025-08-31T05:07:53Z</time>
   </trkpt>
   <trkpt lat="25.0189370" lon="121.4269470">
    <ele>13.4</ele>
    <time>2025-08-31T05:07:54Z</time>
   </trkpt>
   <trkpt lat="25.0189430" lon="121.4269310">
    <ele>13.4</ele>
    <time>2025-08-31T05:07:55Z</time>
   </trkpt>
   <trkpt lat="25.0189470" lon="121.4269240">
    <ele>13.4</ele>
    <time>2025-08-31T05:07:56Z</time>
   </trkpt>
   <trkpt lat="25.0189460" lon="121.4269190">
    <ele>13.4</ele>
    <time>2025-08-31T05:07:57Z</time>
   </trkpt>
   <trkpt lat="25.0189440" lon="121.4269070">
    <ele>13.4</ele>
    <time>2025-08-31T05:07:58Z</time>
   </trkpt>
   <trkpt lat="25.0189390" lon="121.4268890">
    <ele>13.4</ele>
    <time>2025-08-31T05:07:59Z</time>
   </trkpt>
   <trkpt lat="25.0189380" lon="121.4268490">
    <ele>13.4</ele>
    <time>2025-08-31T05:08:00Z</time>
   </trkpt>
   <trkpt lat="25.0189410" lon="121.4268340">
    <ele>13.4</ele>
    <time>2025-08-31T05:08:01Z</time>
   </trkpt>
   <trkpt lat="25.0189550" lon="121.4268410">
    <ele>13.4</ele>
    <time>2025-08-31T05:08:02Z</time>
   </trkpt>
   <trkpt lat="25.0189660" lon="121.4268450">
    <ele>13.4</ele>
    <time>2025-08-31T05:08:03Z</time>
   </trkpt>
   <trkpt lat="25.0189770" lon="121.4268480">
    <ele>13.4</ele>
    <time>2025-08-31T05:08:04Z</time>
   </trkpt>
   <trkpt lat="25.0189590" lon="121.4268500">
    <ele>13.4</ele>
    <time>2025-08-31T05:08:05Z</time>
   </trkpt>
   <trkpt lat="25.0189610" lon="121.4268540">
    <ele>13.4</ele>
    <time>2025-08-31T05:08:06Z</time>
   </trkpt>
   <trkpt lat="25.0189600" lon="121.4268550">
    <ele>13.4</ele>
    <time>2025-08-31T05:08:07Z</time>
   </trkpt>
   <trkpt lat="25.0189600" lon="121.4268550">
    <ele>13.4</ele>
    <time>2025-08-31T05:08:08Z</time>
   </trkpt>
   <trkpt lat="25.0189600" lon="121.4268550">
    <ele>13.4</ele>
    <time>2025-08-31T05:08:09Z</time>
   </trkpt>
   <trkpt lat="25.0189480" lon="121.4268440">
    <ele>13.4</ele>
    <time>2025-08-31T05:08:10Z</time>
   </trkpt>
   <trkpt lat="25.0189480" lon="121.4268430">
    <ele>13.4</ele>
    <time>2025-08-31T05:08:11Z</time>
   </trkpt>
   <trkpt lat="25.0189480" lon="121.4268430">
    <ele>13.4</ele>
    <time>2025-08-31T05:08:12Z</time>
   </trkpt>
   <trkpt lat="25.0189550" lon="121.4268440">
    <ele>13.4</ele>
    <time>2025-08-31T05:08:13Z</time>
   </trkpt>
   <trkpt lat="25.0189540" lon="121.4268440">
    <ele>13.4</ele>
    <time>2025-08-31T05:08:14Z</time>
   </trkpt>
   <trkpt lat="25.0190510" lon="121.4268640">
    <ele>13.3</ele>
    <time>2025-08-31T05:08:35Z</time>
   </trkpt>
   <trkpt lat="25.0190470" lon="121.4268620">
    <ele>13.3</ele>
    <time>2025-08-31T05:08:36Z</time>
   </trkpt>
   <trkpt lat="25.0190420" lon="121.4268520">
    <ele>13.3</ele>
    <time>2025-08-31T05:08:37Z</time>
   </trkpt>
   <trkpt lat="25.0190460" lon="121.4268390">
    <ele>13.3</ele>
    <time>2025-08-31T05:08:38Z</time>
   </trkpt>
   <trkpt lat="25.0190490" lon="121.4268280">
    <ele>13.3</ele>
    <time>2025-08-31T05:08:39Z</time>
   </trkpt>
   <trkpt lat="25.0190740" lon="121.4268190">
    <ele>13.3</ele>
    <time>2025-08-31T05:08:40Z</time>
   </trkpt>
   <trkpt lat="25.0190800" lon="121.4268170">
    <ele>13.3</ele>
    <time>2025-08-31T05:08:41Z</time>
   </trkpt>
   <trkpt lat="25.0190980" lon="121.4267950">
    <ele>13.3</ele>
    <time>2025-08-31T05:08:42Z</time>
   </trkpt>
   <trkpt lat="25.0191010" lon="121.4267980">
    <ele>13.3</ele>
    <time>2025-08-31T05:08:43Z</time>
   </trkpt>
   <trkpt lat="25.0191160" lon="121.4267950">
    <ele>13.3</ele>
    <time>2025-08-31T05:08:44Z</time>
   </trkpt>
   <trkpt lat="25.0191320" lon="121.4267870">
    <ele>13.3</ele>
    <time>2025-08-31T05:08:45Z</time>
   </trkpt>
   <trkpt lat="25.0191420" lon="121.4267830">
    <ele>13.3</ele>
    <time>2025-08-31T05:08:46Z</time>
   </trkpt>
   <trkpt lat="25.0191530" lon="121.4267870">
    <ele>13.3</ele>
    <time>2025-08-31T05:08:47Z</time>
   </trkpt>
   <trkpt lat="25.0191650" lon="121.4267940">
    <ele>13.3</ele>
    <time>2025-08-31T05:08:48Z</time>
   </trkpt>
   <trkpt lat="25.0191830" lon="121.4268020">
    <ele>13.3</ele>
    <time>2025-08-31T05:08:49Z</time>
   </trkpt>
   <trkpt lat="25.0191880" lon="121.4268090">
    <ele>13.3</ele>
    <time>2025-08-31T05:08:50Z</time>
   </trkpt>
   <trkpt lat="25.0191940" lon="121.4268170">
    <ele>13.3</ele>
    <time>2025-08-31T05:08:51Z</time>
   </trkpt>
   <trkpt lat="25.0191990" lon="121.4268250">
    <ele>13.3</ele>
    <time>2025-08-31T05:08:52Z</time>
   </trkpt>
   <trkpt lat="25.0192130" lon="121.4268410">
    <ele>13.3</ele>
    <time>2025-08-31T05:08:53Z</time>
   </trkpt>
   <trkpt lat="25.0192230" lon="121.4268510">
    <ele>13.3</ele>
    <time>2025-08-31T05:08:54Z</time>
   </trkpt>
   <trkpt lat="25.0192300" lon="121.4268750">
    <ele>13.3</ele>
    <time>2025-08-31T05:08:55Z</time>
   </trkpt>
   <trkpt lat="25.0192340" lon="121.4268880">
    <ele>13.3</ele>
    <time>2025-08-31T05:08:56Z</time>
   </trkpt>
   <trkpt lat="25.0192530" lon="121.4269000">
    <ele>13.3</ele>
    <time>2025-08-31T05:08:57Z</time>
   </trkpt>
   <trkpt lat="25.0192610" lon="121.4269060">
    <ele>13.3</ele>
    <time>2025-08-31T05:08:58Z</time>
   </trkpt>
   <trkpt lat="25.0192700" lon="121.4269130">
    <ele>13.3</ele>
    <time>2025-08-31T05:08:59Z</time>
   </trkpt>
   <trkpt lat="25.0192870" lon="121.4269340">
    <ele>13.3</ele>
    <time>2025-08-31T05:09:00Z</time>
   </trkpt>
   <trkpt lat="25.0192950" lon="121.4269500">
    <ele>13.3</ele>
    <time>2025-08-31T05:09:01Z</time>
   </trkpt>
   <trkpt lat="25.0193040" lon="121.4269650">
    <ele>13.3</ele>
    <time>2025-08-31T05:09:02Z</time>
   </trkpt>
   <trkpt lat="25.0193090" lon="121.4269760">
    <ele>13.3</ele>
    <time>2025-08-31T05:09:03Z</time>
   </trkpt>
   <trkpt lat="25.0193130" lon="121.4269920">
    <ele>13.3</ele>
    <time>2025-08-31T05:09:04Z</time>
   </trkpt>
   <trkpt lat="25.0193160" lon="121.4270010">
    <ele>13.3</ele>
    <time>2025-08-31T05:09:05Z</time>
   </trkpt>
   <trkpt lat="25.0193310" lon="121.4270080">
    <ele>13.3</ele>
    <time>2025-08-31T05:09:06Z</time>
   </trkpt>
   <trkpt lat="25.0193460" lon="121.4270150">
    <ele>13.3</ele>
    <time>2025-08-31T05:09:07Z</time>
   </trkpt>
   <trkpt lat="25.0193670" lon="121.4270120">
    <ele>13.3</ele>
    <time>2025-08-31T05:09:08Z</time>
   </trkpt>
   <trkpt lat="25.0193780" lon="121.4270080">
    <ele>13.4</ele>
    <time>2025-08-31T05:09:09Z</time>
   </trkpt>
   <trkpt lat="25.0193890" lon="121.4270030">
    <ele>13.4</ele>
    <time>2025-08-31T05:09:10Z</time>
   </trkpt>
   <trkpt lat="25.0193990" lon="121.4270010">
    <ele>13.4</ele>
    <time>2025-08-31T05:09:11Z</time>
   </trkpt>
   <trkpt lat="25.0194020" lon="121.4269980">
    <ele>13.4</ele>
    <time>2025-08-31T05:09:12Z</time>
   </trkpt>
   <trkpt lat="25.0194100" lon="121.4269920">
    <ele>13.4</ele>
    <time>2025-08-31T05:09:13Z</time>
   </trkpt>
   <trkpt lat="25.0194190" lon="121.4269840">
    <ele>13.5</ele>
    <time>2025-08-31T05:09:14Z</time>
   </trkpt>
   <trkpt lat="25.0194350" lon="121.4269700">
    <ele>13.5</ele>
    <time>2025-08-31T05:09:15Z</time>
   </trkpt>
   <trkpt lat="25.0194380" lon="121.4269600">
    <ele>13.5</ele>
    <time>2025-08-31T05:09:16Z</time>
   </trkpt>
   <trkpt lat="25.0194580" lon="121.4269340">
    <ele>13.6</ele>
    <time>2025-08-31T05:09:17Z</time>
   </trkpt>
   <trkpt lat="25.0194700" lon="121.4269200">
    <ele>13.6</ele>
    <time>2025-08-31T05:09:18Z</time>
   </trkpt>
   <trkpt lat="25.0194790" lon="121.4269160">
    <ele>13.7</ele>
    <time>2025-08-31T05:09:19Z</time>
   </trkpt>
   <trkpt lat="25.0194850" lon="121.4269120">
    <ele>13.7</ele>
    <time>2025-08-31T05:09:20Z</time>
   </trkpt>
   <trkpt lat="25.0194920" lon="121.4269020">
    <ele>13.7</ele>
    <time>2025-08-31T05:09:21Z</time>
   </trkpt>
   <trkpt lat="25.0195040" lon="121.4268900">
    <ele>13.7</ele>
    <time>2025-08-31T05:09:22Z</time>
   </trkpt>
   <trkpt lat="25.0195250" lon="121.4268790">
    <ele>13.8</ele>
    <time>2025-08-31T05:09:23Z</time>
   </trkpt>
   <trkpt lat="25.0195330" lon="121.4268740">
    <ele>13.8</ele>
    <time>2025-08-31T05:09:24Z</time>
   </trkpt>
   <trkpt lat="25.0195400" lon="121.4268690">
    <ele>13.9</ele>
    <time>2025-08-31T05:09:25Z</time>
   </trkpt>
   <trkpt lat="25.0195510" lon="121.4268600">
    <ele>13.9</ele>
    <time>2025-08-31T05:09:26Z</time>
   </trkpt>
   <trkpt lat="25.0195590" lon="121.4268480">
    <ele>14.0</ele>
    <time>2025-08-31T05:09:27Z</time>
   </trkpt>
   <trkpt lat="25.0195690" lon="121.4268500">
    <ele>14.0</ele>
    <time>2025-08-31T05:09:28Z</time>
   </trkpt>
   <trkpt lat="25.0195730" lon="121.4268510">
    <ele>14.0</ele>
    <time>2025-08-31T05:09:29Z</time>
   </trkpt>
   <trkpt lat="25.0195690" lon="121.4268500">
    <ele>14.0</ele>
    <time>2025-08-31T05:09:30Z</time>
   </trkpt>
   <trkpt lat="25.0195770" lon="121.4268480">
    <ele>14.0</ele>
    <time>2025-08-31T05:09:31Z</time>
   </trkpt>
   <trkpt lat="25.0195880" lon="121.4268470">
    <ele>14.0</ele>
    <time>2025-08-31T05:09:32Z</time>
   </trkpt>
   <trkpt lat="25.0195980" lon="121.4268590">
    <ele>14.0</ele>
    <time>2025-08-31T05:09:33Z</time>
   </trkpt>
   <trkpt lat="25.0196060" lon="121.4268630">
    <ele>14.0</ele>
    <time>2025-08-31T05:09:34Z</time>
   </trkpt>
   <trkpt lat="25.0196130" lon="121.4268680">
    <ele>14.0</ele>
    <time>2025-08-31T05:09:35Z</time>
   </trkpt>
   <trkpt lat="25.0196200" lon="121.4268720">
    <ele>14.0</ele>
    <time>2025-08-31T05:09:36Z</time>
   </trkpt>
   <trkpt lat="25.0196290" lon="121.4268800">
    <ele>14.0</ele>
    <time>2025-08-31T05:09:37Z</time>
   </trkpt>
   <trkpt lat="25.0196080" lon="121.4268830">
    <ele>14.0</ele>
    <time>2025-08-31T05:09:38Z</time>
   </trkpt>
   <trkpt lat="25.0196040" lon="121.4268860">
    <ele>14.0</ele>
    <time>2025-08-31T05:09:39Z</time>
   </trkpt>
   <trkpt lat="25.0195970" lon="121.4268910">
    <ele>14.0</ele>
    <time>2025-08-31T05:09:40Z</time>
   </trkpt>
   <trkpt lat="25.0195980" lon="121.4268880">
    <ele>14.0</ele>
    <time>2025-08-31T05:09:41Z</time>
   </trkpt>
   <trkpt lat="25.0196000" lon="121.4268860">
    <ele>14.0</ele>
    <time>2025-08-31T05:09:42Z</time>
   </trkpt>
   <trkpt lat="25.0196010" lon="121.4268830">
    <ele>14.0</ele>
    <time>2025-08-31T05:09:43Z</time>
   </trkpt>
   <trkpt lat="25.0196030" lon="121.4268810">
    <ele>14.0</ele>
    <time>2025-08-31T05:09:44Z</time>
   </trkpt>
   <trkpt lat="25.0196040" lon="121.4268780">
    <ele>14.0</ele>
    <time>2025-08-31T05:09:45Z</time>
   </trkpt>
   <trkpt lat="25.0196060" lon="121.4268760">
    <ele>14.0</ele>
    <time>2025-08-31T05:09:46Z</time>
   </trkpt>
   <trkpt lat="25.0196070" lon="121.4268730">
    <ele>14.0</ele>
    <time>2025-08-31T05:09:58Z</time>
   </trkpt>
   <trkpt lat="25.0196090" lon="121.4268710">
    <ele>14.0</ele>
    <time>2025-08-31T05:09:59Z</time>
   </trkpt>
   <trkpt lat="25.0196100" lon="121.4268680">
    <ele>14.0</ele>
    <time>2025-08-31T05:10:00Z</time>
   </trkpt>
   <trkpt lat="25.0196120" lon="121.4268660">
    <ele>14.0</ele>
    <time>2025-08-31T05:10:01Z</time>
   </trkpt>
   <trkpt lat="25.0196130" lon="121.4268630">
    <ele>14.0</ele>
    <time>2025-08-31T05:10:02Z</time>
   </trkpt>
   <trkpt lat="25.0195960" lon="121.4268420">
    <ele>14.0</ele>
    <time>2025-08-31T05:10:03Z</time>
   </trkpt>
   <trkpt lat="25.0195800" lon="121.4268410">
    <ele>14.0</ele>
    <time>2025-08-31T05:10:04Z</time>
   </trkpt>
   <trkpt lat="25.0195830" lon="121.4268310">
    <ele>14.0</ele>
    <time>2025-08-31T05:10:05Z</time>
   </trkpt>
   <trkpt lat="25.0195960" lon="121.4268350">
    <ele>14.0</ele>
    <time>2025-08-31T05:10:06Z</time>
   </trkpt>
   <trkpt lat="25.0196080" lon="121.4268380">
    <ele>14.0</ele>
    <time>2025-08-31T05:10:07Z</time>
   </trkpt>
   <trkpt lat="25.0196210" lon="121.4268420">
    <ele>14.0</ele>
    <time>2025-08-31T05:10:08Z</time>
   </trkpt>
   <trkpt lat="25.0196460" lon="121.4268270">
    <ele>14.0</ele>
    <time>2025-08-31T05:10:09Z</time>
   </trkpt>
   <trkpt lat="25.0196520" lon="121.4268160">
    <ele>14.0</ele>
    <time>2025-08-31T05:10:10Z</time>
   </trkpt>
   <trkpt lat="25.0196870" lon="121.4268260">
    <ele>14.0</ele>
    <time>2025-08-31T05:10:11Z</time>
   </trkpt>
   <trkpt lat="25.0197020" lon="121.4268310">
    <ele>14.0</ele>
    <time>2025-08-31T05:10:12Z</time>
   </trkpt>
   <trkpt lat="25.0197180" lon="121.4268260">
    <ele>14.1</ele>
    <time>2025-08-31T05:10:13Z</time>
   </trkpt>
   <trkpt lat="25.0197300" lon="121.4268270">
    <ele>14.1</ele>
    <time>2025-08-31T05:10:14Z</time>
   </trkpt>
   <trkpt lat="25.0197410" lon="121.4268280">
    <ele>14.1</ele>
    <time>2025-08-31T05:10:15Z</time>
   </trkpt>
   <trkpt lat="25.0197340" lon="121.4267760">
    <ele>14.1</ele>
    <time>2025-08-31T05:10:16Z</time>
   </trkpt>
   <trkpt lat="25.0197430" lon="121.4267610">
    <ele>14.1</ele>
    <time>2025-08-31T05:10:17Z</time>
   </trkpt>
   <trkpt lat="25.0197580" lon="121.4267540">
    <ele>14.1</ele>
    <time>2025-08-31T05:10:18Z</time>
   </trkpt>
   <trkpt lat="25.0197540" lon="121.4267410">
    <ele>14.2</ele>
    <time>2025-08-31T05:10:19Z</time>
   </trkpt>
   <trkpt lat="25.0197590" lon="121.4267330">
    <ele>14.2</ele>
    <time>2025-08-31T05:10:20Z</time>
   </trkpt>
   <trkpt lat="25.0197750" lon="121.4267190">
    <ele>14.2</ele>
    <time>2025-08-31T05:10:21Z</time>
   </trkpt>
   <trkpt lat="25.0197790" lon="121.4266710">
    <ele>14.2</ele>
    <time>2025-08-31T05:10:22Z</time>
   </trkpt>
   <trkpt lat="25.0197880" lon="121.4266550">
    <ele>14.3</ele>
    <time>2025-08-31T05:10:23Z</time>
   </trkpt>
   <trkpt lat="25.0197950" lon="121.4266630">
    <ele>14.3</ele>
    <time>2025-08-31T05:10:24Z</time>
   </trkpt>
   <trkpt lat="25.0198010" lon="121.4266700">
    <ele>14.3</ele>
    <time>2025-08-31T05:10:25Z</time>
   </trkpt>
   <trkpt lat="25.0198080" lon="121.4266780">
    <ele>14.3</ele>
    <time>2025-08-31T05:10:26Z</time>
   </trkpt>
   <trkpt lat="25.0198150" lon="121.4266850">
    <ele>14.3</ele>
    <time>2025-08-31T05:10:27Z</time>
   </trkpt>
   <trkpt lat="25.0198220" lon="121.4266750">
    <ele>14.3</ele>
    <time>2025-08-31T05:10:28Z</time>
   </trkpt>
   <trkpt lat="25.0198210" lon="121.4266630">
    <ele>14.3</ele>
    <time>2025-08-31T05:10:29Z</time>
   </trkpt>
   <trkpt lat="25.0198180" lon="121.4266540">
    <ele>14.3</ele>
    <time>2025-08-31T05:10:30Z</time>
   </trkpt>
   <trkpt lat="25.0198140" lon="121.4266440">
    <ele>14.3</ele>
    <time>2025-08-31T05:10:31Z</time>
   </trkpt>
   <trkpt lat="25.0198100" lon="121.4266310">
    <ele>14.3</ele>
    <time>2025-08-31T05:10:32Z</time>
   </trkpt>
   <trkpt lat="25.0198060" lon="121.4266260">
    <ele>14.3</ele>
    <time>2025-08-31T05:10:33Z</time>
   </trkpt>
   <trkpt lat="25.0198030" lon="121.4266200">
    <ele>14.3</ele>
    <time>2025-08-31T05:10:34Z</time>
   </trkpt>
   <trkpt lat="25.0198060" lon="121.4266170">
    <ele>14.3</ele>
    <time>2025-08-31T05:10:35Z</time>
   </trkpt>
   <trkpt lat="25.0198440" lon="121.4266120">
    <ele>14.3</ele>
    <time>2025-08-31T05:10:46Z</time>
   </trkpt>
   <trkpt lat="25.0198540" lon="121.4266080">
    <ele>14.3</ele>
    <time>2025-08-31T05:10:47Z</time>
   </trkpt>
   <trkpt lat="25.0198690" lon="121.4266230">
    <ele>14.3</ele>
    <time>2025-08-31T05:10:48Z</time>
   </trkpt>
   <trkpt lat="25.0198780" lon="121.4266150">
    <ele>14.3</ele>
    <time>2025-08-31T05:10:49Z</time>
   </trkpt>
   <trkpt lat="25.0198870" lon="121.4266070">
    <ele>14.3</ele>
    <time>2025-08-31T05:10:50Z</time>
   </trkpt>
   <trkpt lat="25.0198970" lon="121.4266000">
    <ele>14.3</ele>
    <time>2025-08-31T05:10:51Z</time>
   </trkpt>
   <trkpt lat="25.0199060" lon="121.4265920">
    <ele>14.3</ele>
    <time>2025-08-31T05:10:52Z</time>
   </trkpt>
   <trkpt lat="25.0199150" lon="121.4265790">
    <ele>14.3</ele>
    <time>2025-08-31T05:10:53Z</time>
   </trkpt>
   <trkpt lat="25.0199150" lon="121.4265680">
    <ele>14.3</ele>
    <time>2025-08-31T05:10:54Z</time>
   </trkpt>
   <trkpt lat="25.0199150" lon="121.4265620">
    <ele>14.3</ele>
    <time>2025-08-31T05:10:55Z</time>
   </trkpt>
   <trkpt lat="25.0199140" lon="121.4265520">
    <ele>14.3</ele>
    <time>2025-08-31T05:10:56Z</time>
   </trkpt>
   <trkpt lat="25.0199220" lon="121.4265380">
    <ele>14.3</ele>
    <time>2025-08-31T05:10:57Z</time>
   </trkpt>
   <trkpt lat="25.0199330" lon="121.4265310">
    <ele>14.3</ele>
    <time>2025-08-31T05:10:58Z</time>
   </trkpt>
   <trkpt lat="25.0199470" lon="121.4265250">
    <ele>14.3</ele>
    <time>2025-08-31T05:10:59Z</time>
   </trkpt>
   <trkpt lat="25.0199580" lon="121.4265030">
    <ele>14.3</ele>
    <time>2025-08-31T05:11:00Z</time>
   </trkpt>
   <trkpt lat="25.0199750" lon="121.4264750">
    <ele>14.3</ele>
    <time>2025-08-31T05:11:01Z</time>
   </trkpt>
   <trkpt lat="25.0199760" lon="121.4264590">
    <ele>14.3</ele>
    <time>2025-08-31T05:11:02Z</time>
   </trkpt>
   <trkpt lat="25.0199990" lon="121.4264430">
    <ele>14.3</ele>
    <time>2025-08-31T05:11:03Z</time>
   </trkpt>
   <trkpt lat="25.0200040" lon="121.4264230">
    <ele>14.3</ele>
    <time>2025-08-31T05:11:04Z</time>
   </trkpt>
  </trkseg>
 </trk>
</gpx>
